{
"type": "FeatureCollection",
"name": "adelie_penguin",
"crs": { "type": "name", "properties": { "name": "urn:ogc:def:crs:OGC:1.3:CRS84" } },
"features": [
{ "type": "Feature", "properties": { "FEAT_TYPE": "Penguin", "UFI": 885381, "Q_INFO": 480, "DATASET_ID": 170, "COMMENTS": null, "COMMON_NAM": "Adelie Penguin", "SPECIES": null, "STATUS": null, "DB_DATE_CR": "2009-11-27", "DISPLAY": "50000, Heli op maps", "COUNT_NO": 0, "DATE_CAPTU": null, "DATE_FLAG": null }, "geometry": { "type": "MultiPolygon", "coordinates": [ [ [ [ 110.420631399015832, -66.178703282732954 ], [ 110.420600928468119, -66.178688020683552 ], [ 110.420570350818281, -66.178688020683552 ], [ 110.420539880270567, -66.178688020683552 ], [ 110.420516960420954, -66.178665154385001 ], [ 110.42054748451973, -66.178649892335613 ], [ 110.420585612867669, -66.178649892335613 ], [ 110.420616136966444, -66.178657550135824 ], [ 110.420661923114608, -66.178665154385001 ], [ 110.420684842964221, -66.178695678483777 ], [ 110.420631399015832, -66.178703282732954 ] ] ] ] } },
{ "type": "Feature", "properties": { "FEAT_TYPE": "Penguin", "UFI": 885390, "Q_INFO": 480, "DATASET_ID": 170, "COMMENTS": null, "COMMON_NAM": "Adelie Penguin", "SPECIES": null, "STATUS": null, "DB_DATE_CR": "2009-11-27", "DISPLAY": "50000, Heli op maps", "COUNT_NO": 0, "DATE_CAPTU": null, "DATE_FLAG": null }, "geometry": { "type": "MultiPolygon", "coordinates": [ [ [ [ 110.418846114094791, -66.179008470169663 ], [ 110.418815589996015, -66.179008470169663 ], [ 110.418762199598689, -66.179008470169663 ], [ 110.41872407125075, -66.179008470169663 ], [ 110.418678285102587, -66.178985603871098 ], [ 110.418647761003797, -66.178955079772322 ], [ 110.418701151401137, -66.178947421972111 ], [ 110.418762199598689, -66.178947421972111 ], [ 110.418792723697464, -66.178939817722934 ], [ 110.418830905596465, -66.178932159922709 ], [ 110.418869033944404, -66.178924609224595 ], [ 110.418914820092567, -66.178947421972111 ], [ 110.418937686391132, -66.17897034182171 ], [ 110.418907162292342, -66.178985603871098 ], [ 110.418876638193566, -66.179000865920486 ], [ 110.418846114094791, -66.179008470169663 ] ] ] ] } },
{ "type": "Feature", "properties": { "FEAT_TYPE": "Penguin", "UFI": 885394, "Q_INFO": 480, "DATASET_ID": 170, "COMMENTS": null, "COMMON_NAM": "Adelie Penguin", "SPECIES": null, "STATUS": null, "DB_DATE_CR": "2009-11-27", "DISPLAY": "50000, Heli op maps", "COUNT_NO": 0, "DATE_CAPTU": null, "DATE_FLAG": null }, "geometry": { "type": "MultiPolygon", "coordinates": [ [ [ [ 110.640525828474921, -66.215675356395622 ], [ 110.640510566425533, -66.215621965998295 ], [ 110.64054874832452, -66.21561430819807 ], [ 110.640579218872247, -66.215599046148697 ], [ 110.640609742971023, -66.21561430819807 ], [ 110.640647871318961, -66.21562962379852 ], [ 110.640632662820636, -66.215660094346248 ], [ 110.640586876672472, -66.215660094346248 ], [ 110.640556299022634, -66.215667752146459 ], [ 110.640525828474921, -66.215675356395622 ] ] ] ] } },
{ "type": "Feature", "properties": { "FEAT_TYPE": "Penguin", "UFI": 885405, "Q_INFO": 480, "DATASET_ID": 170, "COMMENTS": null, "COMMON_NAM": "Adelie Penguin", "SPECIES": null, "STATUS": null, "DB_DATE_CR": "2009-11-27", "DISPLAY": "50000, Heli op maps", "COUNT_NO": 0, "DATE_CAPTU": null, "DATE_FLAG": null }, "geometry": { "type": "MultiPolygon", "coordinates": [ [ [ [ 110.645202655917899, -66.215881313735792 ], [ 110.64522552221645, -66.215919495634779 ], [ 110.645248388515014, -66.215942361933344 ], [ 110.645217917967287, -66.215965228231894 ], [ 110.645187340317463, -66.215965228231894 ], [ 110.64514921196951, -66.21597288603212 ], [ 110.645111083621572, -66.21597288603212 ], [ 110.645057693224246, -66.215965228231894 ], [ 110.645019564876293, -66.21597288603212 ], [ 110.645050035424021, -66.215911891385616 ], [ 110.645080559522796, -66.215911891385616 ], [ 110.64512634567096, -66.215881313735792 ], [ 110.64516452756996, -66.215881313735792 ], [ 110.645202655917899, -66.215881313735792 ] ] ] ] } },
{ "type": "Feature", "properties": { "FEAT_TYPE": "Penguin", "UFI": 885443, "Q_INFO": 480, "DATASET_ID": 170, "COMMENTS": null, "COMMON_NAM": "Adelie Penguin", "SPECIES": null, "STATUS": null, "DB_DATE_CR": "2009-11-27", "DISPLAY": "50000, Heli op maps", "COUNT_NO": 0, "DATE_CAPTU": null, "DATE_FLAG": null }, "geometry": { "type": "MultiPolygon", "coordinates": [ [ [ [ 110.638595580860212, -66.216774009747354 ], [ 110.638626104958988, -66.216789218245708 ], [ 110.638664233306926, -66.21680453384613 ], [ 110.638633762759213, -66.216827400144695 ], [ 110.638595580860212, -66.216819795895532 ], [ 110.638565056761436, -66.216819795895532 ], [ 110.638534532662661, -66.216812138095307 ], [ 110.638504008563885, -66.216812138095307 ], [ 110.638473484465109, -66.216796876045919 ], [ 110.638443013917382, -66.216774009747354 ], [ 110.638404885569443, -66.21675874769798 ], [ 110.638374307919605, -66.216743485648578 ], [ 110.638336179571667, -66.216720619350028 ], [ 110.638366703670442, -66.216697699500429 ], [ 110.638397227769218, -66.216705303749592 ], [ 110.638427751867994, -66.216682437451027 ], [ 110.638458222415721, -66.216682437451027 ], [ 110.63851166636411, -66.216697699500429 ], [ 110.638542190462886, -66.216697699500429 ], [ 110.638587976611049, -66.216705303749592 ], [ 110.638626104958988, -66.216743485648578 ], [ 110.638595580860212, -66.216774009747354 ] ] ] ] } },
{ "type": "Feature", "properties": { "FEAT_TYPE": "Penguin", "UFI": 885456, "Q_INFO": 480, "DATASET_ID": 170, "COMMENTS": null, "COMMON_NAM": "Adelie Penguin", "SPECIES": null, "STATUS": null, "DB_DATE_CR": "2009-11-27", "DISPLAY": "50000, Heli op maps", "COUNT_NO": 0, "DATE_CAPTU": null, "DATE_FLAG": null }, "geometry": { "type": "MultiPolygon", "coordinates": [ [ [ [ 110.64414978871433, -66.217063881583641 ], [ 110.644195574862493, -66.217063881583641 ], [ 110.644203179111656, -66.217094405682417 ], [ 110.644172708563943, -66.217094405682417 ], [ 110.64414978871433, -66.217063881583641 ] ] ] ] } },
{ "type": "Feature", "properties": { "FEAT_TYPE": "Penguin", "UFI": 885462, "Q_INFO": 480, "DATASET_ID": 170, "COMMENTS": null, "COMMON_NAM": "Adelie Penguin", "SPECIES": null, "STATUS": null, "DB_DATE_CR": "2009-11-27", "DISPLAY": "50000, Heli op maps", "COUNT_NO": 0, "DATE_CAPTU": null, "DATE_FLAG": null }, "geometry": { "type": "MultiPolygon", "coordinates": [ [ [ [ 110.644615147343032, -66.217330940672397 ], [ 110.644577018995093, -66.217330940672397 ], [ 110.644523628597767, -66.217315678623009 ], [ 110.644485500249814, -66.217315678623009 ], [ 110.644439714101651, -66.217292812324445 ], [ 110.644462580400202, -66.217269892474846 ], [ 110.644500762299202, -66.217254630425458 ], [ 110.644546548447366, -66.21723936837607 ], [ 110.644577018995093, -66.217231764126893 ], [ 110.64463040939242, -66.21723936837607 ], [ 110.644653275690985, -66.217262234674621 ], [ 110.644653275690985, -66.217300416573622 ], [ 110.644615147343032, -66.217330940672397 ] ] ] ] } },
{ "type": "Feature", "properties": { "FEAT_TYPE": "Penguin", "UFI": 885473, "Q_INFO": 480, "DATASET_ID": 170, "COMMENTS": null, "COMMON_NAM": "Adelie Penguin", "SPECIES": null, "STATUS": null, "DB_DATE_CR": "2009-11-27", "DISPLAY": "50000, Heli op maps", "COUNT_NO": 0, "DATE_CAPTU": null, "DATE_FLAG": null }, "geometry": { "type": "MultiPolygon", "coordinates": [ [ [ [ 110.645614624149275, -66.21746824556584 ], [ 110.645584100050499, -66.21746824556584 ], [ 110.645530709653173, -66.217437775018112 ], [ 110.645584100050499, -66.217422512968724 ], [ 110.645637543998888, -66.217437775018112 ], [ 110.645614624149275, -66.21746824556584 ] ] ] ] } },
{ "type": "Feature", "properties": { "FEAT_TYPE": "Penguin", "UFI": 885484, "Q_INFO": 480, "DATASET_ID": 170, "COMMENTS": null, "COMMON_NAM": "Adelie Penguin", "SPECIES": null, "STATUS": null, "DB_DATE_CR": "2009-11-27", "DISPLAY": "50000, Heli op maps", "COUNT_NO": 0, "DATE_CAPTU": null, "DATE_FLAG": null }, "geometry": { "type": "MultiPolygon", "coordinates": [ [ [ [ 110.578552215219531, -66.239677419182101 ], [ 110.578498824822191, -66.239669814932924 ], [ 110.578468354274477, -66.239677419182101 ], [ 110.578430172375477, -66.239654552883536 ], [ 110.578407306076926, -66.23961637098455 ], [ 110.578445434424864, -66.239601162486196 ], [ 110.578468354274477, -66.239578242636597 ], [ 110.578483616323865, -66.239540114288644 ], [ 110.578514086871579, -66.239532456488433 ], [ 110.578552215219531, -66.239524852239271 ], [ 110.578590397118532, -66.239540114288644 ], [ 110.578620921217308, -66.239562980587209 ], [ 110.578659049565246, -66.239585900436822 ], [ 110.578712493513635, -66.239593504685985 ], [ 110.578735359812185, -66.23961637098455 ], [ 110.578735359812185, -66.239646948634373 ], [ 110.578712493513635, -66.239669814932924 ], [ 110.578674311614634, -66.239669814932924 ], [ 110.578628579017519, -66.239669814932924 ], [ 110.578582739318307, -66.239669814932924 ], [ 110.578552215219531, -66.239677419182101 ] ] ] ] } },
{ "type": "Feature", "properties": { "FEAT_TYPE": "Penguin", "UFI": 885501, "Q_INFO": 480, "DATASET_ID": 170, "COMMENTS": null, "COMMON_NAM": "Adelie Penguin", "SPECIES": null, "STATUS": null, "DB_DATE_CR": "2009-11-27", "DISPLAY": "50000, Heli op maps", "COUNT_NO": 0, "DATE_CAPTU": null, "DATE_FLAG": null }, "geometry": { "type": "MultiPolygon", "coordinates": [ [ [ [ 110.583824155486539, -66.241226222664196 ], [ 110.583785973587553, -66.241226222664196 ], [ 110.583763107288988, -66.241195645014372 ], [ 110.583732583190212, -66.241172832266869 ], [ 110.583679192792886, -66.241165174466644 ], [ 110.583709716891661, -66.241119388318481 ], [ 110.5837478452396, -66.241119388318481 ], [ 110.583793631387763, -66.241127046118692 ], [ 110.583839417535941, -66.241157516666419 ], [ 110.583824155486539, -66.241226222664196 ] ] ] ] } },
{ "type": "Feature", "properties": { "FEAT_TYPE": "Penguin", "UFI": 885508, "Q_INFO": 480, "DATASET_ID": 170, "COMMENTS": null, "COMMON_NAM": "Adelie Penguin", "SPECIES": null, "STATUS": null, "DB_DATE_CR": "2009-11-27", "DISPLAY": "50000, Heli op maps", "COUNT_NO": 0, "DATE_CAPTU": null, "DATE_FLAG": null }, "geometry": { "type": "MultiPolygon", "coordinates": [ [ [ [ 110.539817830036469, -66.248924239722356 ], [ 110.539787252386631, -66.248924239722356 ], [ 110.539749124038693, -66.248924239722356 ], [ 110.539718653490965, -66.248886111374404 ], [ 110.539756781838918, -66.248886111374404 ], [ 110.539787252386631, -66.248886111374404 ], [ 110.539817830036469, -66.248886111374404 ], [ 110.539855958384408, -66.248908977672954 ], [ 110.539817830036469, -66.248924239722356 ] ] ] ] } },
{ "type": "Feature", "properties": { "FEAT_TYPE": "Penguin", "UFI": 885509, "Q_INFO": 480, "DATASET_ID": 170, "COMMENTS": null, "COMMON_NAM": "Adelie Penguin", "SPECIES": null, "STATUS": null, "DB_DATE_CR": "2009-11-27", "DISPLAY": "50000, Heli op maps", "COUNT_NO": 0, "DATE_CAPTU": null, "DATE_FLAG": null }, "geometry": { "type": "MultiPolygon", "coordinates": [ [ [ [ 110.539581295046474, -66.24918369456195 ], [ 110.539535562449359, -66.249153116912112 ], [ 110.539596557095862, -66.249145512662949 ], [ 110.539627081194638, -66.249122646364384 ], [ 110.539665209542576, -66.249122646364384 ], [ 110.539695733641352, -66.249137908413786 ], [ 110.539733861989305, -66.249153116912112 ], [ 110.539764386088081, -66.249160774712337 ], [ 110.539779701688516, -66.249191245260064 ], [ 110.539749124038693, -66.2492065608605 ], [ 110.539718653490965, -66.249214165109663 ], [ 110.539680525143027, -66.249214165109663 ], [ 110.539649947493189, -66.249237084959276 ], [ 110.53961181914525, -66.249244689208439 ], [ 110.539566032997087, -66.249252293457616 ], [ 110.539520246848923, -66.249244689208439 ], [ 110.539520246848923, -66.249214165109663 ], [ 110.539550770947699, -66.249198903060289 ], [ 110.539581295046474, -66.24918369456195 ] ] ] ] } },
{ "type": "Feature", "properties": { "FEAT_TYPE": "Penguin", "UFI": 885514, "Q_INFO": 480, "DATASET_ID": 170, "COMMENTS": null, "COMMON_NAM": "Adelie Penguin", "SPECIES": null, "STATUS": null, "DB_DATE_CR": "2009-11-27", "DISPLAY": "50000, Heli op maps", "COUNT_NO": 0, "DATE_CAPTU": null, "DATE_FLAG": null }, "geometry": { "type": "MultiPolygon", "coordinates": [ [ [ [ 110.53971099569074, -66.249633791141264 ], [ 110.539733861989305, -66.249671919489202 ], [ 110.539688075841141, -66.249687181538604 ], [ 110.539657605293414, -66.249687181538604 ], [ 110.539604161345025, -66.249694839338815 ], [ 110.539566032997087, -66.249694839338815 ], [ 110.539527904649148, -66.249710101388203 ], [ 110.539489776301195, -66.249710101388203 ], [ 110.539451594402195, -66.24971770563738 ], [ 110.539413466054256, -66.24971770563738 ], [ 110.539398204004868, -66.249748229736156 ], [ 110.539344813607542, -66.249748229736156 ], [ 110.539306631708541, -66.249748229736156 ], [ 110.539245637062038, -66.249748229736156 ], [ 110.539192193113649, -66.249732967686754 ], [ 110.539237979261827, -66.249694839338815 ], [ 110.539299027459379, -66.249702443587978 ], [ 110.539352417856705, -66.249687181538604 ], [ 110.539405808254031, -66.249679577289427 ], [ 110.539436332352807, -66.249679577289427 ], [ 110.539482118500985, -66.24966431524004 ], [ 110.539535562449359, -66.249656710990877 ], [ 110.539566032997087, -66.249641395390427 ], [ 110.539604161345025, -66.249633791141264 ], [ 110.539642289692978, -66.249603267042488 ], [ 110.539619476945475, -66.249572742943712 ], [ 110.539665209542576, -66.249542218844937 ], [ 110.539695733641352, -66.249534614595774 ], [ 110.53974151978953, -66.249511748297209 ], [ 110.539810172236244, -66.249511748297209 ], [ 110.539787252386631, -66.249542218844937 ], [ 110.539817830036469, -66.249557480894325 ], [ 110.539848300584183, -66.249557480894325 ], [ 110.539886482483183, -66.249557480894325 ], [ 110.539917006581959, -66.249572742943712 ], [ 110.539871220433795, -66.249603267042488 ], [ 110.539863616184633, -66.249633791141264 ], [ 110.539817830036469, -66.249633791141264 ], [ 110.539787252386631, -66.249626133341053 ], [ 110.539756781838918, -66.249618529091876 ], [ 110.53971099569074, -66.249633791141264 ] ] ] ] } },
{ "type": "Feature", "properties": { "FEAT_TYPE": "Penguin", "UFI": 885525, "Q_INFO": 480, "DATASET_ID": 170, "COMMENTS": null, "COMMON_NAM": "Adelie Penguin", "SPECIES": null, "STATUS": null, "DB_DATE_CR": "2009-11-27", "DISPLAY": "50000, Heli op maps", "COUNT_NO": 0, "DATE_CAPTU": null, "DATE_FLAG": null }, "geometry": { "type": "MultiPolygon", "coordinates": [ [ [ [ 110.539192193113649, -66.250465385404226 ], [ 110.539154064765711, -66.250450123354852 ], [ 110.539131144916098, -66.250427257056288 ], [ 110.539100674368385, -66.250419652807125 ], [ 110.539131144916098, -66.250366208858736 ], [ 110.539161669014874, -66.250350946809348 ], [ 110.539207455163037, -66.250350946809348 ], [ 110.539245637062038, -66.250358604609573 ], [ 110.539283765409991, -66.250350946809348 ], [ 110.539329551558154, -66.250396732957512 ], [ 110.539337155807317, -66.250427257056288 ], [ 110.539306631708541, -66.250442519105675 ], [ 110.539276107609766, -66.250457781155063 ], [ 110.539245637062038, -66.250457781155063 ], [ 110.539192193113649, -66.250465385404226 ] ] ] ] } },
{ "type": "Feature", "properties": { "FEAT_TYPE": "Penguin", "UFI": 885537, "Q_INFO": 480, "DATASET_ID": 170, "COMMENTS": null, "COMMON_NAM": "Adelie Penguin", "SPECIES": null, "STATUS": null, "DB_DATE_CR": "2009-11-27", "DISPLAY": "50000, Heli op maps", "COUNT_NO": 0, "DATE_CAPTU": null, "DATE_FLAG": null }, "geometry": { "type": "MultiPolygon", "coordinates": [ [ [ [ 110.528854377021887, -66.251571696556184 ], [ 110.528823852923111, -66.251594562854734 ], [ 110.528793328824335, -66.251586905054523 ], [ 110.528755200476397, -66.251586905054523 ], [ 110.528709414328233, -66.251586905054523 ], [ 110.528640761881505, -66.251609824904136 ], [ 110.528610237782729, -66.251617429153299 ], [ 110.528594975733341, -66.251647953252075 ], [ 110.528549189585178, -66.251647953252075 ], [ 110.528511061237239, -66.251640295451864 ], [ 110.528480537138464, -66.251640295451864 ], [ 110.528465275089076, -66.251586905054523 ], [ 110.528511061237239, -66.251579247254313 ], [ 110.528549189585178, -66.251571696556184 ], [ 110.528579713683953, -66.251571696556184 ], [ 110.528625446281069, -66.25154111890636 ], [ 110.52867128598028, -66.25154111890636 ], [ 110.528709414328233, -66.25154111890636 ], [ 110.528755200476397, -66.251548776706585 ], [ 110.528785724575172, -66.25154111890636 ], [ 110.528823852923111, -66.251548776706585 ], [ 110.528854377021887, -66.251571696556184 ] ] ] ] } },
{ "type": "Feature", "properties": { "FEAT_TYPE": "Penguin", "UFI": 885540, "Q_INFO": 480, "DATASET_ID": 170, "COMMENTS": null, "COMMON_NAM": "Adelie Penguin", "SPECIES": null, "STATUS": null, "DB_DATE_CR": "2009-11-27", "DISPLAY": "50000, Heli op maps", "COUNT_NO": 0, "DATE_CAPTU": null, "DATE_FLAG": null }, "geometry": { "type": "MultiPolygon", "coordinates": [ [ [ [ 110.529930110524006, -66.251800573745953 ], [ 110.529907244225456, -66.251838702093892 ], [ 110.529861458077292, -66.251846306343069 ], [ 110.529815671929128, -66.251853964143294 ], [ 110.529777490030128, -66.251853964143294 ], [ 110.529731757433026, -66.251846306343069 ], [ 110.529693575534026, -66.251853964143294 ], [ 110.529685971284849, -66.251815782244293 ], [ 110.529685971284849, -66.251785258145517 ], [ 110.529724099632801, -66.251785258145517 ], [ 110.529754623731577, -66.25177765389634 ], [ 110.529785147830353, -66.25177765389634 ], [ 110.529815671929128, -66.25177765389634 ], [ 110.529861458077292, -66.251785258145517 ], [ 110.52989958642523, -66.251792915945742 ], [ 110.529930110524006, -66.251800573745953 ] ] ] ] } },
{ "type": "Feature", "properties": { "FEAT_TYPE": "Penguin", "UFI": 885546, "Q_INFO": 480, "DATASET_ID": 170, "COMMENTS": null, "COMMON_NAM": "Adelie Penguin", "SPECIES": null, "STATUS": null, "DB_DATE_CR": "2009-11-27", "DISPLAY": "50000, Heli op maps", "COUNT_NO": 0, "DATE_CAPTU": null, "DATE_FLAG": null }, "geometry": { "type": "MultiPolygon", "coordinates": [ [ [ [ 110.483825654915961, -66.30740353983154 ], [ 110.483764660269458, -66.307395935582377 ], [ 110.483734136170682, -66.3073883313332 ], [ 110.483703612071906, -66.307380673532975 ], [ 110.483680692222293, -66.3073501494342 ], [ 110.483680692222293, -66.307319625335424 ], [ 110.48374939822007, -66.307312021086261 ], [ 110.483787526568008, -66.307327283135649 ], [ 110.483833312716172, -66.307319625335424 ], [ 110.483871441064124, -66.307319625335424 ], [ 110.483909622963125, -66.307342545185037 ], [ 110.483917227212288, -66.307373069283813 ], [ 110.483886703113512, -66.3073883313332 ], [ 110.483856232565785, -66.307395935582377 ], [ 110.483825654915961, -66.30740353983154 ] ] ] ] } },
{ "type": "Feature", "properties": { "FEAT_TYPE": "Penguin", "UFI": 885569, "Q_INFO": 480, "DATASET_ID": 170, "COMMENTS": null, "COMMON_NAM": "Adelie Penguin", "SPECIES": null, "STATUS": null, "DB_DATE_CR": "2009-11-27", "DISPLAY": "50000, Heli op maps", "COUNT_NO": 0, "DATE_CAPTU": null, "DATE_FLAG": null }, "geometry": { "type": "MultiPolygon", "coordinates": [ [ [ [ 110.482810969611378, -66.308876033066696 ], [ 110.482704188816726, -66.308906557165471 ], [ 110.482696531016501, -66.308876033066696 ], [ 110.482734659364439, -66.308853166768145 ], [ 110.482765237014277, -66.308853166768145 ], [ 110.482810969611378, -66.308876033066696 ] ] ] ] } },
{ "type": "Feature", "properties": { "FEAT_TYPE": "Penguin", "UFI": 885579, "Q_INFO": 480, "DATASET_ID": 170, "COMMENTS": null, "COMMON_NAM": "Adelie Penguin", "SPECIES": null, "STATUS": null, "DB_DATE_CR": "2009-11-27", "DISPLAY": "50000, Heli op maps", "COUNT_NO": 0, "DATE_CAPTU": null, "DATE_FLAG": null }, "geometry": { "type": "MultiPolygon", "coordinates": [ [ [ [ 110.398521455496137, -66.319679261338223 ], [ 110.398475669347974, -66.319663999288849 ], [ 110.398452749498361, -66.319641132990284 ], [ 110.398422225399585, -66.319633475190074 ], [ 110.39837649280247, -66.319595346842121 ], [ 110.39842988319981, -66.319580084792733 ], [ 110.398460407298586, -66.319580084792733 ], [ 110.398506139895687, -66.319580084792733 ], [ 110.398544321794688, -66.319595346842121 ], [ 110.398574845893464, -66.319595346842121 ], [ 110.398620632041627, -66.319595346842121 ], [ 110.398628236290804, -66.319625870940897 ], [ 110.398582503693689, -66.319625870940897 ], [ 110.398551926043851, -66.319656341488624 ], [ 110.398521455496137, -66.319679261338223 ] ] ] ] } },
{ "type": "Feature", "properties": { "FEAT_TYPE": "Penguin", "UFI": 885580, "Q_INFO": 480, "DATASET_ID": 170, "COMMENTS": null, "COMMON_NAM": "Adelie Penguin", "SPECIES": null, "STATUS": null, "DB_DATE_CR": "2009-11-27", "DISPLAY": "50000, Heli op maps", "COUNT_NO": 0, "DATE_CAPTU": null, "DATE_FLAG": null }, "geometry": { "type": "MultiPolygon", "coordinates": [ [ [ [ 110.401641821656796, -66.321243273318672 ], [ 110.401611351109068, -66.321243273318672 ], [ 110.401580827010292, -66.321243273318672 ], [ 110.401580827010292, -66.321212802770944 ], [ 110.401618955358231, -66.321189882921345 ], [ 110.401672399306619, -66.321197487170508 ], [ 110.401680003555796, -66.321228011269284 ], [ 110.401641821656796, -66.321243273318672 ] ] ] ] } },
{ "type": "Feature", "properties": { "FEAT_TYPE": "Penguin", "UFI": 885601, "Q_INFO": 480, "DATASET_ID": 170, "COMMENTS": null, "COMMON_NAM": "Adelie Penguin", "SPECIES": null, "STATUS": null, "DB_DATE_CR": "2009-11-27", "DISPLAY": "50000, Heli op maps", "COUNT_NO": 0, "DATE_CAPTU": null, "DATE_FLAG": null }, "geometry": { "type": "MultiPolygon", "coordinates": [ [ [ [ 110.40579224227352, -66.326499951536306 ], [ 110.40579224227352, -66.32646942743753 ], [ 110.405822766372296, -66.326438903338754 ], [ 110.405883761018799, -66.326446561138965 ], [ 110.405929547166963, -66.32646942743753 ], [ 110.405982937564289, -66.326492293736081 ], [ 110.405952467016576, -66.326530475635082 ], [ 110.405937204967188, -66.326560946182809 ], [ 110.405876156769622, -66.326553341933632 ], [ 110.405837974870636, -66.326560946182809 ], [ 110.405807504322908, -66.326560946182809 ], [ 110.405761718174745, -66.326538079884244 ], [ 110.40579224227352, -66.326499951536306 ] ] ] ] } },
{ "type": "Feature", "properties": { "FEAT_TYPE": "Penguin", "UFI": 885618, "Q_INFO": 480, "DATASET_ID": 170, "COMMENTS": null, "COMMON_NAM": "Adelie Penguin", "SPECIES": null, "STATUS": null, "DB_DATE_CR": "2009-11-27", "DISPLAY": "50000, Heli op maps", "COUNT_NO": 0, "DATE_CAPTU": null, "DATE_FLAG": null }, "geometry": { "type": "MultiPolygon", "coordinates": [ [ [ [ 110.412132258242437, -66.32791139657391 ], [ 110.412185648639777, -66.327903738773699 ], [ 110.412216226289601, -66.327919000823073 ], [ 110.412185648639777, -66.327941867121638 ], [ 110.412132258242437, -66.32791139657391 ] ] ] ] } },
{ "type": "Feature", "properties": { "FEAT_TYPE": "Penguin", "UFI": 885621, "Q_INFO": 480, "DATASET_ID": 170, "COMMENTS": null, "COMMON_NAM": "Adelie Penguin", "SPECIES": null, "STATUS": null, "DB_DATE_CR": "2009-11-27", "DISPLAY": "50000, Heli op maps", "COUNT_NO": 0, "DATE_CAPTU": null, "DATE_FLAG": null }, "geometry": { "type": "MultiPolygon", "coordinates": [ [ [ [ 110.410324107022845, -66.327972444771461 ], [ 110.410362235370783, -66.327980049020624 ], [ 110.410392759469559, -66.327980049020624 ], [ 110.410423283568349, -66.327980049020624 ], [ 110.410469069716513, -66.327972444771461 ], [ 110.410499593815288, -66.327972444771461 ], [ 110.410545379963452, -66.327980049020624 ], [ 110.41058350831139, -66.327987653269801 ], [ 110.410614032410166, -66.327972444771461 ], [ 110.410667422807506, -66.327964786971251 ], [ 110.410705551155445, -66.327972444771461 ], [ 110.410758941552771, -66.327972444771461 ], [ 110.410804727700935, -66.327972444771461 ], [ 110.410850513849098, -66.327972444771461 ], [ 110.410903904246439, -66.327980049020624 ], [ 110.410865775898486, -66.3280105731194 ], [ 110.410819989750323, -66.328033492969013 ], [ 110.410789465651547, -66.328041043667127 ], [ 110.410766599352996, -66.328079225566128 ], [ 110.410720813204833, -66.328086829815305 ], [ 110.41069789335522, -66.328109749664904 ], [ 110.410682684856894, -66.328140220212632 ], [ 110.410652160758119, -66.328155535813067 ], [ 110.410606374609941, -66.328170797862455 ], [ 110.410560588461777, -66.328170797862455 ], [ 110.410537722163227, -66.328201268410183 ], [ 110.410491936015063, -66.328208926210408 ], [ 110.4104843317659, -66.328178402111632 ], [ 110.410522460113839, -66.32816314006223 ], [ 110.410507198064451, -66.328117407465129 ], [ 110.410469069716513, -66.328094487615516 ], [ 110.410491936015063, -66.328018177368577 ], [ 110.410453807667125, -66.328025835168802 ], [ 110.410392759469559, -66.328018177368577 ], [ 110.410346973321396, -66.328018177368577 ], [ 110.410324107022845, -66.327972444771461 ] ] ] ] } },
{ "type": "Feature", "properties": { "FEAT_TYPE": "Penguin", "UFI": 885648, "Q_INFO": 480, "DATASET_ID": 170, "COMMENTS": null, "COMMON_NAM": "Adelie Penguin", "SPECIES": null, "STATUS": null, "DB_DATE_CR": "2009-11-27", "DISPLAY": "50000, Heli op maps", "COUNT_NO": 0, "DATE_CAPTU": null, "DATE_FLAG": null }, "geometry": { "type": "MultiPolygon", "coordinates": [ [ [ [ 110.418342573567088, -66.405586284933364 ], [ 110.4183273115177, -66.405624413281302 ], [ 110.418266316871211, -66.405616755481077 ], [ 110.41822813497221, -66.405609151231914 ], [ 110.418266316871211, -66.405563365083751 ], [ 110.41830444521915, -66.405570969332928 ], [ 110.418342573567088, -66.405586284933364 ] ] ] ] } },
{ "type": "Feature", "properties": { "FEAT_TYPE": "Penguin", "UFI": 885654, "Q_INFO": 480, "DATASET_ID": 170, "COMMENTS": null, "COMMON_NAM": "Adelie Penguin", "SPECIES": null, "STATUS": null, "DB_DATE_CR": "2009-11-27", "DISPLAY": "50000, Heli op maps", "COUNT_NO": 0, "DATE_CAPTU": null, "DATE_FLAG": null }, "geometry": { "type": "MultiPolygon", "coordinates": [ [ [ [ 110.420906062353765, -66.406661964884435 ], [ 110.42087553825499, -66.406684884734034 ], [ 110.420837409907051, -66.40666962268466 ], [ 110.420791623758888, -66.406654360635258 ], [ 110.420791623758888, -66.406623836536482 ], [ 110.420822147857663, -66.406623836536482 ], [ 110.420860276205602, -66.406639098585885 ], [ 110.420906062353765, -66.406661964884435 ] ] ] ] } },
{ "type": "Feature", "properties": { "FEAT_TYPE": "Penguin", "UFI": 885676, "Q_INFO": 480, "DATASET_ID": 170, "COMMENTS": null, "COMMON_NAM": "Adelie Penguin", "SPECIES": null, "STATUS": null, "DB_DATE_CR": "2009-11-27", "DISPLAY": "50000, Heli op maps", "COUNT_NO": 0, "DATE_CAPTU": null, "DATE_FLAG": null }, "geometry": { "type": "MultiPolygon", "coordinates": [ [ [ [ 110.426292387664617, -66.409652683951876 ], [ 110.426330569563618, -66.409637475453536 ], [ 110.426376302160733, -66.409629817653325 ], [ 110.426429746109108, -66.409622213404148 ], [ 110.426475532257285, -66.409629817653325 ], [ 110.426498398555836, -66.409652683951876 ], [ 110.426467928008108, -66.409690865850877 ], [ 110.426506056356061, -66.409713732149427 ], [ 110.426460270207897, -66.409736651999026 ], [ 110.426429746109108, -66.409728994198815 ], [ 110.42641448405972, -66.409790042396367 ], [ 110.426383959960944, -66.409782438147204 ], [ 110.426353435862168, -66.409767176097802 ], [ 110.426322965314455, -66.40975186049738 ], [ 110.426292387664617, -66.409736651999026 ], [ 110.426300045464842, -66.40970612790025 ], [ 110.426292387664617, -66.409652683951876 ] ] ] ] } },
{ "type": "Feature", "properties": { "FEAT_TYPE": "Penguin", "UFI": 885700, "Q_INFO": 480, "DATASET_ID": 170, "COMMENTS": null, "COMMON_NAM": "Adelie Penguin", "SPECIES": null, "STATUS": null, "DB_DATE_CR": "2009-11-27", "DISPLAY": "50000, Heli op maps", "COUNT_NO": 0, "DATE_CAPTU": null, "DATE_FLAG": null }, "geometry": { "type": "MultiPolygon", "coordinates": [ [ [ [ 110.434165945066255, -66.413124077248455 ], [ 110.434211731214432, -66.413108815199081 ], [ 110.434242201762146, -66.413146997098067 ], [ 110.434211731214432, -66.413169863396632 ], [ 110.434165945066255, -66.413124077248455 ] ] ] ] } },
{ "type": "Feature", "properties": { "FEAT_TYPE": "Penguin", "UFI": 885715, "Q_INFO": 480, "DATASET_ID": 170, "COMMENTS": null, "COMMON_NAM": "Adelie Penguin", "SPECIES": null, "STATUS": null, "DB_DATE_CR": "2009-11-27", "DISPLAY": "50000, Heli op maps", "COUNT_NO": 0, "DATE_CAPTU": null, "DATE_FLAG": null }, "geometry": { "type": "MultiPolygon", "coordinates": [ [ [ [ 110.435295068965715, -66.414337169195079 ], [ 110.435348512914103, -66.414337169195079 ], [ 110.435386641262042, -66.414337169195079 ], [ 110.435424823161043, -66.414337169195079 ], [ 110.435462951508981, -66.414352431244467 ], [ 110.435417165360818, -66.414375297543017 ], [ 110.435386641262042, -66.414375297543017 ], [ 110.435333250864716, -66.414382955343243 ], [ 110.435295068965715, -66.414337169195079 ] ] ] ] } },
{ "type": "Feature", "properties": { "FEAT_TYPE": "Penguin", "UFI": 885718, "Q_INFO": 480, "DATASET_ID": 170, "COMMENTS": null, "COMMON_NAM": "Adelie Penguin", "SPECIES": null, "STATUS": null, "DB_DATE_CR": "2009-11-27", "DISPLAY": "50000, Heli op maps", "COUNT_NO": 0, "DATE_CAPTU": null, "DATE_FLAG": null }, "geometry": { "type": "MultiPolygon", "coordinates": [ [ [ [ 110.486824031783613, -66.449203508450623 ], [ 110.486793507684837, -66.449203508450623 ], [ 110.486763037137123, -66.449180588601024 ], [ 110.486785903435674, -66.449142460253071 ], [ 110.486824031783613, -66.449134802452846 ], [ 110.48686981793179, -66.449111936154296 ], [ 110.486907999830777, -66.449104331905119 ], [ 110.486938470378504, -66.449096674104908 ], [ 110.486976598726443, -66.449119540403473 ], [ 110.487022384874606, -66.449142460253071 ], [ 110.486961390228117, -66.449157722302459 ], [ 110.486923208329117, -66.449172984351847 ], [ 110.48686981793179, -66.449172984351847 ], [ 110.486824031783613, -66.449203508450623 ] ] ] ] } },
{ "type": "Feature", "properties": { "FEAT_TYPE": "Penguin", "UFI": 885720, "Q_INFO": 480, "DATASET_ID": 170, "COMMENTS": null, "COMMON_NAM": "Adelie Penguin", "SPECIES": null, "STATUS": null, "DB_DATE_CR": "2009-11-27", "DISPLAY": "50000, Heli op maps", "COUNT_NO": 0, "DATE_CAPTU": null, "DATE_FLAG": null }, "geometry": { "type": "MultiPolygon", "coordinates": [ [ [ [ 110.512107838963416, -66.449607818881788 ], [ 110.512069710615478, -66.449600214632611 ], [ 110.511970534069988, -66.449600214632611 ], [ 110.511993400368539, -66.449646000780774 ], [ 110.511947614220375, -66.449653605029937 ], [ 110.511886619573872, -66.449653605029937 ], [ 110.51182557137632, -66.449646000780774 ], [ 110.511779785228157, -66.449653605029937 ], [ 110.511711079230381, -66.449646000780774 ], [ 110.511657688833054, -66.449638342980563 ], [ 110.511611902684891, -66.449630738731386 ], [ 110.511581432137163, -66.449623134482209 ], [ 110.511550908038387, -66.449607818881788 ], [ 110.511596694186551, -66.44957734833406 ], [ 110.511627218285327, -66.449569690533835 ], [ 110.511672950882442, -66.449562086284658 ], [ 110.511703474981218, -66.449554428484447 ], [ 110.511733999079993, -66.449546770684222 ], [ 110.511749314680429, -66.449516300136509 ], [ 110.511733999079993, -66.449485776037733 ], [ 110.511772127427932, -66.449478171788556 ], [ 110.511802651526708, -66.449470513988331 ], [ 110.511871357524484, -66.449485776037733 ], [ 110.511909485872437, -66.449508642336284 ], [ 110.5119552720206, -66.449508642336284 ], [ 110.511985796119376, -66.449523904385671 ], [ 110.512016320218152, -66.449546770684222 ], [ 110.51205444856609, -66.449546770684222 ], [ 110.512084919113818, -66.449562086284658 ], [ 110.512107838963416, -66.449607818881788 ] ] ] ] } },
{ "type": "Feature", "properties": { "FEAT_TYPE": "Penguin", "UFI": 885722, "Q_INFO": 480, "DATASET_ID": 170, "COMMENTS": null, "COMMON_NAM": "Adelie Penguin", "SPECIES": null, "STATUS": null, "DB_DATE_CR": "2009-11-27", "DISPLAY": "50000, Heli op maps", "COUNT_NO": 0, "DATE_CAPTU": null, "DATE_FLAG": null }, "geometry": { "type": "MultiPolygon", "coordinates": [ [ [ [ 110.512161282911805, -66.449584952583223 ], [ 110.512199411259758, -66.449562086284658 ], [ 110.512252801657084, -66.449592556832386 ], [ 110.512199411259758, -66.449607818881788 ], [ 110.512161282911805, -66.449584952583223 ] ] ] ] } },
{ "type": "Feature", "properties": { "FEAT_TYPE": "Penguin", "UFI": 885727, "Q_INFO": 480, "DATASET_ID": 170, "COMMENTS": null, "COMMON_NAM": "Adelie Penguin", "SPECIES": null, "STATUS": null, "DB_DATE_CR": "2009-11-27", "DISPLAY": "50000, Heli op maps", "COUNT_NO": 0, "DATE_CAPTU": null, "DATE_FLAG": null }, "geometry": { "type": "MultiPolygon", "coordinates": [ [ [ [ 110.5103302118426, -66.44982909182238 ], [ 110.510299687743824, -66.449852011671993 ], [ 110.510269163645049, -66.449844353871768 ], [ 110.510261559395886, -66.449790963474442 ], [ 110.510307345544049, -66.449806225523815 ], [ 110.5103302118426, -66.44982909182238 ] ] ] ] } },
{ "type": "Feature", "properties": { "FEAT_TYPE": "Penguin", "UFI": 885732, "Q_INFO": 480, "DATASET_ID": 170, "COMMENTS": null, "COMMON_NAM": "Adelie Penguin", "SPECIES": null, "STATUS": null, "DB_DATE_CR": "2009-11-27", "DISPLAY": "50000, Heli op maps", "COUNT_NO": 0, "DATE_CAPTU": null, "DATE_FLAG": null }, "geometry": { "type": "MultiPolygon", "coordinates": [ [ [ [ 110.511062629560072, -66.450317370300695 ], [ 110.511009239162746, -66.450332632350083 ], [ 110.51097871506397, -66.45030971250047 ], [ 110.511032105461297, -66.45029450400213 ], [ 110.511062629560072, -66.450317370300695 ] ] ] ] } },
{ "type": "Feature", "properties": { "FEAT_TYPE": "Penguin", "UFI": 885746, "Q_INFO": 480, "DATASET_ID": 170, "COMMENTS": null, "COMMON_NAM": "Adelie Penguin", "SPECIES": null, "STATUS": null, "DB_DATE_CR": "2009-11-27", "DISPLAY": "50000, Heli op maps", "COUNT_NO": 0, "DATE_CAPTU": null, "DATE_FLAG": null }, "geometry": { "type": "MultiPolygon", "coordinates": [ [ [ [ 110.486106876115542, -66.459785463781543 ], [ 110.486061089967365, -66.459785463781543 ], [ 110.486030565868589, -66.45977785953238 ], [ 110.485984779720425, -66.459747281882557 ], [ 110.48599243752065, -66.459716811334829 ], [ 110.48599243752065, -66.459686287236053 ], [ 110.486045827917977, -66.459686287236053 ], [ 110.486084009816977, -66.459701495734393 ], [ 110.486114480364705, -66.459716811334829 ], [ 110.48612213816493, -66.459754939682767 ], [ 110.486106876115542, -66.459785463781543 ] ] ] ] } },
{ "type": "Feature", "properties": { "FEAT_TYPE": "Penguin", "UFI": 885750, "Q_INFO": 480, "DATASET_ID": 170, "COMMENTS": null, "COMMON_NAM": "Adelie Penguin", "SPECIES": null, "STATUS": null, "DB_DATE_CR": "2009-11-27", "DISPLAY": "50000, Heli op maps", "COUNT_NO": 0, "DATE_CAPTU": null, "DATE_FLAG": null }, "geometry": { "type": "MultiPolygon", "coordinates": [ [ [ [ 110.481452914971101, -66.45979306803072 ], [ 110.481422444423387, -66.459838907729932 ], [ 110.481376658275224, -66.459823592129496 ], [ 110.481414786623162, -66.45979306803072 ], [ 110.481452914971101, -66.45979306803072 ] ] ] ] } },
{ "type": "Feature", "properties": { "FEAT_TYPE": "Penguin", "UFI": 885753, "Q_INFO": 480, "DATASET_ID": 170, "COMMENTS": null, "COMMON_NAM": "Adelie Penguin", "SPECIES": null, "STATUS": null, "DB_DATE_CR": "2009-11-27", "DISPLAY": "50000, Heli op maps", "COUNT_NO": 0, "DATE_CAPTU": null, "DATE_FLAG": null }, "geometry": { "type": "MultiPolygon", "coordinates": [ [ [ [ 110.481704712010483, -66.459983816872551 ], [ 110.481674187911707, -66.459976212623374 ], [ 110.481636059563769, -66.459960950573986 ], [ 110.481651321613157, -66.459930426475211 ], [ 110.481636059563769, -66.459892244576224 ], [ 110.48168179216087, -66.459899902376435 ], [ 110.481719974059871, -66.459907506625598 ], [ 110.481765760208035, -66.459915164425823 ], [ 110.481719974059871, -66.459953292773776 ], [ 110.481704712010483, -66.459983816872551 ] ] ] ] } },
{ "type": "Feature", "properties": { "FEAT_TYPE": "Penguin", "UFI": 885760, "Q_INFO": 480, "DATASET_ID": 170, "COMMENTS": null, "COMMON_NAM": "Adelie Penguin", "SPECIES": null, "STATUS": null, "DB_DATE_CR": "2009-11-27", "DISPLAY": "50000, Heli op maps", "COUNT_NO": 0, "DATE_CAPTU": null, "DATE_FLAG": null }, "geometry": { "type": "MultiPolygon", "coordinates": [ [ [ [ 110.480438229666532, -66.460716234590024 ], [ 110.480392443518369, -66.460746758688799 ], [ 110.480361919419593, -66.460746758688799 ], [ 110.480316186822478, -66.460739154439622 ], [ 110.480278004923477, -66.460731496639397 ], [ 110.480224614526151, -66.460723892390234 ], [ 110.480186486178212, -66.460723892390234 ], [ 110.480148304279211, -66.460723892390234 ], [ 110.480110175931273, -66.460739154439622 ], [ 110.480064389783095, -66.460739154439622 ], [ 110.480056731982884, -66.460708630340847 ], [ 110.480102518131048, -66.460693368291459 ], [ 110.480140700030049, -66.460678106242071 ], [ 110.480209352476763, -66.460678106242071 ], [ 110.480247480824701, -66.460670448441846 ], [ 110.480278004923477, -66.460670448441846 ], [ 110.480331448871866, -66.460693368291459 ], [ 110.480361919419593, -66.460700972540621 ], [ 110.480392443518369, -66.460708630340847 ], [ 110.480438229666532, -66.460716234590024 ] ] ] ] } },
{ "type": "Feature", "properties": { "FEAT_TYPE": "Penguin", "UFI": 885786, "Q_INFO": 480, "DATASET_ID": 170, "COMMENTS": null, "COMMON_NAM": "Adelie Penguin", "SPECIES": null, "STATUS": null, "DB_DATE_CR": "2009-11-27", "DISPLAY": "50000, Heli op maps", "COUNT_NO": 0, "DATE_CAPTU": null, "DATE_FLAG": null }, "geometry": { "type": "MultiPolygon", "coordinates": [ [ [ [ 110.494270305353439, -66.468292208804115 ], [ 110.494209257155887, -66.468292208804115 ], [ 110.494186390857337, -66.468261738256388 ], [ 110.494239834805725, -66.468238818406775 ], [ 110.494270305353439, -66.468292208804115 ] ] ] ] } },
{ "type": "Feature", "properties": { "FEAT_TYPE": "Penguin", "UFI": 885791, "Q_INFO": 480, "DATASET_ID": 170, "COMMENTS": null, "COMMON_NAM": "Adelie Penguin", "SPECIES": null, "STATUS": null, "DB_DATE_CR": "2009-11-27", "DISPLAY": "50000, Heli op maps", "COUNT_NO": 0, "DATE_CAPTU": null, "DATE_FLAG": null }, "geometry": { "type": "MultiPolygon", "coordinates": [ [ [ [ 110.49580384678616, -66.470420863060866 ], [ 110.495834317333887, -66.470466649209015 ], [ 110.495796188985935, -66.47048951550758 ], [ 110.495834317333887, -66.470519986055308 ], [ 110.495796188985935, -66.470527643855519 ], [ 110.495750402837771, -66.470504777556968 ], [ 110.49570467024067, -66.470497119756743 ], [ 110.495643622043119, -66.470451387159642 ], [ 110.495620755744554, -66.470413205260641 ], [ 110.495674146141894, -66.470413205260641 ], [ 110.495735140788383, -66.470405601011464 ], [ 110.495765718438221, -66.470397943211253 ], [ 110.49580384678616, -66.470420863060866 ] ] ] ] } },
{ "type": "Feature", "properties": { "FEAT_TYPE": "Penguin", "UFI": 885796, "Q_INFO": 480, "DATASET_ID": 170, "COMMENTS": null, "COMMON_NAM": "Adelie Penguin", "SPECIES": null, "STATUS": null, "DB_DATE_CR": "2009-11-27", "DISPLAY": "50000, Heli op maps", "COUNT_NO": 0, "DATE_CAPTU": null, "DATE_FLAG": null }, "geometry": { "type": "MultiPolygon", "coordinates": [ [ [ [ 110.495971729329426, -66.470535248104696 ], [ 110.495979280027541, -66.470596296302247 ], [ 110.495910681131875, -66.470565772203472 ], [ 110.495971729329426, -66.470535248104696 ] ] ] ] } },
{ "type": "Feature", "properties": { "FEAT_TYPE": "Penguin", "UFI": 885351, "Q_INFO": 480, "DATASET_ID": 170, "COMMENTS": null, "COMMON_NAM": "Adelie Penguin", "SPECIES": null, "STATUS": null, "DB_DATE_CR": "2009-11-27", "DISPLAY": "50000, Heli op maps", "COUNT_NO": 0, "DATE_CAPTU": null, "DATE_FLAG": null }, "geometry": { "type": "MultiPolygon", "coordinates": [ [ [ [ 110.417716990195345, -66.176597601876864 ], [ 110.417747460743058, -66.176589944076639 ], [ 110.417778038392896, -66.176582339827462 ], [ 110.417831428790223, -66.176574735578299 ], [ 110.417861952888998, -66.176582339827462 ], [ 110.417854295088773, -66.176620468175415 ], [ 110.417823770989997, -66.176635783775851 ], [ 110.417793300442284, -66.176643334473965 ], [ 110.417747460743058, -66.176643334473965 ], [ 110.417716990195345, -66.176597601876864 ] ] ] ] } },
{ "type": "Feature", "properties": { "FEAT_TYPE": "Penguin", "UFI": 885353, "Q_INFO": 480, "DATASET_ID": 170, "COMMENTS": null, "COMMON_NAM": "Adelie Penguin", "SPECIES": null, "STATUS": null, "DB_DATE_CR": "2009-11-27", "DISPLAY": "50000, Heli op maps", "COUNT_NO": 0, "DATE_CAPTU": null, "DATE_FLAG": null }, "geometry": { "type": "MultiPolygon", "coordinates": [ [ [ [ 110.417938209584889, -66.176704382671517 ], [ 110.417907685486114, -66.176696778422354 ], [ 110.417861952888998, -66.176666254323578 ], [ 110.417892423436726, -66.17665099227419 ], [ 110.417938209584889, -66.176643334473965 ], [ 110.417968733683665, -66.176658650074415 ], [ 110.417999257782441, -66.176673912123789 ], [ 110.41797639148389, -66.176696778422354 ], [ 110.417938209584889, -66.176704382671517 ] ] ] ] } },
{ "type": "Feature", "properties": { "FEAT_TYPE": "Penguin", "UFI": 885357, "Q_INFO": 480, "DATASET_ID": 170, "COMMENTS": null, "COMMON_NAM": "Adelie Penguin", "SPECIES": null, "STATUS": null, "DB_DATE_CR": "2009-11-27", "DISPLAY": "50000, Heli op maps", "COUNT_NO": 0, "DATE_CAPTU": null, "DATE_FLAG": null }, "geometry": { "type": "MultiPolygon", "coordinates": [ [ [ [ 110.420524564670117, -66.176940917661511 ], [ 110.420555142319955, -66.176918051362946 ], [ 110.420585612867669, -66.176918051362946 ], [ 110.420631399015832, -66.176910393562736 ], [ 110.420692447213398, -66.176902789313573 ], [ 110.420738233361561, -66.176902789313573 ], [ 110.420784019509725, -66.176895131513348 ], [ 110.420822147857663, -66.176902789313573 ], [ 110.420852618405391, -66.176895131513348 ], [ 110.420883196055215, -66.176895131513348 ], [ 110.420913666602942, -66.176895131513348 ], [ 110.420944190701718, -66.176910393562736 ], [ 110.420997581099044, -66.176925655612123 ], [ 110.421051025047433, -66.176918051362946 ], [ 110.421112073244984, -66.176902789313573 ], [ 110.421142543792712, -66.176895131513348 ], [ 110.421173121442536, -66.176895131513348 ], [ 110.421211249790488, -66.17686466096562 ], [ 110.421257035938652, -66.176849345365184 ], [ 110.42129516428659, -66.176849345365184 ], [ 110.421348554683917, -66.17686466096562 ], [ 110.421386736582917, -66.176872265214797 ], [ 110.421424864930856, -66.176857003165395 ], [ 110.421463046829857, -66.176857003165395 ], [ 110.42150883297802, -66.176849345365184 ], [ 110.421562169824298, -66.176857003165395 ], [ 110.421615560221639, -66.176857003165395 ], [ 110.421691924019626, -66.176841741116021 ], [ 110.421745314416967, -66.176841741116021 ], [ 110.42179110056513, -66.176826479066619 ], [ 110.421836886713294, -66.176826479066619 ], [ 110.421913143409171, -66.176818874817457 ], [ 110.421829228913069, -66.17686466096562 ], [ 110.421760522915292, -66.17687986946396 ], [ 110.421722394567354, -66.176887473713123 ], [ 110.421691924019626, -66.17687986946396 ], [ 110.421653742120625, -66.17687986946396 ], [ 110.421646137871463, -66.176910393562736 ], [ 110.42162321802185, -66.1769332598613 ], [ 110.421554565575136, -66.176948521910674 ], [ 110.421501175177809, -66.176948521910674 ], [ 110.421455389029646, -66.176948521910674 ], [ 110.421409602881468, -66.176963837511124 ], [ 110.421371420982481, -66.176963837511124 ], [ 110.421340950434754, -66.176963837511124 ], [ 110.421302822086815, -66.176971388209239 ], [ 110.421241773889264, -66.17697904600945 ], [ 110.4211959877411, -66.176963837511124 ], [ 110.421165463642311, -66.176956179710899 ], [ 110.421142543792712, -66.17697904600945 ], [ 110.421081549146209, -66.177001965859063 ], [ 110.421051025047433, -66.177009570108225 ], [ 110.421012896699494, -66.176971388209239 ], [ 110.420982372600719, -66.17697904600945 ], [ 110.420951848501943, -66.176986703809675 ], [ 110.420913666602942, -66.177001965859063 ], [ 110.420852618405391, -66.177017227908451 ], [ 110.42079922800805, -66.177001965859063 ], [ 110.420761099660112, -66.176994308058852 ], [ 110.420722971312173, -66.176986703809675 ], [ 110.420692447213398, -66.176986703809675 ], [ 110.420639056816057, -66.176963837511124 ], [ 110.420608479166233, -66.176963837511124 ], [ 110.420578008618506, -66.176963837511124 ], [ 110.420524564670117, -66.176940917661511 ] ] ] ] } },
{ "type": "Feature", "properties": { "FEAT_TYPE": "Penguin", "UFI": 885376, "Q_INFO": 480, "DATASET_ID": 170, "COMMENTS": null, "COMMON_NAM": "Adelie Penguin", "SPECIES": null, "STATUS": null, "DB_DATE_CR": "2009-11-27", "DISPLAY": "50000, Heli op maps", "COUNT_NO": 0, "DATE_CAPTU": null, "DATE_FLAG": null }, "geometry": { "type": "MultiPolygon", "coordinates": [ [ [ [ 110.422515860482378, -66.178382886797891 ], [ 110.422546384581153, -66.17837522899768 ], [ 110.422599828529542, -66.17837522899768 ], [ 110.422630299077255, -66.178367624748518 ], [ 110.422660823176031, -66.17837522899768 ], [ 110.422668427425208, -66.178405753096456 ], [ 110.422615037027867, -66.178428672946069 ], [ 110.422576908679929, -66.178428672946069 ], [ 110.422546384581153, -66.178443934995443 ], [ 110.422515860482378, -66.178382886797891 ] ] ] ] } },
{ "type": "Feature", "properties": { "FEAT_TYPE": "Penguin", "UFI": 885378, "Q_INFO": 480, "DATASET_ID": 170, "COMMENTS": null, "COMMON_NAM": "Adelie Penguin", "SPECIES": null, "STATUS": null, "DB_DATE_CR": "2009-11-27", "DISPLAY": "50000, Heli op maps", "COUNT_NO": 0, "DATE_CAPTU": null, "DATE_FLAG": null }, "geometry": { "type": "MultiPolygon", "coordinates": [ [ [ [ 110.4162521547604, -66.178527849491559 ], [ 110.416198710812012, -66.178527849491559 ], [ 110.416191106562849, -66.178497271841735 ], [ 110.416168240264284, -66.17847440554317 ], [ 110.416168240264284, -66.178443934995443 ], [ 110.416206368612237, -66.178436277195232 ], [ 110.416259759009563, -66.178428672946069 ], [ 110.416290283108339, -66.178436277195232 ], [ 110.416275021058951, -66.178497271841735 ], [ 110.4162521547604, -66.178527849491559 ] ] ] ] } },
{ "type": "Feature", "properties": { "FEAT_TYPE": "Penguin", "UFI": 885382, "Q_INFO": 480, "DATASET_ID": 170, "COMMENTS": null, "COMMON_NAM": "Adelie Penguin", "SPECIES": null, "STATUS": null, "DB_DATE_CR": "2009-11-27", "DISPLAY": "50000, Heli op maps", "COUNT_NO": 0, "DATE_CAPTU": null, "DATE_FLAG": null }, "geometry": { "type": "MultiPolygon", "coordinates": [ [ [ [ 110.411682161663123, -66.178771988730716 ], [ 110.411750760558789, -66.178749068881103 ], [ 110.41178894245779, -66.178741464631941 ], [ 110.411819466556565, -66.178741464631941 ], [ 110.411849990655341, -66.178741464631941 ], [ 110.411895723252456, -66.178741464631941 ], [ 110.411888119003279, -66.178771988730716 ], [ 110.411903381052667, -66.178802512829492 ], [ 110.411865252704729, -66.178810117078655 ], [ 110.411834728605953, -66.178802512829492 ], [ 110.411804204507177, -66.178802512829492 ], [ 110.411766076159239, -66.178794855029281 ], [ 110.411727894260238, -66.178794855029281 ], [ 110.411682161663123, -66.178771988730716 ] ] ] ] } },
{ "type": "Feature", "properties": { "FEAT_TYPE": "Penguin", "UFI": 885385, "Q_INFO": 480, "DATASET_ID": 170, "COMMENTS": null, "COMMON_NAM": "Adelie Penguin", "SPECIES": null, "STATUS": null, "DB_DATE_CR": "2009-11-27", "DISPLAY": "50000, Heli op maps", "COUNT_NO": 0, "DATE_CAPTU": null, "DATE_FLAG": null }, "geometry": { "type": "MultiPolygon", "coordinates": [ [ [ [ 110.420913666602942, -66.178779646530941 ], [ 110.420967110551331, -66.178756726681328 ], [ 110.421005238899269, -66.178764330930505 ], [ 110.421035762998045, -66.178771988730716 ], [ 110.421058629296596, -66.178794855029281 ], [ 110.421020500948657, -66.17881777487888 ], [ 110.420967110551331, -66.178825379128057 ], [ 110.420936586452555, -66.178802512829492 ], [ 110.420913666602942, -66.178779646530941 ] ] ] ] } },
{ "type": "Feature", "properties": { "FEAT_TYPE": "Penguin", "UFI": 885399, "Q_INFO": 480, "DATASET_ID": 170, "COMMENTS": null, "COMMON_NAM": "Adelie Penguin", "SPECIES": null, "STATUS": null, "DB_DATE_CR": "2009-11-27", "DISPLAY": "50000, Heli op maps", "COUNT_NO": 0, "DATE_CAPTU": null, "DATE_FLAG": null }, "geometry": { "type": "MultiPolygon", "coordinates": [ [ [ [ 110.644752505787537, -66.215774532941126 ], [ 110.644714323888536, -66.215766928691949 ], [ 110.644683853340808, -66.215759270891738 ], [ 110.644638067192645, -66.215759270891738 ], [ 110.644607543093869, -66.215759270891738 ], [ 110.644538890647155, -66.215751666642575 ], [ 110.644615147343032, -66.215721142543799 ], [ 110.644653275690985, -66.215728746792962 ], [ 110.644683853340808, -66.215728746792962 ], [ 110.644714323888536, -66.215728746792962 ], [ 110.64474490153836, -66.215728746792962 ], [ 110.644798238384638, -66.215721142543799 ], [ 110.644836420283639, -66.215721142543799 ], [ 110.644882206431802, -66.215736351042125 ], [ 110.644844024532802, -66.215789794990513 ], [ 110.644813553985088, -66.215782137190303 ], [ 110.644752505787537, -66.215774532941126 ] ] ] ] } },
{ "type": "Feature", "properties": { "FEAT_TYPE": "Penguin", "UFI": 885403, "Q_INFO": 480, "DATASET_ID": 170, "COMMENTS": null, "COMMON_NAM": "Adelie Penguin", "SPECIES": null, "STATUS": null, "DB_DATE_CR": "2009-11-27", "DISPLAY": "50000, Heli op maps", "COUNT_NO": 0, "DATE_CAPTU": null, "DATE_FLAG": null }, "geometry": { "type": "MultiPolygon", "coordinates": [ [ [ [ 110.60873412278292, -66.215911891385616 ], [ 110.60873412278292, -66.215881313735792 ], [ 110.608764646881696, -66.215866105237453 ], [ 110.608795170980471, -66.215866105237453 ], [ 110.60883329932841, -66.215858447437228 ], [ 110.608879085476573, -66.215843185387854 ], [ 110.608909609575363, -66.215843185387854 ], [ 110.608955342172464, -66.215835581138677 ], [ 110.608993577622513, -66.215835581138677 ], [ 110.609031705970466, -66.215827923338452 ], [ 110.609062176518179, -66.215827923338452 ], [ 110.609115620466568, -66.215827923338452 ], [ 110.609153748814521, -66.215827923338452 ], [ 110.609191877162459, -66.215835581138677 ], [ 110.609161353063683, -66.215866105237453 ], [ 110.609130882515956, -66.215881313735792 ], [ 110.609100304866132, -66.215888971536003 ], [ 110.609039310219629, -66.215888971536003 ], [ 110.609001128320628, -66.215896629336228 ], [ 110.608970657772915, -66.215896629336228 ], [ 110.608932529424962, -66.215896629336228 ], [ 110.608901951775138, -66.215904233585405 ], [ 110.608871481227411, -66.215904233585405 ], [ 110.60883329932841, -66.215904233585405 ], [ 110.608795170980471, -66.215904233585405 ], [ 110.608764646881696, -66.215904233585405 ], [ 110.60873412278292, -66.215911891385616 ] ] ] ] } },
{ "type": "Feature", "properties": { "FEAT_TYPE": "Penguin", "UFI": 885415, "Q_INFO": 480, "DATASET_ID": 170, "COMMENTS": null, "COMMON_NAM": "Adelie Penguin", "SPECIES": null, "STATUS": null, "DB_DATE_CR": "2009-11-27", "DISPLAY": "50000, Heli op maps", "COUNT_NO": 0, "DATE_CAPTU": null, "DATE_FLAG": null }, "geometry": { "type": "MultiPolygon", "coordinates": [ [ [ [ 110.608756989081471, -66.216194158972712 ], [ 110.608718860733532, -66.216194158972712 ], [ 110.608688336634756, -66.216194158972712 ], [ 110.608657866087029, -66.216178896923338 ], [ 110.608650208286818, -66.216148372824563 ], [ 110.608688336634756, -66.216148372824563 ], [ 110.60873412278292, -66.216148372824563 ], [ 110.608779908931083, -66.216163634873936 ], [ 110.608756989081471, -66.216194158972712 ] ] ] ] } },
{ "type": "Feature", "properties": { "FEAT_TYPE": "Penguin", "UFI": 885419, "Q_INFO": 480, "DATASET_ID": 170, "COMMENTS": null, "COMMON_NAM": "Adelie Penguin", "SPECIES": null, "STATUS": null, "DB_DATE_CR": "2009-11-27", "DISPLAY": "50000, Heli op maps", "COUNT_NO": 0, "DATE_CAPTU": null, "DATE_FLAG": null }, "geometry": { "type": "MultiPolygon", "coordinates": [ [ [ [ 110.645828239289656, -66.216300939767393 ], [ 110.645790110941718, -66.216285731269039 ], [ 110.645797715190881, -66.216255153619215 ], [ 110.645835897089881, -66.216247602921101 ], [ 110.64587402543782, -66.216270469219666 ], [ 110.645828239289656, -66.216300939767393 ] ] ] ] } },
{ "type": "Feature", "properties": { "FEAT_TYPE": "Penguin", "UFI": 885440, "Q_INFO": 480, "DATASET_ID": 170, "COMMENTS": null, "COMMON_NAM": "Adelie Penguin", "SPECIES": null, "STATUS": null, "DB_DATE_CR": "2009-11-27", "DISPLAY": "50000, Heli op maps", "COUNT_NO": 0, "DATE_CAPTU": null, "DATE_FLAG": null }, "geometry": { "type": "MultiPolygon", "coordinates": [ [ [ [ 110.638809196000594, -66.216621389253476 ], [ 110.638801538200369, -66.216674833201864 ], [ 110.638809196000594, -66.216712961549803 ], [ 110.638771067652655, -66.216720619350028 ], [ 110.638725281504492, -66.216712961549803 ], [ 110.638687153156539, -66.216690041700204 ], [ 110.638633762759213, -66.216682437451027 ], [ 110.638587976611049, -66.21664425555204 ], [ 110.638641367008375, -66.216613785004313 ], [ 110.638671891107151, -66.216613785004313 ], [ 110.638717677255315, -66.216606127204102 ], [ 110.638771067652655, -66.216606127204102 ], [ 110.638809196000594, -66.216621389253476 ] ] ] ] } },
{ "type": "Feature", "properties": { "FEAT_TYPE": "Penguin", "UFI": 885446, "Q_INFO": 480, "DATASET_ID": 170, "COMMENTS": null, "COMMON_NAM": "Adelie Penguin", "SPECIES": null, "STATUS": null, "DB_DATE_CR": "2009-11-27", "DISPLAY": "50000, Heli op maps", "COUNT_NO": 0, "DATE_CAPTU": null, "DATE_FLAG": null }, "geometry": { "type": "MultiPolygon", "coordinates": [ [ [ [ 110.601806651790184, -66.216896052591409 ], [ 110.601776127691409, -66.216888448342246 ], [ 110.601730341543245, -66.216880790542035 ], [ 110.601699870995517, -66.216880790542035 ], [ 110.601661689096531, -66.21685792424347 ], [ 110.601699870995517, -66.216842662194082 ], [ 110.601684555395082, -66.216812138095307 ], [ 110.601730341543245, -66.21680453384613 ], [ 110.601760865642021, -66.21680453384613 ], [ 110.601791389740796, -66.21680453384613 ], [ 110.601844833689185, -66.216789218245708 ], [ 110.601905828335688, -66.216774009747354 ], [ 110.601936352434464, -66.216743485648578 ], [ 110.601982138582628, -66.216735827848368 ], [ 110.602020266930566, -66.216743485648578 ], [ 110.602050791029342, -66.21675874769798 ], [ 110.602081315128117, -66.216774009747354 ], [ 110.602111839226893, -66.216774009747354 ], [ 110.602149967574846, -66.216781613996531 ], [ 110.602180438122559, -66.216796876045919 ], [ 110.60221862002156, -66.216789218245708 ], [ 110.602241486320111, -66.216812138095307 ], [ 110.602241486320111, -66.216842662194082 ], [ 110.602211015772397, -66.216835004393857 ], [ 110.602180438122559, -66.216827400144695 ], [ 110.602142309774621, -66.216827400144695 ], [ 110.602111839226893, -66.216827400144695 ], [ 110.602081315128117, -66.216819795895532 ], [ 110.602043133229117, -66.216812138095307 ], [ 110.602005004881178, -66.216835004393857 ], [ 110.60196687653324, -66.216850266443259 ], [ 110.601936352434464, -66.216865582043695 ], [ 110.601898170535463, -66.216880790542035 ], [ 110.601867699987736, -66.216888448342246 ], [ 110.60183717588896, -66.216888448342246 ], [ 110.601806651790184, -66.216896052591409 ] ] ] ] } },
{ "type": "Feature", "properties": { "FEAT_TYPE": "Penguin", "UFI": 885467, "Q_INFO": 480, "DATASET_ID": 170, "COMMENTS": null, "COMMON_NAM": "Adelie Penguin", "SPECIES": null, "STATUS": null, "DB_DATE_CR": "2009-11-27", "DISPLAY": "50000, Heli op maps", "COUNT_NO": 0, "DATE_CAPTU": null, "DATE_FLAG": null }, "geometry": { "type": "MultiPolygon", "coordinates": [ [ [ [ 110.645042431174858, -66.217308020822799 ], [ 110.645019564876293, -66.217338598472622 ], [ 110.644981382977292, -66.217338598472622 ], [ 110.644950858878516, -66.217346202721785 ], [ 110.644859286582189, -66.217308020822799 ], [ 110.644935650380191, -66.217300416573622 ], [ 110.644966120927904, -66.217308020822799 ], [ 110.644996645026694, -66.217300416573622 ], [ 110.645042431174858, -66.217308020822799 ] ] ] ] } },
{ "type": "Feature", "properties": { "FEAT_TYPE": "Penguin", "UFI": 885478, "Q_INFO": 480, "DATASET_ID": 170, "COMMENTS": null, "COMMON_NAM": "Adelie Penguin", "SPECIES": null, "STATUS": null, "DB_DATE_CR": "2009-11-27", "DISPLAY": "50000, Heli op maps", "COUNT_NO": 0, "DATE_CAPTU": null, "DATE_FLAG": null }, "geometry": { "type": "MultiPolygon", "coordinates": [ [ [ [ 110.58351896804983, -66.239082359909105 ], [ 110.583564754197994, -66.239089964158282 ], [ 110.583602882545946, -66.239128146057283 ], [ 110.583564754197994, -66.239135696755397 ], [ 110.58351896804983, -66.239082359909105 ] ] ] ] } },
{ "type": "Feature", "properties": { "FEAT_TYPE": "Penguin", "UFI": 885483, "Q_INFO": 480, "DATASET_ID": 170, "COMMENTS": null, "COMMON_NAM": "Adelie Penguin", "SPECIES": null, "STATUS": null, "DB_DATE_CR": "2009-11-27", "DISPLAY": "50000, Heli op maps", "COUNT_NO": 0, "DATE_CAPTU": null, "DATE_FLAG": null }, "geometry": { "type": "MultiPolygon", "coordinates": [ [ [ [ 110.577209476179689, -66.239646948634373 ], [ 110.577240000278465, -66.239669814932924 ], [ 110.577285786426629, -66.239669814932924 ], [ 110.577300994924968, -66.2397003390317 ], [ 110.577346781073132, -66.239707943280877 ], [ 110.577384962972133, -66.239707943280877 ], [ 110.577423091320071, -66.23972320533025 ], [ 110.577453615418847, -66.239738467379652 ], [ 110.577491743766785, -66.239753675877978 ], [ 110.577507005816173, -66.239784253527802 ], [ 110.577491743766785, -66.239814724075529 ], [ 110.577529925665786, -66.239830039675979 ], [ 110.577560449764562, -66.23985290597453 ], [ 110.577529925665786, -66.239868168023918 ], [ 110.57749940156701, -66.239868168023918 ], [ 110.57747653526846, -66.239898638571646 ], [ 110.577438353369459, -66.239906296371856 ], [ 110.577392567221295, -66.239898638571646 ], [ 110.577354438873357, -66.239875772273081 ], [ 110.577323914774581, -66.239837643925142 ], [ 110.577300994924968, -66.239814724075529 ], [ 110.577270524377241, -66.239791911328027 ], [ 110.57723234247824, -66.239791911328027 ], [ 110.577178952080914, -66.239768991478428 ], [ 110.577117903883362, -66.239738467379652 ], [ 110.577079775535424, -66.239746125179863 ], [ 110.577011069537647, -66.239738467379652 ], [ 110.576965336940532, -66.239715547530039 ], [ 110.576934812841756, -66.2397003390317 ], [ 110.57690428874298, -66.239677419182101 ], [ 110.57688142244443, -66.239654552883536 ], [ 110.576858556145865, -66.239631633033923 ], [ 110.576858556145865, -66.239601162486196 ], [ 110.576827978496041, -66.239570584836372 ], [ 110.576858556145865, -66.239555376338046 ], [ 110.57690428874298, -66.239555376338046 ], [ 110.576934812841756, -66.239562980587209 ], [ 110.576965336940532, -66.239547718537821 ], [ 110.577003518839533, -66.239547718537821 ], [ 110.577033989387246, -66.239547718537821 ], [ 110.577072117735199, -66.239547718537821 ], [ 110.577125561683587, -66.239540114288644 ], [ 110.577186609881139, -66.239517194439046 ], [ 110.57723234247824, -66.239532456488433 ], [ 110.577255208776805, -66.239555376338046 ], [ 110.577293444226854, -66.239562980587209 ], [ 110.577339176823969, -66.239593504685985 ], [ 110.577316256974356, -66.23961637098455 ], [ 110.577285786426629, -66.23962402878476 ], [ 110.57723234247824, -66.23962402878476 ], [ 110.577209476179689, -66.239646948634373 ] ] ] ] } },
{ "type": "Feature", "properties": { "FEAT_TYPE": "Penguin", "UFI": 885492, "Q_INFO": 480, "DATASET_ID": 170, "COMMENTS": null, "COMMON_NAM": "Adelie Penguin", "SPECIES": null, "STATUS": null, "DB_DATE_CR": "2009-11-27", "DISPLAY": "50000, Heli op maps", "COUNT_NO": 0, "DATE_CAPTU": null, "DATE_FLAG": null }, "geometry": { "type": "MultiPolygon", "coordinates": [ [ [ [ 110.579528825727209, -66.239921558421258 ], [ 110.579498301628433, -66.239891087873531 ], [ 110.579505905877596, -66.239860510223707 ], [ 110.579536429976372, -66.239868168023918 ], [ 110.579566954075148, -66.239875772273081 ], [ 110.579612740223325, -66.239875772273081 ], [ 110.579643264322101, -66.239883430073306 ], [ 110.579696654719427, -66.239891087873531 ], [ 110.579734783067366, -66.239913954172081 ], [ 110.579750045116754, -66.239952082520034 ], [ 110.579727125267155, -66.23998260661881 ], [ 110.579688996919202, -66.239990210867973 ], [ 110.579643264322101, -66.239990210867973 ], [ 110.57958221612455, -66.239975002369633 ], [ 110.579528825727209, -66.239921558421258 ] ] ] ] } },
{ "type": "Feature", "properties": { "FEAT_TYPE": "Penguin", "UFI": 885498, "Q_INFO": 480, "DATASET_ID": 170, "COMMENTS": null, "COMMON_NAM": "Adelie Penguin", "SPECIES": null, "STATUS": null, "DB_DATE_CR": "2009-11-27", "DISPLAY": "50000, Heli op maps", "COUNT_NO": 0, "DATE_CAPTU": null, "DATE_FLAG": null }, "geometry": { "type": "MultiPolygon", "coordinates": [ [ [ [ 110.583572411998219, -66.240623452039955 ], [ 110.583541834348395, -66.240646371889554 ], [ 110.583503706000442, -66.240631109840166 ], [ 110.583442711353953, -66.240623452039955 ], [ 110.583389320956613, -66.240615847790778 ], [ 110.583328272759061, -66.240615847790778 ], [ 110.58326722456151, -66.24060058574139 ], [ 110.583236700462734, -66.240623452039955 ], [ 110.583198572114796, -66.240631109840166 ], [ 110.583167994464958, -66.240638714089329 ], [ 110.583122261867857, -66.240615847790778 ], [ 110.583190914314571, -66.24060058574139 ], [ 110.583221438413347, -66.240570061642615 ], [ 110.583251962512122, -66.240562403842404 ], [ 110.583312957158626, -66.24054719534405 ], [ 110.583351139057626, -66.240524275494451 ], [ 110.583404529454953, -66.240531933294676 ], [ 110.583404529454953, -66.240562403842404 ], [ 110.583435053553728, -66.240585323692002 ], [ 110.583473235452729, -66.240592981492227 ], [ 110.583511363800667, -66.24060058574139 ], [ 110.583541834348395, -66.240608243541601 ], [ 110.583572411998219, -66.240623452039955 ] ] ] ] } },
{ "type": "Feature", "properties": { "FEAT_TYPE": "Penguin", "UFI": 885503, "Q_INFO": 480, "DATASET_ID": 170, "COMMENTS": null, "COMMON_NAM": "Adelie Penguin", "SPECIES": null, "STATUS": null, "DB_DATE_CR": "2009-11-27", "DISPLAY": "50000, Heli op maps", "COUNT_NO": 0, "DATE_CAPTU": null, "DATE_FLAG": null }, "geometry": { "type": "MultiPolygon", "coordinates": [ [ [ [ 110.583763107288988, -66.241745025241286 ], [ 110.583717374691886, -66.241737367441061 ], [ 110.583671588543723, -66.241737367441061 ], [ 110.58363346019577, -66.241722105391688 ], [ 110.583625802395559, -66.241691581292912 ], [ 110.583595278296784, -66.24167631924351 ], [ 110.583557096397783, -66.241661057194136 ], [ 110.583625802395559, -66.241622928846184 ], [ 110.583580016247382, -66.241607666796796 ], [ 110.583595278296784, -66.24157714269802 ], [ 110.583625802395559, -66.241569484897809 ], [ 110.583656326494335, -66.241569484897809 ], [ 110.583702059091436, -66.24157714269802 ], [ 110.583724978941049, -66.241600062547633 ], [ 110.583763107288988, -66.241607666796796 ], [ 110.583785973587553, -66.241630533095361 ], [ 110.583816551237376, -66.241638190895571 ], [ 110.583831759735716, -66.24167631924351 ], [ 110.583869941634717, -66.24167631924351 ], [ 110.58391572778288, -66.24167631924351 ], [ 110.583953856130819, -66.241683977043735 ], [ 110.583953856130819, -66.241714447591463 ], [ 110.58391572778288, -66.241729763191898 ], [ 110.583885203684105, -66.241737367441061 ], [ 110.583839417535941, -66.241737367441061 ], [ 110.583801289187988, -66.241737367441061 ], [ 110.583763107288988, -66.241745025241286 ] ] ] ] } },
{ "type": "Feature", "properties": { "FEAT_TYPE": "Penguin", "UFI": 885505, "Q_INFO": 480, "DATASET_ID": 170, "COMMENTS": null, "COMMON_NAM": "Adelie Penguin", "SPECIES": null, "STATUS": null, "DB_DATE_CR": "2009-11-27", "DISPLAY": "50000, Heli op maps", "COUNT_NO": 0, "DATE_CAPTU": null, "DATE_FLAG": null }, "geometry": { "type": "MultiPolygon", "coordinates": [ [ [ [ 110.581970218118784, -66.242340084514268 ], [ 110.581909169921232, -66.242340084514268 ], [ 110.581878645822457, -66.242332426714057 ], [ 110.581855779523906, -66.242309560415492 ], [ 110.581832859674293, -66.242271432067554 ], [ 110.581802389126565, -66.242256170018152 ], [ 110.581764207227565, -66.242248512217941 ], [ 110.581726078879626, -66.242225645919376 ], [ 110.581680346282511, -66.242210383870002 ], [ 110.581634506583299, -66.242202779620825 ], [ 110.581603982484523, -66.24217225552205 ], [ 110.581642110832462, -66.242164597721825 ], [ 110.581687896980625, -66.24217225552205 ], [ 110.581718474630463, -66.24217225552205 ], [ 110.581748945178177, -66.24217225552205 ], [ 110.58179473132634, -66.242164597721825 ], [ 110.581832859674293, -66.24217225552205 ], [ 110.581871041573294, -66.242179913322275 ], [ 110.58192443197062, -66.242202779620825 ], [ 110.581954956069396, -66.242233250168553 ], [ 110.581947351820233, -66.242263827818377 ], [ 110.581954956069396, -66.24230195616633 ], [ 110.581970218118784, -66.242340084514268 ] ] ] ] } },
{ "type": "Feature", "properties": { "FEAT_TYPE": "Penguin", "UFI": 885523, "Q_INFO": 480, "DATASET_ID": 170, "COMMENTS": null, "COMMON_NAM": "Adelie Penguin", "SPECIES": null, "STATUS": null, "DB_DATE_CR": "2009-11-27", "DISPLAY": "50000, Heli op maps", "COUNT_NO": 0, "DATE_CAPTU": null, "DATE_FLAG": null }, "geometry": { "type": "MultiPolygon", "coordinates": [ [ [ [ 110.539802567987081, -66.250381470908124 ], [ 110.539772043888306, -66.250381470908124 ], [ 110.53974151978953, -66.250373866658947 ], [ 110.539703337890529, -66.250358604609573 ], [ 110.539703337890529, -66.250328080510798 ], [ 110.539756781838918, -66.250305160661185 ], [ 110.539794910186856, -66.25028229436262 ], [ 110.539749124038693, -66.250236508214471 ], [ 110.539810172236244, -66.250221246165069 ], [ 110.539871220433795, -66.250228903965294 ], [ 110.539917006581959, -66.250228903965294 ], [ 110.539947530680735, -66.250244112463633 ], [ 110.539955134929897, -66.250274690113457 ], [ 110.539909348781734, -66.25028229436262 ], [ 110.539894086732346, -66.250312818461396 ], [ 110.539901744532571, -66.250343289009123 ], [ 110.539871220433795, -66.250358604609573 ], [ 110.53984069633502, -66.250350946809348 ], [ 110.539810172236244, -66.250350946809348 ], [ 110.539802567987081, -66.250381470908124 ] ] ] ] } },
{ "type": "Feature", "properties": { "FEAT_TYPE": "Penguin", "UFI": 885524, "Q_INFO": 480, "DATASET_ID": 170, "COMMENTS": null, "COMMON_NAM": "Adelie Penguin", "SPECIES": null, "STATUS": null, "DB_DATE_CR": "2009-11-27", "DISPLAY": "50000, Heli op maps", "COUNT_NO": 0, "DATE_CAPTU": null, "DATE_FLAG": null }, "geometry": { "type": "MultiPolygon", "coordinates": [ [ [ [ 110.540473937506988, -66.250312818461396 ], [ 110.54043580915905, -66.250312818461396 ], [ 110.540405231509226, -66.250312818461396 ], [ 110.540374760961498, -66.250305160661185 ], [ 110.540344236862722, -66.250305160661185 ], [ 110.540306054963722, -66.250289898611797 ], [ 110.540306054963722, -66.250259374513021 ], [ 110.54033663261356, -66.250236508214471 ], [ 110.540374760961498, -66.250251770263844 ], [ 110.540420547109662, -66.250259374513021 ], [ 110.5404586754576, -66.250251770263844 ], [ 110.540466279706777, -66.25028229436262 ], [ 110.540473937506988, -66.250312818461396 ] ] ] ] } },
{ "type": "Feature", "properties": { "FEAT_TYPE": "Penguin", "UFI": 885547, "Q_INFO": 480, "DATASET_ID": 170, "COMMENTS": null, "COMMON_NAM": "Adelie Penguin", "SPECIES": null, "STATUS": null, "DB_DATE_CR": "2009-11-27", "DISPLAY": "50000, Heli op maps", "COUNT_NO": 0, "DATE_CAPTU": null, "DATE_FLAG": null }, "geometry": { "type": "MultiPolygon", "coordinates": [ [ [ [ 110.483222937842754, -66.307640074821535 ], [ 110.483192467295041, -66.307640074821535 ], [ 110.4831390768977, -66.307640074821535 ], [ 110.483085632949326, -66.30763241702131 ], [ 110.483047504601373, -66.307624812772133 ], [ 110.482963536554209, -66.307609550722759 ], [ 110.482994114204047, -66.307579080175032 ], [ 110.48302458475176, -66.307579080175032 ], [ 110.483078028700149, -66.307556160325419 ], [ 110.483116157048102, -66.307540898276031 ], [ 110.48315428539604, -66.307533294026854 ], [ 110.483200071544204, -66.307533294026854 ], [ 110.483238253443204, -66.307533294026854 ], [ 110.483276381791143, -66.307540898276031 ], [ 110.483322167939306, -66.307556160325419 ], [ 110.483299248089693, -66.307609550722759 ], [ 110.483261119741755, -66.30763241702131 ], [ 110.483222937842754, -66.307640074821535 ] ] ] ] } },
{ "type": "Feature", "properties": { "FEAT_TYPE": "Penguin", "UFI": 885554, "Q_INFO": 480, "DATASET_ID": 170, "COMMENTS": null, "COMMON_NAM": "Adelie Penguin", "SPECIES": null, "STATUS": null, "DB_DATE_CR": "2009-11-27", "DISPLAY": "50000, Heli op maps", "COUNT_NO": 0, "DATE_CAPTU": null, "DATE_FLAG": null }, "geometry": { "type": "MultiPolygon", "coordinates": [ [ [ [ 110.483726478370457, -66.308029176754346 ], [ 110.483680692222293, -66.308067305102298 ], [ 110.483642563874355, -66.308059700853121 ], [ 110.483604435526416, -66.308059700853121 ], [ 110.483551045129076, -66.308044438803734 ], [ 110.483589173477029, -66.308021518954121 ], [ 110.483642563874355, -66.308006310455795 ], [ 110.483680692222293, -66.30799865265557 ], [ 110.483711269872131, -66.30799865265557 ], [ 110.483726478370457, -66.308029176754346 ] ] ] ] } },
{ "type": "Feature", "properties": { "FEAT_TYPE": "Penguin", "UFI": 885558, "Q_INFO": 480, "DATASET_ID": 170, "COMMENTS": null, "COMMON_NAM": "Adelie Penguin", "SPECIES": null, "STATUS": null, "DB_DATE_CR": "2009-11-27", "DISPLAY": "50000, Heli op maps", "COUNT_NO": 0, "DATE_CAPTU": null, "DATE_FLAG": null }, "geometry": { "type": "MultiPolygon", "coordinates": [ [ [ [ 110.483955409111289, -66.308395358837558 ], [ 110.483917227212288, -66.308395358837558 ], [ 110.483863836814962, -66.308372492539007 ], [ 110.483886703113512, -66.308349572689394 ], [ 110.483924831461451, -66.308349572689394 ], [ 110.483955409111289, -66.308395358837558 ] ] ] ] } },
{ "type": "Feature", "properties": { "FEAT_TYPE": "Penguin", "UFI": 885562, "Q_INFO": 480, "DATASET_ID": 170, "COMMENTS": null, "COMMON_NAM": "Adelie Penguin", "SPECIES": null, "STATUS": null, "DB_DATE_CR": "2009-11-27", "DISPLAY": "50000, Heli op maps", "COUNT_NO": 0, "DATE_CAPTU": null, "DATE_FLAG": null }, "geometry": { "type": "MultiPolygon", "coordinates": [ [ [ [ 110.482719450866114, -66.308753990222641 ], [ 110.482681268967113, -66.308753990222641 ], [ 110.482666006917725, -66.308723466123865 ], [ 110.482673611166888, -66.30869294202509 ], [ 110.482673611166888, -66.308654760126103 ], [ 110.482727055115276, -66.308631893827538 ], [ 110.482803365362216, -66.308609027528988 ], [ 110.482856755759556, -66.308609027528988 ], [ 110.482910199707931, -66.308609027528988 ], [ 110.482940670255658, -66.308601369728763 ], [ 110.482994114204047, -66.308593711928552 ], [ 110.483039846801148, -66.308593711928552 ], [ 110.483078028700149, -66.308586107679389 ], [ 110.483116157048102, -66.308578503430212 ], [ 110.483184809494816, -66.308570845629987 ], [ 110.483215333593591, -66.308563241380824 ], [ 110.483261119741755, -66.308563241380824 ], [ 110.483291643840531, -66.308578503430212 ], [ 110.483245804141319, -66.308609027528988 ], [ 110.483215333593591, -66.308616631778165 ], [ 110.483177205245653, -66.308616631778165 ], [ 110.483131419097489, -66.308616631778165 ], [ 110.483108499247876, -66.308639498076715 ], [ 110.483062713099713, -66.308654760126103 ], [ 110.48302458475176, -66.30864715587694 ], [ 110.482986456403822, -66.30864715587694 ], [ 110.482955932305046, -66.30864715587694 ], [ 110.48292540820627, -66.308639498076715 ], [ 110.482894884107495, -66.308639498076715 ], [ 110.48290254190772, -66.308670075726539 ], [ 110.48290254190772, -66.308708204074492 ], [ 110.482856755759556, -66.308715808323655 ], [ 110.482826231660766, -66.308715808323655 ], [ 110.482795707561991, -66.308731070373042 ], [ 110.482757579214052, -66.30874633242243 ], [ 110.482719450866114, -66.308753990222641 ] ] ] ] } },
{ "type": "Feature", "properties": { "FEAT_TYPE": "Penguin", "UFI": 885575, "Q_INFO": 480, "DATASET_ID": 170, "COMMENTS": null, "COMMON_NAM": "Adelie Penguin", "SPECIES": null, "STATUS": null, "DB_DATE_CR": "2009-11-27", "DISPLAY": "50000, Heli op maps", "COUNT_NO": 0, "DATE_CAPTU": null, "DATE_FLAG": null }, "geometry": { "type": "MultiPolygon", "coordinates": [ [ [ [ 110.485717774182717, -66.30997463286738 ], [ 110.485763560330881, -66.30997463286738 ], [ 110.485763560330881, -66.310005210517204 ], [ 110.485733036232105, -66.310028076815769 ], [ 110.485687250083942, -66.310035681064932 ], [ 110.485656725985166, -66.310043338865157 ], [ 110.485626255437438, -66.310035681064932 ], [ 110.485588073538437, -66.310035681064932 ], [ 110.485534629590063, -66.310043338865157 ], [ 110.48549650124211, -66.310043338865157 ], [ 110.485519421091723, -66.310081467213109 ], [ 110.485557549439662, -66.310104387062708 ], [ 110.48557281148905, -66.310134911161484 ], [ 110.485534629590063, -66.310157777460034 ], [ 110.48557281148905, -66.310173039509436 ], [ 110.48560333558784, -66.310195959359035 ], [ 110.485649121736003, -66.310203563608212 ], [ 110.485679592283716, -66.310226429906763 ], [ 110.485649121736003, -66.310256954005538 ], [ 110.48560333558784, -66.310264558254715 ], [ 110.485565207239887, -66.310249349756361 ], [ 110.485534629590063, -66.310241691956151 ], [ 110.485504159042335, -66.310218825657586 ], [ 110.485481292743785, -66.310195959359035 ], [ 110.485458372894172, -66.310173039509436 ], [ 110.485427848795396, -66.310157777460034 ], [ 110.485397324696621, -66.310150173210872 ], [ 110.485412586746008, -66.310119595561048 ], [ 110.485389666896396, -66.310096729262483 ], [ 110.485397324696621, -66.310066205163707 ], [ 110.485366800597845, -66.310058600914545 ], [ 110.485321068000729, -66.310035681064932 ], [ 110.485321068000729, -66.310005210517204 ], [ 110.485298148151116, -66.309982290667605 ], [ 110.485290543901954, -66.309944162319653 ], [ 110.485328672249892, -66.309936504519442 ], [ 110.485359196348682, -66.309921242470054 ], [ 110.485389666896396, -66.309913638220877 ], [ 110.485435506595621, -66.309906033971714 ], [ 110.48547363494356, -66.309898376171503 ], [ 110.485519421091723, -66.309898376171503 ], [ 110.485557549439662, -66.309898376171503 ], [ 110.485595677787614, -66.309913638220877 ], [ 110.485649121736003, -66.309913638220877 ], [ 110.485679592283716, -66.309898376171503 ], [ 110.485710169933554, -66.309883114122101 ], [ 110.485763560330881, -66.30987545632189 ], [ 110.485809346479044, -66.309867852072728 ], [ 110.485832212777595, -66.309890718371278 ], [ 110.485816950728207, -66.309928900270279 ], [ 110.485771164580044, -66.309921242470054 ], [ 110.485740640481268, -66.309944162319653 ], [ 110.485717774182717, -66.30997463286738 ] ] ] ] } },
{ "type": "Feature", "properties": { "FEAT_TYPE": "Penguin", "UFI": 885592, "Q_INFO": 480, "DATASET_ID": 170, "COMMENTS": null, "COMMON_NAM": "Adelie Penguin", "SPECIES": null, "STATUS": null, "DB_DATE_CR": "2009-11-27", "DISPLAY": "50000, Heli op maps", "COUNT_NO": 0, "DATE_CAPTU": null, "DATE_FLAG": null }, "geometry": { "type": "MultiPolygon", "coordinates": [ [ [ [ 110.398735017085457, -66.32214357357941 ], [ 110.398704546537743, -66.322128257978974 ], [ 110.398719808587131, -66.322097787431247 ], [ 110.398727412836294, -66.322059659083294 ], [ 110.398750279134845, -66.32202908143347 ], [ 110.398788461033845, -66.322021477184308 ], [ 110.398849509231397, -66.32200621513492 ], [ 110.398895241828512, -66.32200621513492 ], [ 110.398933423727513, -66.322021477184308 ], [ 110.398986814124839, -66.322021477184308 ], [ 110.399017338223615, -66.322021477184308 ], [ 110.399047862322391, -66.322044343482872 ], [ 110.399093648470554, -66.322059659083294 ], [ 110.399131776818507, -66.322059659083294 ], [ 110.399162300917283, -66.322059659083294 ], [ 110.399208033514384, -66.322059659083294 ], [ 110.399246215413385, -66.322067263332471 ], [ 110.399253819662547, -66.322097787431247 ], [ 110.399185167215833, -66.322090129631022 ], [ 110.399154696668106, -66.322097787431247 ], [ 110.399108856968894, -66.322097787431247 ], [ 110.399078386421166, -66.322105391680424 ], [ 110.399040204522166, -66.322097787431247 ], [ 110.398986814124839, -66.322128257978974 ], [ 110.398925765927288, -66.322128257978974 ], [ 110.39888763757935, -66.32212070728086 ], [ 110.398803723083233, -66.322113049480635 ], [ 110.398773198984458, -66.322135915779199 ], [ 110.398735017085457, -66.32214357357941 ] ] ] ] } },
{ "type": "Feature", "properties": { "FEAT_TYPE": "Penguin", "UFI": 885598, "Q_INFO": 480, "DATASET_ID": 170, "COMMENTS": null, "COMMON_NAM": "Adelie Penguin", "SPECIES": null, "STATUS": null, "DB_DATE_CR": "2009-11-27", "DISPLAY": "50000, Heli op maps", "COUNT_NO": 0, "DATE_CAPTU": null, "DATE_FLAG": null }, "geometry": { "type": "MultiPolygon", "coordinates": [ [ [ [ 110.412399317331207, -66.326301598445298 ], [ 110.412361135432207, -66.326293940645087 ], [ 110.412330611333431, -66.326271020795474 ], [ 110.412315349284043, -66.326232892447536 ], [ 110.412277220936105, -66.326194764099597 ], [ 110.412269563135879, -66.326164240000821 ], [ 110.412239092588166, -66.326141373702256 ], [ 110.41220856848939, -66.326126111652869 ], [ 110.412185648639777, -66.32610319180327 ], [ 110.41215517809205, -66.326095587554093 ], [ 110.41217038659039, -66.32605745920614 ], [ 110.412223776987716, -66.326049801405929 ], [ 110.412269563135879, -66.326034539356542 ], [ 110.412300140785717, -66.326034539356542 ], [ 110.412338269133656, -66.326026935107365 ], [ 110.412391659530982, -66.326026935107365 ], [ 110.412422183629772, -66.326034539356542 ], [ 110.412475574027098, -66.326034539356542 ], [ 110.412513702375037, -66.326065063455317 ], [ 110.412490836076486, -66.326095587554093 ], [ 110.412460311977711, -66.32610319180327 ], [ 110.412483231827323, -66.326141373702256 ], [ 110.412460311977711, -66.326164240000821 ], [ 110.412445103479371, -66.326202421899808 ], [ 110.412445103479371, -66.326240550247746 ], [ 110.412475574027098, -66.326263470097359 ], [ 110.412445103479371, -66.326286282844876 ], [ 110.412399317331207, -66.326301598445298 ] ] ] ] } },
{ "type": "Feature", "properties": { "FEAT_TYPE": "Penguin", "UFI": 885600, "Q_INFO": 480, "DATASET_ID": 170, "COMMENTS": null, "COMMON_NAM": "Adelie Penguin", "SPECIES": null, "STATUS": null, "DB_DATE_CR": "2009-11-27", "DISPLAY": "50000, Heli op maps", "COUNT_NO": 0, "DATE_CAPTU": null, "DATE_FLAG": null }, "geometry": { "type": "MultiPolygon", "coordinates": [ [ [ [ 110.405014038407884, -66.326423641289352 ], [ 110.404991172109334, -66.326400774990802 ], [ 110.404952990210333, -66.326377855141203 ], [ 110.404922519662605, -66.326354988842638 ], [ 110.404952990210333, -66.32633972679325 ], [ 110.404983514309109, -66.326324464743863 ], [ 110.405036904706435, -66.326309202694475 ], [ 110.405097952903986, -66.326324464743863 ], [ 110.405082690854599, -66.326362646642849 ], [ 110.405052220306885, -66.326385512941414 ], [ 110.405014038407884, -66.326423641289352 ] ] ] ] } },
{ "type": "Feature", "properties": { "FEAT_TYPE": "Penguin", "UFI": 885605, "Q_INFO": 480, "DATASET_ID": 170, "COMMENTS": null, "COMMON_NAM": "Adelie Penguin", "SPECIES": null, "STATUS": null, "DB_DATE_CR": "2009-11-27", "DISPLAY": "50000, Heli op maps", "COUNT_NO": 0, "DATE_CAPTU": null, "DATE_FLAG": null }, "geometry": { "type": "MultiPolygon", "coordinates": [ [ [ [ 110.406967205872192, -66.327033962611722 ], [ 110.406936628222368, -66.327026358362559 ], [ 110.406928970422143, -66.326988176463558 ], [ 110.406959548071981, -66.326972967965219 ], [ 110.40699767641992, -66.32695004811562 ], [ 110.406982414370532, -66.326919577567892 ], [ 110.40699767641992, -66.326889053469117 ], [ 110.407028200518695, -66.326889053469117 ], [ 110.407066382417696, -66.326881449219954 ], [ 110.407058724617471, -66.326850871570116 ], [ 110.40709685296541, -66.326843213769905 ], [ 110.407142639113573, -66.326843213769905 ], [ 110.407173163212363, -66.326850871570116 ], [ 110.407218895809464, -66.326850871570116 ], [ 110.407257077708465, -66.326873791419729 ], [ 110.407302863856629, -66.326889053469117 ], [ 110.407333387955404, -66.326904261967456 ], [ 110.407379174103568, -66.326919577567892 ], [ 110.40741730245152, -66.32693483961728 ], [ 110.407379174103568, -66.326957705915845 ], [ 110.407348650004792, -66.326972967965219 ], [ 110.407310468105791, -66.326980625765444 ], [ 110.407279944007016, -66.326972967965219 ], [ 110.407241815659077, -66.326995834263784 ], [ 110.407196029510914, -66.327003492063994 ], [ 110.407157901162975, -66.327003492063994 ], [ 110.407127377064185, -66.327003492063994 ], [ 110.407089248716247, -66.327011096313171 ], [ 110.407043462568083, -66.327026358362559 ], [ 110.407012938469308, -66.327026358362559 ], [ 110.406967205872192, -66.327033962611722 ] ] ] ] } },
{ "type": "Feature", "properties": { "FEAT_TYPE": "Penguin", "UFI": 885612, "Q_INFO": 480, "DATASET_ID": 170, "COMMENTS": null, "COMMON_NAM": "Adelie Penguin", "SPECIES": null, "STATUS": null, "DB_DATE_CR": "2009-11-27", "DISPLAY": "50000, Heli op maps", "COUNT_NO": 0, "DATE_CAPTU": null, "DATE_FLAG": null }, "geometry": { "type": "MultiPolygon", "coordinates": [ [ [ [ 110.409027100580118, -66.327239973502941 ], [ 110.408996576481343, -66.327217107204376 ], [ 110.408988918681118, -66.3271865831056 ], [ 110.408958448133404, -66.32716371680705 ], [ 110.408927924034629, -66.327148454757662 ], [ 110.408920319785452, -66.327117930658886 ], [ 110.408973710182792, -66.327117930658886 ], [ 110.409027100580118, -66.327125588459111 ], [ 110.409065282479119, -66.327133139157226 ], [ 110.40908814877767, -66.32716371680705 ], [ 110.40911101507622, -66.327194187354777 ], [ 110.409095753026833, -66.327224711453553 ], [ 110.409057624678894, -66.327232369253778 ], [ 110.409027100580118, -66.327239973502941 ] ] ] ] } },
{ "type": "Feature", "properties": { "FEAT_TYPE": "Penguin", "UFI": 885619, "Q_INFO": 480, "DATASET_ID": 170, "COMMENTS": null, "COMMON_NAM": "Adelie Penguin", "SPECIES": null, "STATUS": null, "DB_DATE_CR": "2009-11-27", "DISPLAY": "50000, Heli op maps", "COUNT_NO": 0, "DATE_CAPTU": null, "DATE_FLAG": null }, "geometry": { "type": "MultiPolygon", "coordinates": [ [ [ [ 110.409599293554535, -66.328041043667127 ], [ 110.409545903157209, -66.328041043667127 ], [ 110.409522983307596, -66.328018177368577 ], [ 110.409530641107821, -66.327987653269801 ], [ 110.409553507406372, -66.327964786971251 ], [ 110.409545903157209, -66.327934262872475 ], [ 110.409576427255985, -66.327926658623298 ], [ 110.409637475453536, -66.32791139657391 ], [ 110.409675603801489, -66.327934262872475 ], [ 110.409645079702699, -66.327972444771461 ], [ 110.409606897803712, -66.327972444771461 ], [ 110.409599293554535, -66.328002915319189 ], [ 110.409599293554535, -66.328041043667127 ] ] ] ] } },
{ "type": "Feature", "properties": { "FEAT_TYPE": "Penguin", "UFI": 885630, "Q_INFO": 480, "DATASET_ID": 170, "COMMENTS": null, "COMMON_NAM": "Adelie Penguin", "SPECIES": null, "STATUS": null, "DB_DATE_CR": "2009-11-27", "DISPLAY": "50000, Heli op maps", "COUNT_NO": 0, "DATE_CAPTU": null, "DATE_FLAG": null }, "geometry": { "type": "MultiPolygon", "coordinates": [ [ [ [ 110.409515379058433, -66.329071044572146 ], [ 110.409477250710495, -66.329055782522758 ], [ 110.409439122362542, -66.329063440322983 ], [ 110.409400940463556, -66.329071044572146 ], [ 110.409370416364766, -66.329055782522758 ], [ 110.40933989226599, -66.329063440322983 ], [ 110.409294159668889, -66.329048124722533 ], [ 110.409255977769888, -66.329048124722533 ], [ 110.409217795870887, -66.329032916224207 ], [ 110.409210245172773, -66.329002392125432 ], [ 110.4092407157205, -66.32898713007603 ], [ 110.409271239819276, -66.328979525826867 ], [ 110.409309421718277, -66.328979525826867 ], [ 110.40933989226599, -66.328979525826867 ], [ 110.409370416364766, -66.328979525826867 ], [ 110.409400940463556, -66.328979525826867 ], [ 110.409431464562331, -66.32898713007603 ], [ 110.40946959291027, -66.328994734325207 ], [ 110.409500170560094, -66.328994734325207 ], [ 110.409545903157209, -66.329002392125432 ], [ 110.409584031505148, -66.329032916224207 ], [ 110.409545903157209, -66.329055782522758 ], [ 110.409515379058433, -66.329071044572146 ] ] ] ] } },
{ "type": "Feature", "properties": { "FEAT_TYPE": "Penguin", "UFI": 885637, "Q_INFO": 480, "DATASET_ID": 170, "COMMENTS": null, "COMMON_NAM": "Adelie Penguin", "SPECIES": null, "STATUS": null, "DB_DATE_CR": "2009-11-27", "DISPLAY": "50000, Heli op maps", "COUNT_NO": 0, "DATE_CAPTU": null, "DATE_FLAG": null }, "geometry": { "type": "MultiPolygon", "coordinates": [ [ [ [ 110.412338269133656, -66.329452542255794 ], [ 110.412323007084268, -66.329483012803522 ], [ 110.412261958886717, -66.329437226655358 ], [ 110.412338269133656, -66.329452542255794 ] ] ] ] } },
{ "type": "Feature", "properties": { "FEAT_TYPE": "Penguin", "UFI": 885640, "Q_INFO": 480, "DATASET_ID": 170, "COMMENTS": null, "COMMON_NAM": "Adelie Penguin", "SPECIES": null, "STATUS": null, "DB_DATE_CR": "2009-11-27", "DISPLAY": "50000, Heli op maps", "COUNT_NO": 0, "DATE_CAPTU": null, "DATE_FLAG": null }, "geometry": { "type": "MultiPolygon", "coordinates": [ [ [ [ 110.394828789258938, -66.401901222945341 ], [ 110.394874575407115, -66.401931747044117 ], [ 110.394874575407115, -66.401962271142892 ], [ 110.394844051308326, -66.401992795241668 ], [ 110.394813580760612, -66.402000453041893 ], [ 110.394775345310563, -66.402008057291056 ], [ 110.394744874762836, -66.401992795241668 ], [ 110.394706746414897, -66.40197753319228 ], [ 110.394668618066945, -66.401962271142892 ], [ 110.394622831918781, -66.401962271142892 ], [ 110.39458465001978, -66.401931747044117 ], [ 110.394622831918781, -66.401908880745566 ], [ 110.394660960266734, -66.401901222945341 ], [ 110.394691484365509, -66.401901222945341 ], [ 110.394729612713448, -66.401908880745566 ], [ 110.394729612713448, -66.40187835664679 ], [ 110.394767794612449, -66.401863094597388 ], [ 110.394798265160162, -66.401847832548015 ], [ 110.394828789258938, -66.40184017474779 ], [ 110.394859313357713, -66.401847832548015 ], [ 110.394882179656278, -66.401885960895953 ], [ 110.394828789258938, -66.401901222945341 ] ] ] ] } },
{ "type": "Feature", "properties": { "FEAT_TYPE": "Penguin", "UFI": 885642, "Q_INFO": 480, "DATASET_ID": 170, "COMMENTS": null, "COMMON_NAM": "Adelie Penguin", "SPECIES": null, "STATUS": null, "DB_DATE_CR": "2009-11-27", "DISPLAY": "50000, Heli op maps", "COUNT_NO": 0, "DATE_CAPTU": null, "DATE_FLAG": null }, "geometry": { "type": "MultiPolygon", "coordinates": [ [ [ [ 110.395362853885416, -66.402084367537995 ], [ 110.395339987586866, -66.402137757935321 ], [ 110.395347591836028, -66.402168282034097 ], [ 110.395385773735029, -66.402198806132873 ], [ 110.395408640033594, -66.402229330231648 ], [ 110.395370511685641, -66.402236934480825 ], [ 110.395324725537478, -66.402229330231648 ], [ 110.395317067737253, -66.402275062828778 ], [ 110.395271281589089, -66.402259800779376 ], [ 110.395248415290538, -66.402221672431438 ], [ 110.395256019539701, -66.402191148332662 ], [ 110.395256019539701, -66.402160624233886 ], [ 110.395271281589089, -66.402130100135111 ], [ 110.395225548991988, -66.402122495885948 ], [ 110.395233153241151, -66.402091971787172 ], [ 110.395195024893212, -66.402069051937559 ], [ 110.395233153241151, -66.402046185638994 ], [ 110.395271281589089, -66.402030923589621 ], [ 110.395286597189539, -66.402000453041893 ], [ 110.395317067737253, -66.401992795241668 ], [ 110.395347591836028, -66.402015715091267 ], [ 110.395355196085205, -66.402046185638994 ], [ 110.395362853885416, -66.402084367537995 ] ] ] ] } },
{ "type": "Feature", "properties": { "FEAT_TYPE": "Penguin", "UFI": 885653, "Q_INFO": 480, "DATASET_ID": 170, "COMMENTS": null, "COMMON_NAM": "Adelie Penguin", "SPECIES": null, "STATUS": null, "DB_DATE_CR": "2009-11-27", "DISPLAY": "50000, Heli op maps", "COUNT_NO": 0, "DATE_CAPTU": null, "DATE_FLAG": null }, "geometry": { "type": "MultiPolygon", "coordinates": [ [ [ [ 110.421112073244984, -66.406555184089768 ], [ 110.421203591990263, -66.406570446139156 ], [ 110.421218907590699, -66.406600916686884 ], [ 110.421165463642311, -66.406631494336708 ], [ 110.421127335294372, -66.406623836536482 ], [ 110.421073944897046, -66.406639098585885 ], [ 110.421066287096821, -66.406608574487109 ], [ 110.421112073244984, -66.406555184089768 ] ] ] ] } },
{ "type": "Feature", "properties": { "FEAT_TYPE": "Penguin", "UFI": 885659, "Q_INFO": 480, "DATASET_ID": 170, "COMMENTS": null, "COMMON_NAM": "Adelie Penguin", "SPECIES": null, "STATUS": null, "DB_DATE_CR": "2009-11-27", "DISPLAY": "50000, Heli op maps", "COUNT_NO": 0, "DATE_CAPTU": null, "DATE_FLAG": null }, "geometry": { "type": "MultiPolygon", "coordinates": [ [ [ [ 110.415863052827575, -66.407402040402133 ], [ 110.415893523375303, -66.407424906700683 ], [ 110.415924101025126, -66.407432564500908 ], [ 110.415946967323691, -66.407463088599684 ], [ 110.415893523375303, -66.407463088599684 ], [ 110.41585539502735, -66.407440222301119 ], [ 110.415824924479637, -66.407402040402133 ], [ 110.415863052827575, -66.407402040402133 ] ] ] ] } },
{ "type": "Feature", "properties": { "FEAT_TYPE": "Penguin", "UFI": 885660, "Q_INFO": 480, "DATASET_ID": 170, "COMMENTS": null, "COMMON_NAM": "Adelie Penguin", "SPECIES": null, "STATUS": null, "DB_DATE_CR": "2009-11-27", "DISPLAY": "50000, Heli op maps", "COUNT_NO": 0, "DATE_CAPTU": null, "DATE_FLAG": null }, "geometry": { "type": "MultiPolygon", "coordinates": [ [ [ [ 110.416557288646047, -66.407684361540277 ], [ 110.416557288646047, -66.407737698386569 ], [ 110.416572550695435, -66.407768276036393 ], [ 110.416572550695435, -66.40779874658412 ], [ 110.416534422347496, -66.407791142334943 ], [ 110.416496293999558, -66.407791142334943 ], [ 110.416442903602217, -66.407783538085766 ], [ 110.416404721703216, -66.407783538085766 ], [ 110.41636653980423, -66.407760618236168 ], [ 110.416343673505665, -66.407730094137392 ], [ 110.416305545157726, -66.407722489888215 ], [ 110.416275021058951, -66.407714832088004 ], [ 110.416244496960175, -66.407707227838841 ], [ 110.416198710812012, -66.407691912238391 ], [ 110.416168240264284, -66.407691912238391 ], [ 110.416107192066733, -66.407676703740066 ], [ 110.416076667967957, -66.407669045939841 ], [ 110.416038486068956, -66.407661441690664 ], [ 110.416000357721018, -66.407676703740066 ], [ 110.415954571572854, -66.407699570038616 ], [ 110.415908785424691, -66.407722489888215 ], [ 110.415924101025126, -66.407760618236168 ], [ 110.415977491422467, -66.407783538085766 ], [ 110.415954571572854, -66.407806404384331 ], [ 110.415924101025126, -66.407806404384331 ], [ 110.415893523375303, -66.407829324233944 ], [ 110.415840186529024, -66.40784453273227 ], [ 110.415824924479637, -66.407875056831045 ], [ 110.415794346829799, -66.407875056831045 ], [ 110.415763876282085, -66.407882661080222 ], [ 110.415725694383084, -66.407905580929821 ], [ 110.415687566035146, -66.407936105028597 ], [ 110.415641779886968, -66.407943709277774 ], [ 110.415596047289867, -66.407943709277774 ], [ 110.415565469640029, -66.407951367077999 ], [ 110.415534999092316, -66.407966629127372 ], [ 110.415496817193315, -66.407981837625726 ], [ 110.415428164746601, -66.408004757475325 ], [ 110.415397640647811, -66.407981837625726 ], [ 110.415412902697199, -66.407951367077999 ], [ 110.415451084596199, -66.407936105028597 ], [ 110.415512079242703, -66.407920842979223 ], [ 110.415542603341478, -66.407890318880447 ], [ 110.415596047289867, -66.407875056831045 ], [ 110.41562651783758, -66.407867452581883 ], [ 110.415649437687193, -66.40789792312961 ], [ 110.415679961785969, -66.40789792312961 ], [ 110.415679961785969, -66.407867452581883 ], [ 110.415664646185533, -66.407829324233944 ], [ 110.415702828084534, -66.407806404384331 ], [ 110.415687566035146, -66.407775880285556 ], [ 110.41573335218331, -66.407760618236168 ], [ 110.415779138331473, -66.407752960435943 ], [ 110.415809608879186, -66.407737698386569 ], [ 110.415779138331473, -66.407699570038616 ], [ 110.415771480531248, -66.407638575392113 ], [ 110.415817266679412, -66.407623313342725 ], [ 110.415847737227139, -66.407615655542514 ], [ 110.415878314876963, -66.407615655542514 ], [ 110.415916443224916, -66.407592789243949 ], [ 110.415954571572854, -66.407592789243949 ], [ 110.41598509567163, -66.407585184994787 ], [ 110.416015619770405, -66.407585184994787 ], [ 110.416069063718794, -66.407577527194562 ], [ 110.416130058365283, -66.407569869394337 ], [ 110.416191106562849, -66.407562265145174 ], [ 110.416183448762624, -66.407524136797235 ], [ 110.416214026412447, -66.40749361269846 ], [ 110.416191106562849, -66.407455430799459 ], [ 110.416191106562849, -66.407424906700683 ], [ 110.416221630661624, -66.407409644651295 ], [ 110.416275021058951, -66.407417302451506 ], [ 110.416305545157726, -66.407432564500908 ], [ 110.416358989106115, -66.407417302451506 ], [ 110.416427588001781, -66.407424906700683 ], [ 110.416473374149945, -66.407447826550282 ], [ 110.416511502497883, -66.407455430799459 ], [ 110.416542080147721, -66.407478350649058 ], [ 110.416564946446272, -66.407501216947622 ], [ 110.416564946446272, -66.407539398846609 ], [ 110.416564946446272, -66.407569869394337 ], [ 110.416595470545047, -66.407592789243949 ], [ 110.416610679043387, -66.407623313342725 ], [ 110.416633598892986, -66.40764617964129 ], [ 110.416610679043387, -66.407669045939841 ], [ 110.416595470545047, -66.407707227838841 ], [ 110.416557288646047, -66.407684361540277 ] ], [ [ 110.416412379503441, -66.407562265145174 ], [ 110.416412379503441, -66.407638575392113 ], [ 110.416458165651605, -66.407607997742289 ], [ 110.41646571634972, -66.407577527194562 ], [ 110.416412379503441, -66.407562265145174 ] ] ] ] } },
{ "type": "Feature", "properties": { "FEAT_TYPE": "Penguin", "UFI": 885666, "Q_INFO": 480, "DATASET_ID": 170, "COMMENTS": null, "COMMON_NAM": "Adelie Penguin", "SPECIES": null, "STATUS": null, "DB_DATE_CR": "2009-11-27", "DISPLAY": "50000, Heli op maps", "COUNT_NO": 0, "DATE_CAPTU": null, "DATE_FLAG": null }, "geometry": { "type": "MultiPolygon", "coordinates": [ [ [ [ 110.425483713251268, -66.408386255158973 ], [ 110.425422665053702, -66.408370939558537 ], [ 110.425392140954926, -66.40836333530936 ], [ 110.425331092757375, -66.40834046901081 ], [ 110.425300622209662, -66.408302340662857 ], [ 110.425247178261273, -66.408271763013033 ], [ 110.425216707713545, -66.40826415876387 ], [ 110.425178525814545, -66.408256554514708 ], [ 110.425163263765157, -66.408218372615707 ], [ 110.425201392113109, -66.408218372615707 ], [ 110.425247178261273, -66.408241292465306 ], [ 110.425300622209662, -66.408248896714483 ], [ 110.425331092757375, -66.408248896714483 ], [ 110.425346354806763, -66.408279420813258 ], [ 110.425376878905539, -66.408294682862646 ], [ 110.425430269302879, -66.408317549161211 ], [ 110.42546845120188, -66.408332811210585 ], [ 110.425514237350043, -66.40836333530936 ], [ 110.425483713251268, -66.408386255158973 ] ] ] ] } },
{ "type": "Feature", "properties": { "FEAT_TYPE": "Penguin", "UFI": 885667, "Q_INFO": 480, "DATASET_ID": 170, "COMMENTS": null, "COMMON_NAM": "Adelie Penguin", "SPECIES": null, "STATUS": null, "DB_DATE_CR": "2009-11-27", "DISPLAY": "50000, Heli op maps", "COUNT_NO": 0, "DATE_CAPTU": null, "DATE_FLAG": null }, "geometry": { "type": "MultiPolygon", "coordinates": [ [ [ [ 110.415641779886968, -66.408386255158973 ], [ 110.415603597987982, -66.408401517208361 ], [ 110.415565469640029, -66.408393859408136 ], [ 110.415534999092316, -66.408386255158973 ], [ 110.41550447499354, -66.408386255158973 ], [ 110.415473950894764, -66.408355731060198 ], [ 110.415443426795989, -66.408348073259987 ], [ 110.415397640647811, -66.408348073259987 ], [ 110.415367116549035, -66.408355731060198 ], [ 110.415313726151709, -66.408348073259987 ], [ 110.415275544252708, -66.40834046901081 ], [ 110.41523741590477, -66.408348073259987 ], [ 110.415206945357042, -66.408348073259987 ], [ 110.415176367707218, -66.408355731060198 ], [ 110.415145897159491, -66.40836333530936 ], [ 110.415115373060715, -66.40836333530936 ], [ 110.415084848961939, -66.408370939558537 ], [ 110.415039062813776, -66.408378597358762 ], [ 110.414993276665612, -66.408401517208361 ], [ 110.414955148317674, -66.408439645556314 ], [ 110.414932282019109, -66.408470169655089 ], [ 110.414932282019109, -66.408523560052416 ], [ 110.41485597177217, -66.408546479902014 ], [ 110.414794923574618, -66.408531217852641 ], [ 110.414756741675617, -66.408515902252191 ], [ 110.414764399475843, -66.408485431704463 ], [ 110.414787319325455, -66.408454854054639 ], [ 110.414794923574618, -66.408424383506912 ], [ 110.414848313971945, -66.408409121457538 ], [ 110.414871233821557, -66.408370939558537 ], [ 110.414901704369285, -66.40836333530936 ], [ 110.414932282019109, -66.40836333530936 ], [ 110.414955148317674, -66.40834046901081 ], [ 110.414993276665612, -66.408317549161211 ], [ 110.415023800764388, -66.408309891360986 ], [ 110.415069586912551, -66.408309891360986 ], [ 110.415115373060715, -66.408294682862646 ], [ 110.415168763458055, -66.408294682862646 ], [ 110.415206945357042, -66.408294682862646 ], [ 110.41523741590477, -66.408287025062435 ], [ 110.415283202052933, -66.408287025062435 ], [ 110.415336592450259, -66.408287025062435 ], [ 110.415374720798212, -66.408287025062435 ], [ 110.415405298448036, -66.408287025062435 ], [ 110.415451084596199, -66.408294682862646 ], [ 110.415489212944152, -66.408287025062435 ], [ 110.415527341292091, -66.408279420813258 ], [ 110.415557865390866, -66.408279420813258 ], [ 110.415580731689417, -66.408302340662857 ], [ 110.415573127440254, -66.408332811210585 ], [ 110.415603597987982, -66.408332811210585 ], [ 110.415634175637805, -66.408355731060198 ], [ 110.415641779886968, -66.408386255158973 ] ] ] ] } },
{ "type": "Feature", "properties": { "FEAT_TYPE": "Penguin", "UFI": 885678, "Q_INFO": 480, "DATASET_ID": 170, "COMMENTS": null, "COMMON_NAM": "Adelie Penguin", "SPECIES": null, "STATUS": null, "DB_DATE_CR": "2009-11-27", "DISPLAY": "50000, Heli op maps", "COUNT_NO": 0, "DATE_CAPTU": null, "DATE_FLAG": null }, "geometry": { "type": "MultiPolygon", "coordinates": [ [ [ [ 110.468208294307999, -66.412017819647559 ], [ 110.468162561710898, -66.412002557598171 ], [ 110.468139641861285, -66.411972087050444 ], [ 110.468109117762509, -66.411956771450008 ], [ 110.468086197912896, -66.41192630090228 ], [ 110.468070989414571, -66.411895723252456 ], [ 110.468109117762509, -66.411895723252456 ], [ 110.468139641861285, -66.411903381052667 ], [ 110.468177823760286, -66.411911038852892 ], [ 110.468208294307999, -66.411918643102069 ], [ 110.468238818406775, -66.411933851600395 ], [ 110.468284604554938, -66.411949167200845 ], [ 110.468276946754727, -66.411979637748573 ], [ 110.468238818406775, -66.411994899797946 ], [ 110.468208294307999, -66.412017819647559 ] ] ] ] } },
{ "type": "Feature", "properties": { "FEAT_TYPE": "Penguin", "UFI": 885687, "Q_INFO": 480, "DATASET_ID": 170, "COMMENTS": null, "COMMON_NAM": "Adelie Penguin", "SPECIES": null, "STATUS": null, "DB_DATE_CR": "2009-11-27", "DISPLAY": "50000, Heli op maps", "COUNT_NO": 0, "DATE_CAPTU": null, "DATE_FLAG": null }, "geometry": { "type": "MultiPolygon", "coordinates": [ [ [ [ 110.430831910214167, -66.412277220936105 ], [ 110.430793781866228, -66.412239092588152 ], [ 110.43076320421639, -66.412223776987716 ], [ 110.430732733668677, -66.412208568489376 ], [ 110.430732733668677, -66.4121780443906 ], [ 110.430686947520499, -66.412185648639777 ], [ 110.430656423421723, -66.412193306440003 ], [ 110.430610690824622, -66.412193306440003 ], [ 110.430580113174784, -66.412162782341227 ], [ 110.430595375224172, -66.412132258242451 ], [ 110.430641161372336, -66.412124600442226 ], [ 110.430702209569901, -66.412124600442226 ], [ 110.430747995718065, -66.412101734143675 ], [ 110.430793781866228, -66.412101734143675 ], [ 110.430824252413942, -66.412124600442226 ], [ 110.430862434312942, -66.412147520291825 ], [ 110.430862434312942, -66.4121780443906 ], [ 110.430900616211943, -66.412200910689165 ], [ 110.430931086759657, -66.412231434787941 ], [ 110.430946348809044, -66.412261958886717 ], [ 110.430900616211943, -66.412269563135879 ], [ 110.430862434312942, -66.412269563135879 ], [ 110.430831910214167, -66.412277220936105 ] ] ] ] } },
{ "type": "Feature", "properties": { "FEAT_TYPE": "Penguin", "UFI": 885690, "Q_INFO": 480, "DATASET_ID": 170, "COMMENTS": null, "COMMON_NAM": "Adelie Penguin", "SPECIES": null, "STATUS": null, "DB_DATE_CR": "2009-11-27", "DISPLAY": "50000, Heli op maps", "COUNT_NO": 0, "DATE_CAPTU": null, "DATE_FLAG": null }, "geometry": { "type": "MultiPolygon", "coordinates": [ [ [ [ 110.468467695596544, -66.4121780443906 ], [ 110.46849821969532, -66.412208568489376 ], [ 110.468528743794096, -66.412193306440003 ], [ 110.468566872142048, -66.412200910689165 ], [ 110.468605054041049, -66.412246696837329 ], [ 110.468666048687538, -66.412254354637554 ], [ 110.468696626337376, -66.412261958886717 ], [ 110.468711834835702, -66.412292482985492 ], [ 110.468757620983865, -66.412277220936105 ], [ 110.468788145082641, -66.412277220936105 ], [ 110.468833931230819, -66.412292482985492 ], [ 110.46884158903103, -66.412323007084268 ], [ 110.468803407132043, -66.412338269133656 ], [ 110.468757620983865, -66.412338269133656 ], [ 110.46872709688509, -66.412338269133656 ], [ 110.468696626337376, -66.412330611333431 ], [ 110.468658444438375, -66.412330611333431 ], [ 110.468612658290212, -66.412330611333431 ], [ 110.468582134191436, -66.412330611333431 ], [ 110.468551663643709, -66.412330611333431 ], [ 110.46851353529577, -66.412345873382833 ], [ 110.468536401594321, -66.412376397481609 ], [ 110.468505877495545, -66.412406921580384 ], [ 110.468566872142048, -66.412406921580384 ], [ 110.468605054041049, -66.412399317331207 ], [ 110.468635578139825, -66.412399317331207 ], [ 110.468666048687538, -66.412399317331207 ], [ 110.468696626337376, -66.412391659530982 ], [ 110.468734754685315, -66.412391659530982 ], [ 110.468765225233042, -66.412391659530982 ], [ 110.468795802882866, -66.412391659530982 ], [ 110.468833931230819, -66.412406921580384 ], [ 110.468872059578757, -66.412414525829547 ], [ 110.468933107776309, -66.412422183629758 ], [ 110.468971236124247, -66.412422183629758 ], [ 110.469001760223023, -66.412414525829547 ], [ 110.469039888570975, -66.412406921580384 ], [ 110.469070466220799, -66.412391659530982 ], [ 110.469116198817915, -66.412399317331207 ], [ 110.469154380716915, -66.412399317331207 ], [ 110.469215428914467, -66.412391659530982 ], [ 110.46924589946218, -66.412384055281819 ], [ 110.469291685610344, -66.412376397481609 ], [ 110.469337471758521, -66.412376397481609 ], [ 110.469383204355623, -66.412368739681384 ], [ 110.469413782005461, -66.412368739681384 ], [ 110.469451910353399, -66.412368739681384 ], [ 110.469482434452175, -66.412368739681384 ], [ 110.469520562800113, -66.412368739681384 ], [ 110.469573953197454, -66.412376397481609 ], [ 110.469612081545392, -66.412384055281819 ], [ 110.469635001395005, -66.412406921580384 ], [ 110.469665525493781, -66.41243744567916 ], [ 110.469657921244618, -66.412467969777936 ], [ 110.469627397145842, -66.412483231827309 ], [ 110.469596873047067, -66.412483231827309 ], [ 110.469558744699114, -66.412490836076486 ], [ 110.46952816704929, -66.412498493876711 ], [ 110.469482434452175, -66.412490836076486 ], [ 110.469436648304011, -66.412498493876711 ], [ 110.469390862155848, -66.412506098125874 ], [ 110.469352733807909, -66.412506098125874 ], [ 110.469322209709134, -66.412498493876711 ], [ 110.469291685610344, -66.412483231827309 ], [ 110.469268819311793, -66.412506098125874 ], [ 110.469238241661969, -66.412521360175262 ], [ 110.469184851264629, -66.412529017975487 ], [ 110.46914672291669, -66.412544280024861 ], [ 110.469131514418351, -66.412574750572588 ], [ 110.469169642766303, -66.412582408372813 ], [ 110.469207771114242, -66.412590066173038 ], [ 110.469230637412792, -66.412612878920541 ], [ 110.469200113314017, -66.412673927118092 ], [ 110.469161984966078, -66.412689242718528 ], [ 110.469116198817915, -66.412696793416643 ], [ 110.469070466220799, -66.412704451216868 ], [ 110.469039888570975, -66.412704451216868 ], [ 110.469009418023248, -66.412704451216868 ], [ 110.468955974074859, -66.412696793416643 ], [ 110.468925503527146, -66.412696793416643 ], [ 110.468887321628145, -66.412696793416643 ], [ 110.468826273430594, -66.412696793416643 ], [ 110.468788145082641, -66.412681584918317 ], [ 110.468780540833478, -66.412643456570365 ], [ 110.468772883033253, -66.412612878920541 ], [ 110.468750016734703, -66.412582408372813 ], [ 110.468711834835702, -66.412567146323426 ], [ 110.468673706487763, -66.41255183072299 ], [ 110.468643182388988, -66.412544280024861 ], [ 110.468605054041049, -66.41255183072299 ], [ 110.468559267892886, -66.41255183072299 ], [ 110.468521085993885, -66.41255183072299 ], [ 110.468475353396769, -66.41255183072299 ], [ 110.468437171497769, -66.41255183072299 ], [ 110.468406700950055, -66.41253662222465 ], [ 110.468368572602103, -66.412544280024861 ], [ 110.468337994952279, -66.412544280024861 ], [ 110.468307524404551, -66.41253662222465 ], [ 110.468276946754727, -66.412529017975487 ], [ 110.468246476207, -66.412529017975487 ], [ 110.468208294307999, -66.41253662222465 ], [ 110.468177823760286, -66.412529017975487 ], [ 110.468139641861285, -66.412521360175262 ], [ 110.468078647214782, -66.412506098125874 ], [ 110.468124379811897, -66.412483231827309 ], [ 110.468162561710898, -66.412483231827309 ], [ 110.468193032258611, -66.412483231827309 ], [ 110.468238818406775, -66.412460311977711 ], [ 110.46826934250555, -66.412445103479371 ], [ 110.468254080456163, -66.412414525829547 ], [ 110.468223609908449, -66.412391659530982 ], [ 110.468185428009448, -66.412384055281819 ], [ 110.468154903910673, -66.412376397481609 ], [ 110.468116775562734, -66.412368739681384 ], [ 110.468086197912896, -66.412368739681384 ], [ 110.468048069564958, -66.412368739681384 ], [ 110.468002283416794, -66.412368739681384 ], [ 110.467964155068842, -66.412361135432207 ], [ 110.467933684521128, -66.412353531183044 ], [ 110.46790310687129, -66.412353531183044 ], [ 110.467872636323577, -66.412353531183044 ], [ 110.467834507975624, -66.412353531183044 ], [ 110.467788721827461, -66.412353531183044 ], [ 110.467742935679297, -66.412361135432207 ], [ 110.467636101333582, -66.412361135432207 ], [ 110.467605630785854, -66.412368739681384 ], [ 110.46755218683748, -66.412376397481609 ], [ 110.467590315185419, -66.412323007084268 ], [ 110.467620839284194, -66.412315349284057 ], [ 110.46765136338297, -66.412315349284057 ], [ 110.467681887481746, -66.41230774503488 ], [ 110.467727673629909, -66.412300140785703 ], [ 110.467758144177637, -66.412292482985492 ], [ 110.467788721827461, -66.412292482985492 ], [ 110.467826850175413, -66.412284825185282 ], [ 110.467864978523352, -66.412284825185282 ], [ 110.467895502622127, -66.412269563135879 ], [ 110.467941288770291, -66.412261958886717 ], [ 110.467994679167617, -66.412261958886717 ], [ 110.468040465315781, -66.412269563135879 ], [ 110.468078647214782, -66.412277220936105 ], [ 110.468124379811897, -66.412254354637554 ], [ 110.468162561710898, -66.412239092588152 ], [ 110.468177823760286, -66.412200910689165 ], [ 110.468215952108224, -66.412200910689165 ], [ 110.468254080456163, -66.412193306440003 ], [ 110.468292208804115, -66.412193306440003 ], [ 110.468322786453939, -66.412185648639777 ], [ 110.468353257001667, -66.4121780443906 ], [ 110.468391438900667, -66.4121780443906 ], [ 110.468421909448381, -66.4121780443906 ], [ 110.468467695596544, -66.4121780443906 ] ], [ [ 110.468429567248606, -66.412323007084268 ], [ 110.468421909448381, -66.412292482985492 ], [ 110.468391438900667, -66.412292482985492 ], [ 110.468345652752504, -66.412292482985492 ], [ 110.468292208804115, -66.412315349284057 ], [ 110.468345652752504, -66.412338269133656 ], [ 110.468383781100442, -66.412330611333431 ], [ 110.468429567248606, -66.412323007084268 ] ] ] ] } },
{ "type": "Feature", "properties": { "FEAT_TYPE": "Penguin", "UFI": 885703, "Q_INFO": 480, "DATASET_ID": 170, "COMMENTS": null, "COMMON_NAM": "Adelie Penguin", "SPECIES": null, "STATUS": null, "DB_DATE_CR": "2009-11-27", "DISPLAY": "50000, Heli op maps", "COUNT_NO": 0, "DATE_CAPTU": null, "DATE_FLAG": null }, "geometry": { "type": "MultiPolygon", "coordinates": [ [ [ [ 110.435066191775945, -66.413375820736789 ], [ 110.435035721228232, -66.413383478537014 ], [ 110.434997592880279, -66.413375820736789 ], [ 110.43497467303068, -66.413345350189061 ], [ 110.435035721228232, -66.413337692388836 ], [ 110.43507384957617, -66.413345350189061 ], [ 110.435066191775945, -66.413375820736789 ] ] ] ] } },
{ "type": "Feature", "properties": { "FEAT_TYPE": "Penguin", "UFI": 885704, "Q_INFO": 480, "DATASET_ID": 170, "COMMENTS": null, "COMMON_NAM": "Adelie Penguin", "SPECIES": null, "STATUS": null, "DB_DATE_CR": "2009-11-27", "DISPLAY": "50000, Heli op maps", "COUNT_NO": 0, "DATE_CAPTU": null, "DATE_FLAG": null }, "geometry": { "type": "MultiPolygon", "coordinates": [ [ [ [ 110.435356117163266, -66.413505521381069 ], [ 110.435325646615553, -66.413528441230667 ], [ 110.43530272676594, -66.413497917131892 ], [ 110.435279860467389, -66.413444526734565 ], [ 110.435325646615553, -66.413459735232891 ], [ 110.435379037012879, -66.413475050833341 ], [ 110.435356117163266, -66.413505521381069 ] ] ] ] } },
{ "type": "Feature", "properties": { "FEAT_TYPE": "Penguin", "UFI": 885737, "Q_INFO": 480, "DATASET_ID": 170, "COMMENTS": null, "COMMON_NAM": "Adelie Penguin", "SPECIES": null, "STATUS": null, "DB_DATE_CR": "2009-11-27", "DISPLAY": "50000, Heli op maps", "COUNT_NO": 0, "DATE_CAPTU": null, "DATE_FLAG": null }, "geometry": { "type": "MultiPolygon", "coordinates": [ [ [ [ 110.517158506289832, -66.454704272356366 ], [ 110.517112720141668, -66.454696614556141 ], [ 110.51707459179373, -66.454673748257591 ], [ 110.51707459179373, -66.454643224158815 ], [ 110.517036463445791, -66.45462035786025 ], [ 110.51707459179373, -66.454597438010637 ], [ 110.517127982191056, -66.454628015660461 ], [ 110.517158506289832, -66.454650881959026 ], [ 110.517189030388622, -66.454673748257591 ], [ 110.517158506289832, -66.454704272356366 ] ] ] ] } },
{ "type": "Feature", "properties": { "FEAT_TYPE": "Penguin", "UFI": 885738, "Q_INFO": 480, "DATASET_ID": 170, "COMMENTS": null, "COMMON_NAM": "Adelie Penguin", "SPECIES": null, "STATUS": null, "DB_DATE_CR": "2009-11-27", "DISPLAY": "50000, Heli op maps", "COUNT_NO": 0, "DATE_CAPTU": null, "DATE_FLAG": null }, "geometry": { "type": "MultiPolygon", "coordinates": [ [ [ [ 110.483734136170682, -66.459571848641161 ], [ 110.483673141524179, -66.459571848641161 ], [ 110.483619697575804, -66.459556586591788 ], [ 110.483566307178464, -66.459548982342611 ], [ 110.483528178830525, -66.459556586591788 ], [ 110.483489996931525, -66.459556586591788 ], [ 110.483459472832749, -66.45956419084095 ], [ 110.483428948733973, -66.459571848641161 ], [ 110.48342134448481, -66.459541324542386 ], [ 110.483428948733973, -66.45951080044361 ], [ 110.483451815032524, -66.459487934145059 ], [ 110.483406082435422, -66.459457410046284 ], [ 110.483451815032524, -66.459449805797107 ], [ 110.483505258980912, -66.459449805797107 ], [ 110.483543387328851, -66.459465014295461 ], [ 110.483581515676804, -66.459465014295461 ], [ 110.483604435526416, -66.459495538394236 ], [ 110.483634959625192, -66.459503196194447 ], [ 110.483703612071906, -66.459518404692787 ], [ 110.483734136170682, -66.459541324542386 ], [ 110.483734136170682, -66.459571848641161 ] ] ] ] } },
{ "type": "Feature", "properties": { "FEAT_TYPE": "Penguin", "UFI": 885743, "Q_INFO": 480, "DATASET_ID": 170, "COMMENTS": null, "COMMON_NAM": "Adelie Penguin", "SPECIES": null, "STATUS": null, "DB_DATE_CR": "2009-11-27", "DISPLAY": "50000, Heli op maps", "COUNT_NO": 0, "DATE_CAPTU": null, "DATE_FLAG": null }, "geometry": { "type": "MultiPolygon", "coordinates": [ [ [ [ 110.482399001380017, -66.459724415583992 ], [ 110.482429525478793, -66.45966336738644 ], [ 110.482467653826731, -66.459671025186665 ], [ 110.482475311626956, -66.459701495734393 ], [ 110.482482862325071, -66.459739731184442 ], [ 110.482536306273445, -66.459754939682767 ], [ 110.482528702024283, -66.459808330080108 ], [ 110.48250578217467, -66.459831249929721 ], [ 110.48252109777512, -66.459861774028496 ], [ 110.482475311626956, -66.459899902376435 ], [ 110.482467653826731, -66.459930426475211 ], [ 110.482429525478793, -66.459930426475211 ], [ 110.482399001380017, -66.459922822226048 ], [ 110.482345557431628, -66.459907506625598 ], [ 110.482315086883901, -66.459899902376435 ], [ 110.4822769049849, -66.459899902376435 ], [ 110.482215856787349, -66.459884640327047 ], [ 110.482185386239635, -66.459884640327047 ], [ 110.482154808589797, -66.45987703607787 ], [ 110.482109075992696, -66.459854116228271 ], [ 110.482131942291247, -66.459831249929721 ], [ 110.482170124190247, -66.459823592129496 ], [ 110.482200594737961, -66.459815987880319 ], [ 110.482238776636962, -66.459823592129496 ], [ 110.4822769049849, -66.459823592129496 ], [ 110.482315086883901, -66.459831249929721 ], [ 110.482345557431628, -66.459838907729932 ], [ 110.482376135081452, -66.459846458428046 ], [ 110.482414263429405, -66.459846458428046 ], [ 110.482444733977118, -66.459808330080108 ], [ 110.482475311626956, -66.45979306803072 ], [ 110.482437129727955, -66.459754939682767 ], [ 110.482399001380017, -66.459724415583992 ] ] ] ] } },
{ "type": "Feature", "properties": { "FEAT_TYPE": "Penguin", "UFI": 885744, "Q_INFO": 480, "DATASET_ID": 170, "COMMENTS": null, "COMMON_NAM": "Adelie Penguin", "SPECIES": null, "STATUS": null, "DB_DATE_CR": "2009-11-27", "DISPLAY": "50000, Heli op maps", "COUNT_NO": 0, "DATE_CAPTU": null, "DATE_FLAG": null }, "geometry": { "type": "MultiPolygon", "coordinates": [ [ [ [ 110.482795707561991, -66.45967868298689 ], [ 110.482727055115276, -66.459701495734393 ], [ 110.482696531016501, -66.459686287236053 ], [ 110.482727055115276, -66.45966336738644 ], [ 110.482795707561991, -66.45967868298689 ] ] ] ] } },
{ "type": "Feature", "properties": { "FEAT_TYPE": "Penguin", "UFI": 885745, "Q_INFO": 480, "DATASET_ID": 170, "COMMENTS": null, "COMMON_NAM": "Adelie Penguin", "SPECIES": null, "STATUS": null, "DB_DATE_CR": "2009-11-27", "DISPLAY": "50000, Heli op maps", "COUNT_NO": 0, "DATE_CAPTU": null, "DATE_FLAG": null }, "geometry": { "type": "MultiPolygon", "coordinates": [ [ [ [ 110.482795707561991, -66.45967868298689 ], [ 110.482818573860555, -66.459716811334829 ], [ 110.482818573860555, -66.459754939682767 ], [ 110.482788103312828, -66.459762543931944 ], [ 110.482765237014277, -66.459739731184442 ], [ 110.482795707561991, -66.45967868298689 ] ] ] ] } },
{ "type": "Feature", "properties": { "FEAT_TYPE": "Penguin", "UFI": 885752, "Q_INFO": 480, "DATASET_ID": 170, "COMMENTS": null, "COMMON_NAM": "Adelie Penguin", "SPECIES": null, "STATUS": null, "DB_DATE_CR": "2009-11-27", "DISPLAY": "50000, Heli op maps", "COUNT_NO": 0, "DATE_CAPTU": null, "DATE_FLAG": null }, "geometry": { "type": "MultiPolygon", "coordinates": [ [ [ [ 110.486343357554475, -66.459976212623374 ], [ 110.486312833455699, -66.459960950573986 ], [ 110.486274705107746, -66.459968554823149 ], [ 110.486206052661032, -66.459960950573986 ], [ 110.486175528562256, -66.459953292773776 ], [ 110.486152608712644, -66.459922822226048 ], [ 110.486152608712644, -66.45987703607787 ], [ 110.486175528562256, -66.459854116228271 ], [ 110.486236576759808, -66.459823592129496 ], [ 110.486290020708196, -66.459838907729932 ], [ 110.486312833455699, -66.459861774028496 ], [ 110.486335753305298, -66.459884640327047 ], [ 110.486335753305298, -66.459915164425823 ], [ 110.486373935204298, -66.459922822226048 ], [ 110.486419667801414, -66.459915164425823 ], [ 110.486473111749802, -66.459930426475211 ], [ 110.486419667801414, -66.459953292773776 ], [ 110.486381539453475, -66.459960950573986 ], [ 110.486343357554475, -66.459976212623374 ] ] ] ] } },
{ "type": "Feature", "properties": { "FEAT_TYPE": "Penguin", "UFI": 885755, "Q_INFO": 480, "DATASET_ID": 170, "COMMENTS": null, "COMMON_NAM": "Adelie Penguin", "SPECIES": null, "STATUS": null, "DB_DATE_CR": "2009-11-27", "DISPLAY": "50000, Heli op maps", "COUNT_NO": 0, "DATE_CAPTU": null, "DATE_FLAG": null }, "geometry": { "type": "MultiPolygon", "coordinates": [ [ [ [ 110.48262027432061, -66.460014340971327 ], [ 110.482566830372221, -66.460037207269878 ], [ 110.482536306273445, -66.460037207269878 ], [ 110.482543910522622, -66.459999078921925 ], [ 110.482574488172446, -66.459983816872551 ], [ 110.482604958720174, -66.459983816872551 ], [ 110.482643140619174, -66.459983816872551 ], [ 110.48262027432061, -66.460014340971327 ] ] ] ] } },
{ "type": "Feature", "properties": { "FEAT_TYPE": "Penguin", "UFI": 885758, "Q_INFO": 480, "DATASET_ID": 170, "COMMENTS": null, "COMMON_NAM": "Adelie Penguin", "SPECIES": null, "STATUS": null, "DB_DATE_CR": "2009-11-27", "DISPLAY": "50000, Heli op maps", "COUNT_NO": 0, "DATE_CAPTU": null, "DATE_FLAG": null }, "geometry": { "type": "MultiPolygon", "coordinates": [ [ [ [ 110.480361919419593, -66.460464437550641 ], [ 110.480300871222042, -66.460502619449642 ], [ 110.480270400674314, -66.46048735740024 ], [ 110.480255138624926, -66.460525485748192 ], [ 110.480224614526151, -66.460533143548417 ], [ 110.480171224128824, -66.460540801348628 ], [ 110.480117780180436, -66.460502619449642 ], [ 110.480079651832497, -66.460472095350866 ], [ 110.480056731982884, -66.460449229052301 ], [ 110.48004918128477, -66.46038818085475 ], [ 110.480087309632708, -66.46038818085475 ], [ 110.480133042229824, -66.460411047153315 ], [ 110.480178828377987, -66.460411047153315 ], [ 110.480224614526151, -66.460418704953526 ], [ 110.480285662723702, -66.460433967002913 ], [ 110.48032379107164, -66.460449229052301 ], [ 110.480361919419593, -66.460464437550641 ] ] ] ] } },
{ "type": "Feature", "properties": { "FEAT_TYPE": "Penguin", "UFI": 885762, "Q_INFO": 480, "DATASET_ID": 170, "COMMENTS": null, "COMMON_NAM": "Adelie Penguin", "SPECIES": null, "STATUS": null, "DB_DATE_CR": "2009-11-27", "DISPLAY": "50000, Heli op maps", "COUNT_NO": 0, "DATE_CAPTU": null, "DATE_FLAG": null }, "geometry": { "type": "MultiPolygon", "coordinates": [ [ [ [ 110.480247480824701, -66.46100615997733 ], [ 110.480201694676538, -66.461029079826943 ], [ 110.480171224128824, -66.461029079826943 ], [ 110.480148304279211, -66.460998502177119 ], [ 110.480201694676538, -66.460990897927957 ], [ 110.480247480824701, -66.46100615997733 ] ] ] ] } },
{ "type": "Feature", "properties": { "FEAT_TYPE": "Penguin", "UFI": 885763, "Q_INFO": 480, "DATASET_ID": 170, "COMMENTS": null, "COMMON_NAM": "Adelie Penguin", "SPECIES": null, "STATUS": null, "DB_DATE_CR": "2009-11-27", "DISPLAY": "50000, Heli op maps", "COUNT_NO": 0, "DATE_CAPTU": null, "DATE_FLAG": null }, "geometry": { "type": "MultiPolygon", "coordinates": [ [ [ [ 110.480285662723702, -66.461021422026732 ], [ 110.480331448871866, -66.461029079826943 ], [ 110.480392443518369, -66.461067208174882 ], [ 110.480316186822478, -66.461067208174882 ], [ 110.480285662723702, -66.461021422026732 ] ] ] ] } },
{ "type": "Feature", "properties": { "FEAT_TYPE": "Penguin", "UFI": 885767, "Q_INFO": 480, "DATASET_ID": 170, "COMMENTS": null, "COMMON_NAM": "Adelie Penguin", "SPECIES": null, "STATUS": null, "DB_DATE_CR": "2009-11-27", "DISPLAY": "50000, Heli op maps", "COUNT_NO": 0, "DATE_CAPTU": null, "DATE_FLAG": null }, "geometry": { "type": "MultiPolygon", "coordinates": [ [ [ [ 110.480125437980661, -66.461280823315263 ], [ 110.480094913881885, -66.461257957016713 ], [ 110.480148304279211, -66.461242694967325 ], [ 110.480125437980661, -66.461280823315263 ] ] ] ] } },
{ "type": "Feature", "properties": { "FEAT_TYPE": "Penguin", "UFI": 885777, "Q_INFO": 480, "DATASET_ID": 170, "COMMENTS": null, "COMMON_NAM": "Adelie Penguin", "SPECIES": null, "STATUS": null, "DB_DATE_CR": "2009-11-27", "DISPLAY": "50000, Heli op maps", "COUNT_NO": 0, "DATE_CAPTU": null, "DATE_FLAG": null }, "geometry": { "type": "MultiPolygon", "coordinates": [ [ [ [ 110.502357477895458, -66.465652463321547 ], [ 110.502388001994248, -66.465652463321547 ], [ 110.502418526093024, -66.465675329620098 ], [ 110.502388001994248, -66.465690645220548 ], [ 110.502357477895458, -66.465690645220548 ], [ 110.502357477895458, -66.465652463321547 ] ] ] ] } },
{ "type": "Feature", "properties": { "FEAT_TYPE": "Penguin", "UFI": 885790, "Q_INFO": 480, "DATASET_ID": 170, "COMMENTS": null, "COMMON_NAM": "Adelie Penguin", "SPECIES": null, "STATUS": null, "DB_DATE_CR": "2009-11-27", "DISPLAY": "50000, Heli op maps", "COUNT_NO": 0, "DATE_CAPTU": null, "DATE_FLAG": null }, "geometry": { "type": "MultiPolygon", "coordinates": [ [ [ [ 110.495124819466028, -66.470329290764539 ], [ 110.49507903331785, -66.470367472663526 ], [ 110.495048509219075, -66.470359814863315 ], [ 110.495002776621973, -66.470306424465974 ], [ 110.495048509219075, -66.470298766665763 ], [ 110.495086691118075, -66.470321686515362 ], [ 110.495124819466028, -66.470329290764539 ] ] ] ] } },
{ "type": "Feature", "properties": { "FEAT_TYPE": "Penguin", "UFI": 885792, "Q_INFO": 480, "DATASET_ID": 170, "COMMENTS": null, "COMMON_NAM": "Adelie Penguin", "SPECIES": null, "STATUS": null, "DB_DATE_CR": "2009-11-27", "DISPLAY": "50000, Heli op maps", "COUNT_NO": 0, "DATE_CAPTU": null, "DATE_FLAG": null }, "geometry": { "type": "MultiPolygon", "coordinates": [ [ [ [ 110.495872499232888, -66.470451387159642 ], [ 110.49580384678616, -66.470420863060866 ], [ 110.495887761282276, -66.470413205260641 ], [ 110.495925889630215, -66.470420863060866 ], [ 110.495964071529215, -66.470413205260641 ], [ 110.496009857677379, -66.470413205260641 ], [ 110.496070852323868, -66.470405601011464 ], [ 110.496109034222869, -66.470436071559192 ], [ 110.496139504770596, -66.470420863060866 ], [ 110.496170028869372, -66.470420863060866 ], [ 110.496200552968148, -66.470428467310029 ], [ 110.496238734867148, -66.470428467310029 ], [ 110.49628446746425, -66.470443729359417 ], [ 110.496314991563025, -66.470451387159642 ], [ 110.496353173462026, -66.470451387159642 ], [ 110.49639895961019, -66.470458991408805 ], [ 110.496452296456468, -66.470481857707369 ], [ 110.496414168108529, -66.470512435357193 ], [ 110.496459954256693, -66.470527643855519 ], [ 110.496490478355469, -66.470542905904921 ], [ 110.496505740404857, -66.470573430003697 ], [ 110.496475216306081, -66.47058869205307 ], [ 110.496429430157917, -66.470596296302247 ], [ 110.49639895961019, -66.470596296302247 ], [ 110.496345515661801, -66.47058869205307 ], [ 110.4962997830647, -66.470581034252859 ], [ 110.496269205414862, -66.470558167954295 ], [ 110.496238734867148, -66.470558167954295 ], [ 110.496208210768373, -66.470558167954295 ], [ 110.496147162570821, -66.470527643855519 ], [ 110.496116638472046, -66.470504777556968 ], [ 110.496078456573045, -66.470497119756743 ], [ 110.496032723975929, -66.470504777556968 ], [ 110.496002199877154, -66.470481857707369 ], [ 110.49595641372899, -66.470474199907144 ], [ 110.495925889630215, -66.470466649209015 ], [ 110.495872499232888, -66.470451387159642 ] ] ] ] } },
{ "type": "Feature", "properties": { "FEAT_TYPE": "Penguin", "UFI": 885799, "Q_INFO": 480, "DATASET_ID": 170, "COMMENTS": null, "COMMON_NAM": "Adelie Penguin", "SPECIES": null, "STATUS": null, "DB_DATE_CR": "2009-11-27", "DISPLAY": "50000, Heli op maps", "COUNT_NO": 0, "DATE_CAPTU": null, "DATE_FLAG": null }, "geometry": { "type": "MultiPolygon", "coordinates": [ [ [ [ 110.496253996916536, -66.470596296302247 ], [ 110.4962997830647, -66.470581034252859 ], [ 110.496345515661801, -66.47058869205307 ], [ 110.49639895961019, -66.470596296302247 ], [ 110.496368381960366, -66.470626820401023 ], [ 110.49628446746425, -66.470634478201248 ], [ 110.496253996916536, -66.470596296302247 ] ] ] ] } },
{ "type": "Feature", "properties": { "FEAT_TYPE": "Penguin", "UFI": 885356, "Q_INFO": 480, "DATASET_ID": 170, "COMMENTS": null, "COMMON_NAM": "Adelie Penguin", "SPECIES": null, "STATUS": null, "DB_DATE_CR": "2009-11-27", "DISPLAY": "50000, Heli op maps", "COUNT_NO": 0, "DATE_CAPTU": null, "DATE_FLAG": null }, "geometry": { "type": "MultiPolygon", "coordinates": [ [ [ [ 110.422050448302613, -66.176849345365184 ], [ 110.421981849406947, -66.176826479066619 ], [ 110.422035239804288, -66.176803612768069 ], [ 110.422081025952451, -66.176803612768069 ], [ 110.422126812100615, -66.176811217017246 ], [ 110.422172544697716, -66.176818874817457 ], [ 110.422210673045669, -66.176834083315796 ], [ 110.422248854944669, -66.17686466096562 ], [ 110.422210673045669, -66.176887473713123 ], [ 110.422164940448553, -66.176902789313573 ], [ 110.422096234450777, -66.176918051362946 ], [ 110.422058106102838, -66.176925655612123 ], [ 110.422050448302613, -66.176895131513348 ], [ 110.422050448302613, -66.176849345365184 ] ] ] ] } },
{ "type": "Feature", "properties": { "FEAT_TYPE": "Penguin", "UFI": 885358, "Q_INFO": 480, "DATASET_ID": 170, "COMMENTS": null, "COMMON_NAM": "Adelie Penguin", "SPECIES": null, "STATUS": null, "DB_DATE_CR": "2009-11-27", "DISPLAY": "50000, Heli op maps", "COUNT_NO": 0, "DATE_CAPTU": null, "DATE_FLAG": null }, "geometry": { "type": "MultiPolygon", "coordinates": [ [ [ [ 110.416923524280321, -66.177055356256403 ], [ 110.416893000181531, -66.177055356256403 ], [ 110.416847214033368, -66.177055356256403 ], [ 110.416816689934592, -66.177055356256403 ], [ 110.416786219386879, -66.177024832157628 ], [ 110.416778561586653, -66.176994308058852 ], [ 110.416809085685429, -66.176986703809675 ], [ 110.416839609784205, -66.176986703809675 ], [ 110.416900604430708, -66.176994308058852 ], [ 110.416931182080532, -66.177009570108225 ], [ 110.416992176727035, -66.177024832157628 ], [ 110.416954048379097, -66.177047752007226 ], [ 110.416923524280321, -66.177055356256403 ] ] ] ] } },
{ "type": "Feature", "properties": { "FEAT_TYPE": "Penguin", "UFI": 885361, "Q_INFO": 480, "DATASET_ID": 170, "COMMENTS": null, "COMMON_NAM": "Adelie Penguin", "SPECIES": null, "STATUS": null, "DB_DATE_CR": "2009-11-27", "DISPLAY": "50000, Heli op maps", "COUNT_NO": 0, "DATE_CAPTU": null, "DATE_FLAG": null }, "geometry": { "type": "MultiPolygon", "coordinates": [ [ [ [ 110.416458165651605, -66.177093484604342 ], [ 110.416511502497883, -66.177078222554954 ], [ 110.416549684396884, -66.177085880355179 ], [ 110.41658020849566, -66.177085880355179 ], [ 110.416648860942374, -66.177131666503328 ], [ 110.416587812744822, -66.177139270752505 ], [ 110.416534422347496, -66.177124008703117 ], [ 110.416488636199333, -66.177116350902892 ], [ 110.416458165651605, -66.177093484604342 ] ] ] ] } },
{ "type": "Feature", "properties": { "FEAT_TYPE": "Penguin", "UFI": 885398, "Q_INFO": 480, "DATASET_ID": 170, "COMMENTS": null, "COMMON_NAM": "Adelie Penguin", "SPECIES": null, "STATUS": null, "DB_DATE_CR": "2009-11-27", "DISPLAY": "50000, Heli op maps", "COUNT_NO": 0, "DATE_CAPTU": null, "DATE_FLAG": null }, "geometry": { "type": "MultiPolygon", "coordinates": [ [ [ [ 110.609344497656338, -66.215782137190303 ], [ 110.609313973557562, -66.215774532941126 ], [ 110.609283449458786, -66.215759270891738 ], [ 110.609283449458786, -66.215721142543799 ], [ 110.609313973557562, -66.215721142543799 ], [ 110.609359759705725, -66.215736351042125 ], [ 110.609420807903277, -66.215728746792962 ], [ 110.609458936251229, -66.215721142543799 ], [ 110.609504722399393, -66.215713538294622 ], [ 110.609542850747331, -66.215728746792962 ], [ 110.609527588697944, -66.215759270891738 ], [ 110.60946659405144, -66.215774532941126 ], [ 110.609436016401617, -66.215774532941126 ], [ 110.609405545853889, -66.215774532941126 ], [ 110.609375021755113, -66.215774532941126 ], [ 110.609344497656338, -66.215782137190303 ] ] ] ] } },
{ "type": "Feature", "properties": { "FEAT_TYPE": "Penguin", "UFI": 885414, "Q_INFO": 480, "DATASET_ID": 170, "COMMENTS": null, "COMMON_NAM": "Adelie Penguin", "SPECIES": null, "STATUS": null, "DB_DATE_CR": "2009-11-27", "DISPLAY": "50000, Heli op maps", "COUNT_NO": 0, "DATE_CAPTU": null, "DATE_FLAG": null }, "geometry": { "type": "MultiPolygon", "coordinates": [ [ [ [ 110.642997744965271, -66.216300939767393 ], [ 110.642921434718318, -66.216331517417217 ], [ 110.642875702121216, -66.216331517417217 ], [ 110.642814653923665, -66.216331517417217 ], [ 110.642761209975276, -66.216308597567604 ], [ 110.64280699612344, -66.216293335518216 ], [ 110.642837520222216, -66.216293335518216 ], [ 110.642860386520766, -66.21626281141944 ], [ 110.642822258172828, -66.216247602921101 ], [ 110.642784129824889, -66.216217025271277 ], [ 110.642745947925889, -66.216217025271277 ], [ 110.642715423827113, -66.216209421022114 ], [ 110.642662033429772, -66.216201816772937 ], [ 110.642631562882059, -66.216178896923338 ], [ 110.642669691229997, -66.216148372824563 ], [ 110.642700161777725, -66.216140768575386 ], [ 110.642738343676726, -66.216140768575386 ], [ 110.642799338323215, -66.216140768575386 ], [ 110.642837520222216, -66.216148372824563 ], [ 110.642868044320991, -66.216155977073726 ], [ 110.642921434718318, -66.216163634873936 ], [ 110.642974878666706, -66.216201816772937 ], [ 110.642982482915883, -66.216232287320665 ], [ 110.642997744965271, -66.216270469219666 ], [ 110.642997744965271, -66.216300939767393 ] ] ] ] } },
{ "type": "Feature", "properties": { "FEAT_TYPE": "Penguin", "UFI": 885425, "Q_INFO": 480, "DATASET_ID": 170, "COMMENTS": null, "COMMON_NAM": "Adelie Penguin", "SPECIES": null, "STATUS": null, "DB_DATE_CR": "2009-11-27", "DISPLAY": "50000, Heli op maps", "COUNT_NO": 0, "DATE_CAPTU": null, "DATE_FLAG": null }, "geometry": { "type": "MultiPolygon", "coordinates": [ [ [ [ 110.645408666809118, -66.216331517417217 ], [ 110.64537808915928, -66.216323859616992 ], [ 110.645339960811341, -66.216331517417217 ], [ 110.64527891261379, -66.216323859616992 ], [ 110.645294174663178, -66.216285731269039 ], [ 110.645339960811341, -66.216285731269039 ], [ 110.645370484910117, -66.216293335518216 ], [ 110.645423875307443, -66.216285731269039 ], [ 110.645484923504995, -66.216285731269039 ], [ 110.645530709653173, -66.216285731269039 ], [ 110.645538313902335, -66.216323859616992 ], [ 110.645484923504995, -66.216323859616992 ], [ 110.645439137356831, -66.216323859616992 ], [ 110.645408666809118, -66.216331517417217 ] ] ] ] } },
{ "type": "Feature", "properties": { "FEAT_TYPE": "Penguin", "UFI": 885426, "Q_INFO": 480, "DATASET_ID": 170, "COMMENTS": null, "COMMON_NAM": "Adelie Penguin", "SPECIES": null, "STATUS": null, "DB_DATE_CR": "2009-11-27", "DISPLAY": "50000, Heli op maps", "COUNT_NO": 0, "DATE_CAPTU": null, "DATE_FLAG": null }, "geometry": { "type": "MultiPolygon", "coordinates": [ [ [ [ 110.644599938844706, -66.216354330164719 ], [ 110.644561756945706, -66.216323859616992 ], [ 110.644599938844706, -66.216316201816767 ], [ 110.644638067192645, -66.216346725915542 ], [ 110.644599938844706, -66.216354330164719 ] ] ] ] } },
{ "type": "Feature", "properties": { "FEAT_TYPE": "Penguin", "UFI": 885428, "Q_INFO": 480, "DATASET_ID": 170, "COMMENTS": null, "COMMON_NAM": "Adelie Penguin", "SPECIES": null, "STATUS": null, "DB_DATE_CR": "2009-11-27", "DISPLAY": "50000, Heli op maps", "COUNT_NO": 0, "DATE_CAPTU": null, "DATE_FLAG": null }, "geometry": { "type": "MultiPolygon", "coordinates": [ [ [ [ 110.607917790569346, -66.216445902461047 ], [ 110.607872004421168, -66.216423036162496 ], [ 110.607864346620957, -66.216392565614768 ], [ 110.607902528519958, -66.216392565614768 ], [ 110.607948261117059, -66.216407774113094 ], [ 110.607917790569346, -66.216445902461047 ] ] ] ] } },
{ "type": "Feature", "properties": { "FEAT_TYPE": "Penguin", "UFI": 885430, "Q_INFO": 480, "DATASET_ID": 170, "COMMENTS": null, "COMMON_NAM": "Adelie Penguin", "SPECIES": null, "STATUS": null, "DB_DATE_CR": "2009-11-27", "DISPLAY": "50000, Heli op maps", "COUNT_NO": 0, "DATE_CAPTU": null, "DATE_FLAG": null }, "geometry": { "type": "MultiPolygon", "coordinates": [ [ [ [ 110.64085388221018, -66.216484084360047 ], [ 110.640815753862242, -66.216461164510434 ], [ 110.640785229763466, -66.216430693962707 ], [ 110.640792834012629, -66.216400116312883 ], [ 110.640823358111405, -66.216400116312883 ], [ 110.64085388221018, -66.216400116312883 ], [ 110.640899668358344, -66.216400116312883 ], [ 110.640937796706282, -66.216407774113094 ], [ 110.640975978605283, -66.216423036162496 ], [ 110.64093019245712, -66.216461164510434 ], [ 110.640892010558119, -66.216468822310645 ], [ 110.64085388221018, -66.216484084360047 ] ] ] ] } },
{ "type": "Feature", "properties": { "FEAT_TYPE": "Penguin", "UFI": 885436, "Q_INFO": 480, "DATASET_ID": 170, "COMMENTS": null, "COMMON_NAM": "Adelie Penguin", "SPECIES": null, "STATUS": null, "DB_DATE_CR": "2009-11-27", "DISPLAY": "50000, Heli op maps", "COUNT_NO": 0, "DATE_CAPTU": null, "DATE_FLAG": null }, "geometry": { "type": "MultiPolygon", "coordinates": [ [ [ [ 110.644042954368615, -66.216468822310645 ], [ 110.644081082716554, -66.216461164510434 ], [ 110.644126922415779, -66.216484084360047 ], [ 110.644157392963493, -66.216506950658598 ], [ 110.644180259262058, -66.216537474757374 ], [ 110.644187917062268, -66.216575656656374 ], [ 110.644180259262058, -66.216606127204102 ], [ 110.644134526664942, -66.216606127204102 ], [ 110.644104002566166, -66.216606127204102 ], [ 110.64405061216884, -66.216560341055924 ], [ 110.644073478467391, -66.216522212707986 ], [ 110.644042954368615, -66.216468822310645 ] ] ] ] } },
{ "type": "Feature", "properties": { "FEAT_TYPE": "Penguin", "UFI": 885444, "Q_INFO": 480, "DATASET_ID": 170, "COMMENTS": null, "COMMON_NAM": "Adelie Penguin", "SPECIES": null, "STATUS": null, "DB_DATE_CR": "2009-11-27", "DISPLAY": "50000, Heli op maps", "COUNT_NO": 0, "DATE_CAPTU": null, "DATE_FLAG": null }, "geometry": { "type": "MultiPolygon", "coordinates": [ [ [ [ 110.643829339228233, -66.216712961549803 ], [ 110.643882783176622, -66.216705303749592 ], [ 110.643913253724335, -66.216697699500429 ], [ 110.643943777823111, -66.216690041700204 ], [ 110.643981959722112, -66.216682437451027 ], [ 110.644012430269839, -66.216682437451027 ], [ 110.644058216418003, -66.216697699500429 ], [ 110.644096344765941, -66.216697699500429 ], [ 110.644157392963493, -66.216697699500429 ], [ 110.644210836911881, -66.216705303749592 ], [ 110.644248965259834, -66.216712961549803 ], [ 110.644271831558385, -66.216743485648578 ], [ 110.644271831558385, -66.216781613996531 ], [ 110.644233703210432, -66.216789218245708 ], [ 110.644195574862493, -66.216796876045919 ], [ 110.64414978871433, -66.21680453384613 ], [ 110.644119264615554, -66.216812138095307 ], [ 110.644073478467391, -66.216819795895532 ], [ 110.644004826020677, -66.216827400144695 ], [ 110.643966697672724, -66.216835004393857 ], [ 110.643936173573948, -66.216842662194082 ], [ 110.643905649475172, -66.216842662194082 ], [ 110.643875125376397, -66.216842662194082 ], [ 110.643844601277621, -66.216850266443259 ], [ 110.643806472929683, -66.21685792424347 ], [ 110.643760686781519, -66.216850266443259 ], [ 110.643707242833131, -66.216850266443259 ], [ 110.643661510236015, -66.216850266443259 ], [ 110.643630986137239, -66.216850266443259 ], [ 110.643600462038464, -66.216842662194082 ], [ 110.643569937939688, -66.216827400144695 ], [ 110.643531809591749, -66.216819795895532 ], [ 110.643547071641137, -66.216789218245708 ], [ 110.643585199989076, -66.216781613996531 ], [ 110.643623328337014, -66.216774009747354 ], [ 110.643676772285403, -66.21675874769798 ], [ 110.643722558433566, -66.21675874769798 ], [ 110.643775948830907, -66.21675874769798 ], [ 110.643806472929683, -66.216743485648578 ], [ 110.643875125376397, -66.216743485648578 ], [ 110.643829339228233, -66.216712961549803 ] ] ] ] } },
{ "type": "Feature", "properties": { "FEAT_TYPE": "Penguin", "UFI": 885449, "Q_INFO": 480, "DATASET_ID": 170, "COMMENTS": null, "COMMON_NAM": "Adelie Penguin", "SPECIES": null, "STATUS": null, "DB_DATE_CR": "2009-11-27", "DISPLAY": "50000, Heli op maps", "COUNT_NO": 0, "DATE_CAPTU": null, "DATE_FLAG": null }, "geometry": { "type": "MultiPolygon", "coordinates": [ [ [ [ 110.647491481366643, -66.217048673085287 ], [ 110.647491481366643, -66.217102063482628 ], [ 110.647460957267867, -66.217109667731791 ], [ 110.647422775368867, -66.217117271980968 ], [ 110.64736938497154, -66.217117271980968 ], [ 110.647338860872765, -66.217117271980968 ], [ 110.64733120307254, -66.21708680143324 ], [ 110.647300732524826, -66.217102063482628 ], [ 110.64727020842605, -66.217109667731791 ], [ 110.64721681802871, -66.21708680143324 ], [ 110.647186240378886, -66.217056277334464 ], [ 110.64721681802871, -66.217010544737349 ], [ 110.647247288576438, -66.217002886937138 ], [ 110.647285470475438, -66.217025753235689 ], [ 110.647315994574214, -66.217041015285076 ], [ 110.64734651867299, -66.217025753235689 ], [ 110.647376989220703, -66.217025753235689 ], [ 110.647407566870541, -66.217010544737349 ], [ 110.647438037418254, -66.217002886937138 ], [ 110.64746856151703, -66.216987624887736 ], [ 110.64749908561582, -66.216987624887736 ], [ 110.647529609714596, -66.216987624887736 ], [ 110.647575395862759, -66.216979967087525 ], [ 110.647605919961535, -66.216979967087525 ], [ 110.647636444060311, -66.216987624887736 ], [ 110.647682176657412, -66.217002886937138 ], [ 110.647674572408249, -66.217033357484866 ], [ 110.647644048309473, -66.217033357484866 ], [ 110.647605919961535, -66.217033357484866 ], [ 110.647567738062534, -66.217025753235689 ], [ 110.647537213963759, -66.217025753235689 ], [ 110.647491481366643, -66.217048673085287 ] ] ] ] } },
{ "type": "Feature", "properties": { "FEAT_TYPE": "Penguin", "UFI": 885454, "Q_INFO": 480, "DATASET_ID": 170, "COMMENTS": null, "COMMON_NAM": "Adelie Penguin", "SPECIES": null, "STATUS": null, "DB_DATE_CR": "2009-11-27", "DISPLAY": "50000, Heli op maps", "COUNT_NO": 0, "DATE_CAPTU": null, "DATE_FLAG": null }, "geometry": { "type": "MultiPolygon", "coordinates": [ [ [ [ 110.646957416740165, -66.217048673085287 ], [ 110.646987887287892, -66.217063881583641 ], [ 110.647018464937716, -66.217063881583641 ], [ 110.647048935485444, -66.217063881583641 ], [ 110.647094721633607, -66.21708680143324 ], [ 110.647056593285669, -66.217102063482628 ], [ 110.647026069186893, -66.217109667731791 ], [ 110.646987887287892, -66.217109667731791 ], [ 110.646957416740165, -66.217102063482628 ], [ 110.646926892641389, -66.217109667731791 ], [ 110.646903972791776, -66.217132587581403 ], [ 110.646873502244063, -66.217109667731791 ], [ 110.64688876429345, -66.217079143633015 ], [ 110.646926892641389, -66.217056277334464 ], [ 110.646957416740165, -66.217048673085287 ] ] ] ] } },
{ "type": "Feature", "properties": { "FEAT_TYPE": "Penguin", "UFI": 885466, "Q_INFO": 480, "DATASET_ID": 170, "COMMENTS": null, "COMMON_NAM": "Adelie Penguin", "SPECIES": null, "STATUS": null, "DB_DATE_CR": "2009-11-27", "DISPLAY": "50000, Heli op maps", "COUNT_NO": 0, "DATE_CAPTU": null, "DATE_FLAG": null }, "geometry": { "type": "MultiPolygon", "coordinates": [ [ [ [ 110.645240784265852, -66.217285154524234 ], [ 110.645233126465627, -66.217361464771173 ], [ 110.645202655917899, -66.217361464771173 ], [ 110.64516452756996, -66.217353806970948 ], [ 110.645133949920123, -66.217353806970948 ], [ 110.645095821572184, -66.217346202721785 ], [ 110.645042431174858, -66.217308020822799 ], [ 110.645080559522796, -66.217292812324445 ], [ 110.645118741421797, -66.217308020822799 ], [ 110.645156869769735, -66.217300416573622 ], [ 110.645187340317463, -66.217300416573622 ], [ 110.645240784265852, -66.217285154524234 ] ] ] ] } },
{ "type": "Feature", "properties": { "FEAT_TYPE": "Penguin", "UFI": 885474, "Q_INFO": 480, "DATASET_ID": 170, "COMMENTS": null, "COMMON_NAM": "Adelie Penguin", "SPECIES": null, "STATUS": null, "DB_DATE_CR": "2009-11-27", "DISPLAY": "50000, Heli op maps", "COUNT_NO": 0, "DATE_CAPTU": null, "DATE_FLAG": null }, "geometry": { "type": "MultiPolygon", "coordinates": [ [ [ [ 110.647842401400467, -66.217826823399889 ], [ 110.647811877301692, -66.217826823399889 ], [ 110.647781353202916, -66.217826823399889 ], [ 110.647758486904365, -66.217796299301114 ], [ 110.647804219501467, -66.217773433002549 ], [ 110.647842401400467, -66.217773433002549 ], [ 110.647880583299468, -66.217788695051937 ], [ 110.647895791797794, -66.217819219150712 ], [ 110.647842401400467, -66.217826823399889 ] ] ] ] } },
{ "type": "Feature", "properties": { "FEAT_TYPE": "Penguin", "UFI": 885479, "Q_INFO": 480, "DATASET_ID": 170, "COMMENTS": null, "COMMON_NAM": "Adelie Penguin", "SPECIES": null, "STATUS": null, "DB_DATE_CR": "2009-11-27", "DISPLAY": "50000, Heli op maps", "COUNT_NO": 0, "DATE_CAPTU": null, "DATE_FLAG": null }, "geometry": { "type": "MultiPolygon", "coordinates": [ [ [ [ 110.576957732691369, -66.239357023247038 ], [ 110.576919550792368, -66.239357023247038 ], [ 110.576889026693593, -66.239357023247038 ], [ 110.576820374246878, -66.239334103397439 ], [ 110.576789850148089, -66.239318841348052 ], [ 110.576766983849538, -66.239295975049487 ], [ 110.576728801950537, -66.2392577931505 ], [ 110.576690673602599, -66.2392577931505 ], [ 110.576644887454435, -66.239227269051725 ], [ 110.57663722965421, -66.239196744952949 ], [ 110.576675411553211, -66.239166274405221 ], [ 110.576736459750762, -66.23915861660501 ], [ 110.576774588098701, -66.23915861660501 ], [ 110.576805112197476, -66.239173932205446 ], [ 110.576843240545429, -66.239181482903561 ], [ 110.576873764644205, -66.239196744952949 ], [ 110.57690428874298, -66.239227269051725 ], [ 110.576934812841756, -66.239242531101112 ], [ 110.576965336940532, -66.239265450950711 ], [ 110.576995861039308, -66.239273108750936 ], [ 110.577033989387246, -66.239288317249276 ], [ 110.577079775535424, -66.239295975049487 ], [ 110.577095037584812, -66.239326445597214 ], [ 110.577064513486022, -66.239334103397439 ], [ 110.577033989387246, -66.239341707646616 ], [ 110.577003518839533, -66.239349365446827 ], [ 110.576957732691369, -66.239357023247038 ] ] ] ] } },
{ "type": "Feature", "properties": { "FEAT_TYPE": "Penguin", "UFI": 885480, "Q_INFO": 480, "DATASET_ID": 170, "COMMENTS": null, "COMMON_NAM": "Adelie Penguin", "SPECIES": null, "STATUS": null, "DB_DATE_CR": "2009-11-27", "DISPLAY": "50000, Heli op maps", "COUNT_NO": 0, "DATE_CAPTU": null, "DATE_FLAG": null }, "geometry": { "type": "MultiPolygon", "coordinates": [ [ [ [ 110.577705412458229, -66.239372231745392 ], [ 110.577667230559229, -66.239364627496215 ], [ 110.577636706460453, -66.239357023247038 ], [ 110.577606182361677, -66.239357023247038 ], [ 110.577552791964337, -66.239318841348052 ], [ 110.577529925665786, -66.239288317249276 ], [ 110.577491743766785, -66.239265450950711 ], [ 110.577484139517622, -66.239234926851935 ], [ 110.577514663616398, -66.239219664802562 ], [ 110.577552791964337, -66.239227269051725 ], [ 110.577590920312289, -66.23920440275316 ], [ 110.577621497962113, -66.239181482903561 ], [ 110.577659626310066, -66.239166274405221 ], [ 110.577697754658004, -66.239173932205446 ], [ 110.577735883005943, -66.23920440275316 ], [ 110.577766460655781, -66.239212060553385 ], [ 110.577796931203494, -66.239212060553385 ], [ 110.577842717351672, -66.239212060553385 ], [ 110.577873187899385, -66.239219664802562 ], [ 110.577911423349434, -66.239227269051725 ], [ 110.577941893897162, -66.239234926851935 ], [ 110.577972417995937, -66.239242531101112 ], [ 110.578018150593053, -66.2392577931505 ], [ 110.578041070442652, -66.239288317249276 ], [ 110.577972417995937, -66.239288317249276 ], [ 110.577918974047549, -66.239280659449051 ], [ 110.57788084569961, -66.239303579298664 ], [ 110.577827455302284, -66.239326445597214 ], [ 110.577850375151883, -66.239357023247038 ], [ 110.577804589003719, -66.239364627496215 ], [ 110.577758802855556, -66.239357023247038 ], [ 110.577705412458229, -66.239372231745392 ] ] ] ] } },
{ "type": "Feature", "properties": { "FEAT_TYPE": "Penguin", "UFI": 885486, "Q_INFO": 480, "DATASET_ID": 170, "COMMENTS": null, "COMMON_NAM": "Adelie Penguin", "SPECIES": null, "STATUS": null, "DB_DATE_CR": "2009-11-27", "DISPLAY": "50000, Heli op maps", "COUNT_NO": 0, "DATE_CAPTU": null, "DATE_FLAG": null }, "geometry": { "type": "MultiPolygon", "coordinates": [ [ [ [ 110.576263443321835, -66.239715547530039 ], [ 110.576179528825733, -66.239707943280877 ], [ 110.576126084877345, -66.239685076982312 ], [ 110.576103218578794, -66.239654552883536 ], [ 110.576080298729181, -66.239631633033923 ], [ 110.576110822827957, -66.239608766735373 ], [ 110.57615660897612, -66.239608766735373 ], [ 110.576187133074896, -66.239593504685985 ], [ 110.576225261422834, -66.239578242636597 ], [ 110.576271047570998, -66.239570584836372 ], [ 110.576301571669774, -66.239570584836372 ], [ 110.576332095768564, -66.239578242636597 ], [ 110.576370224116502, -66.239578242636597 ], [ 110.576370224116502, -66.239608766735373 ], [ 110.576400748215278, -66.239631633033923 ], [ 110.576416010264666, -66.239669814932924 ], [ 110.576400748215278, -66.239707943280877 ], [ 110.576354962067114, -66.2397003390317 ], [ 110.576324491519387, -66.239692681231475 ], [ 110.576286309620386, -66.239692681231475 ], [ 110.576263443321835, -66.239715547530039 ] ] ] ] } },
{ "type": "Feature", "properties": { "FEAT_TYPE": "Penguin", "UFI": 885497, "Q_INFO": 480, "DATASET_ID": 170, "COMMENTS": null, "COMMON_NAM": "Adelie Penguin", "SPECIES": null, "STATUS": null, "DB_DATE_CR": "2009-11-27", "DISPLAY": "50000, Heli op maps", "COUNT_NO": 0, "DATE_CAPTU": null, "DATE_FLAG": null }, "geometry": { "type": "MultiPolygon", "coordinates": [ [ [ [ 110.582778892532147, -66.240264927756954 ], [ 110.582832336480536, -66.240257269956743 ], [ 110.582878069077637, -66.240264927756954 ], [ 110.582916304527686, -66.240272532006117 ], [ 110.582977299174189, -66.240287794055519 ], [ 110.583007823272965, -66.240295398304681 ], [ 110.58303834737174, -66.240310660354069 ], [ 110.583099395569292, -66.240341184452845 ], [ 110.58303834737174, -66.240364104302444 ], [ 110.582984903423352, -66.240356446502233 ], [ 110.582946775075413, -66.240356446502233 ], [ 110.582878069077637, -66.240356446502233 ], [ 110.582847598529924, -66.24034884225307 ], [ 110.582817074431134, -66.240325922403457 ], [ 110.582786550332358, -66.240325922403457 ], [ 110.582778892532147, -66.240264927756954 ] ] ] ] } },
{ "type": "Feature", "properties": { "FEAT_TYPE": "Penguin", "UFI": 885510, "Q_INFO": 480, "DATASET_ID": 170, "COMMENTS": null, "COMMON_NAM": "Adelie Penguin", "SPECIES": null, "STATUS": null, "DB_DATE_CR": "2009-11-27", "DISPLAY": "50000, Heli op maps", "COUNT_NO": 0, "DATE_CAPTU": null, "DATE_FLAG": null }, "geometry": { "type": "MultiPolygon", "coordinates": [ [ [ [ 110.539718653490965, -66.249389651902106 ], [ 110.539680525143027, -66.249404913951494 ], [ 110.539649947493189, -66.249404913951494 ], [ 110.53961181914525, -66.249404913951494 ], [ 110.539566032997087, -66.249412518200671 ], [ 110.539535562449359, -66.249420176000882 ], [ 110.539504984799535, -66.249420176000882 ], [ 110.539474514251808, -66.249435384499222 ], [ 110.539443990153032, -66.249450700099658 ], [ 110.539413466054256, -66.249465962149046 ], [ 110.539360022105868, -66.249465962149046 ], [ 110.539321893757929, -66.249465962149046 ], [ 110.539276107609766, -66.249427833801093 ], [ 110.539321893757929, -66.249404913951494 ], [ 110.539360022105868, -66.249374389852719 ], [ 110.539398204004868, -66.249343865753943 ], [ 110.539428728103644, -66.249320999455392 ], [ 110.539474514251808, -66.249313341655167 ], [ 110.53951264259976, -66.249298079605779 ], [ 110.539558428747924, -66.249336207953718 ], [ 110.539596557095862, -66.249320999455392 ], [ 110.539634738994863, -66.249313341655167 ], [ 110.539665209542576, -66.24930573740599 ], [ 110.53971099569074, -66.249298079605779 ], [ 110.539764386088081, -66.249290421805554 ], [ 110.539794910186856, -66.24930573740599 ], [ 110.539825434285632, -66.249320999455392 ], [ 110.539810172236244, -66.24935147000312 ], [ 110.539779701688516, -66.249359127803331 ], [ 110.539749124038693, -66.249366785603542 ], [ 110.539718653490965, -66.249389651902106 ] ] ] ] } },
{ "type": "Feature", "properties": { "FEAT_TYPE": "Penguin", "UFI": 885517, "Q_INFO": 480, "DATASET_ID": 170, "COMMENTS": null, "COMMON_NAM": "Adelie Penguin", "SPECIES": null, "STATUS": null, "DB_DATE_CR": "2009-11-27", "DISPLAY": "50000, Heli op maps", "COUNT_NO": 0, "DATE_CAPTU": null, "DATE_FLAG": null }, "geometry": { "type": "MultiPolygon", "coordinates": [ [ [ [ 110.540611242400431, -66.249626133341053 ], [ 110.540664686348819, -66.249618529091876 ], [ 110.540702814696758, -66.249618529091876 ], [ 110.540748600844935, -66.249618529091876 ], [ 110.540794386993099, -66.249610924842699 ], [ 110.540824911091875, -66.249633791141264 ], [ 110.54085543519065, -66.249649053190652 ], [ 110.540832515341037, -66.249671919489202 ], [ 110.540786729192874, -66.249694839338815 ], [ 110.540748600844935, -66.249687181538604 ], [ 110.540710472496983, -66.249687181538604 ], [ 110.540679948398207, -66.249679577289427 ], [ 110.540641766499206, -66.24966431524004 ], [ 110.540611242400431, -66.249626133341053 ] ] ] ] } },
{ "type": "Feature", "properties": { "FEAT_TYPE": "Penguin", "UFI": 885530, "Q_INFO": 480, "DATASET_ID": 170, "COMMENTS": null, "COMMON_NAM": "Adelie Penguin", "SPECIES": null, "STATUS": null, "DB_DATE_CR": "2009-11-27", "DISPLAY": "50000, Heli op maps", "COUNT_NO": 0, "DATE_CAPTU": null, "DATE_FLAG": null }, "geometry": { "type": "MultiPolygon", "coordinates": [ [ [ [ 110.529930110524006, -66.251579247254313 ], [ 110.529891982176068, -66.251579247254313 ], [ 110.529846196027904, -66.251579247254313 ], [ 110.529808067679966, -66.251579247254313 ], [ 110.529769885780965, -66.251579247254313 ], [ 110.529739361682189, -66.251579247254313 ], [ 110.529693575534026, -66.251556380955748 ], [ 110.529724099632801, -66.251525856856972 ], [ 110.529754623731577, -66.251502990558407 ], [ 110.529792805630578, -66.251502990558407 ], [ 110.529823276178291, -66.251480070708809 ], [ 110.529838538227679, -66.251449600161081 ], [ 110.529869062326455, -66.251419076062305 ], [ 110.529922452723795, -66.251419076062305 ], [ 110.529960634622796, -66.25142673386253 ], [ 110.530021682820347, -66.25142673386253 ], [ 110.530036944869735, -66.251480070708809 ], [ 110.530067415417449, -66.251472466459632 ], [ 110.530097993067287, -66.251472466459632 ], [ 110.530136121415225, -66.251472466459632 ], [ 110.530181907563389, -66.251487728509034 ], [ 110.530227640160504, -66.251487728509034 ], [ 110.530227640160504, -66.251518252607809 ], [ 110.530265822059505, -66.25154111890636 ], [ 110.530212378111116, -66.251556380955748 ], [ 110.530174249763164, -66.251548776706585 ], [ 110.530136121415225, -66.251564038755959 ], [ 110.530097993067287, -66.251571696556184 ], [ 110.530059811168286, -66.251571696556184 ], [ 110.530021682820347, -66.251564038755959 ], [ 110.529991158721572, -66.251564038755959 ], [ 110.529960634622796, -66.251571696556184 ], [ 110.529930110524006, -66.251579247254313 ] ] ] ] } },
{ "type": "Feature", "properties": { "FEAT_TYPE": "Penguin", "UFI": 885534, "Q_INFO": 480, "DATASET_ID": 170, "COMMENTS": null, "COMMON_NAM": "Adelie Penguin", "SPECIES": null, "STATUS": null, "DB_DATE_CR": "2009-11-27", "DISPLAY": "50000, Heli op maps", "COUNT_NO": 0, "DATE_CAPTU": null, "DATE_FLAG": null }, "geometry": { "type": "MultiPolygon", "coordinates": [ [ [ [ 110.530593875794764, -66.251518252607809 ], [ 110.530563351695989, -66.251518252607809 ], [ 110.530517565547825, -66.251502990558407 ], [ 110.530517565547825, -66.251472466459632 ], [ 110.530555747446826, -66.251472466459632 ], [ 110.530586217994539, -66.251464862210469 ], [ 110.530616795644377, -66.251472466459632 ], [ 110.530593875794764, -66.251518252607809 ] ] ] ] } },
{ "type": "Feature", "properties": { "FEAT_TYPE": "Penguin", "UFI": 885548, "Q_INFO": 480, "DATASET_ID": 170, "COMMENTS": null, "COMMON_NAM": "Adelie Penguin", "SPECIES": null, "STATUS": null, "DB_DATE_CR": "2009-11-27", "DISPLAY": "50000, Heli op maps", "COUNT_NO": 0, "DATE_CAPTU": null, "DATE_FLAG": null }, "geometry": { "type": "MultiPolygon", "coordinates": [ [ [ [ 110.484390243641215, -66.307815561613964 ], [ 110.484344457493052, -66.307815561613964 ], [ 110.484298671344888, -66.307815561613964 ], [ 110.484237676698385, -66.307792641764365 ], [ 110.484237676698385, -66.307762171216638 ], [ 110.484283462846548, -66.307754513416413 ], [ 110.484283462846548, -66.307724042868685 ], [ 110.484321591194487, -66.30771638506846 ], [ 110.484359719542439, -66.30771638506846 ], [ 110.484352115293277, -66.307685860969684 ], [ 110.484413163490828, -66.307678256720521 ], [ 110.484443634038541, -66.307670598920311 ], [ 110.484481815937542, -66.307670598920311 ], [ 110.484512340036318, -66.307655336870909 ], [ 110.484550468384256, -66.307662994671134 ], [ 110.484580992483032, -66.307670598920311 ], [ 110.484611516581822, -66.307670598920311 ], [ 110.484642040680598, -66.307662994671134 ], [ 110.484703088878149, -66.307662994671134 ], [ 110.484756479275475, -66.307670598920311 ], [ 110.484787003374251, -66.307678256720521 ], [ 110.484825131722189, -66.307662994671134 ], [ 110.484855655820979, -66.307647679070698 ], [ 110.484893784168918, -66.307640074821535 ], [ 110.484939570317081, -66.307647679070698 ], [ 110.484970094415857, -66.307670598920311 ], [ 110.484970094415857, -66.307708727268249 ], [ 110.484924308267694, -66.307739251367025 ], [ 110.484886179919755, -66.307746909167236 ], [ 110.484855655820979, -66.307746909167236 ], [ 110.484817473921979, -66.307754513416413 ], [ 110.484779345574026, -66.307754513416413 ], [ 110.48474882147525, -66.3077697754658 ], [ 110.484680169028536, -66.307777379714963 ], [ 110.484634382880373, -66.307785037515188 ], [ 110.484580992483032, -66.307807957364787 ], [ 110.484527602085706, -66.307807957364787 ], [ 110.48449707798693, -66.307807957364787 ], [ 110.484420767739991, -66.307807957364787 ], [ 110.484390243641215, -66.307815561613964 ] ] ] ] } },
{ "type": "Feature", "properties": { "FEAT_TYPE": "Penguin", "UFI": 885550, "Q_INFO": 480, "DATASET_ID": 170, "COMMENTS": null, "COMMON_NAM": "Adelie Penguin", "SPECIES": null, "STATUS": null, "DB_DATE_CR": "2009-11-27", "DISPLAY": "50000, Heli op maps", "COUNT_NO": 0, "DATE_CAPTU": null, "DATE_FLAG": null }, "geometry": { "type": "MultiPolygon", "coordinates": [ [ [ [ 110.483696007822743, -66.307701123019086 ], [ 110.483741740419845, -66.307678256720521 ], [ 110.48377226451862, -66.307678256720521 ], [ 110.483818050666784, -66.307678256720521 ], [ 110.483856232565785, -66.307678256720521 ], [ 110.4839019651629, -66.307678256720521 ], [ 110.483932489261676, -66.307678256720521 ], [ 110.483940147061901, -66.307708727268249 ], [ 110.4839019651629, -66.307739251367025 ], [ 110.483840916965349, -66.307754513416413 ], [ 110.483810446417621, -66.307785037515188 ], [ 110.483757056020295, -66.307815561613964 ], [ 110.483726478370457, -66.307830770112304 ], [ 110.483696007822743, -66.30784608571274 ], [ 110.483657825923743, -66.307838427912515 ], [ 110.483619697575804, -66.307807957364787 ], [ 110.483665483723968, -66.307785037515188 ], [ 110.483696007822743, -66.307762171216638 ], [ 110.483696007822743, -66.307701123019086 ] ] ] ] } },
{ "type": "Feature", "properties": { "FEAT_TYPE": "Penguin", "UFI": 885552, "Q_INFO": 480, "DATASET_ID": 170, "COMMENTS": null, "COMMON_NAM": "Adelie Penguin", "SPECIES": null, "STATUS": null, "DB_DATE_CR": "2009-11-27", "DISPLAY": "50000, Heli op maps", "COUNT_NO": 0, "DATE_CAPTU": null, "DATE_FLAG": null }, "geometry": { "type": "MultiPolygon", "coordinates": [ [ [ [ 110.481994637397804, -66.307830770112304 ], [ 110.481964113299028, -66.307853689961917 ], [ 110.481918327150865, -66.307853689961917 ], [ 110.481887803052089, -66.307869005562353 ], [ 110.481849674704151, -66.307869005562353 ], [ 110.481811546356198, -66.307884214060692 ], [ 110.481765760208035, -66.307884214060692 ], [ 110.481727578309034, -66.307891818309855 ], [ 110.48168179216087, -66.307891818309855 ], [ 110.481636059563769, -66.307899476110066 ], [ 110.481575011366203, -66.307884214060692 ], [ 110.481544487267428, -66.307884214060692 ], [ 110.481506358919489, -66.307899476110066 ], [ 110.481475834820714, -66.307914738159468 ], [ 110.48143004867255, -66.307914738159468 ], [ 110.481369000474999, -66.307937604458019 ], [ 110.481338476376223, -66.307968128556794 ], [ 110.481292690228059, -66.307975732805971 ], [ 110.481239353381781, -66.307968128556794 ], [ 110.481208775731943, -66.307960524307617 ], [ 110.481170647384005, -66.307968128556794 ], [ 110.481132519036066, -66.307968128556794 ], [ 110.481101994937291, -66.307930000208842 ], [ 110.481124861235841, -66.307907133910291 ], [ 110.481163043134842, -66.307876556260467 ], [ 110.48120117148278, -66.307869005562353 ], [ 110.481254561880107, -66.307861347762127 ], [ 110.481285139529945, -66.307853689961917 ], [ 110.481323267877883, -66.307853689961917 ], [ 110.481353738425611, -66.30784608571274 ], [ 110.481407182373999, -66.307838427912515 ], [ 110.481445310721938, -66.307830770112304 ], [ 110.481491096870101, -66.307823165863141 ], [ 110.481536829467217, -66.307800299564576 ], [ 110.48158261561538, -66.307815561613964 ], [ 110.481613193265204, -66.307815561613964 ], [ 110.481651321613157, -66.307807957364787 ], [ 110.481689449961095, -66.307807957364787 ], [ 110.481727578309034, -66.307815561613964 ], [ 110.481758155958872, -66.307815561613964 ], [ 110.481788626506585, -66.307815561613964 ], [ 110.481819150605361, -66.307815561613964 ], [ 110.481880198802926, -66.307807957364787 ], [ 110.481918327150865, -66.307807957364787 ], [ 110.481994637397804, -66.307830770112304 ] ] ] ] } },
{ "type": "Feature", "properties": { "FEAT_TYPE": "Penguin", "UFI": 885553, "Q_INFO": 480, "DATASET_ID": 170, "COMMENTS": null, "COMMON_NAM": "Adelie Penguin", "SPECIES": null, "STATUS": null, "DB_DATE_CR": "2009-11-27", "DISPLAY": "50000, Heli op maps", "COUNT_NO": 0, "DATE_CAPTU": null, "DATE_FLAG": null }, "geometry": { "type": "MultiPolygon", "coordinates": [ [ [ [ 110.480003341585544, -66.307968128556794 ], [ 110.479980475286993, -66.30799865265557 ], [ 110.479965213237605, -66.308029176754346 ], [ 110.479949951188217, -66.308059700853121 ], [ 110.479904218591102, -66.308067305102298 ], [ 110.479866036692115, -66.308067305102298 ], [ 110.47983551259334, -66.308067305102298 ], [ 110.479766806595563, -66.308067305102298 ], [ 110.479721073998448, -66.308074962902509 ], [ 110.479690549899672, -66.308090224951897 ], [ 110.479652421551734, -66.308090224951897 ], [ 110.479614293203781, -66.308082567151672 ], [ 110.479576111304794, -66.308059700853121 ], [ 110.479614293203781, -66.308029176754346 ], [ 110.479652421551734, -66.307991048406393 ], [ 110.479660025800897, -66.307952866507406 ], [ 110.479698207699897, -66.307930000208842 ], [ 110.479736336047836, -66.307922342408631 ], [ 110.479797384245387, -66.307907133910291 ], [ 110.47983551259334, -66.307907133910291 ], [ 110.479873640941278, -66.307930000208842 ], [ 110.479904218591102, -66.307930000208842 ], [ 110.479949951188217, -66.307930000208842 ], [ 110.480003341585544, -66.307968128556794 ] ] ] ] } },
{ "type": "Feature", "properties": { "FEAT_TYPE": "Penguin", "UFI": 885566, "Q_INFO": 480, "DATASET_ID": 170, "COMMENTS": null, "COMMON_NAM": "Adelie Penguin", "SPECIES": null, "STATUS": null, "DB_DATE_CR": "2009-11-27", "DISPLAY": "50000, Heli op maps", "COUNT_NO": 0, "DATE_CAPTU": null, "DATE_FLAG": null }, "geometry": { "type": "MultiPolygon", "coordinates": [ [ [ [ 110.486068694216542, -66.308807380619982 ], [ 110.486022961619426, -66.308807380619982 ], [ 110.485969517671037, -66.308799722819771 ], [ 110.485931389323099, -66.308776856521206 ], [ 110.485939047123324, -66.30874633242243 ], [ 110.485969517671037, -66.308738674622219 ], [ 110.486022961619426, -66.30874633242243 ], [ 110.486053485718202, -66.308761594471818 ], [ 110.486084009816977, -66.308769252272043 ], [ 110.486068694216542, -66.308807380619982 ] ] ] ] } },
{ "type": "Feature", "properties": { "FEAT_TYPE": "Penguin", "UFI": 885572, "Q_INFO": 480, "DATASET_ID": 170, "COMMENTS": null, "COMMON_NAM": "Adelie Penguin", "SPECIES": null, "STATUS": null, "DB_DATE_CR": "2009-11-27", "DISPLAY": "50000, Heli op maps", "COUNT_NO": 0, "DATE_CAPTU": null, "DATE_FLAG": null }, "geometry": { "type": "MultiPolygon", "coordinates": [ [ [ [ 110.485656725985166, -66.309585584485617 ], [ 110.485626255437438, -66.30957798023644 ], [ 110.485595677787614, -66.309555060386842 ], [ 110.485633806135553, -66.309532194088291 ], [ 110.485626255437438, -66.309501616438467 ], [ 110.485656725985166, -66.309478750139903 ], [ 110.485687250083942, -66.30947114589074 ], [ 110.485733036232105, -66.309478750139903 ], [ 110.485771164580044, -66.309486407940113 ], [ 110.485801688678819, -66.309501616438467 ], [ 110.485786426629431, -66.309532194088291 ], [ 110.485755902530656, -66.309547402586617 ], [ 110.48572537843188, -66.309562664636019 ], [ 110.485694854333104, -66.30957032243623 ], [ 110.485656725985166, -66.309585584485617 ] ] ] ] } },
{ "type": "Feature", "properties": { "FEAT_TYPE": "Penguin", "UFI": 885574, "Q_INFO": 480, "DATASET_ID": 170, "COMMENTS": null, "COMMON_NAM": "Adelie Penguin", "SPECIES": null, "STATUS": null, "DB_DATE_CR": "2009-11-27", "DISPLAY": "50000, Heli op maps", "COUNT_NO": 0, "DATE_CAPTU": null, "DATE_FLAG": null }, "geometry": { "type": "MultiPolygon", "coordinates": [ [ [ [ 110.486473111749802, -66.309890718371278 ], [ 110.486419667801414, -66.309890718371278 ], [ 110.486381539453475, -66.309890718371278 ], [ 110.4863510153547, -66.309883114122101 ], [ 110.486328149056135, -66.309860247823551 ], [ 110.486305229206522, -66.309829670173727 ], [ 110.486343357554475, -66.309814461675387 ], [ 110.486404405752026, -66.309799199625999 ], [ 110.486442534099965, -66.309822119475598 ], [ 110.486442534099965, -66.309852590023326 ], [ 110.486480715998965, -66.309860247823551 ], [ 110.486473111749802, -66.309890718371278 ] ] ] ] } },
{ "type": "Feature", "properties": { "FEAT_TYPE": "Penguin", "UFI": 885578, "Q_INFO": 480, "DATASET_ID": 170, "COMMENTS": null, "COMMON_NAM": "Adelie Penguin", "SPECIES": null, "STATUS": null, "DB_DATE_CR": "2009-11-27", "DISPLAY": "50000, Heli op maps", "COUNT_NO": 0, "DATE_CAPTU": null, "DATE_FLAG": null }, "geometry": { "type": "MultiPolygon", "coordinates": [ [ [ [ 110.399360654008262, -66.319427464298855 ], [ 110.399330129909487, -66.31940459800029 ], [ 110.399375916057664, -66.319389335950916 ], [ 110.399398782356215, -66.319419860049692 ], [ 110.399360654008262, -66.319427464298855 ] ] ] ] } },
{ "type": "Feature", "properties": { "FEAT_TYPE": "Penguin", "UFI": 885596, "Q_INFO": 480, "DATASET_ID": 170, "COMMENTS": null, "COMMON_NAM": "Adelie Penguin", "SPECIES": null, "STATUS": null, "DB_DATE_CR": "2009-11-27", "DISPLAY": "50000, Heli op maps", "COUNT_NO": 0, "DATE_CAPTU": null, "DATE_FLAG": null }, "geometry": { "type": "MultiPolygon", "coordinates": [ [ [ [ 110.401626613158456, -66.324592623771196 ], [ 110.401580827010292, -66.324623094318923 ], [ 110.401527436612966, -66.324584965970985 ], [ 110.401580827010292, -66.324577308170774 ], [ 110.401626613158456, -66.324592623771196 ] ] ] ] } },
{ "type": "Feature", "properties": { "FEAT_TYPE": "Penguin", "UFI": 885597, "Q_INFO": 480, "DATASET_ID": 170, "COMMENTS": null, "COMMON_NAM": "Adelie Penguin", "SPECIES": null, "STATUS": null, "DB_DATE_CR": "2009-11-27", "DISPLAY": "50000, Heli op maps", "COUNT_NO": 0, "DATE_CAPTU": null, "DATE_FLAG": null }, "geometry": { "type": "MultiPolygon", "coordinates": [ [ [ [ 110.40617368640612, -66.326141373702256 ], [ 110.406135558058168, -66.326133715902046 ], [ 110.406105033959392, -66.326110849603481 ], [ 110.406043985761841, -66.326087929753868 ], [ 110.406036381512678, -66.32605745920614 ], [ 110.406036381512678, -66.326026935107365 ], [ 110.40612029600878, -66.326011673057991 ], [ 110.406143215858393, -66.326042143605719 ], [ 110.406181344206345, -66.326072721255542 ], [ 110.406234734603672, -66.326080325504705 ], [ 110.406265258702447, -66.326087929753868 ], [ 110.406242392403897, -66.326126111652869 ], [ 110.406211814754059, -66.326133715902046 ], [ 110.40617368640612, -66.326141373702256 ] ] ] ] } },
{ "type": "Feature", "properties": { "FEAT_TYPE": "Penguin", "UFI": 885599, "Q_INFO": 480, "DATASET_ID": 170, "COMMENTS": null, "COMMON_NAM": "Adelie Penguin", "SPECIES": null, "STATUS": null, "DB_DATE_CR": "2009-11-27", "DISPLAY": "50000, Heli op maps", "COUNT_NO": 0, "DATE_CAPTU": null, "DATE_FLAG": null }, "geometry": { "type": "MultiPolygon", "coordinates": [ [ [ [ 110.405609151231914, -66.326187106299372 ], [ 110.405586284933364, -66.326156635751644 ], [ 110.405555707283526, -66.326126111652869 ], [ 110.405517578935587, -66.326118507403692 ], [ 110.405494712637037, -66.326087929753868 ], [ 110.405570969332913, -66.326080325504705 ], [ 110.405639621779642, -66.326110849603481 ], [ 110.405632017530465, -66.326148977951419 ], [ 110.405609151231914, -66.326187106299372 ] ] ] ] } },
{ "type": "Feature", "properties": { "FEAT_TYPE": "Penguin", "UFI": 885604, "Q_INFO": 480, "DATASET_ID": 170, "COMMENTS": null, "COMMON_NAM": "Adelie Penguin", "SPECIES": null, "STATUS": null, "DB_DATE_CR": "2009-11-27", "DISPLAY": "50000, Heli op maps", "COUNT_NO": 0, "DATE_CAPTU": null, "DATE_FLAG": null }, "geometry": { "type": "MultiPolygon", "coordinates": [ [ [ [ 110.406654360635272, -66.326789876923613 ], [ 110.40661623228732, -66.326789876923613 ], [ 110.406570446139156, -66.326789876923613 ], [ 110.40653992204038, -66.326789876923613 ], [ 110.406517002190768, -66.326751695024626 ], [ 110.406570446139156, -66.326744090775463 ], [ 110.406623836536482, -66.326736486526286 ], [ 110.406654360635272, -66.326759352824837 ], [ 110.406654360635272, -66.326789876923613 ] ] ] ] } },
{ "type": "Feature", "properties": { "FEAT_TYPE": "Penguin", "UFI": 885606, "Q_INFO": 480, "DATASET_ID": 170, "COMMENTS": null, "COMMON_NAM": "Adelie Penguin", "SPECIES": null, "STATUS": null, "DB_DATE_CR": "2009-11-27", "DISPLAY": "50000, Heli op maps", "COUNT_NO": 0, "DATE_CAPTU": null, "DATE_FLAG": null }, "geometry": { "type": "MultiPolygon", "coordinates": [ [ [ [ 110.403808604261485, -66.327064540261546 ], [ 110.403778080162709, -66.327064540261546 ], [ 110.403732347565594, -66.327056882461335 ], [ 110.403694112115545, -66.327049224661124 ], [ 110.403663641567832, -66.327049224661124 ], [ 110.403602593370266, -66.327033962611722 ], [ 110.403602593370266, -66.327003492063994 ], [ 110.403556807222103, -66.326988176463558 ], [ 110.403526336674389, -66.326980625765444 ], [ 110.403495759024551, -66.326980625765444 ], [ 110.403457630676613, -66.326972967965219 ], [ 110.403404240279286, -66.32695004811562 ], [ 110.403396636030109, -66.326911919767667 ], [ 110.403404240279286, -66.326873791419729 ], [ 110.403465288476838, -66.326873791419729 ], [ 110.403526336674389, -66.326873791419729 ], [ 110.403564465022328, -66.326881449219954 ], [ 110.403594935570055, -66.326881449219954 ], [ 110.403633117469042, -66.326889053469117 ], [ 110.403663641567832, -66.326896657718294 ], [ 110.403694112115545, -66.326911919767667 ], [ 110.403739898263709, -66.326942443866443 ], [ 110.403778080162709, -66.32695004811562 ], [ 110.403816208510648, -66.326965310165008 ], [ 110.403854390409649, -66.326972967965219 ], [ 110.403884860957376, -66.326972967965219 ], [ 110.40393064710554, -66.326980625765444 ], [ 110.40393064710554, -66.327011096313171 ], [ 110.403900123006764, -66.327026358362559 ], [ 110.403861994658811, -66.327049224661124 ], [ 110.403808604261485, -66.327064540261546 ] ] ] ] } },
{ "type": "Feature", "properties": { "FEAT_TYPE": "Penguin", "UFI": 885607, "Q_INFO": 480, "DATASET_ID": 170, "COMMENTS": null, "COMMON_NAM": "Adelie Penguin", "SPECIES": null, "STATUS": null, "DB_DATE_CR": "2009-11-27", "DISPLAY": "50000, Heli op maps", "COUNT_NO": 0, "DATE_CAPTU": null, "DATE_FLAG": null }, "geometry": { "type": "MultiPolygon", "coordinates": [ [ [ [ 110.412574750572588, -66.326927181817069 ], [ 110.412628194520977, -66.326927181817069 ], [ 110.412673927118092, -66.32693483961728 ], [ 110.412712109017093, -66.32693483961728 ], [ 110.412750237365032, -66.326965310165008 ], [ 110.412712109017093, -66.326972967965219 ], [ 110.412681584918317, -66.326980625765444 ], [ 110.412643456570365, -66.326980625765444 ], [ 110.412612878920541, -66.326980625765444 ], [ 110.412574750572588, -66.326927181817069 ] ] ] ] } },
{ "type": "Feature", "properties": { "FEAT_TYPE": "Penguin", "UFI": 885609, "Q_INFO": 480, "DATASET_ID": 170, "COMMENTS": null, "COMMON_NAM": "Adelie Penguin", "SPECIES": null, "STATUS": null, "DB_DATE_CR": "2009-11-27", "DISPLAY": "50000, Heli op maps", "COUNT_NO": 0, "DATE_CAPTU": null, "DATE_FLAG": null }, "geometry": { "type": "MultiPolygon", "coordinates": [ [ [ [ 110.403244015536231, -66.327133139157226 ], [ 110.403205887188292, -66.327133139157226 ], [ 110.403175363089517, -66.327133139157226 ], [ 110.403121919141128, -66.327117930658886 ], [ 110.403068528743788, -66.327087406560111 ], [ 110.403060924494625, -66.327049224661124 ], [ 110.403099052842563, -66.327041620411947 ], [ 110.403129576941339, -66.327033962611722 ], [ 110.403167705289292, -66.327026358362559 ], [ 110.403205887188292, -66.327026358362559 ], [ 110.403251673336456, -66.327011096313171 ], [ 110.403282143884169, -66.327011096313171 ], [ 110.403343192081721, -66.327018754113396 ], [ 110.403388978229898, -66.327033962611722 ], [ 110.403411844528449, -66.327056882461335 ], [ 110.403434764378062, -66.327079802310948 ], [ 110.403404240279286, -66.327102668609498 ], [ 110.403373716180496, -66.327117930658886 ], [ 110.403335587832558, -66.327125588459111 ], [ 110.403297459484619, -66.327125588459111 ], [ 110.403244015536231, -66.327133139157226 ] ] ] ] } },
{ "type": "Feature", "properties": { "FEAT_TYPE": "Penguin", "UFI": 885614, "Q_INFO": 480, "DATASET_ID": 170, "COMMENTS": null, "COMMON_NAM": "Adelie Penguin", "SPECIES": null, "STATUS": null, "DB_DATE_CR": "2009-11-27", "DISPLAY": "50000, Heli op maps", "COUNT_NO": 0, "DATE_CAPTU": null, "DATE_FLAG": null }, "geometry": { "type": "MultiPolygon", "coordinates": [ [ [ [ 110.407241815659077, -66.327262893352554 ], [ 110.407226553609689, -66.327308679500703 ], [ 110.407257077708465, -66.327346807848656 ], [ 110.407241815659077, -66.327384936196609 ], [ 110.407196029510914, -66.327400198245982 ], [ 110.407150296913798, -66.327407856046207 ], [ 110.407119719263974, -66.327400198245982 ], [ 110.407073933115811, -66.327377331947432 ], [ 110.407058724617471, -66.327339150048431 ], [ 110.407043462568083, -66.327301021700492 ], [ 110.407051066817246, -66.327262893352554 ], [ 110.407081590916022, -66.327247631303152 ], [ 110.407112115014797, -66.327239973502941 ], [ 110.407157901162975, -66.327232369253778 ], [ 110.407203687311139, -66.327217107204376 ], [ 110.407249473459302, -66.327224711453553 ], [ 110.407279944007016, -66.327209502955213 ], [ 110.407318125906016, -66.327217107204376 ], [ 110.407348650004792, -66.327232369253778 ], [ 110.407318125906016, -66.327255235552329 ], [ 110.407287601807241, -66.327262893352554 ], [ 110.407241815659077, -66.327262893352554 ] ] ] ] } },
{ "type": "Feature", "properties": { "FEAT_TYPE": "Penguin", "UFI": 885620, "Q_INFO": 480, "DATASET_ID": 170, "COMMENTS": null, "COMMON_NAM": "Adelie Penguin", "SPECIES": null, "STATUS": null, "DB_DATE_CR": "2009-11-27", "DISPLAY": "50000, Heli op maps", "COUNT_NO": 0, "DATE_CAPTU": null, "DATE_FLAG": null }, "geometry": { "type": "MultiPolygon", "coordinates": [ [ [ [ 110.411285401930087, -66.3280105731194 ], [ 110.411254877831311, -66.3280105731194 ], [ 110.41121669593231, -66.328002915319189 ], [ 110.411178567584372, -66.328002915319189 ], [ 110.411132781436208, -66.328002915319189 ], [ 110.411102310888481, -66.327995311070026 ], [ 110.411079391038868, -66.327957129171025 ], [ 110.411125177187031, -66.327964786971251 ], [ 110.411155701285821, -66.327964786971251 ], [ 110.411186225384597, -66.327957129171025 ], [ 110.41121669593231, -66.327964786971251 ], [ 110.411247273582148, -66.327964786971251 ], [ 110.411277744129862, -66.327972444771461 ], [ 110.411323530278025, -66.327972444771461 ], [ 110.411361658625978, -66.327964786971251 ], [ 110.411415102574367, -66.327949524921848 ], [ 110.411453284473353, -66.327949524921848 ], [ 110.411491412821306, -66.327934262872475 ], [ 110.411544803218632, -66.327941867121638 ], [ 110.411575327317408, -66.327972444771461 ], [ 110.411544803218632, -66.327995311070026 ], [ 110.411514279119856, -66.327987653269801 ], [ 110.411460835171468, -66.327987653269801 ], [ 110.411407444774142, -66.327995311070026 ], [ 110.411376920675366, -66.327995311070026 ], [ 110.411338792327413, -66.328002915319189 ], [ 110.411285401930087, -66.3280105731194 ] ] ] ] } },
{ "type": "Feature", "properties": { "FEAT_TYPE": "Penguin", "UFI": 885629, "Q_INFO": 480, "DATASET_ID": 170, "COMMENTS": null, "COMMON_NAM": "Adelie Penguin", "SPECIES": null, "STATUS": null, "DB_DATE_CR": "2009-11-27", "DISPLAY": "50000, Heli op maps", "COUNT_NO": 0, "DATE_CAPTU": null, "DATE_FLAG": null }, "geometry": { "type": "MultiPolygon", "coordinates": [ [ [ [ 110.412712109017093, -66.328849771631553 ], [ 110.412696793416643, -66.328880295730329 ], [ 110.41266632286893, -66.328910819829105 ], [ 110.41263579877014, -66.328918477629315 ], [ 110.412590066173038, -66.328910819829105 ], [ 110.412521360175262, -66.32890316202888 ], [ 110.412483231827323, -66.328865033680927 ], [ 110.412521360175262, -66.328857429431764 ], [ 110.412574750572588, -66.328849771631553 ], [ 110.412620536720752, -66.328849771631553 ], [ 110.412651060819528, -66.328842167382376 ], [ 110.412712109017093, -66.328849771631553 ] ] ] ] } },
{ "type": "Feature", "properties": { "FEAT_TYPE": "Penguin", "UFI": 885635, "Q_INFO": 480, "DATASET_ID": 170, "COMMENTS": null, "COMMON_NAM": "Adelie Penguin", "SPECIES": null, "STATUS": null, "DB_DATE_CR": "2009-11-27", "DISPLAY": "50000, Heli op maps", "COUNT_NO": 0, "DATE_CAPTU": null, "DATE_FLAG": null }, "geometry": { "type": "MultiPolygon", "coordinates": [ [ [ [ 110.410629294459554, -66.32935336571029 ], [ 110.41059871680973, -66.329391494058243 ], [ 110.410568246262002, -66.329391494058243 ], [ 110.410545379963452, -66.329368627759692 ], [ 110.410568246262002, -66.329338050109868 ], [ 110.410629294459554, -66.32935336571029 ] ] ] ] } },
{ "type": "Feature", "properties": { "FEAT_TYPE": "Penguin", "UFI": 885636, "Q_INFO": 480, "DATASET_ID": 170, "COMMENTS": null, "COMMON_NAM": "Adelie Penguin", "SPECIES": null, "STATUS": null, "DB_DATE_CR": "2009-11-27", "DISPLAY": "50000, Heli op maps", "COUNT_NO": 0, "DATE_CAPTU": null, "DATE_FLAG": null }, "geometry": { "type": "MultiPolygon", "coordinates": [ [ [ [ 110.410652160758119, -66.329383836258017 ], [ 110.41071320895567, -66.329376178457807 ], [ 110.410743679503383, -66.329376178457807 ], [ 110.410774257153221, -66.329376178457807 ], [ 110.41081238550116, -66.329376178457807 ], [ 110.410842856048887, -66.329368627759692 ], [ 110.410873433698711, -66.329376178457807 ], [ 110.410911562046664, -66.329383836258017 ], [ 110.41096495244399, -66.32940675610763 ], [ 110.410995476542766, -66.329414413907855 ], [ 110.411041262690929, -66.329414413907855 ], [ 110.411087048839093, -66.32940675610763 ], [ 110.411132781436208, -66.32940675610763 ], [ 110.411170963335209, -66.329414413907855 ], [ 110.411224353732536, -66.329437226655358 ], [ 110.411232011532761, -66.329467750754134 ], [ 110.411239615781923, -66.329498274852909 ], [ 110.411209145234196, -66.32950593265312 ], [ 110.411140439236419, -66.329513536902297 ], [ 110.411109915137644, -66.329513536902297 ], [ 110.411079391038868, -66.329513536902297 ], [ 110.411048866940092, -66.32950593265312 ], [ 110.411018396392379, -66.329513536902297 ], [ 110.410987818742541, -66.329528798951685 ], [ 110.410949690394602, -66.329528798951685 ], [ 110.410903904246439, -66.329513536902297 ], [ 110.410873433698711, -66.32950593265312 ], [ 110.410819989750323, -66.32950593265312 ], [ 110.410774257153221, -66.329490670603747 ], [ 110.410751337303608, -66.329467750754134 ], [ 110.410705551155445, -66.329437226655358 ], [ 110.410675080607717, -66.329414413907855 ], [ 110.410652160758119, -66.329383836258017 ] ] ] ] } },
{ "type": "Feature", "properties": { "FEAT_TYPE": "Penguin", "UFI": 885641, "Q_INFO": 480, "DATASET_ID": 170, "COMMENTS": null, "COMMON_NAM": "Adelie Penguin", "SPECIES": null, "STATUS": null, "DB_DATE_CR": "2009-11-27", "DISPLAY": "50000, Heli op maps", "COUNT_NO": 0, "DATE_CAPTU": null, "DATE_FLAG": null }, "geometry": { "type": "MultiPolygon", "coordinates": [ [ [ [ 110.395477292480308, -66.401947009093504 ], [ 110.395439110581307, -66.401939404844342 ], [ 110.395400982233369, -66.401924089243892 ], [ 110.395416244282757, -66.401893618696164 ], [ 110.395469688231145, -66.401885960895953 ], [ 110.395477292480308, -66.401947009093504 ] ] ] ] } },
{ "type": "Feature", "properties": { "FEAT_TYPE": "Penguin", "UFI": 885657, "Q_INFO": 480, "DATASET_ID": 170, "COMMENTS": null, "COMMON_NAM": "Adelie Penguin", "SPECIES": null, "STATUS": null, "DB_DATE_CR": "2009-11-27", "DISPLAY": "50000, Heli op maps", "COUNT_NO": 0, "DATE_CAPTU": null, "DATE_FLAG": null }, "geometry": { "type": "MultiPolygon", "coordinates": [ [ [ [ 110.422927882264801, -66.407249473459302 ], [ 110.422889753916863, -66.407249473459302 ], [ 110.422843967768699, -66.407249473459302 ], [ 110.422813390118861, -66.407241815659077 ], [ 110.42276765752176, -66.407226553609689 ], [ 110.422729475622759, -66.407203687311124 ], [ 110.422699005075032, -66.407188425261751 ], [ 110.422729475622759, -66.407150296913798 ], [ 110.42276765752176, -66.407157901162975 ], [ 110.422813390118861, -66.407157901162975 ], [ 110.422851518466814, -66.407188425261751 ], [ 110.422882096116638, -66.407188425261751 ], [ 110.422904962415188, -66.407218895809478 ], [ 110.422927882264801, -66.407249473459302 ] ] ] ] } },
{ "type": "Feature", "properties": { "FEAT_TYPE": "Penguin", "UFI": 885661, "Q_INFO": 480, "DATASET_ID": 170, "COMMENTS": null, "COMMON_NAM": "Adelie Penguin", "SPECIES": null, "STATUS": null, "DB_DATE_CR": "2009-11-27", "DISPLAY": "50000, Heli op maps", "COUNT_NO": 0, "DATE_CAPTU": null, "DATE_FLAG": null }, "geometry": { "type": "MultiPolygon", "coordinates": [ [ [ [ 110.416412379503441, -66.407562265145174 ], [ 110.41646571634972, -66.407577527194562 ], [ 110.416458165651605, -66.407607997742289 ], [ 110.416412379503441, -66.407638575392113 ], [ 110.416412379503441, -66.407562265145174 ] ] ] ] } },
{ "type": "Feature", "properties": { "FEAT_TYPE": "Penguin", "UFI": 885665, "Q_INFO": 480, "DATASET_ID": 170, "COMMENTS": null, "COMMON_NAM": "Adelie Penguin", "SPECIES": null, "STATUS": null, "DB_DATE_CR": "2009-11-27", "DISPLAY": "50000, Heli op maps", "COUNT_NO": 0, "DATE_CAPTU": null, "DATE_FLAG": null }, "geometry": { "type": "MultiPolygon", "coordinates": [ [ [ [ 110.416816689934592, -66.408096329771652 ], [ 110.416885395932368, -66.408103934020829 ], [ 110.416931182080532, -66.408103934020829 ], [ 110.41696165262826, -66.408103934020829 ], [ 110.417015096576648, -66.408103934020829 ], [ 110.417045567124362, -66.408103934020829 ], [ 110.4170761447742, -66.408096329771652 ], [ 110.417121930922363, -66.408096329771652 ], [ 110.417160059270302, -66.408119196070203 ], [ 110.41709901107275, -66.408142115919816 ], [ 110.417030358626036, -66.408149720168979 ], [ 110.416976968228695, -66.408164982218381 ], [ 110.416938786329709, -66.408172586467543 ], [ 110.416908262230919, -66.408164982218381 ], [ 110.416870133882981, -66.408142115919816 ], [ 110.416839609784205, -66.408142115919816 ], [ 110.416816689934592, -66.408096329771652 ] ] ] ] } },
{ "type": "Feature", "properties": { "FEAT_TYPE": "Penguin", "UFI": 885668, "Q_INFO": 480, "DATASET_ID": 170, "COMMENTS": null, "COMMON_NAM": "Adelie Penguin", "SPECIES": null, "STATUS": null, "DB_DATE_CR": "2009-11-27", "DISPLAY": "50000, Heli op maps", "COUNT_NO": 0, "DATE_CAPTU": null, "DATE_FLAG": null }, "geometry": { "type": "MultiPolygon", "coordinates": [ [ [ [ 110.417282102114356, -66.408287025062435 ], [ 110.417259235815806, -66.408325206961422 ], [ 110.417213449667642, -66.408332811210585 ], [ 110.417198187618254, -66.408302340662857 ], [ 110.417228658165968, -66.408287025062435 ], [ 110.417282102114356, -66.408287025062435 ] ] ] ] } },
{ "type": "Feature", "properties": { "FEAT_TYPE": "Penguin", "UFI": 885672, "Q_INFO": 480, "DATASET_ID": 170, "COMMENTS": null, "COMMON_NAM": "Adelie Penguin", "SPECIES": null, "STATUS": null, "DB_DATE_CR": "2009-11-27", "DISPLAY": "50000, Heli op maps", "COUNT_NO": 0, "DATE_CAPTU": null, "DATE_FLAG": null }, "geometry": { "type": "MultiPolygon", "coordinates": [ [ [ [ 110.425460846952703, -66.408546479902014 ], [ 110.425430269302879, -66.408523560052416 ], [ 110.425407403004314, -66.408470169655089 ], [ 110.425460846952703, -66.408454854054639 ], [ 110.42549131750043, -66.408454854054639 ], [ 110.425521841599206, -66.408470169655089 ], [ 110.425552365697982, -66.408515902252191 ], [ 110.425498975300656, -66.408523560052416 ], [ 110.425460846952703, -66.408546479902014 ] ] ] ] } },
{ "type": "Feature", "properties": { "FEAT_TYPE": "Penguin", "UFI": 885673, "Q_INFO": 480, "DATASET_ID": 170, "COMMENTS": null, "COMMON_NAM": "Adelie Penguin", "SPECIES": null, "STATUS": null, "DB_DATE_CR": "2009-11-27", "DISPLAY": "50000, Heli op maps", "COUNT_NO": 0, "DATE_CAPTU": null, "DATE_FLAG": null }, "geometry": { "type": "MultiPolygon", "coordinates": [ [ [ [ 110.425544761448819, -66.408668522746069 ], [ 110.42549131750043, -66.408691389044634 ], [ 110.425453189152492, -66.408691389044634 ], [ 110.425415060804539, -66.408660864945858 ], [ 110.425422665053702, -66.408630394398131 ], [ 110.425445531352267, -66.408607474548518 ], [ 110.425476055451043, -66.408615132348743 ], [ 110.425521841599206, -66.408637998647293 ], [ 110.425544761448819, -66.408668522746069 ] ] ] ] } },
{ "type": "Feature", "properties": { "FEAT_TYPE": "Penguin", "UFI": 885675, "Q_INFO": 480, "DATASET_ID": 170, "COMMENTS": null, "COMMON_NAM": "Adelie Penguin", "SPECIES": null, "STATUS": null, "DB_DATE_CR": "2009-11-27", "DISPLAY": "50000, Heli op maps", "COUNT_NO": 0, "DATE_CAPTU": null, "DATE_FLAG": null }, "geometry": { "type": "MultiPolygon", "coordinates": [ [ [ [ 110.426223788768951, -66.40946959291027 ], [ 110.426193211119127, -66.409454330860882 ], [ 110.426162740571399, -66.409431464562317 ], [ 110.426132216472624, -66.409400940463541 ], [ 110.426101692373848, -66.409400940463541 ], [ 110.426063510474847, -66.409400940463541 ], [ 110.426033039927134, -66.409400940463541 ], [ 110.426010120077521, -66.409378074164991 ], [ 110.426040697727345, -66.409362758564555 ], [ 110.426078826075297, -66.409362758564555 ], [ 110.426109296623011, -66.409362758564555 ], [ 110.426139820721787, -66.40935520786644 ], [ 110.426170344820562, -66.40935520786644 ], [ 110.426208473168515, -66.409362758564555 ], [ 110.426246655067516, -66.409370416364766 ], [ 110.426277179166291, -66.409378074164991 ], [ 110.426322965314455, -66.409370416364766 ], [ 110.42633817381278, -66.409400940463541 ], [ 110.426322965314455, -66.409431464562317 ], [ 110.42631530751423, -66.409461935110045 ], [ 110.426269521366066, -66.409461935110045 ], [ 110.426223788768951, -66.40946959291027 ] ] ] ] } },
{ "type": "Feature", "properties": { "FEAT_TYPE": "Penguin", "UFI": 885679, "Q_INFO": 480, "DATASET_ID": 170, "COMMENTS": null, "COMMON_NAM": "Adelie Penguin", "SPECIES": null, "STATUS": null, "DB_DATE_CR": "2009-11-27", "DISPLAY": "50000, Heli op maps", "COUNT_NO": 0, "DATE_CAPTU": null, "DATE_FLAG": null }, "geometry": { "type": "MultiPolygon", "coordinates": [ [ [ [ 110.469383204355623, -66.412002557598171 ], [ 110.469337471758521, -66.41202547744777 ], [ 110.469291685610344, -66.412033081696947 ], [ 110.469261161511568, -66.412048343746335 ], [ 110.46922303316363, -66.412055947995498 ], [ 110.469192509064854, -66.412055947995498 ], [ 110.469154380716915, -66.412048343746335 ], [ 110.46914672291669, -66.412017819647559 ], [ 110.469177247015466, -66.412010215398396 ], [ 110.469215428914467, -66.412002557598171 ], [ 110.469238241661969, -66.411972087050444 ], [ 110.469261161511568, -66.411949167200845 ], [ 110.469238241661969, -66.41192630090228 ], [ 110.46924589946218, -66.411895723252456 ], [ 110.469284027810133, -66.411903381052667 ], [ 110.469337471758521, -66.411918643102069 ], [ 110.469306947659746, -66.411949167200845 ], [ 110.469337471758521, -66.411964429250219 ], [ 110.469383204355623, -66.412002557598171 ] ] ] ] } },
{ "type": "Feature", "properties": { "FEAT_TYPE": "Penguin", "UFI": 885682, "Q_INFO": 480, "DATASET_ID": 170, "COMMENTS": null, "COMMON_NAM": "Adelie Penguin", "SPECIES": null, "STATUS": null, "DB_DATE_CR": "2009-11-27", "DISPLAY": "50000, Heli op maps", "COUNT_NO": 0, "DATE_CAPTU": null, "DATE_FLAG": null }, "geometry": { "type": "MultiPolygon", "coordinates": [ [ [ [ 110.469917268982101, -66.411972087050444 ], [ 110.469963055130265, -66.41194150940062 ], [ 110.46999357922904, -66.411972087050444 ], [ 110.469947793080877, -66.411994899797946 ], [ 110.469917268982101, -66.411972087050444 ] ] ] ] } },
{ "type": "Feature", "properties": { "FEAT_TYPE": "Penguin", "UFI": 885683, "Q_INFO": 480, "DATASET_ID": 170, "COMMENTS": null, "COMMON_NAM": "Adelie Penguin", "SPECIES": null, "STATUS": null, "DB_DATE_CR": "2009-11-27", "DISPLAY": "50000, Heli op maps", "COUNT_NO": 0, "DATE_CAPTU": null, "DATE_FLAG": null }, "geometry": { "type": "MultiPolygon", "coordinates": [ [ [ [ 110.469810488187449, -66.412017819647559 ], [ 110.469795226138046, -66.412071263595948 ], [ 110.46975704423906, -66.412094129894498 ], [ 110.469726573691332, -66.412094129894498 ], [ 110.469673129742944, -66.412094129894498 ], [ 110.469612081545392, -66.412101734143675 ], [ 110.469551086898903, -66.412055947995498 ], [ 110.469573953197454, -66.412033081696947 ], [ 110.469612081545392, -66.412010215398396 ], [ 110.469665525493781, -66.411994899797946 ], [ 110.469696049592557, -66.411987295548784 ], [ 110.469726573691332, -66.411979637748573 ], [ 110.469779964088659, -66.411979637748573 ], [ 110.469810488187449, -66.411987295548784 ], [ 110.469810488187449, -66.412017819647559 ] ] ] ] } },
{ "type": "Feature", "properties": { "FEAT_TYPE": "Penguin", "UFI": 885691, "Q_INFO": 480, "DATASET_ID": 170, "COMMENTS": null, "COMMON_NAM": "Adelie Penguin", "SPECIES": null, "STATUS": null, "DB_DATE_CR": "2009-11-27", "DISPLAY": "50000, Heli op maps", "COUNT_NO": 0, "DATE_CAPTU": null, "DATE_FLAG": null }, "geometry": { "type": "MultiPolygon", "coordinates": [ [ [ [ 110.431510937534313, -66.412445103479371 ], [ 110.431457547136972, -66.41243744567916 ], [ 110.431419365237971, -66.412429787878935 ], [ 110.43137363264087, -66.412422183629758 ], [ 110.431335450741869, -66.412422183629758 ], [ 110.431274402544318, -66.412414525829547 ], [ 110.43123627419638, -66.412384055281819 ], [ 110.431205750097604, -66.412391659530982 ], [ 110.431159963949426, -66.412406921580384 ], [ 110.431121835601488, -66.412422183629758 ], [ 110.431091311502712, -66.412422183629758 ], [ 110.431060787403936, -66.412414525829547 ], [ 110.431022659055998, -66.412406921580384 ], [ 110.431030263305161, -66.412368739681384 ], [ 110.431068391653099, -66.412361135432207 ], [ 110.431098915751875, -66.412353531183044 ], [ 110.43112943985065, -66.412330611333431 ], [ 110.431159963949426, -66.412315349284057 ], [ 110.431198092297379, -66.412300140785703 ], [ 110.431243878445542, -66.412292482985492 ], [ 110.431297268842869, -66.412284825185282 ], [ 110.431327846492707, -66.412284825185282 ], [ 110.43135831704042, -66.412292482985492 ], [ 110.431411760988809, -66.412300140785703 ], [ 110.431396498939421, -66.412338269133656 ], [ 110.431427023038196, -66.412361135432207 ], [ 110.431457547136972, -66.412361135432207 ], [ 110.4314880176847, -66.412384055281819 ], [ 110.431518595334524, -66.412391659530982 ], [ 110.431564327931639, -66.412391659530982 ], [ 110.431556723682476, -66.41243744567916 ], [ 110.431510937534313, -66.412445103479371 ] ] ] ] } },
{ "type": "Feature", "properties": { "FEAT_TYPE": "Penguin", "UFI": 885708, "Q_INFO": 480, "DATASET_ID": 170, "COMMENTS": null, "COMMON_NAM": "Adelie Penguin", "SPECIES": null, "STATUS": null, "DB_DATE_CR": "2009-11-27", "DISPLAY": "50000, Heli op maps", "COUNT_NO": 0, "DATE_CAPTU": null, "DATE_FLAG": null }, "geometry": { "type": "MultiPolygon", "coordinates": [ [ [ [ 110.437232974380649, -66.414138762553037 ], [ 110.437187188232471, -66.41413115830386 ], [ 110.437171926183083, -66.414093029955922 ], [ 110.437202450281859, -66.414062505857146 ], [ 110.437248236430037, -66.414070163657357 ], [ 110.437286418329023, -66.414077714355486 ], [ 110.437309284627588, -66.414115896254486 ], [ 110.437263498479425, -66.41413115830386 ], [ 110.437232974380649, -66.414138762553037 ] ] ] ] } },
{ "type": "Feature", "properties": { "FEAT_TYPE": "Penguin", "UFI": 885712, "Q_INFO": 480, "DATASET_ID": 170, "COMMENTS": null, "COMMON_NAM": "Adelie Penguin", "SPECIES": null, "STATUS": null, "DB_DATE_CR": "2009-11-27", "DISPLAY": "50000, Heli op maps", "COUNT_NO": 0, "DATE_CAPTU": null, "DATE_FLAG": null }, "geometry": { "type": "MultiPolygon", "coordinates": [ [ [ [ 110.43630215002112, -66.414321907145691 ], [ 110.436256417424019, -66.414352431244467 ], [ 110.436202973475631, -66.414344773444242 ], [ 110.436157187327467, -66.414337169195079 ], [ 110.436119058979514, -66.414329511394868 ], [ 110.436080930631576, -66.414321907145691 ], [ 110.436050460083848, -66.414329511394868 ], [ 110.436004620384637, -66.414321907145691 ], [ 110.435966492036698, -66.414321907145691 ], [ 110.435935967937908, -66.414314302896514 ], [ 110.435905497390195, -66.414306645096303 ], [ 110.435867315491194, -66.414291383046915 ], [ 110.435806267293643, -66.414276120997528 ], [ 110.435813871542805, -66.414245596898752 ], [ 110.43579866304448, -66.414215126351024 ], [ 110.435844449192643, -66.414199810750588 ], [ 110.43589783958997, -66.414184548701201 ], [ 110.435935967937908, -66.414176944452038 ], [ 110.435943625738133, -66.414146420353262 ], [ 110.436012278184862, -66.414154078153473 ], [ 110.436065668582188, -66.414169340202861 ], [ 110.436096192680964, -66.414169340202861 ], [ 110.436126716779739, -66.414184548701201 ], [ 110.436180107177066, -66.414176944452038 ], [ 110.436218235525018, -66.414176944452038 ], [ 110.436248759623794, -66.414184548701201 ], [ 110.43627928372257, -66.414176944452038 ], [ 110.436309807821345, -66.414199810750588 ], [ 110.436294545771958, -66.414230334849364 ], [ 110.436309807821345, -66.41426085894814 ], [ 110.436256417424019, -66.414299040847141 ], [ 110.43630215002112, -66.414321907145691 ] ] ] ] } },
{ "type": "Feature", "properties": { "FEAT_TYPE": "Penguin", "UFI": 885714, "Q_INFO": 480, "DATASET_ID": 170, "COMMENTS": null, "COMMON_NAM": "Adelie Penguin", "SPECIES": null, "STATUS": null, "DB_DATE_CR": "2009-11-27", "DISPLAY": "50000, Heli op maps", "COUNT_NO": 0, "DATE_CAPTU": null, "DATE_FLAG": null }, "geometry": { "type": "MultiPolygon", "coordinates": [ [ [ [ 110.436675989904558, -66.414375297543017 ], [ 110.436614995258054, -66.414382955343243 ], [ 110.436576813359054, -66.414375297543017 ], [ 110.436523476512775, -66.414367639742807 ], [ 110.436492898862952, -66.414360089044692 ], [ 110.436454770514999, -66.414352431244467 ], [ 110.436424246416223, -66.414337169195079 ], [ 110.436378513819122, -66.414299040847141 ], [ 110.436424246416223, -66.414276120997528 ], [ 110.436477690364612, -66.41428372524669 ], [ 110.43653102721089, -66.414291383046915 ], [ 110.436561604860728, -66.414299040847141 ], [ 110.436614995258054, -66.414314302896514 ], [ 110.436637861556605, -66.414337169195079 ], [ 110.436668439206443, -66.414344773444242 ], [ 110.436675989904558, -66.414375297543017 ] ] ] ] } },
{ "type": "Feature", "properties": { "FEAT_TYPE": "Penguin", "UFI": 885728, "Q_INFO": 480, "DATASET_ID": 170, "COMMENTS": null, "COMMON_NAM": "Adelie Penguin", "SPECIES": null, "STATUS": null, "DB_DATE_CR": "2009-11-27", "DISPLAY": "50000, Heli op maps", "COUNT_NO": 0, "DATE_CAPTU": null, "DATE_FLAG": null }, "geometry": { "type": "MultiPolygon", "coordinates": [ [ [ [ 110.514816290443761, -66.44982909182238 ], [ 110.514762846495373, -66.449867273721367 ], [ 110.514732375947659, -66.449874877970544 ], [ 110.514694247599707, -66.449874877970544 ], [ 110.514678931999271, -66.449844353871768 ], [ 110.514671327750108, -66.449790963474442 ], [ 110.514709456098046, -66.449798567723604 ], [ 110.514739980196822, -66.449813829772992 ], [ 110.514770504295598, -66.449821487573217 ], [ 110.514816290443761, -66.44982909182238 ] ] ] ] } },
{ "type": "Feature", "properties": { "FEAT_TYPE": "Penguin", "UFI": 885729, "Q_INFO": 480, "DATASET_ID": 170, "COMMENTS": null, "COMMON_NAM": "Adelie Penguin", "SPECIES": null, "STATUS": null, "DB_DATE_CR": "2009-11-27", "DISPLAY": "50000, Heli op maps", "COUNT_NO": 0, "DATE_CAPTU": null, "DATE_FLAG": null }, "geometry": { "type": "MultiPolygon", "coordinates": [ [ [ [ 110.514884942890475, -66.449836696071543 ], [ 110.514930729038653, -66.449813829772992 ], [ 110.514976515186817, -66.449806225523815 ], [ 110.51500698573453, -66.449806225523815 ], [ 110.515045167633531, -66.449821487573217 ], [ 110.515090900230646, -66.449852011671993 ], [ 110.515159606228409, -66.449874877970544 ], [ 110.515167264028634, -66.449905402069319 ], [ 110.51512147788047, -66.449913059869544 ], [ 110.515090900230646, -66.449913059869544 ], [ 110.515045167633531, -66.449905402069319 ], [ 110.514999381485367, -66.449905402069319 ], [ 110.514953595337204, -66.449897744269094 ], [ 110.514915466989265, -66.449897744269094 ], [ 110.514877338641313, -66.449882482219721 ], [ 110.514884942890475, -66.449836696071543 ] ] ] ] } },
{ "type": "Feature", "properties": { "FEAT_TYPE": "Penguin", "UFI": 885731, "Q_INFO": 480, "DATASET_ID": 170, "COMMENTS": null, "COMMON_NAM": "Adelie Penguin", "SPECIES": null, "STATUS": null, "DB_DATE_CR": "2009-11-27", "DISPLAY": "50000, Heli op maps", "COUNT_NO": 0, "DATE_CAPTU": null, "DATE_FLAG": null }, "geometry": { "type": "MultiPolygon", "coordinates": [ [ [ [ 110.513992300429962, -66.450134279259089 ], [ 110.514060952876676, -66.450126621458878 ], [ 110.514091476975452, -66.450134279259089 ], [ 110.514129658874452, -66.450164749806817 ], [ 110.514106739024839, -66.45018766965643 ], [ 110.514122001074227, -66.450218193755205 ], [ 110.514099134775677, -66.450241113604804 ], [ 110.514068610676901, -66.450218193755205 ], [ 110.514045690827288, -66.45018766965643 ], [ 110.514022824528737, -66.450164749806817 ], [ 110.513992300429962, -66.450134279259089 ] ] ] ] } },
{ "type": "Feature", "properties": { "FEAT_TYPE": "Penguin", "UFI": 885733, "Q_INFO": 480, "DATASET_ID": 170, "COMMENTS": null, "COMMON_NAM": "Adelie Penguin", "SPECIES": null, "STATUS": null, "DB_DATE_CR": "2009-11-27", "DISPLAY": "50000, Heli op maps", "COUNT_NO": 0, "DATE_CAPTU": null, "DATE_FLAG": null }, "geometry": { "type": "MultiPolygon", "coordinates": [ [ [ [ 110.511695870732055, -66.453285223069571 ], [ 110.511756865378544, -66.453285223069571 ], [ 110.511787443028382, -66.453292880869796 ], [ 110.51182557137632, -66.453269961020197 ], [ 110.511863699724259, -66.45322417487202 ], [ 110.511901828072212, -66.45322417487202 ], [ 110.511962876269763, -66.453231832672245 ], [ 110.512016320218152, -66.453239436921422 ], [ 110.511978138319151, -66.45327756526936 ], [ 110.511932405722035, -66.453292880869796 ], [ 110.511901828072212, -66.453300485118973 ], [ 110.511871357524484, -66.453323351417524 ], [ 110.511909485872437, -66.453353929067347 ], [ 110.511940009971212, -66.453361479765476 ], [ 110.511978138319151, -66.453369137565687 ], [ 110.512016320218152, -66.453384399615075 ], [ 110.512062052815253, -66.453407265913626 ], [ 110.512115496763641, -66.453422527963028 ], [ 110.512161282911805, -66.453437790012401 ], [ 110.512214673309145, -66.453445447812626 ], [ 110.51220701550892, -66.453498838209953 ], [ 110.512168887160982, -66.453498838209953 ], [ 110.512145967311369, -66.453475971911402 ], [ 110.512077368415703, -66.453453052061803 ], [ 110.512039186516702, -66.453437790012401 ], [ 110.512001004617701, -66.453430185763239 ], [ 110.5119552720206, -66.453422527963028 ], [ 110.511917090121599, -66.453414923713851 ], [ 110.511878961773647, -66.453384399615075 ], [ 110.51182557137632, -66.453361479765476 ], [ 110.511795047277545, -66.453346271267122 ], [ 110.511756865378544, -66.453338613466912 ], [ 110.511695870732055, -66.453285223069571 ] ] ] ] } },
{ "type": "Feature", "properties": { "FEAT_TYPE": "Penguin", "UFI": 885776, "Q_INFO": 480, "DATASET_ID": 170, "COMMENTS": null, "COMMON_NAM": "Adelie Penguin", "SPECIES": null, "STATUS": null, "DB_DATE_CR": "2009-11-27", "DISPLAY": "50000, Heli op maps", "COUNT_NO": 0, "DATE_CAPTU": null, "DATE_FLAG": null }, "geometry": { "type": "MultiPolygon", "coordinates": [ [ [ [ 110.502326953796683, -66.465614281422546 ], [ 110.502365082144635, -66.465599072924221 ], [ 110.502395659794459, -66.465621939222771 ], [ 110.502388001994248, -66.465652463321547 ], [ 110.502357477895458, -66.465652463321547 ], [ 110.502304087498132, -66.465660067570724 ], [ 110.502326953796683, -66.465614281422546 ] ] ] ] } },
{ "type": "Feature", "properties": { "FEAT_TYPE": "Penguin", "UFI": 885785, "Q_INFO": 480, "DATASET_ID": 170, "COMMENTS": null, "COMMON_NAM": "Adelie Penguin", "SPECIES": null, "STATUS": null, "DB_DATE_CR": "2009-11-27", "DISPLAY": "50000, Heli op maps", "COUNT_NO": 0, "DATE_CAPTU": null, "DATE_FLAG": null }, "geometry": { "type": "MultiPolygon", "coordinates": [ [ [ [ 110.494186390857337, -66.468261738256388 ], [ 110.494087214311833, -66.468246476207 ], [ 110.494094872112058, -66.468215952108224 ], [ 110.494140604709173, -66.468208294307999 ], [ 110.494186390857337, -66.468261738256388 ] ] ] ] } },
{ "type": "Feature", "properties": { "FEAT_TYPE": "Penguin", "UFI": 885787, "Q_INFO": 480, "DATASET_ID": 170, "COMMENTS": null, "COMMON_NAM": "Adelie Penguin", "SPECIES": null, "STATUS": null, "DB_DATE_CR": "2009-11-27", "DISPLAY": "50000, Heli op maps", "COUNT_NO": 0, "DATE_CAPTU": null, "DATE_FLAG": null }, "geometry": { "type": "MultiPolygon", "coordinates": [ [ [ [ 110.494758583831754, -66.469993579229055 ], [ 110.494819632029305, -66.46997071293049 ], [ 110.494857813928306, -66.469955450881102 ], [ 110.494903546525421, -66.469963055130279 ], [ 110.494880680226871, -66.469993579229055 ], [ 110.494865418177483, -66.470031761128041 ], [ 110.494903546525421, -66.470046969626381 ], [ 110.494934070624197, -66.470092755774544 ], [ 110.494895942276258, -66.470100413574755 ], [ 110.494834894078693, -66.470092755774544 ], [ 110.494796765730754, -66.470085151525382 ], [ 110.494743321782366, -66.470039365377204 ], [ 110.494773899432204, -66.47002410332783 ], [ 110.494758583831754, -66.469993579229055 ] ] ] ] } },
{ "type": "Feature", "properties": { "FEAT_TYPE": "Penguin", "UFI": 885347, "Q_INFO": 480, "DATASET_ID": 170, "COMMENTS": null, "COMMON_NAM": "Adelie Penguin", "SPECIES": null, "STATUS": null, "DB_DATE_CR": "2009-11-27", "DISPLAY": "50000, Heli op maps", "COUNT_NO": 0, "DATE_CAPTU": null, "DATE_FLAG": null }, "geometry": { "type": "MultiPolygon", "coordinates": [ [ [ [ 110.414787319325455, -66.176467901232584 ], [ 110.414749137426455, -66.176445034934034 ], [ 110.414711009078516, -66.176429772884632 ], [ 110.414749137426455, -66.176406853035033 ], [ 110.414794923574618, -66.176399195234808 ], [ 110.414833105473619, -66.176391590985645 ], [ 110.414863576021332, -66.176391590985645 ], [ 110.414909362169496, -66.17641445728421 ], [ 110.414909362169496, -66.176445034934034 ], [ 110.414840656171734, -66.176445034934034 ], [ 110.414787319325455, -66.176467901232584 ] ] ] ] } },
{ "type": "Feature", "properties": { "FEAT_TYPE": "Penguin", "UFI": 885360, "Q_INFO": 480, "DATASET_ID": 170, "COMMENTS": null, "COMMON_NAM": "Adelie Penguin", "SPECIES": null, "STATUS": null, "DB_DATE_CR": "2009-11-27", "DISPLAY": "50000, Heli op maps", "COUNT_NO": 0, "DATE_CAPTU": null, "DATE_FLAG": null }, "geometry": { "type": "MultiPolygon", "coordinates": [ [ [ [ 110.418945290640295, -66.177093484604342 ], [ 110.418899504492131, -66.177078222554954 ], [ 110.418884295993792, -66.177040094207001 ], [ 110.418937686391132, -66.177040094207001 ], [ 110.418983472539296, -66.177040094207001 ], [ 110.419021600887234, -66.177055356256403 ], [ 110.418975868290119, -66.177078222554954 ], [ 110.418945290640295, -66.177093484604342 ] ] ] ] } },
{ "type": "Feature", "properties": { "FEAT_TYPE": "Penguin", "UFI": 885365, "Q_INFO": 480, "DATASET_ID": 170, "COMMENTS": null, "COMMON_NAM": "Adelie Penguin", "SPECIES": null, "STATUS": null, "DB_DATE_CR": "2009-11-27", "DISPLAY": "50000, Heli op maps", "COUNT_NO": 0, "DATE_CAPTU": null, "DATE_FLAG": null }, "geometry": { "type": "MultiPolygon", "coordinates": [ [ [ [ 110.418296840969987, -66.17734528164371 ], [ 110.418357889167538, -66.17734528164371 ], [ 110.418342573567088, -66.177375805742486 ], [ 110.418296840969987, -66.17734528164371 ] ] ] ] } },
{ "type": "Feature", "properties": { "FEAT_TYPE": "Penguin", "UFI": 885366, "Q_INFO": 480, "DATASET_ID": 170, "COMMENTS": null, "COMMON_NAM": "Adelie Penguin", "SPECIES": null, "STATUS": null, "DB_DATE_CR": "2009-11-27", "DISPLAY": "50000, Heli op maps", "COUNT_NO": 0, "DATE_CAPTU": null, "DATE_FLAG": null }, "geometry": { "type": "MultiPolygon", "coordinates": [ [ [ [ 110.417823770989997, -66.177574158833494 ], [ 110.417785642642059, -66.177558896784092 ], [ 110.417785642642059, -66.177528372685316 ], [ 110.417831428790223, -66.177513110635942 ], [ 110.417846637288562, -66.177551238983881 ], [ 110.417823770989997, -66.177574158833494 ] ] ] ] } },
{ "type": "Feature", "properties": { "FEAT_TYPE": "Penguin", "UFI": 885379, "Q_INFO": 480, "DATASET_ID": 170, "COMMENTS": null, "COMMON_NAM": "Adelie Penguin", "SPECIES": null, "STATUS": null, "DB_DATE_CR": "2009-11-27", "DISPLAY": "50000, Heli op maps", "COUNT_NO": 0, "DATE_CAPTU": null, "DATE_FLAG": null }, "geometry": { "type": "MultiPolygon", "coordinates": [ [ [ [ 110.416740433238715, -66.17858889768911 ], [ 110.416709909139939, -66.178581239888899 ], [ 110.416679385041164, -66.178581239888899 ], [ 110.416679385041164, -66.178550715790124 ], [ 110.41673277543849, -66.178535453740722 ], [ 110.416778561586653, -66.178527849491559 ], [ 110.416824347734817, -66.178512587442171 ], [ 110.416862476082756, -66.178512587442171 ], [ 110.416893000181531, -66.178512587442171 ], [ 110.416931182080532, -66.178520191691348 ], [ 110.416969310428485, -66.178527849491559 ], [ 110.417007438776423, -66.178512587442171 ], [ 110.417045567124362, -66.178504929641946 ], [ 110.417083695472314, -66.178504929641946 ], [ 110.417114273122138, -66.178497271841735 ], [ 110.417160059270302, -66.178512587442171 ], [ 110.417121930922363, -66.178543111540947 ], [ 110.417091353272525, -66.178550715790124 ], [ 110.417045567124362, -66.178558320039286 ], [ 110.416992176727035, -66.178565977839497 ], [ 110.416938786329709, -66.178573635639722 ], [ 110.416885395932368, -66.178581239888899 ], [ 110.416824347734817, -66.178581239888899 ], [ 110.416786219386879, -66.178581239888899 ], [ 110.416740433238715, -66.17858889768911 ] ] ] ] } },
{ "type": "Feature", "properties": { "FEAT_TYPE": "Penguin", "UFI": 885389, "Q_INFO": 480, "DATASET_ID": 170, "COMMENTS": null, "COMMON_NAM": "Adelie Penguin", "SPECIES": null, "STATUS": null, "DB_DATE_CR": "2009-11-27", "DISPLAY": "50000, Heli op maps", "COUNT_NO": 0, "DATE_CAPTU": null, "DATE_FLAG": null }, "geometry": { "type": "MultiPolygon", "coordinates": [ [ [ [ 110.416450507851394, -66.179008470169663 ], [ 110.416404721703216, -66.179000865920486 ], [ 110.41636653980423, -66.179008470169663 ], [ 110.416320807207114, -66.179008470169663 ], [ 110.416275021058951, -66.178993208120261 ], [ 110.4162521547604, -66.17897034182171 ], [ 110.416290283108339, -66.178955079772322 ], [ 110.416328411456277, -66.178947421972111 ], [ 110.41636653980423, -66.178932159922709 ], [ 110.416397117454054, -66.178924609224595 ], [ 110.416427588001781, -66.178924609224595 ], [ 110.416458165651605, -66.178924609224595 ], [ 110.416488636199333, -66.178924609224595 ], [ 110.416519160298108, -66.178924609224595 ], [ 110.416549684396884, -66.178924609224595 ], [ 110.416595470545047, -66.178924609224595 ], [ 110.416625994643823, -66.178916951424384 ], [ 110.416656465191551, -66.178916951424384 ], [ 110.416709909139939, -66.178932159922709 ], [ 110.416748037487878, -66.178955079772322 ], [ 110.416809085685429, -66.178947421972111 ], [ 110.416854871833593, -66.178947421972111 ], [ 110.416893000181531, -66.178947421972111 ], [ 110.416923524280321, -66.178939817722934 ], [ 110.417045567124362, -66.178932159922709 ], [ 110.417083695472314, -66.178932159922709 ], [ 110.417114273122138, -66.178932159922709 ], [ 110.417152401470076, -66.178939817722934 ], [ 110.417205791867417, -66.178924609224595 ], [ 110.417251578015581, -66.178924609224595 ], [ 110.417289706363519, -66.178924609224595 ], [ 110.41732788826252, -66.178916951424384 ], [ 110.417373620859635, -66.178924609224595 ], [ 110.417396540709234, -66.178947421972111 ], [ 110.417373620859635, -66.17897034182171 ], [ 110.417343150311908, -66.178977946070887 ], [ 110.417305021963969, -66.178985603871098 ], [ 110.417251578015581, -66.178993208120261 ], [ 110.417190529818029, -66.178985603871098 ], [ 110.417160059270302, -66.178985603871098 ], [ 110.417129481620478, -66.178993208120261 ], [ 110.417053224924587, -66.178993208120261 ], [ 110.417015096576648, -66.178993208120261 ], [ 110.416969310428485, -66.179000865920486 ], [ 110.416938786329709, -66.179000865920486 ], [ 110.416908262230919, -66.179000865920486 ], [ 110.416870133882981, -66.179000865920486 ], [ 110.416816689934592, -66.178993208120261 ], [ 110.416786219386879, -66.178993208120261 ], [ 110.416740433238715, -66.178985603871098 ], [ 110.416687042841374, -66.179000865920486 ], [ 110.416656465191551, -66.179000865920486 ], [ 110.416610679043387, -66.178985603871098 ], [ 110.416572550695435, -66.17897034182171 ], [ 110.416542080147721, -66.178977946070887 ], [ 110.416503951799768, -66.178993208120261 ], [ 110.416450507851394, -66.179008470169663 ] ] ] ] } },
{ "type": "Feature", "properties": { "FEAT_TYPE": "Penguin", "UFI": 885392, "Q_INFO": 480, "DATASET_ID": 170, "COMMENTS": null, "COMMON_NAM": "Adelie Penguin", "SPECIES": null, "STATUS": null, "DB_DATE_CR": "2009-11-27", "DISPLAY": "50000, Heli op maps", "COUNT_NO": 0, "DATE_CAPTU": null, "DATE_FLAG": null }, "geometry": { "type": "MultiPolygon", "coordinates": [ [ [ [ 110.418334969317925, -66.179130566564766 ], [ 110.41830444521915, -66.179130566564766 ], [ 110.418266316871211, -66.179130566564766 ], [ 110.418235792772435, -66.179122908764541 ], [ 110.41820526867366, -66.179107700266201 ], [ 110.418197610873435, -66.179069518367214 ], [ 110.41820526867366, -66.179038994268439 ], [ 110.418235792772435, -66.179031336468213 ], [ 110.418266316871211, -66.179023732219036 ], [ 110.41830444521915, -66.179031336468213 ], [ 110.4183273115177, -66.179054256317812 ], [ 110.418365493416701, -66.179077122616377 ], [ 110.418334969317925, -66.179130566564766 ] ] ] ] } },
{ "type": "Feature", "properties": { "FEAT_TYPE": "Penguin", "UFI": 885393, "Q_INFO": 480, "DATASET_ID": 170, "COMMENTS": null, "COMMON_NAM": "Adelie Penguin", "SPECIES": null, "STATUS": null, "DB_DATE_CR": "2009-11-27", "DISPLAY": "50000, Heli op maps", "COUNT_NO": 0, "DATE_CAPTU": null, "DATE_FLAG": null }, "geometry": { "type": "MultiPolygon", "coordinates": [ [ [ [ 110.639717100510495, -66.215537997951145 ], [ 110.639762886658673, -66.215537997951145 ], [ 110.639793357206386, -66.215522789452791 ], [ 110.639823934856224, -66.215522789452791 ], [ 110.639862063204163, -66.21551513165258 ], [ 110.639884929502713, -66.215537997951145 ], [ 110.639846801154775, -66.215560917800744 ], [ 110.639793357206386, -66.215576179850132 ], [ 110.639762886658673, -66.215576179850132 ], [ 110.639732362559897, -66.215576179850132 ], [ 110.639717100510495, -66.215537997951145 ] ] ] ] } },
{ "type": "Feature", "properties": { "FEAT_TYPE": "Penguin", "UFI": 885407, "Q_INFO": 480, "DATASET_ID": 170, "COMMENTS": null, "COMMON_NAM": "Adelie Penguin", "SPECIES": null, "STATUS": null, "DB_DATE_CR": "2009-11-27", "DISPLAY": "50000, Heli op maps", "COUNT_NO": 0, "DATE_CAPTU": null, "DATE_FLAG": null }, "geometry": { "type": "MultiPolygon", "coordinates": [ [ [ [ 110.60858155584009, -66.215965228231894 ], [ 110.608627288437205, -66.215950019733555 ], [ 110.608665470336206, -66.21598054383233 ], [ 110.608619684188028, -66.215995805881732 ], [ 110.60858155584009, -66.215965228231894 ] ] ] ] } },
{ "type": "Feature", "properties": { "FEAT_TYPE": "Penguin", "UFI": 885408, "Q_INFO": 480, "DATASET_ID": 170, "COMMENTS": null, "COMMON_NAM": "Adelie Penguin", "SPECIES": null, "STATUS": null, "DB_DATE_CR": "2009-11-27", "DISPLAY": "50000, Heli op maps", "COUNT_NO": 0, "DATE_CAPTU": null, "DATE_FLAG": null }, "geometry": { "type": "MultiPolygon", "coordinates": [ [ [ [ 110.641761786720096, -66.216133110775161 ], [ 110.641738920421531, -66.216087324627011 ], [ 110.64170073852253, -66.216079720377834 ], [ 110.641670214423755, -66.216072062577609 ], [ 110.641639743876041, -66.216072062577609 ], [ 110.641593957727878, -66.216056854079284 ], [ 110.641555775828877, -66.216049196279059 ], [ 110.641525251730101, -66.21602627642946 ], [ 110.641494781182374, -66.21602627642946 ], [ 110.64146420353255, -66.216011067931106 ], [ 110.641418417384386, -66.216003410130895 ], [ 110.641395604636884, -66.21597288603212 ], [ 110.641418417384386, -66.215950019733555 ], [ 110.64146420353255, -66.215950019733555 ], [ 110.641494781182374, -66.215965228231894 ], [ 110.641532909530326, -66.215965228231894 ], [ 110.641571037878265, -66.21598054383233 ], [ 110.641639743876041, -66.215988148081507 ], [ 110.641670214423755, -66.215995805881732 ], [ 110.641693134273368, -66.216018672180283 ], [ 110.641716000571918, -66.216041592029882 ], [ 110.641754128919871, -66.216049196279059 ], [ 110.641784706569695, -66.216056854079284 ], [ 110.641838096967035, -66.216087324627011 ], [ 110.641815177117422, -66.216110190925562 ], [ 110.641761786720096, -66.216133110775161 ] ] ] ] } },
{ "type": "Feature", "properties": { "FEAT_TYPE": "Penguin", "UFI": 885410, "Q_INFO": 480, "DATASET_ID": 170, "COMMENTS": null, "COMMON_NAM": "Adelie Penguin", "SPECIES": null, "STATUS": null, "DB_DATE_CR": "2009-11-27", "DISPLAY": "50000, Heli op maps", "COUNT_NO": 0, "DATE_CAPTU": null, "DATE_FLAG": null }, "geometry": { "type": "MultiPolygon", "coordinates": [ [ [ [ 110.640686053217962, -66.216194158972712 ], [ 110.640640267069799, -66.216186554723549 ], [ 110.640602085170798, -66.216178896923338 ], [ 110.640563956822859, -66.216186554723549 ], [ 110.640518170674696, -66.216186554723549 ], [ 110.640472384526532, -66.216194158972712 ], [ 110.640441913978805, -66.216171239123113 ], [ 110.640411336328981, -66.216171239123113 ], [ 110.640365603731865, -66.216155977073726 ], [ 110.64033507963309, -66.216133110775161 ], [ 110.640357999482703, -66.216110190925562 ], [ 110.640388470030416, -66.216094982427222 ], [ 110.640418994129192, -66.216094982427222 ], [ 110.640449518227967, -66.216087324627011 ], [ 110.640480042326757, -66.216079720377834 ], [ 110.640525828474921, -66.216079720377834 ], [ 110.640556299022634, -66.216102640227447 ], [ 110.640586876672472, -66.216117848725787 ], [ 110.640625005020411, -66.216117848725787 ], [ 110.640655475568138, -66.216117848725787 ], [ 110.640693711018187, -66.216110190925562 ], [ 110.640724181565901, -66.216094982427222 ], [ 110.640754705664691, -66.216079720377834 ], [ 110.640785229763466, -66.216056854079284 ], [ 110.64083101591163, -66.216049196279059 ], [ 110.640876802059793, -66.216041592029882 ], [ 110.640914930407732, -66.216041592029882 ], [ 110.640960716555895, -66.216041592029882 ], [ 110.640998844903848, -66.216056854079284 ], [ 110.641036973251786, -66.216049196279059 ], [ 110.641075155150787, -66.216056854079284 ], [ 110.641090363649113, -66.216087324627011 ], [ 110.641059893101399, -66.216094982427222 ], [ 110.641029315451561, -66.216110190925562 ], [ 110.641006449153011, -66.216133110775161 ], [ 110.640975978605283, -66.216140768575386 ], [ 110.640922534656895, -66.216148372824563 ], [ 110.640892010558119, -66.216155977073726 ], [ 110.640838620160793, -66.216163634873936 ], [ 110.640785229763466, -66.216178896923338 ], [ 110.640739443615303, -66.216186554723549 ], [ 110.640686053217962, -66.216194158972712 ] ] ] ] } },
{ "type": "Feature", "properties": { "FEAT_TYPE": "Penguin", "UFI": 885416, "Q_INFO": 480, "DATASET_ID": 170, "COMMENTS": null, "COMMON_NAM": "Adelie Penguin", "SPECIES": null, "STATUS": null, "DB_DATE_CR": "2009-11-27", "DISPLAY": "50000, Heli op maps", "COUNT_NO": 0, "DATE_CAPTU": null, "DATE_FLAG": null }, "geometry": { "type": "MultiPolygon", "coordinates": [ [ [ [ 110.644134526664942, -66.216232287320665 ], [ 110.644088740516779, -66.216201816772937 ], [ 110.644096344765941, -66.216171239123113 ], [ 110.644172708563943, -66.216171239123113 ], [ 110.644203179111656, -66.216171239123113 ], [ 110.644248965259834, -66.216163634873936 ], [ 110.644294751407998, -66.216186554723549 ], [ 110.644332879755936, -66.216194158972712 ], [ 110.644340537556161, -66.216224683071488 ], [ 110.64430235565716, -66.21623994512089 ], [ 110.644271831558385, -66.216247602921101 ], [ 110.644287093607772, -66.216278073468828 ], [ 110.644248965259834, -66.216300939767393 ], [ 110.644210836911881, -66.216308597567604 ], [ 110.644180259262058, -66.216316201816767 ], [ 110.644142130914105, -66.216316201816767 ], [ 110.644104002566166, -66.216293335518216 ], [ 110.644096344765941, -66.216255153619215 ], [ 110.644134526664942, -66.216232287320665 ] ] ] ] } },
{ "type": "Feature", "properties": { "FEAT_TYPE": "Penguin", "UFI": 885434, "Q_INFO": 480, "DATASET_ID": 170, "COMMENTS": null, "COMMON_NAM": "Adelie Penguin", "SPECIES": null, "STATUS": null, "DB_DATE_CR": "2009-11-27", "DISPLAY": "50000, Heli op maps", "COUNT_NO": 0, "DATE_CAPTU": null, "DATE_FLAG": null }, "geometry": { "type": "MultiPolygon", "coordinates": [ [ [ [ 110.637725858249297, -66.216522212707986 ], [ 110.637687676350296, -66.216514608458823 ], [ 110.637657152251521, -66.216506950658598 ], [ 110.637611366103357, -66.216506950658598 ], [ 110.637550317905806, -66.21649168860921 ], [ 110.63753510940748, -66.216453560261272 ], [ 110.637565579955194, -66.21643829821187 ], [ 110.637596157605032, -66.21643829821187 ], [ 110.637626628152745, -66.21643829821187 ], [ 110.637657152251521, -66.21643829821187 ], [ 110.637687676350296, -66.21643829821187 ], [ 110.637725858249297, -66.21643829821187 ], [ 110.637771590846413, -66.216445902461047 ], [ 110.637809772745413, -66.216468822310645 ], [ 110.637779248646638, -66.216506950658598 ], [ 110.637725858249297, -66.216522212707986 ] ] ] ] } },
{ "type": "Feature", "properties": { "FEAT_TYPE": "Penguin", "UFI": 885450, "Q_INFO": 480, "DATASET_ID": 170, "COMMENTS": null, "COMMON_NAM": "Adelie Penguin", "SPECIES": null, "STATUS": null, "DB_DATE_CR": "2009-11-27", "DISPLAY": "50000, Heli op maps", "COUNT_NO": 0, "DATE_CAPTU": null, "DATE_FLAG": null }, "geometry": { "type": "MultiPolygon", "coordinates": [ [ [ [ 110.646957416740165, -66.217048673085287 ], [ 110.646926892641389, -66.217056277334464 ], [ 110.646896368542613, -66.217025753235689 ], [ 110.64688876429345, -66.216995229136913 ], [ 110.646919234841164, -66.216995229136913 ], [ 110.646942101139729, -66.217018095435463 ], [ 110.646957416740165, -66.217048673085287 ] ] ] ] } },
{ "type": "Feature", "properties": { "FEAT_TYPE": "Penguin", "UFI": 885460, "Q_INFO": 480, "DATASET_ID": 170, "COMMENTS": null, "COMMON_NAM": "Adelie Penguin", "SPECIES": null, "STATUS": null, "DB_DATE_CR": "2009-11-27", "DISPLAY": "50000, Heli op maps", "COUNT_NO": 0, "DATE_CAPTU": null, "DATE_FLAG": null }, "geometry": { "type": "MultiPolygon", "coordinates": [ [ [ [ 110.646141030975528, -66.217254630425458 ], [ 110.646171608625366, -66.217208844277295 ], [ 110.646224945471644, -66.217201240028118 ], [ 110.646270785170856, -66.21721650207752 ], [ 110.646240207521032, -66.21723936837607 ], [ 110.646186817123692, -66.217247026176295 ], [ 110.646141030975528, -66.217254630425458 ] ] ] ] } },
{ "type": "Feature", "properties": { "FEAT_TYPE": "Penguin", "UFI": 885463, "Q_INFO": 480, "DATASET_ID": 170, "COMMENTS": null, "COMMON_NAM": "Adelie Penguin", "SPECIES": null, "STATUS": null, "DB_DATE_CR": "2009-11-27", "DISPLAY": "50000, Heli op maps", "COUNT_NO": 0, "DATE_CAPTU": null, "DATE_FLAG": null }, "geometry": { "type": "MultiPolygon", "coordinates": [ [ [ [ 110.646141030975528, -66.217254630425458 ], [ 110.646141030975528, -66.217285154524234 ], [ 110.646087640578202, -66.217285154524234 ], [ 110.646049512230263, -66.217292812324445 ], [ 110.6460037260821, -66.217285154524234 ], [ 110.64597320198331, -66.217292812324445 ], [ 110.645942677884534, -66.217269892474846 ], [ 110.64597320198331, -66.217247026176295 ], [ 110.6460037260821, -66.217231764126893 ], [ 110.646057116479426, -66.217231764126893 ], [ 110.646141030975528, -66.217254630425458 ] ] ] ] } },
{ "type": "Feature", "properties": { "FEAT_TYPE": "Penguin", "UFI": 885465, "Q_INFO": 480, "DATASET_ID": 170, "COMMENTS": null, "COMMON_NAM": "Adelie Penguin", "SPECIES": null, "STATUS": null, "DB_DATE_CR": "2009-11-27", "DISPLAY": "50000, Heli op maps", "COUNT_NO": 0, "DATE_CAPTU": null, "DATE_FLAG": null }, "geometry": { "type": "MultiPolygon", "coordinates": [ [ [ [ 110.646698015451619, -66.217308020822799 ], [ 110.64675140584896, -66.217300416573622 ], [ 110.646797138446061, -66.217300416573622 ], [ 110.646842978145287, -66.217292812324445 ], [ 110.646873502244063, -66.217285154524234 ], [ 110.646903972791776, -66.217285154524234 ], [ 110.646934550441614, -66.217277550275071 ], [ 110.646965020989327, -66.217269892474846 ], [ 110.646995545088117, -66.217254630425458 ], [ 110.647026069186893, -66.217247026176295 ], [ 110.647056593285669, -66.217247026176295 ], [ 110.647087063833382, -66.217269892474846 ], [ 110.647056593285669, -66.217285154524234 ], [ 110.647010807137505, -66.217300416573622 ], [ 110.646980283038715, -66.217323282872172 ], [ 110.646926892641389, -66.217330940672397 ], [ 110.646858186643612, -66.217338598472622 ], [ 110.646812454046511, -66.217338598472622 ], [ 110.646759010098123, -66.217338598472622 ], [ 110.646698015451619, -66.217308020822799 ] ] ] ] } },
{ "type": "Feature", "properties": { "FEAT_TYPE": "Penguin", "UFI": 885476, "Q_INFO": 480, "DATASET_ID": 170, "COMMENTS": null, "COMMON_NAM": "Adelie Penguin", "SPECIES": null, "STATUS": null, "DB_DATE_CR": "2009-11-27", "DISPLAY": "50000, Heli op maps", "COUNT_NO": 0, "DATE_CAPTU": null, "DATE_FLAG": null }, "geometry": { "type": "MultiPolygon", "coordinates": [ [ [ [ 110.647857663449855, -66.21798704814293 ], [ 110.647827139351079, -66.21798704814293 ], [ 110.647789011003141, -66.217979443893768 ], [ 110.64775082910414, -66.217979443893768 ], [ 110.647705042955977, -66.217956577595203 ], [ 110.64775082910414, -66.217925999945379 ], [ 110.647789011003141, -66.217918395696216 ], [ 110.647827139351079, -66.217925999945379 ], [ 110.647872925499243, -66.217925999945379 ], [ 110.647903449598019, -66.21793365774559 ], [ 110.647888187548631, -66.217979443893768 ], [ 110.647857663449855, -66.21798704814293 ] ] ] ] } },
{ "type": "Feature", "properties": { "FEAT_TYPE": "Penguin", "UFI": 885488, "Q_INFO": 480, "DATASET_ID": 170, "COMMENTS": null, "COMMON_NAM": "Adelie Penguin", "SPECIES": null, "STATUS": null, "DB_DATE_CR": "2009-11-27", "DISPLAY": "50000, Heli op maps", "COUNT_NO": 0, "DATE_CAPTU": null, "DATE_FLAG": null }, "geometry": { "type": "MultiPolygon", "coordinates": [ [ [ [ 110.583198572114796, -66.239601162486196 ], [ 110.583198572114796, -66.239646948634373 ], [ 110.583160390215795, -66.239646948634373 ], [ 110.583129866117019, -66.239646948634373 ], [ 110.583099395569292, -66.239646948634373 ], [ 110.583053609421128, -66.239646948634373 ], [ 110.583076475719679, -66.239608766735373 ], [ 110.583114604067632, -66.239608766735373 ], [ 110.583145128166407, -66.239608766735373 ], [ 110.583198572114796, -66.239601162486196 ] ] ] ] } },
{ "type": "Feature", "properties": { "FEAT_TYPE": "Penguin", "UFI": 885493, "Q_INFO": 480, "DATASET_ID": 170, "COMMENTS": null, "COMMON_NAM": "Adelie Penguin", "SPECIES": null, "STATUS": null, "DB_DATE_CR": "2009-11-27", "DISPLAY": "50000, Heli op maps", "COUNT_NO": 0, "DATE_CAPTU": null, "DATE_FLAG": null }, "geometry": { "type": "MultiPolygon", "coordinates": [ [ [ [ 110.57749940156701, -66.240150435611014 ], [ 110.577468877468235, -66.24013517356164 ], [ 110.577468877468235, -66.240104649462864 ], [ 110.577507005816173, -66.240074178915137 ], [ 110.577537529914949, -66.240074178915137 ], [ 110.577537529914949, -66.240043601265313 ], [ 110.577583316063127, -66.240020734966748 ], [ 110.577613840161902, -66.240020734966748 ], [ 110.577651968509841, -66.24000547291736 ], [ 110.577690096857779, -66.239990210867973 ], [ 110.57772827875678, -66.239997868668183 ], [ 110.577758802855556, -66.239997868668183 ], [ 110.577819797502059, -66.239997868668183 ], [ 110.577850375151883, -66.239997868668183 ], [ 110.577888503499835, -66.239997868668183 ], [ 110.577918974047549, -66.23998260661881 ], [ 110.577949551697387, -66.239952082520034 ], [ 110.577995284294488, -66.239952082520034 ], [ 110.578025808393264, -66.239944424719809 ], [ 110.578063936741216, -66.239944424719809 ], [ 110.578117380689605, -66.239959686769197 ], [ 110.578147904788381, -66.239959686769197 ], [ 110.578178428887156, -66.23998260661881 ], [ 110.578216557235095, -66.23998260661881 ], [ 110.57824708133387, -66.239990210867973 ], [ 110.578285209681809, -66.239990210867973 ], [ 110.578262343383258, -66.239929216221469 ], [ 110.578300471731197, -66.239921558421258 ], [ 110.578330995829987, -66.239929216221469 ], [ 110.578369124177925, -66.239936820470632 ], [ 110.578399648276701, -66.239952082520034 ], [ 110.578437830175702, -66.239944424719809 ], [ 110.578460696474252, -66.23998260661881 ], [ 110.57849116702198, -66.240020734966748 ], [ 110.578460696474252, -66.240051259065524 ], [ 110.578422568126314, -66.240051259065524 ], [ 110.57837678197815, -66.240036050567184 ], [ 110.578346257879375, -66.240036050567184 ], [ 110.578300471731197, -66.240043601265313 ], [ 110.578269947632421, -66.240043601265313 ], [ 110.578224161484258, -66.240028392766959 ], [ 110.578186033136319, -66.240028392766959 ], [ 110.578147904788381, -66.240028392766959 ], [ 110.57809451439104, -66.240036050567184 ], [ 110.578063936741216, -66.240036050567184 ], [ 110.578033466193489, -66.240043601265313 ], [ 110.577987680045325, -66.240043601265313 ], [ 110.577941893897162, -66.240058916865735 ], [ 110.577911423349434, -66.240066521114912 ], [ 110.57788084569961, -66.240051259065524 ], [ 110.577850375151883, -66.240043601265313 ], [ 110.577789326954331, -66.240043601265313 ], [ 110.577789326954331, -66.2400817831643 ], [ 110.577758802855556, -66.240089387413462 ], [ 110.577735883005943, -66.240112307263075 ], [ 110.577682492608616, -66.240119965063286 ], [ 110.577644364260678, -66.240142831361851 ], [ 110.577583316063127, -66.240142831361851 ], [ 110.577537529914949, -66.240142831361851 ], [ 110.57749940156701, -66.240150435611014 ] ] ] ] } },
{ "type": "Feature", "properties": { "FEAT_TYPE": "Penguin", "UFI": 885521, "Q_INFO": 480, "DATASET_ID": 170, "COMMENTS": null, "COMMON_NAM": "Adelie Penguin", "SPECIES": null, "STATUS": null, "DB_DATE_CR": "2009-11-27", "DISPLAY": "50000, Heli op maps", "COUNT_NO": 0, "DATE_CAPTU": null, "DATE_FLAG": null }, "geometry": { "type": "MultiPolygon", "coordinates": [ [ [ [ 110.539062546020432, -66.250068679222238 ], [ 110.539100674368385, -66.250068679222238 ], [ 110.539131144916098, -66.250076283471415 ], [ 110.539161669014874, -66.250076283471415 ], [ 110.539199850913874, -66.250076283471415 ], [ 110.539230321461602, -66.250068679222238 ], [ 110.539268503360603, -66.250068679222238 ], [ 110.539306631708541, -66.250053363621802 ], [ 110.539337155807317, -66.250053363621802 ], [ 110.539367679906093, -66.250045812923688 ], [ 110.539421070303419, -66.250038155123463 ], [ 110.539459198651372, -66.250053363621802 ], [ 110.539482118500985, -66.25008394127164 ], [ 110.539436332352807, -66.250114411819368 ], [ 110.539398204004868, -66.25012972741979 ], [ 110.539352417856705, -66.250137331668967 ], [ 110.539321893757929, -66.250137331668967 ], [ 110.539291369659153, -66.250137331668967 ], [ 110.539253241311215, -66.25012972741979 ], [ 110.539215059412214, -66.250137331668967 ], [ 110.539184588864487, -66.250144935918144 ], [ 110.539146406965486, -66.25012972741979 ], [ 110.539108278617547, -66.250122069619579 ], [ 110.539070096718547, -66.250114411819368 ], [ 110.539062546020432, -66.250068679222238 ] ] ] ] } },
{ "type": "Feature", "properties": { "FEAT_TYPE": "Penguin", "UFI": 885528, "Q_INFO": 480, "DATASET_ID": 170, "COMMENTS": null, "COMMON_NAM": "Adelie Penguin", "SPECIES": null, "STATUS": null, "DB_DATE_CR": "2009-11-27", "DISPLAY": "50000, Heli op maps", "COUNT_NO": 0, "DATE_CAPTU": null, "DATE_FLAG": null }, "geometry": { "type": "MultiPolygon", "coordinates": [ [ [ [ 110.53173065749445, -66.251319899516801 ], [ 110.53170013339566, -66.251358027864754 ], [ 110.531669609296884, -66.251365685664979 ], [ 110.531639085198108, -66.251373289914142 ], [ 110.53160095685017, -66.251365685664979 ], [ 110.531562828502231, -66.251365685664979 ], [ 110.531539908652618, -66.251319899516801 ], [ 110.531578090551619, -66.251304637467427 ], [ 110.531616218899558, -66.251289321866977 ], [ 110.531654347247496, -66.251304637467427 ], [ 110.53170013339566, -66.251304637467427 ], [ 110.53173065749445, -66.251319899516801 ] ] ] ] } },
{ "type": "Feature", "properties": { "FEAT_TYPE": "Penguin", "UFI": 885568, "Q_INFO": 480, "DATASET_ID": 170, "COMMENTS": null, "COMMON_NAM": "Adelie Penguin", "SPECIES": null, "STATUS": null, "DB_DATE_CR": "2009-11-27", "DISPLAY": "50000, Heli op maps", "COUNT_NO": 0, "DATE_CAPTU": null, "DATE_FLAG": null }, "geometry": { "type": "MultiPolygon", "coordinates": [ [ [ [ 110.483856232565785, -66.308952343313649 ], [ 110.483818050666784, -66.308952343313649 ], [ 110.483787526568008, -66.308952343313649 ], [ 110.483726478370457, -66.308944685513424 ], [ 110.483917227212288, -66.308837904718757 ], [ 110.483963013360452, -66.30884550896792 ], [ 110.483955409111289, -66.308876033066696 ], [ 110.483932489261676, -66.308898952916309 ], [ 110.4839019651629, -66.308929423464036 ], [ 110.483856232565785, -66.308952343313649 ] ] ] ] } },
{ "type": "Feature", "properties": { "FEAT_TYPE": "Penguin", "UFI": 885577, "Q_INFO": 480, "DATASET_ID": 170, "COMMENTS": null, "COMMON_NAM": "Adelie Penguin", "SPECIES": null, "STATUS": null, "DB_DATE_CR": "2009-11-27", "DISPLAY": "50000, Heli op maps", "COUNT_NO": 0, "DATE_CAPTU": null, "DATE_FLAG": null }, "geometry": { "type": "MultiPolygon", "coordinates": [ [ [ [ 110.401428206516414, -66.319221453407636 ], [ 110.401466388415415, -66.319190982859908 ], [ 110.401519778812741, -66.319183325059697 ], [ 110.401550302911517, -66.319175720810534 ], [ 110.401596035508632, -66.319168063010309 ], [ 110.401634217407633, -66.319175720810534 ], [ 110.401695265605184, -66.319168063010309 ], [ 110.401740998202285, -66.319175720810534 ], [ 110.401786784350449, -66.319175720810534 ], [ 110.401817362000287, -66.319175720810534 ], [ 110.401863094597388, -66.319175720810534 ], [ 110.40184017474779, -66.319221453407636 ], [ 110.401817362000287, -66.319267239555813 ], [ 110.401756313802736, -66.319297817205637 ], [ 110.401710527654572, -66.3193054214548 ], [ 110.401680003555796, -66.319313025703963 ], [ 110.401634217407633, -66.3193054214548 ], [ 110.401580827010292, -66.3193054214548 ], [ 110.401535040862129, -66.319290159405412 ], [ 110.401489254713965, -66.319282501605187 ], [ 110.401451072814965, -66.319259688857684 ], [ 110.401428206516414, -66.319221453407636 ] ] ] ] } },
{ "type": "Feature", "properties": { "FEAT_TYPE": "Penguin", "UFI": 885581, "Q_INFO": 480, "DATASET_ID": 170, "COMMENTS": null, "COMMON_NAM": "Adelie Penguin", "SPECIES": null, "STATUS": null, "DB_DATE_CR": "2009-11-27", "DISPLAY": "50000, Heli op maps", "COUNT_NO": 0, "DATE_CAPTU": null, "DATE_FLAG": null }, "geometry": { "type": "MultiPolygon", "coordinates": [ [ [ [ 110.397743198079439, -66.321243273318672 ], [ 110.397788984227603, -66.321243273318672 ], [ 110.397819561877441, -66.321266139617222 ], [ 110.39778137997844, -66.321281401666624 ], [ 110.397743198079439, -66.321243273318672 ] ] ] ] } },
{ "type": "Feature", "properties": { "FEAT_TYPE": "Penguin", "UFI": 885589, "Q_INFO": 480, "DATASET_ID": 170, "COMMENTS": null, "COMMON_NAM": "Adelie Penguin", "SPECIES": null, "STATUS": null, "DB_DATE_CR": "2009-11-27", "DISPLAY": "50000, Heli op maps", "COUNT_NO": 0, "DATE_CAPTU": null, "DATE_FLAG": null }, "geometry": { "type": "MultiPolygon", "coordinates": [ [ [ [ 110.399307210059888, -66.321998610885743 ], [ 110.399345445509937, -66.321975744587192 ], [ 110.399375916057664, -66.321945166937368 ], [ 110.39940644015644, -66.321929958439028 ], [ 110.399436964255216, -66.321945166937368 ], [ 110.399414044405603, -66.321975744587192 ], [ 110.399444568504379, -66.321990953085532 ], [ 110.399475092603154, -66.321998610885743 ], [ 110.399536140800706, -66.32200621513492 ], [ 110.399467488353991, -66.322036739233695 ], [ 110.399429306454991, -66.322036739233695 ], [ 110.399398782356215, -66.322036739233695 ], [ 110.399368258257439, -66.322044343482872 ], [ 110.399330129909487, -66.322036739233695 ], [ 110.399307210059888, -66.321998610885743 ] ] ] ] } },
{ "type": "Feature", "properties": { "FEAT_TYPE": "Penguin", "UFI": 885595, "Q_INFO": 480, "DATASET_ID": 170, "COMMENTS": null, "COMMON_NAM": "Adelie Penguin", "SPECIES": null, "STATUS": null, "DB_DATE_CR": "2009-11-27", "DISPLAY": "50000, Heli op maps", "COUNT_NO": 0, "DATE_CAPTU": null, "DATE_FLAG": null }, "geometry": { "type": "MultiPolygon", "coordinates": [ [ [ [ 110.402214014631213, -66.324462869575882 ], [ 110.40224459228105, -66.324485789425495 ], [ 110.40224459228105, -66.324516259973223 ], [ 110.402282720628989, -66.324508655724046 ], [ 110.402313244727765, -66.324508655724046 ], [ 110.402351373075703, -66.324516259973223 ], [ 110.402397159223881, -66.324516259973223 ], [ 110.402381897174493, -66.324562046121372 ], [ 110.402351373075703, -66.324562046121372 ], [ 110.402320848976927, -66.324569703921597 ], [ 110.402282720628989, -66.324569703921597 ], [ 110.40224459228105, -66.324562046121372 ], [ 110.402214014631213, -66.324569703921597 ], [ 110.402191148332662, -66.324592623771196 ], [ 110.402145415735546, -66.32460783226955 ], [ 110.402114838085723, -66.32461549006976 ], [ 110.402084367537995, -66.32461549006976 ], [ 110.402038581389832, -66.324630752119148 ], [ 110.401992795241668, -66.324638356368325 ], [ 110.401954666893729, -66.324630752119148 ], [ 110.401931747044117, -66.32460783226955 ], [ 110.401954666893729, -66.324562046121372 ], [ 110.402000453041893, -66.324531575573644 ], [ 110.402046185638994, -66.324508655724046 ], [ 110.402084367537995, -66.324501051474869 ], [ 110.402122495885934, -66.324493393674658 ], [ 110.402214014631213, -66.324462869575882 ] ] ] ] } },
{ "type": "Feature", "properties": { "FEAT_TYPE": "Penguin", "UFI": 885610, "Q_INFO": 480, "DATASET_ID": 170, "COMMENTS": null, "COMMON_NAM": "Adelie Penguin", "SPECIES": null, "STATUS": null, "DB_DATE_CR": "2009-11-27", "DISPLAY": "50000, Heli op maps", "COUNT_NO": 0, "DATE_CAPTU": null, "DATE_FLAG": null }, "geometry": { "type": "MultiPolygon", "coordinates": [ [ [ [ 110.413009638653577, -66.327072144510723 ], [ 110.412994376604189, -66.327102668609498 ], [ 110.412963852505413, -66.327095010809273 ], [ 110.412925724157475, -66.327095010809273 ], [ 110.412887542258474, -66.327102668609498 ], [ 110.412849413910521, -66.327095010809273 ], [ 110.412818889811746, -66.327095010809273 ], [ 110.412788419264032, -66.327079802310948 ], [ 110.412757841614194, -66.327049224661124 ], [ 110.412780761463807, -66.327026358362559 ], [ 110.412826547611971, -66.327026358362559 ], [ 110.412864675959909, -66.327026358362559 ], [ 110.412895200058685, -66.327026358362559 ], [ 110.412925724157475, -66.327041620411947 ], [ 110.412956248256251, -66.327041620411947 ], [ 110.412979168105849, -66.327064540261546 ], [ 110.413009638653577, -66.327072144510723 ] ] ] ] } },
{ "type": "Feature", "properties": { "FEAT_TYPE": "Penguin", "UFI": 885616, "Q_INFO": 480, "DATASET_ID": 170, "COMMENTS": null, "COMMON_NAM": "Adelie Penguin", "SPECIES": null, "STATUS": null, "DB_DATE_CR": "2009-11-27", "DISPLAY": "50000, Heli op maps", "COUNT_NO": 0, "DATE_CAPTU": null, "DATE_FLAG": null }, "geometry": { "type": "MultiPolygon", "coordinates": [ [ [ [ 110.4116897659123, -66.327529898890262 ], [ 110.411643979764122, -66.327552818739861 ], [ 110.411605797865136, -66.327552818739861 ], [ 110.411605797865136, -66.327522241090037 ], [ 110.411651584013299, -66.327514636840874 ], [ 110.4116897659123, -66.327529898890262 ] ] ] ] } },
{ "type": "Feature", "properties": { "FEAT_TYPE": "Penguin", "UFI": 885631, "Q_INFO": 480, "DATASET_ID": 170, "COMMENTS": null, "COMMON_NAM": "Adelie Penguin", "SPECIES": null, "STATUS": null, "DB_DATE_CR": "2009-11-27", "DISPLAY": "50000, Heli op maps", "COUNT_NO": 0, "DATE_CAPTU": null, "DATE_FLAG": null }, "geometry": { "type": "MultiPolygon", "coordinates": [ [ [ [ 110.410591166111615, -66.329185483167038 ], [ 110.410530117914064, -66.329185483167038 ], [ 110.410491936015063, -66.329185483167038 ], [ 110.410430887817512, -66.329177878917861 ], [ 110.410392759469559, -66.329170221117636 ], [ 110.41036983961996, -66.329147354819085 ], [ 110.410324107022845, -66.329147354819085 ], [ 110.410293582924069, -66.329124488520534 ], [ 110.410263058825294, -66.329147354819085 ], [ 110.410209668427967, -66.329147354819085 ], [ 110.410209668427967, -66.329116830720309 ], [ 110.410209668427967, -66.329086306621534 ], [ 110.410240192526743, -66.329071044572146 ], [ 110.410278320874681, -66.329063440322983 ], [ 110.41031644922262, -66.329063440322983 ], [ 110.410362235370783, -66.329071044572146 ], [ 110.410392759469559, -66.329078702372357 ], [ 110.410446203417948, -66.329086306621534 ], [ 110.410476673965675, -66.329086306621534 ], [ 110.410530117914064, -66.329086306621534 ], [ 110.410568246262002, -66.329086306621534 ], [ 110.410621636659329, -66.329093910870711 ], [ 110.410621636659329, -66.329132039218649 ], [ 110.410629294459554, -66.329170221117636 ], [ 110.410591166111615, -66.329185483167038 ] ] ] ] } },
{ "type": "Feature", "properties": { "FEAT_TYPE": "Penguin", "UFI": 885643, "Q_INFO": 480, "DATASET_ID": 170, "COMMENTS": null, "COMMON_NAM": "Adelie Penguin", "SPECIES": null, "STATUS": null, "DB_DATE_CR": "2009-11-27", "DISPLAY": "50000, Heli op maps", "COUNT_NO": 0, "DATE_CAPTU": null, "DATE_FLAG": null }, "geometry": { "type": "MultiPolygon", "coordinates": [ [ [ [ 110.395851132363731, -66.402648902712201 ], [ 110.395843528114568, -66.402694688860365 ], [ 110.395813004015793, -66.402694688860365 ], [ 110.395774822116792, -66.402709950909752 ], [ 110.395774822116792, -66.402740475008528 ], [ 110.395721431719465, -66.402770999107304 ], [ 110.395721431719465, -66.40280152320608 ], [ 110.395782479917017, -66.402809127455242 ], [ 110.395782479917017, -66.402847309354243 ], [ 110.395744298018016, -66.402862571403631 ], [ 110.395706169670078, -66.402862571403631 ], [ 110.395668041322139, -66.40285491360342 ], [ 110.395637517223363, -66.402839651554018 ], [ 110.395606993124574, -66.402824443055692 ], [ 110.39557652257686, -66.402793865405869 ], [ 110.395538287126811, -66.402778656907515 ], [ 110.395523078628472, -66.402748079257691 ], [ 110.395530736428697, -66.402709950909752 ], [ 110.395523078628472, -66.402679480362025 ], [ 110.395553602727247, -66.402664164761589 ], [ 110.39556120697641, -66.402626036413636 ], [ 110.395530736428697, -66.402610774364263 ], [ 110.395469688231145, -66.402595512314861 ], [ 110.395400982233369, -66.402580250265487 ], [ 110.395362853885416, -66.402587908065698 ], [ 110.395317067737253, -66.40257264601631 ], [ 110.395278939389314, -66.402564988216085 ], [ 110.395248415290538, -66.402542068366486 ], [ 110.395225548991988, -66.402519202067936 ], [ 110.395256019539701, -66.402503940018534 ], [ 110.395286597189539, -66.402496335769371 ], [ 110.395317067737253, -66.402488731520208 ], [ 110.395370511685641, -66.402496335769371 ], [ 110.395408640033594, -66.402503940018534 ], [ 110.395439110581307, -66.402519202067936 ], [ 110.395469688231145, -66.402526859868146 ], [ 110.395507816579084, -66.402542068366486 ], [ 110.39556120697641, -66.402557383966922 ], [ 110.395606993124574, -66.40257264601631 ], [ 110.395637517223363, -66.40257264601631 ], [ 110.39567569912235, -66.402580250265487 ], [ 110.395713827470303, -66.402580250265487 ], [ 110.395744298018016, -66.40257264601631 ], [ 110.39579008416618, -66.402580250265487 ], [ 110.395820608264955, -66.402618432164473 ], [ 110.395851132363731, -66.402648902712201 ] ] ] ] } },
{ "type": "Feature", "properties": { "FEAT_TYPE": "Penguin", "UFI": 885647, "Q_INFO": 480, "DATASET_ID": 170, "COMMENTS": null, "COMMON_NAM": "Adelie Penguin", "SPECIES": null, "STATUS": null, "DB_DATE_CR": "2009-11-27", "DISPLAY": "50000, Heli op maps", "COUNT_NO": 0, "DATE_CAPTU": null, "DATE_FLAG": null }, "geometry": { "type": "MultiPolygon", "coordinates": [ [ [ [ 110.418266316871211, -66.405563365083751 ], [ 110.418212926473871, -66.405555707283526 ], [ 110.418167140325707, -66.405555707283526 ], [ 110.418136562675883, -66.405548103034363 ], [ 110.418098434327931, -66.405555707283526 ], [ 110.418067963780217, -66.405548103034363 ], [ 110.418037386130379, -66.405532840984975 ], [ 110.418006915582666, -66.405532840984975 ], [ 110.41797639148389, -66.405502316886199 ], [ 110.41792300108655, -66.405487054836811 ], [ 110.417892423436726, -66.405487054836811 ], [ 110.417869557138161, -66.405456530738036 ], [ 110.41792300108655, -66.405456530738036 ], [ 110.417968733683665, -66.405464188538247 ], [ 110.418029781881216, -66.405464188538247 ], [ 110.418060305979992, -66.405479450587649 ], [ 110.418121354177543, -66.405509921135376 ], [ 110.418167140325707, -66.405502316886199 ], [ 110.418197610873435, -66.405509921135376 ], [ 110.418243397021598, -66.405517578935587 ], [ 110.418273921120374, -66.405525236735798 ], [ 110.418312103019375, -66.405525236735798 ], [ 110.418350231367313, -66.405525236735798 ], [ 110.418380701915041, -66.405532840984975 ], [ 110.418411279564864, -66.405563365083751 ], [ 110.418434145863429, -66.405586284933364 ], [ 110.418396017515477, -66.405601493431703 ], [ 110.418342573567088, -66.405586284933364 ], [ 110.41830444521915, -66.405570969332928 ], [ 110.418266316871211, -66.405563365083751 ] ] ] ] } },
{ "type": "Feature", "properties": { "FEAT_TYPE": "Penguin", "UFI": 885651, "Q_INFO": 480, "DATASET_ID": 170, "COMMENTS": null, "COMMON_NAM": "Adelie Penguin", "SPECIES": null, "STATUS": null, "DB_DATE_CR": "2009-11-27", "DISPLAY": "50000, Heli op maps", "COUNT_NO": 0, "DATE_CAPTU": null, "DATE_FLAG": null }, "geometry": { "type": "MultiPolygon", "coordinates": [ [ [ [ 110.421134939543535, -66.406417825645278 ], [ 110.421180725691713, -66.40640256359589 ], [ 110.421218907590699, -66.40640256359589 ], [ 110.421264640187815, -66.406417825645278 ], [ 110.421211249790488, -66.406440745494876 ], [ 110.421180725691713, -66.406440745494876 ], [ 110.421134939543535, -66.406417825645278 ] ] ] ] } },
{ "type": "Feature", "properties": { "FEAT_TYPE": "Penguin", "UFI": 885652, "Q_INFO": 480, "DATASET_ID": 170, "COMMENTS": null, "COMMON_NAM": "Adelie Penguin", "SPECIES": null, "STATUS": null, "DB_DATE_CR": "2009-11-27", "DISPLAY": "50000, Heli op maps", "COUNT_NO": 0, "DATE_CAPTU": null, "DATE_FLAG": null }, "geometry": { "type": "MultiPolygon", "coordinates": [ [ [ [ 110.421257035938652, -66.406547526289557 ], [ 110.421203591990263, -66.406570446139156 ], [ 110.421112073244984, -66.406555184089768 ], [ 110.421089153395371, -66.406524659990993 ], [ 110.421134939543535, -66.406509397941605 ], [ 110.421188329940875, -66.406509397941605 ], [ 110.421226511839876, -66.406509397941605 ], [ 110.42127229798804, -66.406517002190782 ], [ 110.421257035938652, -66.406547526289557 ] ] ] ] } },
{ "type": "Feature", "properties": { "FEAT_TYPE": "Penguin", "UFI": 885677, "Q_INFO": 480, "DATASET_ID": 170, "COMMENTS": null, "COMMON_NAM": "Adelie Penguin", "SPECIES": null, "STATUS": null, "DB_DATE_CR": "2009-11-27", "DISPLAY": "50000, Heli op maps", "COUNT_NO": 0, "DATE_CAPTU": null, "DATE_FLAG": null }, "geometry": { "type": "MultiPolygon", "coordinates": [ [ [ [ 110.431823729220184, -66.411651584013299 ], [ 110.431900039467124, -66.411666846062687 ], [ 110.431930563565899, -66.411674503862912 ], [ 110.431968691913852, -66.411674503862912 ], [ 110.43195342986445, -66.411636375514959 ], [ 110.431961034113627, -66.411605797865136 ], [ 110.431945825615287, -66.411575327317408 ], [ 110.431915247965463, -66.411582931566585 ], [ 110.431884777417736, -66.411598193615959 ], [ 110.43185425331896, -66.411582931566585 ], [ 110.431816071419959, -66.411567669517183 ], [ 110.431785600872246, -66.411567669517183 ], [ 110.43175507677347, -66.411567669517183 ], [ 110.431686370775694, -66.411552407467809 ], [ 110.431686370775694, -66.411521883369034 ], [ 110.431686370775694, -66.411491412821306 ], [ 110.431655900227966, -66.411453284473353 ], [ 110.431617771880028, -66.411415102574352 ], [ 110.43160250983064, -66.411376920675366 ], [ 110.431564327931639, -66.411384578475577 ], [ 110.431533803832863, -66.411384578475577 ], [ 110.431503279734088, -66.411392236275802 ], [ 110.431457547136972, -66.411384578475577 ], [ 110.431404103188584, -66.411369316426203 ], [ 110.431381183338985, -66.411338792327427 ], [ 110.431404103188584, -66.411315872477815 ], [ 110.431449889336747, -66.411293059730298 ], [ 110.431495675484925, -66.411293059730298 ], [ 110.431541461633088, -66.411277744129876 ], [ 110.431579589981027, -66.411262535631522 ], [ 110.431610114079803, -66.411247273582148 ], [ 110.431655900227966, -66.411232011532746 ], [ 110.431716894874469, -66.411239615781923 ], [ 110.43175507677347, -66.411247273582148 ], [ 110.431793205121409, -66.411254877831311 ], [ 110.431831333469347, -66.411277744129876 ], [ 110.431808467170796, -66.4113083217797 ], [ 110.431823729220184, -66.411338792327427 ], [ 110.431793205121409, -66.411361658625978 ], [ 110.431785600872246, -66.411392236275802 ], [ 110.431777943072021, -66.411422706823529 ], [ 110.431785600872246, -66.411468492971693 ], [ 110.431816071419959, -66.411499017070469 ], [ 110.431838991269572, -66.411529541169244 ], [ 110.431877119617511, -66.411537198969455 ], [ 110.431907643716286, -66.411529541169244 ], [ 110.431907643716286, -66.411491412821306 ], [ 110.431938167815062, -66.411506621319631 ], [ 110.431968691913852, -66.411521883369034 ], [ 110.431999216012628, -66.411537198969455 ], [ 110.432045002160791, -66.411575327317408 ], [ 110.43208313050873, -66.411621113465571 ], [ 110.43208313050873, -66.41165924181351 ], [ 110.432128916656893, -66.41165924181351 ], [ 110.432167045004832, -66.411666846062687 ], [ 110.432205173352784, -66.411689765912286 ], [ 110.432235751002608, -66.411705027961688 ], [ 110.432281537150772, -66.411750760558789 ], [ 110.432304403449336, -66.411781338208613 ], [ 110.432273879350561, -66.411796546706967 ], [ 110.432235751002608, -66.411804204507177 ], [ 110.432205173352784, -66.411804204507177 ], [ 110.432151782955444, -66.411773680408402 ], [ 110.432121258856668, -66.411750760558789 ], [ 110.432090788308955, -66.411743156309626 ], [ 110.432060210659117, -66.411727894260238 ], [ 110.432029740111403, -66.411720290011061 ], [ 110.431999216012628, -66.411720290011061 ], [ 110.431961034113627, -66.411735552060463 ], [ 110.431938167815062, -66.411758418359014 ], [ 110.431884777417736, -66.411743156309626 ], [ 110.431846649069797, -66.411720290011061 ], [ 110.431831333469347, -66.411689765912286 ], [ 110.431823729220184, -66.411651584013299 ] ] ] ] } },
{ "type": "Feature", "properties": { "FEAT_TYPE": "Penguin", "UFI": 885695, "Q_INFO": 480, "DATASET_ID": 170, "COMMENTS": null, "COMMON_NAM": "Adelie Penguin", "SPECIES": null, "STATUS": null, "DB_DATE_CR": "2009-11-27", "DISPLAY": "50000, Heli op maps", "COUNT_NO": 0, "DATE_CAPTU": null, "DATE_FLAG": null }, "geometry": { "type": "MultiPolygon", "coordinates": [ [ [ [ 110.433021559117421, -66.412597670422201 ], [ 110.43296051091987, -66.412612878920541 ], [ 110.432968115169032, -66.412643456570365 ], [ 110.432937644621305, -66.412651060819542 ], [ 110.432899516273366, -66.412658665068705 ], [ 110.432861334374365, -66.412666322868915 ], [ 110.432861334374365, -66.412696793416643 ], [ 110.432914724771692, -66.412727371066467 ], [ 110.432891858473141, -66.412757841614194 ], [ 110.432861334374365, -66.412765499414419 ], [ 110.432815548226202, -66.412765499414419 ], [ 110.432769762078038, -66.412765499414419 ], [ 110.432716371680712, -66.412773157214644 ], [ 110.432640061433759, -66.412750237365032 ], [ 110.432678189781711, -66.412727371066467 ], [ 110.432624799384371, -66.412673927118092 ], [ 110.432586671036432, -66.412651060819542 ], [ 110.432609590886045, -66.412628194520977 ], [ 110.432640061433759, -66.412612878920541 ], [ 110.432647719233984, -66.412582408372813 ], [ 110.432678189781711, -66.412582408372813 ], [ 110.432739237979263, -66.41255183072299 ], [ 110.432685847581922, -66.412529017975487 ], [ 110.432685847581922, -66.412498493876711 ], [ 110.4327316337301, -66.412498493876711 ], [ 110.432785024127426, -66.412513702375037 ], [ 110.432846072324978, -66.412506098125874 ], [ 110.432899516273366, -66.412513702375037 ], [ 110.432952906670693, -66.412513702375037 ], [ 110.432998692818856, -66.41255183072299 ], [ 110.433021559117421, -66.412597670422201 ] ] ] ] } },
{ "type": "Feature", "properties": { "FEAT_TYPE": "Penguin", "UFI": 885697, "Q_INFO": 480, "DATASET_ID": 170, "COMMENTS": null, "COMMON_NAM": "Adelie Penguin", "SPECIES": null, "STATUS": null, "DB_DATE_CR": "2009-11-27", "DISPLAY": "50000, Heli op maps", "COUNT_NO": 0, "DATE_CAPTU": null, "DATE_FLAG": null }, "geometry": { "type": "MultiPolygon", "coordinates": [ [ [ [ 110.431938167815062, -66.412803627762372 ], [ 110.431900039467124, -66.412796023513195 ], [ 110.431869515368348, -66.412780761463807 ], [ 110.431846649069797, -66.412757841614194 ], [ 110.431823729220184, -66.412734975315644 ], [ 110.431793205121409, -66.412719713266256 ], [ 110.43175507677347, -66.412704451216868 ], [ 110.431716894874469, -66.412712109017093 ], [ 110.431663558028191, -66.412712109017093 ], [ 110.431625322578142, -66.412719713266256 ], [ 110.431594852030415, -66.412719713266256 ], [ 110.431564327931639, -66.412727371066467 ], [ 110.431526146032638, -66.412727371066467 ], [ 110.431480413435537, -66.412727371066467 ], [ 110.431480413435537, -66.412689242718528 ], [ 110.431449889336747, -66.412673927118092 ], [ 110.431419365237971, -66.412658665068705 ], [ 110.431442231536536, -66.41263579877014 ], [ 110.431480413435537, -66.41263579877014 ], [ 110.431526146032638, -66.41263579877014 ], [ 110.431564327931639, -66.412643456570365 ], [ 110.431594852030415, -66.412666322868915 ], [ 110.431625322578142, -66.412673927118092 ], [ 110.431655900227966, -66.412673927118092 ], [ 110.431694028575905, -66.412666322868915 ], [ 110.431747418973245, -66.412666322868915 ], [ 110.431808467170796, -66.412673927118092 ], [ 110.431838991269572, -66.412673927118092 ], [ 110.431907643716286, -66.412673927118092 ], [ 110.431938167815062, -66.412673927118092 ], [ 110.431968691913852, -66.412658665068705 ], [ 110.43200682026179, -66.412643456570365 ], [ 110.432067868459342, -66.412643456570365 ], [ 110.432098392558117, -66.412658665068705 ], [ 110.432128916656893, -66.412666322868915 ], [ 110.432159440755669, -66.412681584918317 ], [ 110.432189964854444, -66.412696793416643 ], [ 110.432159440755669, -66.412719713266256 ], [ 110.432113654607505, -66.412742579564821 ], [ 110.432075526259567, -66.412734975315644 ], [ 110.432037344360566, -66.412742579564821 ], [ 110.43200682026179, -66.412757841614194 ], [ 110.431976296163015, -66.412757841614194 ], [ 110.431968691913852, -66.412796023513195 ], [ 110.431938167815062, -66.412803627762372 ] ] ] ] } },
{ "type": "Feature", "properties": { "FEAT_TYPE": "Penguin", "UFI": 885713, "Q_INFO": 480, "DATASET_ID": 170, "COMMENTS": null, "COMMON_NAM": "Adelie Penguin", "SPECIES": null, "STATUS": null, "DB_DATE_CR": "2009-11-27", "DISPLAY": "50000, Heli op maps", "COUNT_NO": 0, "DATE_CAPTU": null, "DATE_FLAG": null }, "geometry": { "type": "MultiPolygon", "coordinates": [ [ [ [ 110.435295068965715, -66.414337169195079 ], [ 110.435256940617776, -66.414382955343243 ], [ 110.435211154469613, -66.41439055959242 ], [ 110.435241678568389, -66.414451607789971 ], [ 110.435195892420225, -66.414444003540794 ], [ 110.435157764072272, -66.414444003540794 ], [ 110.435119635724334, -66.414436345740569 ], [ 110.435096769425783, -66.41441342589097 ], [ 110.435157764072272, -66.414375297543017 ], [ 110.435111977924109, -66.414360089044692 ], [ 110.43507384957617, -66.414360089044692 ], [ 110.435043325477395, -66.414329511394868 ], [ 110.434997592880279, -66.414321907145691 ], [ 110.434967015230455, -66.414321907145691 ], [ 110.434936544682728, -66.414329511394868 ], [ 110.434906020583952, -66.414337169195079 ], [ 110.434860234435789, -66.414344773444242 ], [ 110.434829710337013, -66.414344773444242 ], [ 110.434791581989074, -66.414344773444242 ], [ 110.434761057890299, -66.414344773444242 ], [ 110.434730533791523, -66.414352431244467 ], [ 110.434700009692733, -66.414360089044692 ], [ 110.434661881344795, -66.414367639742807 ], [ 110.434616095196631, -66.414367639742807 ], [ 110.434585571097855, -66.414360089044692 ], [ 110.434547442749917, -66.414321907145691 ], [ 110.434616095196631, -66.414321907145691 ], [ 110.434646619295407, -66.414314302896514 ], [ 110.434677089843134, -66.414314302896514 ], [ 110.434707667492958, -66.414314302896514 ], [ 110.434761057890299, -66.414306645096303 ], [ 110.434799186238237, -66.414299040847141 ], [ 110.434829710337013, -66.414299040847141 ], [ 110.434852630186626, -66.41426085894814 ], [ 110.434898416334789, -66.41426085894814 ], [ 110.434944148931891, -66.414253254698963 ], [ 110.434997592880279, -66.414245596898752 ], [ 110.435028063428007, -66.414245596898752 ], [ 110.435066191775945, -66.414253254698963 ], [ 110.435096769425783, -66.414253254698963 ], [ 110.435127239973497, -66.414268463197317 ], [ 110.435180683921885, -66.41428372524669 ], [ 110.435211154469613, -66.414291383046915 ], [ 110.435241678568389, -66.414299040847141 ], [ 110.4352875182676, -66.414306645096303 ], [ 110.435295068965715, -66.414337169195079 ] ] ] ] } },
{ "type": "Feature", "properties": { "FEAT_TYPE": "Penguin", "UFI": 885724, "Q_INFO": 480, "DATASET_ID": 170, "COMMENTS": null, "COMMON_NAM": "Adelie Penguin", "SPECIES": null, "STATUS": null, "DB_DATE_CR": "2009-11-27", "DISPLAY": "50000, Heli op maps", "COUNT_NO": 0, "DATE_CAPTU": null, "DATE_FLAG": null }, "geometry": { "type": "MultiPolygon", "coordinates": [ [ [ [ 110.512565593342956, -66.449699391178115 ], [ 110.512542727044405, -66.449737519526053 ], [ 110.512504598696466, -66.449737519526053 ], [ 110.512466416797466, -66.449722311027713 ], [ 110.512451154748078, -66.44967652487955 ], [ 110.512489336647079, -66.44969173337789 ], [ 110.512519807194792, -66.44969173337789 ], [ 110.512565593342956, -66.449699391178115 ] ] ] ] } },
{ "type": "Feature", "properties": { "FEAT_TYPE": "Penguin", "UFI": 885734, "Q_INFO": 480, "DATASET_ID": 170, "COMMENTS": null, "COMMON_NAM": "Adelie Penguin", "SPECIES": null, "STATUS": null, "DB_DATE_CR": "2009-11-27", "DISPLAY": "50000, Heli op maps", "COUNT_NO": 0, "DATE_CAPTU": null, "DATE_FLAG": null }, "geometry": { "type": "MultiPolygon", "coordinates": [ [ [ [ 110.513534546050423, -66.453430185763239 ], [ 110.513465893603708, -66.453453052061803 ], [ 110.513427711704708, -66.453453052061803 ], [ 110.513381925556544, -66.453422527963028 ], [ 110.513427711704708, -66.453407265913626 ], [ 110.513465893603708, -66.453414923713851 ], [ 110.513534546050423, -66.453430185763239 ] ] ] ] } },
{ "type": "Feature", "properties": { "FEAT_TYPE": "Penguin", "UFI": 885739, "Q_INFO": 480, "DATASET_ID": 170, "COMMENTS": null, "COMMON_NAM": "Adelie Penguin", "SPECIES": null, "STATUS": null, "DB_DATE_CR": "2009-11-27", "DISPLAY": "50000, Heli op maps", "COUNT_NO": 0, "DATE_CAPTU": null, "DATE_FLAG": null }, "geometry": { "type": "MultiPolygon", "coordinates": [ [ [ [ 110.484283462846548, -66.459556586591788 ], [ 110.484237676698385, -66.459533720293223 ], [ 110.484237676698385, -66.459495538394236 ], [ 110.484214756848772, -66.459465014295461 ], [ 110.484252938747773, -66.459465014295461 ], [ 110.484283462846548, -66.459480276344834 ], [ 110.484336853243889, -66.459503196194447 ], [ 110.484321591194487, -66.459541324542386 ], [ 110.484283462846548, -66.459556586591788 ] ] ] ] } },
{ "type": "Feature", "properties": { "FEAT_TYPE": "Penguin", "UFI": 885747, "Q_INFO": 480, "DATASET_ID": 170, "COMMENTS": null, "COMMON_NAM": "Adelie Penguin", "SPECIES": null, "STATUS": null, "DB_DATE_CR": "2009-11-27", "DISPLAY": "50000, Heli op maps", "COUNT_NO": 0, "DATE_CAPTU": null, "DATE_FLAG": null }, "geometry": { "type": "MultiPolygon", "coordinates": [ [ [ [ 110.483825654915961, -66.459693945036264 ], [ 110.48387909886435, -66.459701495734393 ], [ 110.4839019651629, -66.459732073384217 ], [ 110.483924831461451, -66.459754939682767 ], [ 110.483963013360452, -66.45979306803072 ], [ 110.484001195259452, -66.45979306803072 ], [ 110.484062189905941, -66.459815987880319 ], [ 110.484115580303282, -66.459823592129496 ], [ 110.484115580303282, -66.459854116228271 ], [ 110.484100371804942, -66.459892244576224 ], [ 110.484069794155118, -66.459907506625598 ], [ 110.484031665807166, -66.459899902376435 ], [ 110.484001195259452, -66.459892244576224 ], [ 110.483970617609614, -66.45987703607787 ], [ 110.483978275409839, -66.459831249929721 ], [ 110.483917227212288, -66.459831249929721 ], [ 110.483863836814962, -66.459831249929721 ], [ 110.483840916965349, -66.459800725830945 ], [ 110.483825654915961, -66.459770201732169 ], [ 110.483840916965349, -66.459739731184442 ], [ 110.483825654915961, -66.459693945036264 ] ] ] ] } },
{ "type": "Feature", "properties": { "FEAT_TYPE": "Penguin", "UFI": 885749, "Q_INFO": 480, "DATASET_ID": 170, "COMMENTS": null, "COMMON_NAM": "Adelie Penguin", "SPECIES": null, "STATUS": null, "DB_DATE_CR": "2009-11-27", "DISPLAY": "50000, Heli op maps", "COUNT_NO": 0, "DATE_CAPTU": null, "DATE_FLAG": null }, "geometry": { "type": "MultiPolygon", "coordinates": [ [ [ [ 110.482612616520399, -66.459762543931944 ], [ 110.482658402668562, -66.459754939682767 ], [ 110.482711793065889, -66.45977785953238 ], [ 110.482749921413827, -66.459815987880319 ], [ 110.482742317164664, -66.459854116228271 ], [ 110.482696531016501, -66.459854116228271 ], [ 110.482673611166888, -66.459831249929721 ], [ 110.482681268967113, -66.459800725830945 ], [ 110.482650744868337, -66.45979306803072 ], [ 110.482612616520399, -66.459762543931944 ] ] ] ] } },
{ "type": "Feature", "properties": { "FEAT_TYPE": "Penguin", "UFI": 885757, "Q_INFO": 480, "DATASET_ID": 170, "COMMENTS": null, "COMMON_NAM": "Adelie Penguin", "SPECIES": null, "STATUS": null, "DB_DATE_CR": "2009-11-27", "DISPLAY": "50000, Heli op maps", "COUNT_NO": 0, "DATE_CAPTU": null, "DATE_FLAG": null }, "geometry": { "type": "MultiPolygon", "coordinates": [ [ [ [ 110.480819673799132, -66.460533143548417 ], [ 110.480857855698133, -66.460472095350866 ], [ 110.480903641846297, -66.460456886852512 ], [ 110.480934165945072, -66.460418704953526 ], [ 110.480888379796909, -66.460403442904138 ], [ 110.480926508144847, -66.460380523054539 ], [ 110.480957032243623, -66.460380523054539 ], [ 110.480995214142624, -66.460380523054539 ], [ 110.481025684690337, -66.460380523054539 ], [ 110.481056208789113, -66.46038818085475 ], [ 110.481109599186453, -66.460372918805362 ], [ 110.481155385334617, -66.460365261005137 ], [ 110.481216433532168, -66.460357710307022 ], [ 110.481246904079896, -66.460357710307022 ], [ 110.481254561880107, -66.46038818085475 ], [ 110.481216433532168, -66.460418704953526 ], [ 110.481254561880107, -66.460433967002913 ], [ 110.481315610077658, -66.460426309202688 ], [ 110.481361396225836, -66.460418704953526 ], [ 110.481414786623162, -66.460380523054539 ], [ 110.481452914971101, -66.460365261005137 ], [ 110.481460572771326, -66.460327132657198 ], [ 110.481506358919489, -66.460319474856973 ], [ 110.481552145067653, -66.460319474856973 ], [ 110.481590273415605, -66.460357710307022 ], [ 110.481605535464993, -66.460403442904138 ], [ 110.481605535464993, -66.460449229052301 ], [ 110.48158261561538, -66.46048735740024 ], [ 110.481544487267428, -66.460510223698805 ], [ 110.481498701119264, -66.460540801348628 ], [ 110.481460572771326, -66.460571271896356 ], [ 110.48143004867255, -66.460571271896356 ], [ 110.481391866773549, -66.460563667647193 ], [ 110.481353738425611, -66.460556009846968 ], [ 110.481292690228059, -66.460533143548417 ], [ 110.48127748172972, -66.460502619449642 ], [ 110.481246904079896, -66.460495015200465 ], [ 110.481216433532168, -66.460472095350866 ], [ 110.481170647384005, -66.46044157125209 ], [ 110.481109599186453, -66.460426309202688 ], [ 110.481071470838501, -66.46044157125209 ], [ 110.481040946739725, -66.460464437550641 ], [ 110.481010422640949, -66.460472095350866 ], [ 110.480979898542174, -66.460502619449642 ], [ 110.480995214142624, -66.460533143548417 ], [ 110.481033342490562, -66.460548405597791 ], [ 110.481025684690337, -66.460578929696567 ], [ 110.480979898542174, -66.460586533945744 ], [ 110.480926508144847, -66.460578929696567 ], [ 110.480857855698133, -66.460563667647193 ], [ 110.480819673799132, -66.460533143548417 ] ] ] ] } },
{ "type": "Feature", "properties": { "FEAT_TYPE": "Penguin", "UFI": 885778, "Q_INFO": 480, "DATASET_ID": 170, "COMMENTS": null, "COMMON_NAM": "Adelie Penguin", "SPECIES": null, "STATUS": null, "DB_DATE_CR": "2009-11-27", "DISPLAY": "50000, Heli op maps", "COUNT_NO": 0, "DATE_CAPTU": null, "DATE_FLAG": null }, "geometry": { "type": "MultiPolygon", "coordinates": [ [ [ [ 110.502037028409362, -66.465705853718873 ], [ 110.502044686209587, -66.465759244116214 ], [ 110.501998900061423, -66.465766901916425 ], [ 110.502006557861648, -66.465728773568486 ], [ 110.502037028409362, -66.465705853718873 ] ] ] ] } },
{ "type": "Feature", "properties": { "FEAT_TYPE": "Penguin", "UFI": 885782, "Q_INFO": 480, "DATASET_ID": 170, "COMMENTS": null, "COMMON_NAM": "Adelie Penguin", "SPECIES": null, "STATUS": null, "DB_DATE_CR": "2009-11-27", "DISPLAY": "50000, Heli op maps", "COUNT_NO": 0, "DATE_CAPTU": null, "DATE_FLAG": null }, "geometry": { "type": "MultiPolygon", "coordinates": [ [ [ [ 110.495857237183486, -66.468208294307999 ], [ 110.495819108835548, -66.468208294307999 ], [ 110.495780980487609, -66.468200690058836 ], [ 110.495735140788383, -66.468185428009448 ], [ 110.49570467024067, -66.468162561710898 ], [ 110.495666488341669, -66.468139641861285 ], [ 110.495697012440445, -66.46811677556272 ], [ 110.495727536539221, -66.46811677556272 ], [ 110.495758060637996, -66.46811677556272 ], [ 110.495811451035323, -66.46811677556272 ], [ 110.495849632934323, -66.46811677556272 ], [ 110.495841975134098, -66.468147246110448 ], [ 110.495864894983711, -66.468177823760271 ], [ 110.495857237183486, -66.468208294307999 ] ] ] ] } },
{ "type": "Feature", "properties": { "FEAT_TYPE": "Penguin", "UFI": 885794, "Q_INFO": 480, "DATASET_ID": 170, "COMMENTS": null, "COMMON_NAM": "Adelie Penguin", "SPECIES": null, "STATUS": null, "DB_DATE_CR": "2009-11-27", "DISPLAY": "50000, Heli op maps", "COUNT_NO": 0, "DATE_CAPTU": null, "DATE_FLAG": null }, "geometry": { "type": "MultiPolygon", "coordinates": [ [ [ [ 110.495834317333887, -66.470466649209015 ], [ 110.495872499232888, -66.470451387159642 ], [ 110.495925889630215, -66.470466649209015 ], [ 110.49595641372899, -66.470474199907144 ], [ 110.496002199877154, -66.470481857707369 ], [ 110.496032723975929, -66.470504777556968 ], [ 110.496078456573045, -66.470497119756743 ], [ 110.496116638472046, -66.470504777556968 ], [ 110.496147162570821, -66.470527643855519 ], [ 110.496208210768373, -66.470558167954295 ], [ 110.496215815017536, -66.47058869205307 ], [ 110.496253996916536, -66.470596296302247 ], [ 110.49628446746425, -66.470634478201248 ], [ 110.496368381960366, -66.470626820401023 ], [ 110.49639895961019, -66.470596296302247 ], [ 110.496429430157917, -66.470596296302247 ], [ 110.496475216306081, -66.47058869205307 ], [ 110.496475216306081, -66.470642082450411 ], [ 110.496498082604631, -66.470664948748976 ], [ 110.496467612056918, -66.470687868598574 ], [ 110.496429430157917, -66.470703130647962 ], [ 110.496383697560802, -66.470725996946527 ], [ 110.496345515661801, -66.470725996946527 ], [ 110.496314991563025, -66.470725996946527 ], [ 110.49628446746425, -66.47071839269735 ], [ 110.496253996916536, -66.47071839269735 ], [ 110.496208210768373, -66.470710734897125 ], [ 110.496162424620209, -66.470710734897125 ], [ 110.496154820371032, -66.470680210798349 ], [ 110.496101376422644, -66.470680210798349 ], [ 110.49605559027448, -66.470657344499799 ], [ 110.496086114373256, -66.470581034252859 ], [ 110.495971729329426, -66.470535248104696 ], [ 110.495925889630215, -66.470519986055308 ], [ 110.495887761282276, -66.470504777556968 ], [ 110.495834317333887, -66.470466649209015 ] ] ] ] } },
{ "type": "Feature", "properties": { "FEAT_TYPE": "Penguin", "UFI": 885350, "Q_INFO": 480, "DATASET_ID": 170, "COMMENTS": null, "COMMON_NAM": "Adelie Penguin", "SPECIES": null, "STATUS": null, "DB_DATE_CR": "2009-11-27", "DISPLAY": "50000, Heli op maps", "COUNT_NO": 0, "DATE_CAPTU": null, "DATE_FLAG": null }, "geometry": { "type": "MultiPolygon", "coordinates": [ [ [ [ 110.421333292634529, -66.176589944076639 ], [ 110.421386736582917, -66.176559419977863 ], [ 110.421424864930856, -66.176574735578299 ], [ 110.421379078782692, -66.176612863926238 ], [ 110.421333292634529, -66.176589944076639 ] ] ] ] } },
{ "type": "Feature", "properties": { "FEAT_TYPE": "Penguin", "UFI": 885354, "Q_INFO": 480, "DATASET_ID": 170, "COMMENTS": null, "COMMON_NAM": "Adelie Penguin", "SPECIES": null, "STATUS": null, "DB_DATE_CR": "2009-11-27", "DISPLAY": "50000, Heli op maps", "COUNT_NO": 0, "DATE_CAPTU": null, "DATE_FLAG": null }, "geometry": { "type": "MultiPolygon", "coordinates": [ [ [ [ 110.421058629296596, -66.176643334473965 ], [ 110.421096811195596, -66.176681516372966 ], [ 110.421043367247208, -66.176681516372966 ], [ 110.421020500948657, -66.176643334473965 ], [ 110.421058629296596, -66.176643334473965 ] ] ] ] } },
{ "type": "Feature", "properties": { "FEAT_TYPE": "Penguin", "UFI": 885368, "Q_INFO": 480, "DATASET_ID": 170, "COMMENTS": null, "COMMON_NAM": "Adelie Penguin", "SPECIES": null, "STATUS": null, "DB_DATE_CR": "2009-11-27", "DISPLAY": "50000, Heli op maps", "COUNT_NO": 0, "DATE_CAPTU": null, "DATE_FLAG": null }, "geometry": { "type": "MultiPolygon", "coordinates": [ [ [ [ 110.423530545786946, -66.177741987825698 ], [ 110.423561123436784, -66.177795378223038 ], [ 110.423500075239232, -66.177803036023249 ], [ 110.423469497589394, -66.177803036023249 ], [ 110.423423764992279, -66.177803036023249 ], [ 110.42338563664434, -66.177803036023249 ], [ 110.423324588446789, -66.177803036023249 ], [ 110.423278802298626, -66.177818298072651 ], [ 110.42324827819985, -66.177841164371202 ], [ 110.423202492051686, -66.177848822171427 ], [ 110.423156759454571, -66.17785642642059 ], [ 110.423110973306407, -66.17785642642059 ], [ 110.423080449207632, -66.177871742021026 ], [ 110.423049925108856, -66.177871742021026 ], [ 110.423011796760917, -66.177871742021026 ], [ 110.422958352812529, -66.17787929271914 ], [ 110.422927882264801, -66.17787929271914 ], [ 110.422889753916863, -66.17787929271914 ], [ 110.422836309968474, -66.177871742021026 ], [ 110.422805785869699, -66.17785642642059 ], [ 110.422798181620536, -66.177825955872862 ], [ 110.422836309968474, -66.177818298072651 ], [ 110.42286683406725, -66.177810693823474 ], [ 110.422935486513978, -66.177795378223038 ], [ 110.422973614861917, -66.177772511924474 ], [ 110.42301940101008, -66.1777572498751 ], [ 110.423065187158244, -66.177741987825698 ], [ 110.42311857755557, -66.177734330025487 ], [ 110.423164363703734, -66.177726779327372 ], [ 110.423217807652122, -66.177703859477759 ], [ 110.423278802298626, -66.177688597428372 ], [ 110.423316984197626, -66.177680993179195 ], [ 110.423355112545565, -66.177673335378984 ], [ 110.42338563664434, -66.177665731129821 ], [ 110.423423764992279, -66.177665731129821 ], [ 110.423454289091069, -66.177665731129821 ], [ 110.423484813189845, -66.177665731129821 ], [ 110.423553465636559, -66.177680993179195 ], [ 110.423599251784722, -66.177703859477759 ], [ 110.423568727685947, -66.177734330025487 ], [ 110.423530545786946, -66.177741987825698 ] ] ] ] } },
{ "type": "Feature", "properties": { "FEAT_TYPE": "Penguin", "UFI": 885383, "Q_INFO": 480, "DATASET_ID": 170, "COMMENTS": null, "COMMON_NAM": "Adelie Penguin", "SPECIES": null, "STATUS": null, "DB_DATE_CR": "2009-11-27", "DISPLAY": "50000, Heli op maps", "COUNT_NO": 0, "DATE_CAPTU": null, "DATE_FLAG": null }, "geometry": { "type": "MultiPolygon", "coordinates": [ [ [ [ 110.419258135877229, -66.17881777487888 ], [ 110.419189429879452, -66.178810117078655 ], [ 110.4191513015315, -66.178810117078655 ], [ 110.419113173183561, -66.178802512829492 ], [ 110.419082595533737, -66.178802512829492 ], [ 110.419021600887234, -66.178779646530941 ], [ 110.419067387035398, -66.178756726681328 ], [ 110.419097911134173, -66.178756726681328 ], [ 110.419128435232949, -66.178756726681328 ], [ 110.419158959331725, -66.178756726681328 ], [ 110.41920469192884, -66.178756726681328 ], [ 110.419242873827841, -66.178749068881103 ], [ 110.419296264225167, -66.178749068881103 ], [ 110.419326788323943, -66.178749068881103 ], [ 110.419364970222944, -66.178756726681328 ], [ 110.419403098570882, -66.178779646530941 ], [ 110.419349654622494, -66.178802512829492 ], [ 110.419303922025392, -66.178810117078655 ], [ 110.419258135877229, -66.17881777487888 ] ] ] ] } },
{ "type": "Feature", "properties": { "FEAT_TYPE": "Penguin", "UFI": 885386, "Q_INFO": 480, "DATASET_ID": 170, "COMMENTS": null, "COMMON_NAM": "Adelie Penguin", "SPECIES": null, "STATUS": null, "DB_DATE_CR": "2009-11-27", "DISPLAY": "50000, Heli op maps", "COUNT_NO": 0, "DATE_CAPTU": null, "DATE_FLAG": null }, "geometry": { "type": "MultiPolygon", "coordinates": [ [ [ [ 110.420112596438742, -66.179084780416588 ], [ 110.420074468090803, -66.179084780416588 ], [ 110.420021077693477, -66.179069518367214 ], [ 110.419982949345524, -66.179069518367214 ], [ 110.4199523716957, -66.179077122616377 ], [ 110.41989898129836, -66.179077122616377 ], [ 110.419868457199584, -66.179077122616377 ], [ 110.419822671051421, -66.179054256317812 ], [ 110.419776938454319, -66.179038994268439 ], [ 110.419746414355544, -66.179016127969874 ], [ 110.419776938454319, -66.179000865920486 ], [ 110.419837986651871, -66.178993208120261 ], [ 110.419868457199584, -66.178993208120261 ], [ 110.41989898129836, -66.178993208120261 ], [ 110.4199523716957, -66.178993208120261 ], [ 110.419982949345524, -66.178993208120261 ], [ 110.42002868194264, -66.178985603871098 ], [ 110.420059206041415, -66.178977946070887 ], [ 110.420089730140191, -66.17897034182171 ], [ 110.420127912039192, -66.178955079772322 ], [ 110.420173644636293, -66.178947421972111 ], [ 110.420219430784471, -66.178939817722934 ], [ 110.420227035033633, -66.178909293624159 ], [ 110.42028042543096, -66.178878769525383 ], [ 110.420311003080798, -66.178871165276206 ], [ 110.420356735677899, -66.178855903226832 ], [ 110.4203949175769, -66.178848245426607 ], [ 110.420440650174015, -66.178848245426607 ], [ 110.420486436322179, -66.178863561027043 ], [ 110.420509356171792, -66.178886373774546 ], [ 110.420501698371567, -66.178924609224595 ], [ 110.420471174272791, -66.178947421972111 ], [ 110.420433045924852, -66.178977946070887 ], [ 110.4203949175769, -66.178993208120261 ], [ 110.420349131428736, -66.179000865920486 ], [ 110.420311003080798, -66.179008470169663 ], [ 110.420272874732845, -66.179008470169663 ], [ 110.420234639282796, -66.179016127969874 ], [ 110.42016604038713, -66.179016127969874 ], [ 110.420135462737306, -66.179031336468213 ], [ 110.420135462737306, -66.179061914118037 ], [ 110.420112596438742, -66.179084780416588 ] ] ] ] } },
{ "type": "Feature", "properties": { "FEAT_TYPE": "Penguin", "UFI": 885396, "Q_INFO": 480, "DATASET_ID": 170, "COMMENTS": null, "COMMON_NAM": "Adelie Penguin", "SPECIES": null, "STATUS": null, "DB_DATE_CR": "2009-11-27", "DISPLAY": "50000, Heli op maps", "COUNT_NO": 0, "DATE_CAPTU": null, "DATE_FLAG": null }, "geometry": { "type": "MultiPolygon", "coordinates": [ [ [ [ 110.644058216418003, -66.215713538294622 ], [ 110.644088740516779, -66.215713538294622 ], [ 110.644126922415779, -66.215705880494397 ], [ 110.644195574862493, -66.215705880494397 ], [ 110.644248965259834, -66.215698222694186 ], [ 110.64427948935861, -66.215690618445024 ], [ 110.644332879755936, -66.215675356395622 ], [ 110.644363403854712, -66.215675356395622 ], [ 110.644393927953487, -66.215698222694186 ], [ 110.644371008103874, -66.215721142543799 ], [ 110.644340537556161, -66.215721142543799 ], [ 110.644294751407998, -66.215721142543799 ], [ 110.644310013457385, -66.215759270891738 ], [ 110.644355799605549, -66.215766928691949 ], [ 110.644393927953487, -66.215759270891738 ], [ 110.644424452052263, -66.215751666642575 ], [ 110.644477842449589, -66.215751666642575 ], [ 110.644538890647155, -66.215751666642575 ], [ 110.644485500249814, -66.215797399239676 ], [ 110.644439714101651, -66.215805057039901 ], [ 110.644393927953487, -66.215797399239676 ], [ 110.644348141805324, -66.215805057039901 ], [ 110.64430235565716, -66.215812714840126 ], [ 110.644264227309222, -66.215805057039901 ], [ 110.644233703210432, -66.215805057039901 ], [ 110.644195574862493, -66.215805057039901 ], [ 110.644165050763718, -66.215805057039901 ], [ 110.644134526664942, -66.215789794990513 ], [ 110.644104002566166, -66.215782137190303 ], [ 110.644065874218228, -66.215766928691949 ], [ 110.644058216418003, -66.215713538294622 ] ] ] ] } },
{ "type": "Feature", "properties": { "FEAT_TYPE": "Penguin", "UFI": 885402, "Q_INFO": 480, "DATASET_ID": 170, "COMMENTS": null, "COMMON_NAM": "Adelie Penguin", "SPECIES": null, "STATUS": null, "DB_DATE_CR": "2009-11-27", "DISPLAY": "50000, Heli op maps", "COUNT_NO": 0, "DATE_CAPTU": null, "DATE_FLAG": null }, "geometry": { "type": "MultiPolygon", "coordinates": [ [ [ [ 110.643196098056251, -66.215812714840126 ], [ 110.643257146253816, -66.215797399239676 ], [ 110.643295274601755, -66.215797399239676 ], [ 110.643325798700531, -66.215805057039901 ], [ 110.643363980599531, -66.215797399239676 ], [ 110.64340210894747, -66.215797399239676 ], [ 110.643386846898082, -66.215827923338452 ], [ 110.643333402949693, -66.215843185387854 ], [ 110.643295274601755, -66.215843185387854 ], [ 110.643249542004639, -66.215843185387854 ], [ 110.643196098056251, -66.215812714840126 ] ] ] ] } },
{ "type": "Feature", "properties": { "FEAT_TYPE": "Penguin", "UFI": 885411, "Q_INFO": 480, "DATASET_ID": 170, "COMMENTS": null, "COMMON_NAM": "Adelie Penguin", "SPECIES": null, "STATUS": null, "DB_DATE_CR": "2009-11-27", "DISPLAY": "50000, Heli op maps", "COUNT_NO": 0, "DATE_CAPTU": null, "DATE_FLAG": null }, "geometry": { "type": "MultiPolygon", "coordinates": [ [ [ [ 110.608589160089252, -66.216064458328447 ], [ 110.608657866087029, -66.216064458328447 ], [ 110.608695994434981, -66.216072062577609 ], [ 110.60873412278292, -66.216072062577609 ], [ 110.608787566731309, -66.216072062577609 ], [ 110.608795170980471, -66.216110190925562 ], [ 110.608749384832308, -66.216117848725787 ], [ 110.608718860733532, -66.216117848725787 ], [ 110.608688336634756, -66.216117848725787 ], [ 110.608657866087029, -66.216110190925562 ], [ 110.608627288437205, -66.216110190925562 ], [ 110.608589160089252, -66.216064458328447 ] ] ] ] } },
{ "type": "Feature", "properties": { "FEAT_TYPE": "Penguin", "UFI": 885423, "Q_INFO": 480, "DATASET_ID": 170, "COMMENTS": null, "COMMON_NAM": "Adelie Penguin", "SPECIES": null, "STATUS": null, "DB_DATE_CR": "2009-11-27", "DISPLAY": "50000, Heli op maps", "COUNT_NO": 0, "DATE_CAPTU": null, "DATE_FLAG": null }, "geometry": { "type": "MultiPolygon", "coordinates": [ [ [ [ 110.607124324654308, -66.216278073468828 ], [ 110.607154848753098, -66.216278073468828 ], [ 110.607192977101036, -66.216278073468828 ], [ 110.607246367498362, -66.216278073468828 ], [ 110.6072769451482, -66.216278073468828 ], [ 110.607322731296364, -66.216270469219666 ], [ 110.607360859644302, -66.216270469219666 ], [ 110.607345597594914, -66.216308597567604 ], [ 110.607299811446751, -66.216316201816767 ], [ 110.607261683098812, -66.216316201816767 ], [ 110.607231159000037, -66.216316201816767 ], [ 110.60716245300226, -66.216316201816767 ], [ 110.607131982454533, -66.216308597567604 ], [ 110.607124324654308, -66.216278073468828 ] ] ] ] } },
{ "type": "Feature", "properties": { "FEAT_TYPE": "Penguin", "UFI": 885424, "Q_INFO": 480, "DATASET_ID": 170, "COMMENTS": null, "COMMON_NAM": "Adelie Penguin", "SPECIES": null, "STATUS": null, "DB_DATE_CR": "2009-11-27", "DISPLAY": "50000, Heli op maps", "COUNT_NO": 0, "DATE_CAPTU": null, "DATE_FLAG": null }, "geometry": { "type": "MultiPolygon", "coordinates": [ [ [ [ 110.641532909530326, -66.216400116312883 ], [ 110.641502385431551, -66.216377250014318 ], [ 110.641487123382163, -66.21633912166638 ], [ 110.641509989680713, -66.216316201816767 ], [ 110.641525251730101, -66.216285731269039 ], [ 110.641555775828877, -66.216285731269039 ], [ 110.641593957727878, -66.216285731269039 ], [ 110.641632086075816, -66.216285731269039 ], [ 110.641662610174592, -66.216293335518216 ], [ 110.641716000571918, -66.216308597567604 ], [ 110.641754128919871, -66.216308597567604 ], [ 110.641784706569695, -66.216308597567604 ], [ 110.641822834917647, -66.216308597567604 ], [ 110.641853305465361, -66.216300939767393 ], [ 110.641883883115199, -66.216293335518216 ], [ 110.641929669263362, -66.216285731269039 ], [ 110.641975401860464, -66.216278073468828 ], [ 110.642013583759464, -66.216278073468828 ], [ 110.642051712107417, -66.216278073468828 ], [ 110.642097444704518, -66.216293335518216 ], [ 110.642051712107417, -66.216316201816767 ], [ 110.642013583759464, -66.216354330164719 ], [ 110.641983006109641, -66.216361987964945 ], [ 110.641944877761688, -66.216369645765155 ], [ 110.641906749413749, -66.216377250014318 ], [ 110.641868621065811, -66.216377250014318 ], [ 110.641838096967035, -66.216369645765155 ], [ 110.641784706569695, -66.216384907814543 ], [ 110.641746524670708, -66.216369645765155 ], [ 110.641693134273368, -66.216369645765155 ], [ 110.641662610174592, -66.216377250014318 ], [ 110.641632086075816, -66.216377250014318 ], [ 110.641593957727878, -66.216384907814543 ], [ 110.641532909530326, -66.216400116312883 ] ] ] ] } },
{ "type": "Feature", "properties": { "FEAT_TYPE": "Penguin", "UFI": 885447, "Q_INFO": 480, "DATASET_ID": 170, "COMMENTS": null, "COMMON_NAM": "Adelie Penguin", "SPECIES": null, "STATUS": null, "DB_DATE_CR": "2009-11-27", "DISPLAY": "50000, Heli op maps", "COUNT_NO": 0, "DATE_CAPTU": null, "DATE_FLAG": null }, "geometry": { "type": "MultiPolygon", "coordinates": [ [ [ [ 110.644638067192645, -66.216865582043695 ], [ 110.64463040939242, -66.216835004393857 ], [ 110.644660933491195, -66.21680453384613 ], [ 110.644683853340808, -66.216781613996531 ], [ 110.644729639488972, -66.216781613996531 ], [ 110.644767767836925, -66.216781613996531 ], [ 110.644798238384638, -66.216796876045919 ], [ 110.644828816034476, -66.216796876045919 ], [ 110.644874602182639, -66.216796876045919 ], [ 110.644905072730353, -66.216812138095307 ], [ 110.644927992579966, -66.216842662194082 ], [ 110.644889864232027, -66.21685792424347 ], [ 110.644859286582189, -66.216842662194082 ], [ 110.644813553985088, -66.216842662194082 ], [ 110.644783029886312, -66.21685792424347 ], [ 110.644737243738149, -66.21685792424347 ], [ 110.644706719639359, -66.21685792424347 ], [ 110.644638067192645, -66.216865582043695 ] ] ] ] } },
{ "type": "Feature", "properties": { "FEAT_TYPE": "Penguin", "UFI": 885448, "Q_INFO": 480, "DATASET_ID": 170, "COMMENTS": null, "COMMON_NAM": "Adelie Penguin", "SPECIES": null, "STATUS": null, "DB_DATE_CR": "2009-11-27", "DISPLAY": "50000, Heli op maps", "COUNT_NO": 0, "DATE_CAPTU": null, "DATE_FLAG": null }, "geometry": { "type": "MultiPolygon", "coordinates": [ [ [ [ 110.648292551530844, -66.216934180939361 ], [ 110.648292551530844, -66.216987624887736 ], [ 110.648262027432068, -66.216995229136913 ], [ 110.648231503333278, -66.217002886937138 ], [ 110.648185717185115, -66.216995229136913 ], [ 110.648147588837176, -66.2169723092873 ], [ 110.648178112935952, -66.216949496539797 ], [ 110.648208637034728, -66.216941838739587 ], [ 110.648239107582455, -66.216941838739587 ], [ 110.648292551530844, -66.216934180939361 ] ] ] ] } },
{ "type": "Feature", "properties": { "FEAT_TYPE": "Penguin", "UFI": 885489, "Q_INFO": 480, "DATASET_ID": 170, "COMMENTS": null, "COMMON_NAM": "Adelie Penguin", "SPECIES": null, "STATUS": null, "DB_DATE_CR": "2009-11-27", "DISPLAY": "50000, Heli op maps", "COUNT_NO": 0, "DATE_CAPTU": null, "DATE_FLAG": null }, "geometry": { "type": "MultiPolygon", "coordinates": [ [ [ [ 110.584022508577533, -66.239639290834148 ], [ 110.584075898974874, -66.239631633033923 ], [ 110.584129342923262, -66.239631633033923 ], [ 110.584175075520363, -66.239631633033923 ], [ 110.584205653170201, -66.239662157132699 ], [ 110.584167471271201, -66.239669814932924 ], [ 110.584129342923262, -66.239669814932924 ], [ 110.584098818824486, -66.239677419182101 ], [ 110.584060690476534, -66.239677419182101 ], [ 110.584030166377758, -66.239669814932924 ], [ 110.584022508577533, -66.239639290834148 ] ] ] ] } },
{ "type": "Feature", "properties": { "FEAT_TYPE": "Penguin", "UFI": 885491, "Q_INFO": 480, "DATASET_ID": 170, "COMMENTS": null, "COMMON_NAM": "Adelie Penguin", "SPECIES": null, "STATUS": null, "DB_DATE_CR": "2009-11-27", "DISPLAY": "50000, Heli op maps", "COUNT_NO": 0, "DATE_CAPTU": null, "DATE_FLAG": null }, "geometry": { "type": "MultiPolygon", "coordinates": [ [ [ [ 110.575469977406811, -66.23985290597453 ], [ 110.575531025604363, -66.23985290597453 ], [ 110.575576811752526, -66.239860510223707 ], [ 110.57562259790069, -66.239875772273081 ], [ 110.575660726248643, -66.239883430073306 ], [ 110.575691196796356, -66.239921558421258 ], [ 110.575653068448418, -66.239921558421258 ], [ 110.575592020250866, -66.239906296371856 ], [ 110.575538629853526, -66.239891087873531 ], [ 110.575492843705362, -66.239891087873531 ], [ 110.575469977406811, -66.23985290597453 ] ] ] ] } },
{ "type": "Feature", "properties": { "FEAT_TYPE": "Penguin", "UFI": 885500, "Q_INFO": 480, "DATASET_ID": 170, "COMMENTS": null, "COMMON_NAM": "Adelie Penguin", "SPECIES": null, "STATUS": null, "DB_DATE_CR": "2009-11-27", "DISPLAY": "50000, Heli op maps", "COUNT_NO": 0, "DATE_CAPTU": null, "DATE_FLAG": null }, "geometry": { "type": "MultiPolygon", "coordinates": [ [ [ [ 110.584457396658522, -66.240692158037717 ], [ 110.584419268310583, -66.240715024336282 ], [ 110.584381086411582, -66.240707366536057 ], [ 110.584411610510358, -66.240676895988329 ], [ 110.584457396658522, -66.240692158037717 ] ] ] ] } },
{ "type": "Feature", "properties": { "FEAT_TYPE": "Penguin", "UFI": 885512, "Q_INFO": 480, "DATASET_ID": 170, "COMMENTS": null, "COMMON_NAM": "Adelie Penguin", "SPECIES": null, "STATUS": null, "DB_DATE_CR": "2009-11-27", "DISPLAY": "50000, Heli op maps", "COUNT_NO": 0, "DATE_CAPTU": null, "DATE_FLAG": null }, "geometry": { "type": "MultiPolygon", "coordinates": [ [ [ [ 110.540199274169055, -66.249488828447596 ], [ 110.540245060317233, -66.249465962149046 ], [ 110.540283188665171, -66.249473566398223 ], [ 110.54033663261356, -66.249488828447596 ], [ 110.540367103161273, -66.249511748297209 ], [ 110.540367103161273, -66.249542218844937 ], [ 110.540344236862722, -66.249572742943712 ], [ 110.540298504265607, -66.249603267042488 ], [ 110.540245060317233, -66.249618529091876 ], [ 110.540199274169055, -66.249603267042488 ], [ 110.540184012119667, -66.249572742943712 ], [ 110.540145883771729, -66.249572742943712 ], [ 110.540100097623565, -66.249572742943712 ], [ 110.540061969275627, -66.249557480894325 ], [ 110.540031445176851, -66.249534614595774 ], [ 110.53999326327785, -66.249526956795549 ], [ 110.539962792730122, -66.249519352546372 ], [ 110.539924610831122, -66.249488828447596 ], [ 110.539909348781734, -66.249458304348821 ], [ 110.539886482483183, -66.249435384499222 ], [ 110.539871220433795, -66.249404913951494 ], [ 110.539901744532571, -66.249389651902106 ], [ 110.539947530680735, -66.249404913951494 ], [ 110.539970396979285, -66.249427833801093 ], [ 110.540000921078075, -66.249435384499222 ], [ 110.540039049426014, -66.249443042299447 ], [ 110.540092493374402, -66.249443042299447 ], [ 110.54010775542379, -66.249481170647385 ], [ 110.540130621722341, -66.249504090496998 ], [ 110.540176407870504, -66.249511748297209 ], [ 110.540199274169055, -66.249488828447596 ] ] ] ] } },
{ "type": "Feature", "properties": { "FEAT_TYPE": "Penguin", "UFI": 885513, "Q_INFO": 480, "DATASET_ID": 170, "COMMENTS": null, "COMMON_NAM": "Adelie Penguin", "SPECIES": null, "STATUS": null, "DB_DATE_CR": "2009-11-27", "DISPLAY": "50000, Heli op maps", "COUNT_NO": 0, "DATE_CAPTU": null, "DATE_FLAG": null }, "geometry": { "type": "MultiPolygon", "coordinates": [ [ [ [ 110.538665786287396, -66.249519352546372 ], [ 110.53859708028962, -66.249519352546372 ], [ 110.538558951941681, -66.249549876645148 ], [ 110.538520823593743, -66.249549876645148 ], [ 110.53848269524579, -66.249557480894325 ], [ 110.538444566897851, -66.249542218844937 ], [ 110.538398727198626, -66.249534614595774 ], [ 110.538360598850687, -66.249511748297209 ], [ 110.538391122949463, -66.249481170647385 ], [ 110.538444566897851, -66.249465962149046 ], [ 110.53848269524579, -66.249458304348821 ], [ 110.53853608564313, -66.249450700099658 ], [ 110.538574213991069, -66.249450700099658 ], [ 110.538627657939458, -66.249443042299447 ], [ 110.538658128487171, -66.249435384499222 ], [ 110.538688652585947, -66.249458304348821 ], [ 110.538688652585947, -66.249488828447596 ], [ 110.538665786287396, -66.249519352546372 ] ] ] ] } },
{ "type": "Feature", "properties": { "FEAT_TYPE": "Penguin", "UFI": 885515, "Q_INFO": 480, "DATASET_ID": 170, "COMMENTS": null, "COMMON_NAM": "Adelie Penguin", "SPECIES": null, "STATUS": null, "DB_DATE_CR": "2009-11-27", "DISPLAY": "50000, Heli op maps", "COUNT_NO": 0, "DATE_CAPTU": null, "DATE_FLAG": null }, "geometry": { "type": "MultiPolygon", "coordinates": [ [ [ [ 110.53859708028962, -66.249519352546372 ], [ 110.538665786287396, -66.249519352546372 ], [ 110.53863526218862, -66.249549876645148 ], [ 110.53859708028962, -66.249519352546372 ] ] ] ] } },
{ "type": "Feature", "properties": { "FEAT_TYPE": "Penguin", "UFI": 885518, "Q_INFO": 480, "DATASET_ID": 170, "COMMENTS": null, "COMMON_NAM": "Adelie Penguin", "SPECIES": null, "STATUS": null, "DB_DATE_CR": "2009-11-27", "DISPLAY": "50000, Heli op maps", "COUNT_NO": 0, "DATE_CAPTU": null, "DATE_FLAG": null }, "geometry": { "type": "MultiPolygon", "coordinates": [ [ [ [ 110.540023787376626, -66.250022893074089 ], [ 110.539985659028687, -66.250068679222238 ], [ 110.540046707226239, -66.250061021422027 ], [ 110.540092493374402, -66.250076283471415 ], [ 110.540122963922116, -66.250106807570191 ], [ 110.540077177773952, -66.25012972741979 ], [ 110.540023787376626, -66.25012972741979 ], [ 110.539985659028687, -66.250114411819368 ], [ 110.539955134929897, -66.250091599071851 ], [ 110.539901744532571, -66.25008394127164 ], [ 110.539855958384408, -66.250076283471415 ], [ 110.539802567987081, -66.250076283471415 ], [ 110.539772043888306, -66.250053363621802 ], [ 110.53974151978953, -66.250022893074089 ], [ 110.53974151978953, -66.249992368975313 ], [ 110.53971099569074, -66.249999973224476 ], [ 110.539672867342802, -66.249984764726136 ], [ 110.539672867342802, -66.249954187076312 ], [ 110.539649947493189, -66.249931320777762 ], [ 110.539619476945475, -66.24991605872836 ], [ 110.539642289692978, -66.249893192429809 ], [ 110.539680525143027, -66.249893192429809 ], [ 110.53971099569074, -66.249893192429809 ], [ 110.539749124038693, -66.249885588180632 ], [ 110.539779701688516, -66.249893192429809 ], [ 110.539817830036469, -66.249908400928149 ], [ 110.539855958384408, -66.249900850230034 ], [ 110.539886482483183, -66.249877930380421 ], [ 110.539917006581959, -66.249893192429809 ], [ 110.539947530680735, -66.24987027258021 ], [ 110.539985659028687, -66.249847406281646 ], [ 110.540023787376626, -66.249862668331033 ], [ 110.540061969275627, -66.24987027258021 ], [ 110.540084835574177, -66.249893192429809 ], [ 110.540054311475402, -66.249923716528585 ], [ 110.540023787376626, -66.249931320777762 ], [ 110.539985659028687, -66.249938978577973 ], [ 110.539955134929897, -66.249938978577973 ], [ 110.539924610831122, -66.249946636378198 ], [ 110.539886482483183, -66.249961844876537 ], [ 110.539878824682958, -66.249992368975313 ], [ 110.53993987288051, -66.250015235273864 ], [ 110.539978001228462, -66.250015235273864 ], [ 110.540023787376626, -66.250022893074089 ] ] ] ] } },
{ "type": "Feature", "properties": { "FEAT_TYPE": "Penguin", "UFI": 885519, "Q_INFO": 480, "DATASET_ID": 170, "COMMENTS": null, "COMMON_NAM": "Adelie Penguin", "SPECIES": null, "STATUS": null, "DB_DATE_CR": "2009-11-27", "DISPLAY": "50000, Heli op maps", "COUNT_NO": 0, "DATE_CAPTU": null, "DATE_FLAG": null }, "geometry": { "type": "MultiPolygon", "coordinates": [ [ [ [ 110.538589476040457, -66.250007631024687 ], [ 110.538620000139233, -66.249999973224476 ], [ 110.538658128487171, -66.249984764726136 ], [ 110.538688652585947, -66.249984764726136 ], [ 110.538719176684722, -66.2499694491257 ], [ 110.538772620633111, -66.249977106925911 ], [ 110.538810748981064, -66.249984764726136 ], [ 110.538787829131451, -66.250015235273864 ], [ 110.538787829131451, -66.250045812923688 ], [ 110.5387649628329, -66.250068679222238 ], [ 110.538719176684722, -66.250061021422027 ], [ 110.538688652585947, -66.250061021422027 ], [ 110.538642866437783, -66.250061021422027 ], [ 110.538612342339007, -66.250053363621802 ], [ 110.538589476040457, -66.250007631024687 ] ] ] ] } },
{ "type": "Feature", "properties": { "FEAT_TYPE": "Penguin", "UFI": 885527, "Q_INFO": 480, "DATASET_ID": 170, "COMMENTS": null, "COMMON_NAM": "Adelie Penguin", "SPECIES": null, "STATUS": null, "DB_DATE_CR": "2009-11-27", "DISPLAY": "50000, Heli op maps", "COUNT_NO": 0, "DATE_CAPTU": null, "DATE_FLAG": null }, "geometry": { "type": "MultiPolygon", "coordinates": [ [ [ [ 110.537918106520536, -66.250541695651179 ], [ 110.537879924621535, -66.250541695651179 ], [ 110.537849400522759, -66.250541695651179 ], [ 110.537818929975046, -66.250518829352615 ], [ 110.537849400522759, -66.250503567303227 ], [ 110.537879924621535, -66.250503567303227 ], [ 110.537918106520536, -66.250488251702791 ], [ 110.537956234868474, -66.250503567303227 ], [ 110.537918106520536, -66.250541695651179 ] ] ] ] } },
{ "type": "Feature", "properties": { "FEAT_TYPE": "Penguin", "UFI": 885533, "Q_INFO": 480, "DATASET_ID": 170, "COMMENTS": null, "COMMON_NAM": "Adelie Penguin", "SPECIES": null, "STATUS": null, "DB_DATE_CR": "2009-11-27", "DISPLAY": "50000, Heli op maps", "COUNT_NO": 0, "DATE_CAPTU": null, "DATE_FLAG": null }, "geometry": { "type": "MultiPolygon", "coordinates": [ [ [ [ 110.529541008591195, -66.251525856856972 ], [ 110.52951048449242, -66.251495332758196 ], [ 110.529548612840358, -66.251472466459632 ], [ 110.529586794739359, -66.251472466459632 ], [ 110.529640185136685, -66.251464862210469 ], [ 110.52964784293691, -66.251495332758196 ], [ 110.52960966103791, -66.251510648358632 ], [ 110.529571532689971, -66.251518252607809 ], [ 110.529541008591195, -66.251525856856972 ] ] ] ] } },
{ "type": "Feature", "properties": { "FEAT_TYPE": "Penguin", "UFI": 885538, "Q_INFO": 480, "DATASET_ID": 170, "COMMENTS": null, "COMMON_NAM": "Adelie Penguin", "SPECIES": null, "STATUS": null, "DB_DATE_CR": "2009-11-27", "DISPLAY": "50000, Heli op maps", "COUNT_NO": 0, "DATE_CAPTU": null, "DATE_FLAG": null }, "geometry": { "type": "MultiPolygon", "coordinates": [ [ [ [ 110.532142679276873, -66.251655611052286 ], [ 110.5321960696742, -66.251632691202687 ], [ 110.532234198022152, -66.251632691202687 ], [ 110.532257064320703, -66.251609824904136 ], [ 110.532295246219704, -66.251594562854734 ], [ 110.532341032367867, -66.251602167103911 ], [ 110.532386818516031, -66.251625033402462 ], [ 110.532417289063744, -66.251632691202687 ], [ 110.532455417411697, -66.251640295451864 ], [ 110.532417289063744, -66.251693739400238 ], [ 110.532386818516031, -66.25167847735085 ], [ 110.532341032367867, -66.251663215301463 ], [ 110.532295246219704, -66.251663215301463 ], [ 110.532257064320703, -66.251663215301463 ], [ 110.532226540221927, -66.251663215301463 ], [ 110.532188411873975, -66.25167081955064 ], [ 110.532142679276873, -66.251655611052286 ] ] ] ] } },
{ "type": "Feature", "properties": { "FEAT_TYPE": "Penguin", "UFI": 885543, "Q_INFO": 480, "DATASET_ID": 170, "COMMENTS": null, "COMMON_NAM": "Adelie Penguin", "SPECIES": null, "STATUS": null, "DB_DATE_CR": "2009-11-27", "DISPLAY": "50000, Heli op maps", "COUNT_NO": 0, "DATE_CAPTU": null, "DATE_FLAG": null }, "geometry": { "type": "MultiPolygon", "coordinates": [ [ [ [ 110.485862736876385, -66.307029699948117 ], [ 110.485916127273711, -66.307029699948117 ], [ 110.485961913421875, -66.30702209569894 ], [ 110.486007699570038, -66.30702209569894 ], [ 110.48599243752065, -66.307052619797716 ], [ 110.485977175471263, -66.307083143896492 ], [ 110.485977175471263, -66.307159400592383 ], [ 110.486007699570038, -66.307189978242207 ], [ 110.485984779720425, -66.307212790989723 ], [ 110.485961913421875, -66.307243368639547 ], [ 110.485916127273711, -66.30725097288871 ], [ 110.485870341125548, -66.307258577137873 ], [ 110.485824554977384, -66.307258577137873 ], [ 110.485786426629431, -66.307266234938098 ], [ 110.485748298281493, -66.307266234938098 ], [ 110.485694854333104, -66.307258577137873 ], [ 110.485656725985166, -66.307266234938098 ], [ 110.48561099338805, -66.307289154787696 ], [ 110.485580415738227, -66.307296759036873 ], [ 110.485549945190499, -66.30730436328605 ], [ 110.485519421091723, -66.30730436328605 ], [ 110.48547363494356, -66.307296759036873 ], [ 110.485435506595621, -66.30725097288871 ], [ 110.485443110844784, -66.307220448789934 ], [ 110.485488896992948, -66.307205186740546 ], [ 110.485519421091723, -66.307228106590145 ], [ 110.485549945190499, -66.307243368639547 ], [ 110.485580415738227, -66.307243368639547 ], [ 110.485595677787614, -66.307212790989723 ], [ 110.485633806135553, -66.307212790989723 ], [ 110.485664383785391, -66.307189978242207 ], [ 110.485633806135553, -66.307174662641771 ], [ 110.485656725985166, -66.307144192094043 ], [ 110.485702512133329, -66.307121272244444 ], [ 110.485771164580044, -66.307113614444219 ], [ 110.485801688678819, -66.307106063746104 ], [ 110.485832212777595, -66.307098405945879 ], [ 110.485855132627208, -66.307075486096267 ], [ 110.485908523024548, -66.307075486096267 ], [ 110.485862736876385, -66.307029699948117 ] ] ] ] } },
{ "type": "Feature", "properties": { "FEAT_TYPE": "Penguin", "UFI": 885544, "Q_INFO": 480, "DATASET_ID": 170, "COMMENTS": null, "COMMON_NAM": "Adelie Penguin", "SPECIES": null, "STATUS": null, "DB_DATE_CR": "2009-11-27", "DISPLAY": "50000, Heli op maps", "COUNT_NO": 0, "DATE_CAPTU": null, "DATE_FLAG": null }, "geometry": { "type": "MultiPolygon", "coordinates": [ [ [ [ 110.485786426629431, -66.307357753683377 ], [ 110.485816950728207, -66.307342545185037 ], [ 110.485862736876385, -66.307365411483602 ], [ 110.485916127273711, -66.307365411483602 ], [ 110.485954309172712, -66.307365411483602 ], [ 110.485984779720425, -66.307373069283813 ], [ 110.486015303819201, -66.307373069283813 ], [ 110.486045827917977, -66.307373069283813 ], [ 110.486084009816977, -66.307373069283813 ], [ 110.486114480364705, -66.307380673532975 ], [ 110.486152608712644, -66.307380673532975 ], [ 110.486183186362481, -66.307373069283813 ], [ 110.486228972510645, -66.307380673532975 ], [ 110.486274705107746, -66.3073883313332 ], [ 110.48632049125591, -66.3073883313332 ], [ 110.48632049125591, -66.307357753683377 ], [ 110.486328149056135, -66.307327283135649 ], [ 110.486358619603863, -66.307296759036873 ], [ 110.486389197253686, -66.307289154787696 ], [ 110.486412063552251, -66.307266234938098 ], [ 110.48645019190019, -66.307258577137873 ], [ 110.486511240097741, -66.30725097288871 ], [ 110.486541710645469, -66.307243368639547 ], [ 110.486587496793632, -66.307235710839322 ], [ 110.486618074443456, -66.307235710839322 ], [ 110.486679069089959, -66.307243368639547 ], [ 110.486724855238123, -66.307266234938098 ], [ 110.486755379336898, -66.307281496987486 ], [ 110.486747721536673, -66.307319625335424 ], [ 110.48671725098896, -66.307327283135649 ], [ 110.486694331139347, -66.3073501494342 ], [ 110.486671464840796, -66.307380673532975 ], [ 110.486633282941796, -66.3073883313332 ], [ 110.48660275884302, -66.307395935582377 ], [ 110.486572288295292, -66.307418801880928 ], [ 110.486541710645469, -66.307426459681153 ], [ 110.486511240097741, -66.307449325979704 ], [ 110.486480715998965, -66.307456983779929 ], [ 110.486427325601639, -66.307464588029092 ], [ 110.486389197253686, -66.307464588029092 ], [ 110.486312833455699, -66.307464588029092 ], [ 110.486259443058358, -66.307449325979704 ], [ 110.486228972510645, -66.307449325979704 ], [ 110.486152608712644, -66.307449325979704 ], [ 110.486106876115542, -66.307456983779929 ], [ 110.486076352016752, -66.307456983779929 ], [ 110.486038223668814, -66.307441668179479 ], [ 110.48599243752065, -66.307434117481364 ], [ 110.485961913421875, -66.307434117481364 ], [ 110.485961913421875, -66.307464588029092 ], [ 110.485923731522874, -66.307472245829302 ], [ 110.485939047123324, -66.307510374177255 ], [ 110.485931389323099, -66.307540898276031 ], [ 110.485969517671037, -66.307548502525208 ], [ 110.486007699570038, -66.307540898276031 ], [ 110.486053485718202, -66.307540898276031 ], [ 110.486084009816977, -66.307540898276031 ], [ 110.486114480364705, -66.307548502525208 ], [ 110.486137400214318, -66.307579080175032 ], [ 110.486160266512869, -66.307609550722759 ], [ 110.486099271866365, -66.30763241702131 ], [ 110.486061089967365, -66.307640074821535 ], [ 110.486015303819201, -66.307647679070698 ], [ 110.485977175471263, -66.307640074821535 ], [ 110.485931389323099, -66.307640074821535 ], [ 110.485885603174935, -66.307647679070698 ], [ 110.485801688678819, -66.307655336870909 ], [ 110.485755902530656, -66.307655336870909 ], [ 110.485694854333104, -66.307655336870909 ], [ 110.485656725985166, -66.307647679070698 ], [ 110.485626255437438, -66.30763241702131 ], [ 110.485595677787614, -66.307609550722759 ], [ 110.485595677787614, -66.307563764574581 ], [ 110.485618597637227, -66.307540898276031 ], [ 110.485633806135553, -66.30750271637703 ], [ 110.485588073538437, -66.307479850078479 ], [ 110.485542287390274, -66.307472245829302 ], [ 110.48549650124211, -66.307479850078479 ], [ 110.485466030694397, -66.307479850078479 ], [ 110.485458372894172, -66.307441668179479 ], [ 110.485511763291498, -66.307426459681153 ], [ 110.485557549439662, -66.307411197631751 ], [ 110.485580415738227, -66.3073883313332 ], [ 110.485618597637227, -66.307380673532975 ], [ 110.485649121736003, -66.307365411483602 ], [ 110.485687250083942, -66.307357753683377 ], [ 110.48572537843188, -66.3073501494342 ], [ 110.485786426629431, -66.307357753683377 ] ] ] ] } },
{ "type": "Feature", "properties": { "FEAT_TYPE": "Penguin", "UFI": 885549, "Q_INFO": 480, "DATASET_ID": 170, "COMMENTS": null, "COMMON_NAM": "Adelie Penguin", "SPECIES": null, "STATUS": null, "DB_DATE_CR": "2009-11-27", "DISPLAY": "50000, Heli op maps", "COUNT_NO": 0, "DATE_CAPTU": null, "DATE_FLAG": null }, "geometry": { "type": "MultiPolygon", "coordinates": [ [ [ [ 110.482223514587574, -66.307701123019086 ], [ 110.4822769049849, -66.307724042868685 ], [ 110.482238776636962, -66.307746909167236 ], [ 110.482208252538186, -66.307754513416413 ], [ 110.48217772843941, -66.307762171216638 ], [ 110.482139600091472, -66.307762171216638 ], [ 110.482093813943308, -66.307777379714963 ], [ 110.482055632044307, -66.307777379714963 ], [ 110.482017503696355, -66.307777379714963 ], [ 110.481979375348416, -66.307777379714963 ], [ 110.48191066935064, -66.3077697754658 ], [ 110.481948851249641, -66.307739251367025 ], [ 110.481979375348416, -66.30771638506846 ], [ 110.481956509049866, -66.307693465218861 ], [ 110.481956509049866, -66.307655336870909 ], [ 110.482002295198029, -66.307662994671134 ], [ 110.48204802779513, -66.307662994671134 ], [ 110.482078551893906, -66.307655336870909 ], [ 110.482109075992696, -66.307662994671134 ], [ 110.482162466390022, -66.307678256720521 ], [ 110.482192990488798, -66.307678256720521 ], [ 110.482223514587574, -66.307701123019086 ] ] ] ] } },
{ "type": "Feature", "properties": { "FEAT_TYPE": "Penguin", "UFI": 885551, "Q_INFO": 480, "DATASET_ID": 170, "COMMENTS": null, "COMMON_NAM": "Adelie Penguin", "SPECIES": null, "STATUS": null, "DB_DATE_CR": "2009-11-27", "DISPLAY": "50000, Heli op maps", "COUNT_NO": 0, "DATE_CAPTU": null, "DATE_FLAG": null }, "geometry": { "type": "MultiPolygon", "coordinates": [ [ [ [ 110.479293790166636, -66.307731593566814 ], [ 110.479331972065637, -66.307777379714963 ], [ 110.479370153964624, -66.307777379714963 ], [ 110.479400624512351, -66.307785037515188 ], [ 110.479423544361964, -66.307815561613964 ], [ 110.479400624512351, -66.30784608571274 ], [ 110.479354838364188, -66.307853689961917 ], [ 110.479309105767072, -66.307876556260467 ], [ 110.479278581668297, -66.307876556260467 ], [ 110.479240399769296, -66.307876556260467 ], [ 110.479202271421357, -66.307884214060692 ], [ 110.479171747322582, -66.307876556260467 ], [ 110.479118356925255, -66.307869005562353 ], [ 110.47908783282648, -66.307869005562353 ], [ 110.47905730872769, -66.307861347762127 ], [ 110.479049650927479, -66.307830770112304 ], [ 110.479049650927479, -66.307800299564576 ], [ 110.47908783282648, -66.3077697754658 ], [ 110.479125961174418, -66.307739251367025 ], [ 110.479171747322582, -66.307746909167236 ], [ 110.479217533470745, -66.307746909167236 ], [ 110.479248057569521, -66.307739251367025 ], [ 110.479293790166636, -66.307731593566814 ] ] ] ] } },
{ "type": "Feature", "properties": { "FEAT_TYPE": "Penguin", "UFI": 885556, "Q_INFO": 480, "DATASET_ID": 170, "COMMENTS": null, "COMMON_NAM": "Adelie Penguin", "SPECIES": null, "STATUS": null, "DB_DATE_CR": "2009-11-27", "DISPLAY": "50000, Heli op maps", "COUNT_NO": 0, "DATE_CAPTU": null, "DATE_FLAG": null }, "geometry": { "type": "MultiPolygon", "coordinates": [ [ [ [ 110.483406082435422, -66.308074962902509 ], [ 110.48342134448481, -66.30812835329985 ], [ 110.48342134448481, -66.308158877398625 ], [ 110.483406082435422, -66.308189401497401 ], [ 110.483360296287259, -66.308174139447999 ], [ 110.483322167939306, -66.308158877398625 ], [ 110.483283986040306, -66.308136011100061 ], [ 110.48325346194153, -66.308090224951897 ], [ 110.48330685233887, -66.308074962902509 ], [ 110.483337429988694, -66.308067305102298 ], [ 110.483367900536422, -66.308067305102298 ], [ 110.483406082435422, -66.308074962902509 ] ] ] ] } },
{ "type": "Feature", "properties": { "FEAT_TYPE": "Penguin", "UFI": 885560, "Q_INFO": 480, "DATASET_ID": 170, "COMMENTS": null, "COMMON_NAM": "Adelie Penguin", "SPECIES": null, "STATUS": null, "DB_DATE_CR": "2009-11-27", "DISPLAY": "50000, Heli op maps", "COUNT_NO": 0, "DATE_CAPTU": null, "DATE_FLAG": null }, "geometry": { "type": "MultiPolygon", "coordinates": [ [ [ [ 110.483161889645203, -66.309082043957915 ], [ 110.483009322702372, -66.309066728357479 ], [ 110.48290254190772, -66.30905917765935 ], [ 110.482765237014277, -66.309020995760363 ], [ 110.482597354471011, -66.308967551811975 ], [ 110.482490520125282, -66.308883637315873 ], [ 110.48250578217467, -66.308769252272043 ], [ 110.482543910522622, -66.308616631778165 ], [ 110.482566830372221, -66.308586107679389 ], [ 110.482627825018724, -66.308555583580613 ], [ 110.482711793065889, -66.308525113032886 ], [ 110.482826231660766, -66.308502193183273 ], [ 110.482986456403822, -66.308486984684933 ], [ 110.483169547445428, -66.308479326884708 ], [ 110.48330685233887, -66.308502193183273 ], [ 110.483451815032524, -66.308563241380824 ], [ 110.483581515676804, -66.308609027528988 ], [ 110.483787526568008, -66.308662417926314 ], [ 110.483955409111289, -66.308700546274267 ], [ 110.484123238103507, -66.308738674622219 ], [ 110.484207152599609, -66.308792118570594 ], [ 110.484176628500833, -66.308876033066696 ], [ 110.484123238103507, -66.308921819214873 ], [ 110.484031665807166, -66.308982867412425 ], [ 110.483856232565785, -66.309028600009526 ], [ 110.483596777726191, -66.30905917765935 ], [ 110.483322167939306, -66.309074386157704 ], [ 110.483161889645203, -66.309082043957915 ] ], [ [ 110.482719450866114, -66.308753990222641 ], [ 110.482757579214052, -66.30874633242243 ], [ 110.482795707561991, -66.308731070373042 ], [ 110.482826231660766, -66.308715808323655 ], [ 110.482856755759556, -66.308715808323655 ], [ 110.48290254190772, -66.308708204074492 ], [ 110.48290254190772, -66.308670075726539 ], [ 110.482894884107495, -66.308639498076715 ], [ 110.48292540820627, -66.308639498076715 ], [ 110.482955932305046, -66.30864715587694 ], [ 110.482986456403822, -66.30864715587694 ], [ 110.48302458475176, -66.30864715587694 ], [ 110.483062713099713, -66.308654760126103 ], [ 110.483108499247876, -66.308639498076715 ], [ 110.483131419097489, -66.308616631778165 ], [ 110.483177205245653, -66.308616631778165 ], [ 110.483215333593591, -66.308616631778165 ], [ 110.483245804141319, -66.308609027528988 ], [ 110.483291643840531, -66.308578503430212 ], [ 110.483261119741755, -66.308563241380824 ], [ 110.483215333593591, -66.308563241380824 ], [ 110.483184809494816, -66.308570845629987 ], [ 110.483116157048102, -66.308578503430212 ], [ 110.483078028700149, -66.308586107679389 ], [ 110.483039846801148, -66.308593711928552 ], [ 110.482994114204047, -66.308593711928552 ], [ 110.482940670255658, -66.308601369728763 ], [ 110.482910199707931, -66.308609027528988 ], [ 110.482856755759556, -66.308609027528988 ], [ 110.482803365362216, -66.308609027528988 ], [ 110.482727055115276, -66.308631893827538 ], [ 110.482673611166888, -66.308654760126103 ], [ 110.482673611166888, -66.30869294202509 ], [ 110.482666006917725, -66.308723466123865 ], [ 110.482681268967113, -66.308753990222641 ], [ 110.482719450866114, -66.308753990222641 ] ], [ [ 110.483276381791143, -66.308731070373042 ], [ 110.483230595642979, -66.30869294202509 ], [ 110.483222937842754, -66.308662417926314 ], [ 110.483177205245653, -66.308662417926314 ], [ 110.483146681146877, -66.30869294202509 ], [ 110.483116157048102, -66.308708204074492 ], [ 110.483055108850536, -66.308731070373042 ], [ 110.48302458475176, -66.308761594471818 ], [ 110.483047504601373, -66.308784460770369 ], [ 110.483078028700149, -66.308792118570594 ], [ 110.483276381791143, -66.308731070373042 ] ], [ [ 110.483856232565785, -66.308952343313649 ], [ 110.4839019651629, -66.308929423464036 ], [ 110.483932489261676, -66.308898952916309 ], [ 110.483955409111289, -66.308876033066696 ], [ 110.483963013360452, -66.30884550896792 ], [ 110.483917227212288, -66.308837904718757 ], [ 110.483726478370457, -66.308944685513424 ], [ 110.483787526568008, -66.308952343313649 ], [ 110.483818050666784, -66.308952343313649 ], [ 110.483856232565785, -66.308952343313649 ] ], [ [ 110.482810969611378, -66.308876033066696 ], [ 110.482765237014277, -66.308853166768145 ], [ 110.482734659364439, -66.308853166768145 ], [ 110.482696531016501, -66.308876033066696 ], [ 110.482704188816726, -66.308906557165471 ], [ 110.482810969611378, -66.308876033066696 ] ] ] ] } },
{ "type": "Feature", "properties": { "FEAT_TYPE": "Penguin", "UFI": 885561, "Q_INFO": 480, "DATASET_ID": 170, "COMMENTS": null, "COMMON_NAM": "Adelie Penguin", "SPECIES": null, "STATUS": null, "DB_DATE_CR": "2009-11-27", "DISPLAY": "50000, Heli op maps", "COUNT_NO": 0, "DATE_CAPTU": null, "DATE_FLAG": null }, "geometry": { "type": "MultiPolygon", "coordinates": [ [ [ [ 110.48547363494356, -66.308547979331436 ], [ 110.485443110844784, -66.308547979331436 ], [ 110.485389666896396, -66.308532717282048 ], [ 110.485443110844784, -66.308486984684933 ], [ 110.48547363494356, -66.308479326884708 ], [ 110.485504159042335, -66.308479326884708 ], [ 110.485534629590063, -66.308479326884708 ], [ 110.485549945190499, -66.308509797432436 ], [ 110.485511763291498, -66.308525113032886 ], [ 110.48547363494356, -66.308547979331436 ] ] ] ] } },
{ "type": "Feature", "properties": { "FEAT_TYPE": "Penguin", "UFI": 885563, "Q_INFO": 480, "DATASET_ID": 170, "COMMENTS": null, "COMMON_NAM": "Adelie Penguin", "SPECIES": null, "STATUS": null, "DB_DATE_CR": "2009-11-27", "DISPLAY": "50000, Heli op maps", "COUNT_NO": 0, "DATE_CAPTU": null, "DATE_FLAG": null }, "geometry": { "type": "MultiPolygon", "coordinates": [ [ [ [ 110.483276381791143, -66.308731070373042 ], [ 110.483078028700149, -66.308792118570594 ], [ 110.483047504601373, -66.308784460770369 ], [ 110.48302458475176, -66.308761594471818 ], [ 110.483055108850536, -66.308731070373042 ], [ 110.483116157048102, -66.308708204074492 ], [ 110.483146681146877, -66.30869294202509 ], [ 110.483177205245653, -66.308662417926314 ], [ 110.483222937842754, -66.308662417926314 ], [ 110.483230595642979, -66.30869294202509 ], [ 110.483276381791143, -66.308731070373042 ] ] ] ] } },
{ "type": "Feature", "properties": { "FEAT_TYPE": "Penguin", "UFI": 885565, "Q_INFO": 480, "DATASET_ID": 170, "COMMENTS": null, "COMMON_NAM": "Adelie Penguin", "SPECIES": null, "STATUS": null, "DB_DATE_CR": "2009-11-27", "DISPLAY": "50000, Heli op maps", "COUNT_NO": 0, "DATE_CAPTU": null, "DATE_FLAG": null }, "geometry": { "type": "MultiPolygon", "coordinates": [ [ [ [ 110.481727578309034, -66.308738674622219 ], [ 110.48179628430681, -66.308769252272043 ], [ 110.48179628430681, -66.308799722819771 ], [ 110.481765760208035, -66.308799722819771 ], [ 110.481727578309034, -66.308799722819771 ], [ 110.48168179216087, -66.308799722819771 ], [ 110.481643663812932, -66.308799722819771 ], [ 110.481605535464993, -66.308815038420192 ], [ 110.481575011366203, -66.308815038420192 ], [ 110.481536829467217, -66.308830246918546 ], [ 110.481498701119264, -66.308853166768145 ], [ 110.481475834820714, -66.308883637315873 ], [ 110.481452914971101, -66.308906557165471 ], [ 110.481399524573774, -66.308906557165471 ], [ 110.481353738425611, -66.308883637315873 ], [ 110.481384316075435, -66.308860771017322 ], [ 110.481414786623162, -66.308853166768145 ], [ 110.481468230571551, -66.308822642669369 ], [ 110.481506358919489, -66.308807380619982 ], [ 110.481544487267428, -66.308792118570594 ], [ 110.48158261561538, -66.308776856521206 ], [ 110.481628401763544, -66.30874633242243 ], [ 110.481643663812932, -66.308715808323655 ], [ 110.48169710776132, -66.308723466123865 ], [ 110.481727578309034, -66.308738674622219 ] ] ] ] } },
{ "type": "Feature", "properties": { "FEAT_TYPE": "Penguin", "UFI": 885573, "Q_INFO": 480, "DATASET_ID": 170, "COMMENTS": null, "COMMON_NAM": "Adelie Penguin", "SPECIES": null, "STATUS": null, "DB_DATE_CR": "2009-11-27", "DISPLAY": "50000, Heli op maps", "COUNT_NO": 0, "DATE_CAPTU": null, "DATE_FLAG": null }, "geometry": { "type": "MultiPolygon", "coordinates": [ [ [ [ 110.486007699570038, -66.309745755677625 ], [ 110.486030565868589, -66.309722942930108 ], [ 110.486076352016752, -66.309730493628223 ], [ 110.486106876115542, -66.309745755677625 ], [ 110.486084009816977, -66.309776333327449 ], [ 110.486007699570038, -66.309745755677625 ] ] ] ] } },
{ "type": "Feature", "properties": { "FEAT_TYPE": "Penguin", "UFI": 885582, "Q_INFO": 480, "DATASET_ID": 170, "COMMENTS": null, "COMMON_NAM": "Adelie Penguin", "SPECIES": null, "STATUS": null, "DB_DATE_CR": "2009-11-27", "DISPLAY": "50000, Heli op maps", "COUNT_NO": 0, "DATE_CAPTU": null, "DATE_FLAG": null }, "geometry": { "type": "MultiPolygon", "coordinates": [ [ [ [ 110.401565564960904, -66.321311979316448 ], [ 110.401496858963128, -66.321334845614999 ], [ 110.40145873061519, -66.321327187814774 ], [ 110.401466388415415, -66.321296717267046 ], [ 110.401496858963128, -66.321289059466835 ], [ 110.401542645111292, -66.321281401666624 ], [ 110.401565564960904, -66.321311979316448 ] ] ] ] } },
{ "type": "Feature", "properties": { "FEAT_TYPE": "Penguin", "UFI": 885586, "Q_INFO": 480, "DATASET_ID": 170, "COMMENTS": null, "COMMON_NAM": "Adelie Penguin", "SPECIES": null, "STATUS": null, "DB_DATE_CR": "2009-11-27", "DISPLAY": "50000, Heli op maps", "COUNT_NO": 0, "DATE_CAPTU": null, "DATE_FLAG": null }, "geometry": { "type": "MultiPolygon", "coordinates": [ [ [ [ 110.400611874302825, -66.321586642654381 ], [ 110.400573745954887, -66.321563722804768 ], [ 110.400604216502614, -66.321533198705993 ], [ 110.40063474060139, -66.321556065004557 ], [ 110.400611874302825, -66.321586642654381 ] ] ] ] } },
{ "type": "Feature", "properties": { "FEAT_TYPE": "Penguin", "UFI": 885587, "Q_INFO": 480, "DATASET_ID": 170, "COMMENTS": null, "COMMON_NAM": "Adelie Penguin", "SPECIES": null, "STATUS": null, "DB_DATE_CR": "2009-11-27", "DISPLAY": "50000, Heli op maps", "COUNT_NO": 0, "DATE_CAPTU": null, "DATE_FLAG": null }, "geometry": { "type": "MultiPolygon", "coordinates": [ [ [ [ 110.39803312346676, -66.321884172290865 ], [ 110.397987390869659, -66.32187651449064 ], [ 110.397949208970658, -66.321884172290865 ], [ 110.39791108062272, -66.321868910241477 ], [ 110.397872898723719, -66.321868910241477 ], [ 110.397865294474542, -66.321838332591653 ], [ 110.397918684871883, -66.321830781893539 ], [ 110.397972075269209, -66.321823124093314 ], [ 110.398017861417372, -66.321815466293089 ], [ 110.39804843906721, -66.321792599994538 ], [ 110.398078909614924, -66.321784995745361 ], [ 110.398109433713699, -66.32177733794515 ], [ 110.3981476156127, -66.321762075895762 ], [ 110.398178086160428, -66.321762075895762 ], [ 110.398231530108816, -66.32177733794515 ], [ 110.39826200065653, -66.321784995745361 ], [ 110.398223872308591, -66.321845990391864 ], [ 110.398185743960653, -66.321861252441266 ], [ 110.398155166310815, -66.321853648192089 ], [ 110.398101829464537, -66.321868910241477 ], [ 110.398063647565536, -66.32187651449064 ], [ 110.39803312346676, -66.321884172290865 ] ] ] ] } },
{ "type": "Feature", "properties": { "FEAT_TYPE": "Penguin", "UFI": 885590, "Q_INFO": 480, "DATASET_ID": 170, "COMMENTS": null, "COMMON_NAM": "Adelie Penguin", "SPECIES": null, "STATUS": null, "DB_DATE_CR": "2009-11-27", "DISPLAY": "50000, Heli op maps", "COUNT_NO": 0, "DATE_CAPTU": null, "DATE_FLAG": null }, "geometry": { "type": "MultiPolygon", "coordinates": [ [ [ [ 110.399902376434966, -66.322151177828573 ], [ 110.399871798785142, -66.322105391680424 ], [ 110.399864194535965, -66.322074921132696 ], [ 110.399871798785142, -66.322036739233695 ], [ 110.399917638484354, -66.322036739233695 ], [ 110.399940504782919, -66.321998610885743 ], [ 110.399978633130857, -66.321983295285307 ], [ 110.400032023528183, -66.321975744587192 ], [ 110.400093071725735, -66.321952824737593 ], [ 110.400161724172463, -66.321960428986756 ], [ 110.400131200073687, -66.321990953085532 ], [ 110.400108333775123, -66.322021477184308 ], [ 110.400161724172463, -66.32202908143347 ], [ 110.399902376434966, -66.322151177828573 ] ] ] ] } },
{ "type": "Feature", "properties": { "FEAT_TYPE": "Penguin", "UFI": 885591, "Q_INFO": 480, "DATASET_ID": 170, "COMMENTS": null, "COMMON_NAM": "Adelie Penguin", "SPECIES": null, "STATUS": null, "DB_DATE_CR": "2009-11-27", "DISPLAY": "50000, Heli op maps", "COUNT_NO": 0, "DATE_CAPTU": null, "DATE_FLAG": null }, "geometry": { "type": "MultiPolygon", "coordinates": [ [ [ [ 110.39791108062272, -66.321983295285307 ], [ 110.397865294474542, -66.322013872935145 ], [ 110.397827112575555, -66.32200621513492 ], [ 110.397819561877441, -66.321975744587192 ], [ 110.397850032425154, -66.321968086786967 ], [ 110.397880556523944, -66.321960428986756 ], [ 110.39791108062272, -66.321983295285307 ] ] ] ] } },
{ "type": "Feature", "properties": { "FEAT_TYPE": "Penguin", "UFI": 885603, "Q_INFO": 480, "DATASET_ID": 170, "COMMENTS": null, "COMMON_NAM": "Adelie Penguin", "SPECIES": null, "STATUS": null, "DB_DATE_CR": "2009-11-27", "DISPLAY": "50000, Heli op maps", "COUNT_NO": 0, "DATE_CAPTU": null, "DATE_FLAG": null }, "geometry": { "type": "MultiPolygon", "coordinates": [ [ [ [ 110.412826547611971, -66.326690700378123 ], [ 110.412788419264032, -66.326690700378123 ], [ 110.412757841614194, -66.326690700378123 ], [ 110.412712109017093, -66.326698304627286 ], [ 110.412643456570365, -66.326698304627286 ], [ 110.412620536720752, -66.326675438328735 ], [ 110.412612878920541, -66.326644914229959 ], [ 110.412574750572588, -66.326644914229959 ], [ 110.41253662222465, -66.326644914229959 ], [ 110.412506098125874, -66.326629652180571 ], [ 110.412460311977711, -66.326591523832633 ], [ 110.412521360175262, -66.32656860398302 ], [ 110.41255183072299, -66.32656860398302 ], [ 110.412597670422201, -66.32656860398302 ], [ 110.412628194520977, -66.32656860398302 ], [ 110.412658665068705, -66.326576208232183 ], [ 110.412681584918317, -66.326553341933632 ], [ 110.412719713266256, -66.326553341933632 ], [ 110.412757841614194, -66.326538079884244 ], [ 110.412796023513195, -66.326545737684455 ], [ 110.412765499414419, -66.326599128081796 ], [ 110.412765499414419, -66.326629652180571 ], [ 110.412765499414419, -66.326660122728299 ], [ 110.412803627762358, -66.326652518479136 ], [ 110.412826547611971, -66.326690700378123 ] ] ] ] } },
{ "type": "Feature", "properties": { "FEAT_TYPE": "Penguin", "UFI": 885625, "Q_INFO": 480, "DATASET_ID": 170, "COMMENTS": null, "COMMON_NAM": "Adelie Penguin", "SPECIES": null, "STATUS": null, "DB_DATE_CR": "2009-11-27", "DISPLAY": "50000, Heli op maps", "COUNT_NO": 0, "DATE_CAPTU": null, "DATE_FLAG": null }, "geometry": { "type": "MultiPolygon", "coordinates": [ [ [ [ 110.410118149682688, -66.328369097402401 ], [ 110.41008757203285, -66.328361546704286 ], [ 110.410041785884687, -66.328353888904061 ], [ 110.410011315336973, -66.328323364805286 ], [ 110.410057101485137, -66.328308102755898 ], [ 110.41008757203285, -66.328315760556109 ], [ 110.410118149682688, -66.328315760556109 ], [ 110.410148620230402, -66.328330969054463 ], [ 110.410118149682688, -66.328369097402401 ] ] ] ] } },
{ "type": "Feature", "properties": { "FEAT_TYPE": "Penguin", "UFI": 885632, "Q_INFO": 480, "DATASET_ID": 170, "COMMENTS": null, "COMMON_NAM": "Adelie Penguin", "SPECIES": null, "STATUS": null, "DB_DATE_CR": "2009-11-27", "DISPLAY": "50000, Heli op maps", "COUNT_NO": 0, "DATE_CAPTU": null, "DATE_FLAG": null }, "geometry": { "type": "MultiPolygon", "coordinates": [ [ [ [ 110.412330611333431, -66.329574585099849 ], [ 110.412277220936105, -66.329574585099849 ], [ 110.412231434787941, -66.329574585099849 ], [ 110.412193306440003, -66.329566927299624 ], [ 110.412147520291825, -66.329559323050461 ], [ 110.412109391943886, -66.329551718801298 ], [ 110.412048343746335, -66.329544061001073 ], [ 110.412002557598171, -66.329536456751896 ], [ 110.411949167200845, -66.329521141151474 ], [ 110.411888119003279, -66.329498274852909 ], [ 110.411857594904504, -66.329475408554345 ], [ 110.41182712435679, -66.329460146504971 ], [ 110.411796546706952, -66.329429622406195 ], [ 110.411766076159239, -66.32942196460597 ], [ 110.411705027961688, -66.329391494058243 ], [ 110.411705027961688, -66.329345707910079 ], [ 110.411651584013299, -66.329292317512738 ], [ 110.411682161663123, -66.329269451214188 ], [ 110.411743156309626, -66.329261793413963 ], [ 110.411773680408402, -66.329246531364589 ], [ 110.41178894245779, -66.329208403016636 ], [ 110.411781338208627, -66.329177878917861 ], [ 110.411819466556565, -66.329162616868473 ], [ 110.411849990655341, -66.329162616868473 ], [ 110.411903381052667, -66.329162616868473 ], [ 110.411979637748559, -66.329154959068262 ], [ 110.412033081696947, -66.329162616868473 ], [ 110.412086472094273, -66.329162616868473 ], [ 110.412124600442226, -66.329162616868473 ], [ 110.41217038659039, -66.329162616868473 ], [ 110.412216226289601, -66.329170221117636 ], [ 110.412269563135879, -66.329170221117636 ], [ 110.41230774503488, -66.329177878917861 ], [ 110.412361135432207, -66.329177878917861 ], [ 110.412399317331207, -66.329185483167038 ], [ 110.412429787878935, -66.329200745216411 ], [ 110.412460311977711, -66.329216007265813 ], [ 110.412467969777936, -66.329246531364589 ], [ 110.412483231827323, -66.329292317512738 ], [ 110.412498493876711, -66.329322788060466 ], [ 110.41253662222465, -66.329345707910079 ], [ 110.412567146323426, -66.329376178457807 ], [ 110.41253662222465, -66.329391494058243 ], [ 110.412498493876711, -66.329414413907855 ], [ 110.412467969777936, -66.329452542255794 ], [ 110.412414525829547, -66.329467750754134 ], [ 110.412399317331207, -66.329498274852909 ], [ 110.41243744567916, -66.329498274852909 ], [ 110.412467969777936, -66.329528798951685 ], [ 110.412460311977711, -66.329559323050461 ], [ 110.412414525829547, -66.329566927299624 ], [ 110.412330611333431, -66.329574585099849 ] ], [ [ 110.411987295548784, -66.329330445860691 ], [ 110.41204068594611, -66.329345707910079 ], [ 110.412078814294063, -66.329307579562141 ], [ 110.412033081696947, -66.329307579562141 ], [ 110.411987295548784, -66.329330445860691 ] ], [ [ 110.412338269133656, -66.329452542255794 ], [ 110.412261958886717, -66.329437226655358 ], [ 110.412323007084268, -66.329483012803522 ], [ 110.412338269133656, -66.329452542255794 ] ] ] ] } },
{ "type": "Feature", "properties": { "FEAT_TYPE": "Penguin", "UFI": 885650, "Q_INFO": 480, "DATASET_ID": 170, "COMMENTS": null, "COMMON_NAM": "Adelie Penguin", "SPECIES": null, "STATUS": null, "DB_DATE_CR": "2009-11-27", "DISPLAY": "50000, Heli op maps", "COUNT_NO": 0, "DATE_CAPTU": null, "DATE_FLAG": null }, "geometry": { "type": "MultiPolygon", "coordinates": [ [ [ [ 110.419181825630289, -66.406097429710229 ], [ 110.419143643731289, -66.406089771910018 ], [ 110.419097911134173, -66.406059301362291 ], [ 110.419067387035398, -66.406036381512678 ], [ 110.419090253333948, -66.406005857413902 ], [ 110.419120777432724, -66.405998253164739 ], [ 110.419158959331725, -66.406005857413902 ], [ 110.419189429879452, -66.406013515214113 ], [ 110.41920469192884, -66.406043985761841 ], [ 110.41920469192884, -66.406074509860616 ], [ 110.419181825630289, -66.406097429710229 ] ] ] ] } },
{ "type": "Feature", "properties": { "FEAT_TYPE": "Penguin", "UFI": 885655, "Q_INFO": 480, "DATASET_ID": 170, "COMMENTS": null, "COMMON_NAM": "Adelie Penguin", "SPECIES": null, "STATUS": null, "DB_DATE_CR": "2009-11-27", "DISPLAY": "50000, Heli op maps", "COUNT_NO": 0, "DATE_CAPTU": null, "DATE_FLAG": null }, "geometry": { "type": "MultiPolygon", "coordinates": [ [ [ [ 110.42139434083208, -66.406646702835047 ], [ 110.421432469180033, -66.406639098585885 ], [ 110.421463046829857, -66.406639098585885 ], [ 110.421516383676135, -66.406654360635258 ], [ 110.421493517377584, -66.406684884734034 ], [ 110.421463046829857, -66.406684884734034 ], [ 110.421432469180033, -66.406684884734034 ], [ 110.42139434083208, -66.406646702835047 ] ] ] ] } },
{ "type": "Feature", "properties": { "FEAT_TYPE": "Penguin", "UFI": 885662, "Q_INFO": 480, "DATASET_ID": 170, "COMMENTS": null, "COMMON_NAM": "Adelie Penguin", "SPECIES": null, "STATUS": null, "DB_DATE_CR": "2009-11-27", "DISPLAY": "50000, Heli op maps", "COUNT_NO": 0, "DATE_CAPTU": null, "DATE_FLAG": null }, "geometry": { "type": "MultiPolygon", "coordinates": [ [ [ [ 110.418716413450525, -66.408050543623489 ], [ 110.418678285102587, -66.408042885823278 ], [ 110.418624894705246, -66.408042885823278 ], [ 110.418571450756858, -66.408042885823278 ], [ 110.418495194060981, -66.408042885823278 ], [ 110.418418883814027, -66.408035281574101 ], [ 110.418396017515477, -66.408004757475325 ], [ 110.418380701915041, -66.407974286927598 ], [ 110.418350231367313, -66.407951367077999 ], [ 110.418296840969987, -66.407936105028597 ], [ 110.418251054821823, -66.407920842979223 ], [ 110.418212926473871, -66.407920842979223 ], [ 110.418182348824047, -66.407905580929821 ], [ 110.418136562675883, -66.40789792312961 ], [ 110.418083172278543, -66.407875056831045 ], [ 110.418052648179767, -66.407875056831045 ], [ 110.418014519831829, -66.407875056831045 ], [ 110.41797639148389, -66.407875056831045 ], [ 110.417945867385114, -66.407890318880447 ], [ 110.417915343286325, -66.407890318880447 ], [ 110.417884819187549, -66.407890318880447 ], [ 110.417892423436726, -66.407859794781672 ], [ 110.417861952888998, -66.407836874932059 ], [ 110.417877214938386, -66.407806404384331 ], [ 110.417907685486114, -66.407806404384331 ], [ 110.417945867385114, -66.407775880285556 ], [ 110.417892423436726, -66.407775880285556 ], [ 110.417846637288562, -66.407760618236168 ], [ 110.417884819187549, -66.407737698386569 ], [ 110.417884819187549, -66.407699570038616 ], [ 110.41792300108655, -66.407684361540277 ], [ 110.417953471634277, -66.407669045939841 ], [ 110.417991599982216, -66.407669045939841 ], [ 110.418029781881216, -66.407669045939841 ], [ 110.418067963780217, -66.407669045939841 ], [ 110.418113696377318, -66.407684361540277 ], [ 110.418144220476094, -66.407707227838841 ], [ 110.418151878276319, -66.40774535618678 ], [ 110.418128958426706, -66.407768276036393 ], [ 110.418106092128156, -66.40779874658412 ], [ 110.418128958426706, -66.407836874932059 ], [ 110.418190006624272, -66.407859794781672 ], [ 110.418235792772435, -66.407867452581883 ], [ 110.418273921120374, -66.407867452581883 ], [ 110.41830444521915, -66.407875056831045 ], [ 110.418350231367313, -66.40789792312961 ], [ 110.418380701915041, -66.407905580929821 ], [ 110.418441750112592, -66.407928447228386 ], [ 110.418472274211368, -66.407936105028597 ], [ 110.418518060359531, -66.407936105028597 ], [ 110.418556242258532, -66.407951367077999 ], [ 110.418586712806245, -66.407958971327162 ], [ 110.418624894705246, -66.407936105028597 ], [ 110.418678285102587, -66.407936105028597 ], [ 110.418701151401137, -66.407913238730046 ], [ 110.418746991100349, -66.407928447228386 ], [ 110.418769857398914, -66.407951367077999 ], [ 110.418792723697464, -66.407974286927598 ], [ 110.418754541798464, -66.408020019524713 ], [ 110.418716413450525, -66.408050543623489 ] ] ] ] } },
{ "type": "Feature", "properties": { "FEAT_TYPE": "Penguin", "UFI": 885669, "Q_INFO": 480, "DATASET_ID": 170, "COMMENTS": null, "COMMON_NAM": "Adelie Penguin", "SPECIES": null, "STATUS": null, "DB_DATE_CR": "2009-11-27", "DISPLAY": "50000, Heli op maps", "COUNT_NO": 0, "DATE_CAPTU": null, "DATE_FLAG": null }, "geometry": { "type": "MultiPolygon", "coordinates": [ [ [ [ 110.418937686391132, -66.408790565590124 ], [ 110.418876638193566, -66.408775357091798 ], [ 110.418838509845628, -66.408775357091798 ], [ 110.418785119448302, -66.408760095042396 ], [ 110.418754541798464, -66.408760095042396 ], [ 110.418701151401137, -66.408752437242185 ], [ 110.418670627302362, -66.408752437242185 ], [ 110.418617236905021, -66.408737228743846 ], [ 110.418579108557083, -66.40872191314341 ], [ 110.418548584458307, -66.408706651094022 ], [ 110.418510402559306, -66.408668522746069 ], [ 110.418472274211368, -66.40864560289647 ], [ 110.418403621764639, -66.408637998647293 ], [ 110.418373097665864, -66.408630394398131 ], [ 110.418342573567088, -66.40862273659792 ], [ 110.418289183169762, -66.408584608249967 ], [ 110.418251054821823, -66.408584608249967 ], [ 110.418212926473871, -66.408576950449742 ], [ 110.418159482525482, -66.408569346200579 ], [ 110.418098434327931, -66.408561688400368 ], [ 110.418060305979992, -66.408546479902014 ], [ 110.418014519831829, -66.408531217852641 ], [ 110.41797639148389, -66.408515902252191 ], [ 110.417945867385114, -66.408508298003028 ], [ 110.417915343286325, -66.408500640202817 ], [ 110.417884819187549, -66.408508298003028 ], [ 110.417846637288562, -66.408508298003028 ], [ 110.41780850894061, -66.408515902252191 ], [ 110.417778038392896, -66.408485431704463 ], [ 110.417800904691447, -66.408462511854864 ], [ 110.417831428790223, -66.408447303356525 ], [ 110.417854295088773, -66.408424383506912 ], [ 110.417884819187549, -66.408424383506912 ], [ 110.417884819187549, -66.408393859408136 ], [ 110.417877214938386, -66.408348073259987 ], [ 110.417930605335727, -66.408355731060198 ], [ 110.417953471634277, -66.408378597358762 ], [ 110.417999257782441, -66.408416725706701 ], [ 110.418037386130379, -66.408439645556314 ], [ 110.418052648179767, -66.408485431704463 ], [ 110.418098434327931, -66.408500640202817 ], [ 110.418136562675883, -66.408523560052416 ], [ 110.418190006624272, -66.408538822101804 ], [ 110.418258659070986, -66.408546479902014 ], [ 110.418296840969987, -66.408554084151191 ], [ 110.418350231367313, -66.408569346200579 ], [ 110.418396017515477, -66.408584608249967 ], [ 110.418449407912817, -66.408592266050192 ], [ 110.418502798310143, -66.408592266050192 ], [ 110.418548584458307, -66.408592266050192 ], [ 110.418602028406696, -66.408592266050192 ], [ 110.418663023053185, -66.408599816748307 ], [ 110.41872407125075, -66.408599816748307 ], [ 110.418754541798464, -66.408607474548518 ], [ 110.418815589996015, -66.408615132348743 ], [ 110.418853771895016, -66.408637998647293 ], [ 110.418891900242954, -66.40864560289647 ], [ 110.418945290640295, -66.408660864945858 ], [ 110.419006338837846, -66.408668522746069 ], [ 110.419082595533737, -66.408691389044634 ], [ 110.418937686391132, -66.408790565590124 ] ] ] ] } },
{ "type": "Feature", "properties": { "FEAT_TYPE": "Penguin", "UFI": 885686, "Q_INFO": 480, "DATASET_ID": 170, "COMMENTS": null, "COMMON_NAM": "Adelie Penguin", "SPECIES": null, "STATUS": null, "DB_DATE_CR": "2009-11-27", "DISPLAY": "50000, Heli op maps", "COUNT_NO": 0, "DATE_CAPTU": null, "DATE_FLAG": null }, "geometry": { "type": "MultiPolygon", "coordinates": [ [ [ [ 110.469352733807909, -66.412094129894498 ], [ 110.469367995857297, -66.412048343746335 ], [ 110.469398519956073, -66.412048343746335 ], [ 110.469459568153624, -66.412063605795723 ], [ 110.46947477665195, -66.412094129894498 ], [ 110.469444252553174, -66.412101734143675 ], [ 110.469413782005461, -66.412094129894498 ], [ 110.469398519956073, -66.412124600442226 ], [ 110.469352733807909, -66.412094129894498 ] ] ] ] } },
{ "type": "Feature", "properties": { "FEAT_TYPE": "Penguin", "UFI": 885693, "Q_INFO": 480, "DATASET_ID": 170, "COMMENTS": null, "COMMON_NAM": "Adelie Penguin", "SPECIES": null, "STATUS": null, "DB_DATE_CR": "2009-11-27", "DISPLAY": "50000, Heli op maps", "COUNT_NO": 0, "DATE_CAPTU": null, "DATE_FLAG": null }, "geometry": { "type": "MultiPolygon", "coordinates": [ [ [ [ 110.467742935679297, -66.412361135432207 ], [ 110.467788721827461, -66.412406921580384 ], [ 110.467758144177637, -66.412429787878935 ], [ 110.467712411580521, -66.412429787878935 ], [ 110.467681887481746, -66.412422183629758 ], [ 110.46765136338297, -66.412414525829547 ], [ 110.467636101333582, -66.412361135432207 ], [ 110.467742935679297, -66.412361135432207 ] ] ] ] } },
{ "type": "Feature", "properties": { "FEAT_TYPE": "Penguin", "UFI": 885709, "Q_INFO": 480, "DATASET_ID": 170, "COMMENTS": null, "COMMON_NAM": "Adelie Penguin", "SPECIES": null, "STATUS": null, "DB_DATE_CR": "2009-11-27", "DISPLAY": "50000, Heli op maps", "COUNT_NO": 0, "DATE_CAPTU": null, "DATE_FLAG": null }, "geometry": { "type": "MultiPolygon", "coordinates": [ [ [ [ 110.434913624833115, -66.414154078153473 ], [ 110.434951806732116, -66.41413115830386 ], [ 110.435012801378619, -66.414123554054697 ], [ 110.43505098327762, -66.414123554054697 ], [ 110.435096769425783, -66.414146420353262 ], [ 110.435066191775945, -66.414169340202861 ], [ 110.434997592880279, -66.414169340202861 ], [ 110.434951806732116, -66.414169340202861 ], [ 110.434913624833115, -66.414154078153473 ] ] ] ] } },
{ "type": "Feature", "properties": { "FEAT_TYPE": "Penguin", "UFI": 885710, "Q_INFO": 480, "DATASET_ID": 170, "COMMENTS": null, "COMMON_NAM": "Adelie Penguin", "SPECIES": null, "STATUS": null, "DB_DATE_CR": "2009-11-27", "DISPLAY": "50000, Heli op maps", "COUNT_NO": 0, "DATE_CAPTU": null, "DATE_FLAG": null }, "geometry": { "type": "MultiPolygon", "coordinates": [ [ [ [ 110.43466953914502, -66.414146420353262 ], [ 110.434638961495182, -66.414176944452038 ], [ 110.434608490947468, -66.414184548701201 ], [ 110.43457791329763, -66.414184548701201 ], [ 110.434539784949692, -66.414176944452038 ], [ 110.434501656601753, -66.414138762553037 ], [ 110.434562704799305, -66.414138762553037 ], [ 110.434616095196631, -66.414146420353262 ], [ 110.43466953914502, -66.414146420353262 ] ] ] ] } },
{ "type": "Feature", "properties": { "FEAT_TYPE": "Penguin", "UFI": 885716, "Q_INFO": 480, "DATASET_ID": 170, "COMMENTS": null, "COMMON_NAM": "Adelie Penguin", "SPECIES": null, "STATUS": null, "DB_DATE_CR": "2009-11-27", "DISPLAY": "50000, Heli op maps", "COUNT_NO": 0, "DATE_CAPTU": null, "DATE_FLAG": null }, "geometry": { "type": "MultiPolygon", "coordinates": [ [ [ [ 110.436813401900096, -66.415084848961939 ], [ 110.436782824250272, -66.415084848961939 ], [ 110.436752353702545, -66.415077244712762 ], [ 110.436714171803544, -66.415061982663389 ], [ 110.436675989904558, -66.415046667062938 ], [ 110.436637861556605, -66.415046667062938 ], [ 110.436599733208666, -66.415046667062938 ], [ 110.436553947060503, -66.415039062813776 ], [ 110.436500556663177, -66.415031405013565 ], [ 110.436462428315224, -66.415023800764388 ], [ 110.436424246416223, -66.415016196515211 ], [ 110.436363198218672, -66.414993276665612 ], [ 110.436309807821345, -66.414985618865387 ], [ 110.436309807821345, -66.414955148317659 ], [ 110.436286941522795, -66.414924624218884 ], [ 110.436332727670958, -66.414901704369285 ], [ 110.436286941522795, -66.414878838070734 ], [ 110.436256417424019, -66.414871233821557 ], [ 110.436218235525018, -66.414878838070734 ], [ 110.436187764977291, -66.414871233821557 ], [ 110.436141978829127, -66.414863576021332 ], [ 110.436103796930126, -66.414863576021332 ], [ 110.436042802283637, -66.41485597177217 ], [ 110.436012278184862, -66.414840656171734 ], [ 110.435958834236473, -66.414810185624006 ], [ 110.435935967937908, -66.414787319325455 ], [ 110.435928363688745, -66.414749137426455 ], [ 110.435966492036698, -66.414756741675632 ], [ 110.436019882434024, -66.414741533177278 ], [ 110.436050460083848, -66.414733875377067 ], [ 110.436073326382413, -66.414711009078502 ], [ 110.436103796930126, -66.414718613327679 ], [ 110.436134374579964, -66.414726271127904 ], [ 110.436172502927903, -66.414733875377067 ], [ 110.436202973475631, -66.414741533177278 ], [ 110.436256417424019, -66.414741533177278 ], [ 110.436294545771958, -66.414749137426455 ], [ 110.436340331920121, -66.41477966152523 ], [ 110.436378513819122, -66.41477966152523 ], [ 110.436408984366835, -66.414810185624006 ], [ 110.43641664216706, -66.414848313971959 ], [ 110.436393722317447, -66.414871233821557 ], [ 110.436370856018897, -66.414894100120108 ], [ 110.436408984366835, -66.41490936216951 ], [ 110.436439508465611, -66.414917019969721 ], [ 110.436485294613789, -66.414924624218884 ], [ 110.43653102721089, -66.414932282019109 ], [ 110.436569209109891, -66.414939886268286 ], [ 110.436599733208666, -66.414947490517449 ], [ 110.436637861556605, -66.414985618865387 ], [ 110.436675989904558, -66.415000934465837 ], [ 110.436729433852946, -66.415016196515211 ], [ 110.436767562200885, -66.415031405013565 ], [ 110.436805744099885, -66.415039062813776 ], [ 110.436843872447824, -66.415061982663389 ], [ 110.436813401900096, -66.415084848961939 ] ] ] ] } },
{ "type": "Feature", "properties": { "FEAT_TYPE": "Penguin", "UFI": 885723, "Q_INFO": 480, "DATASET_ID": 170, "COMMENTS": null, "COMMON_NAM": "Adelie Penguin", "SPECIES": null, "STATUS": null, "DB_DATE_CR": "2009-11-27", "DISPLAY": "50000, Heli op maps", "COUNT_NO": 0, "DATE_CAPTU": null, "DATE_FLAG": null }, "geometry": { "type": "MultiPolygon", "coordinates": [ [ [ [ 110.512878438579889, -66.449722311027713 ], [ 110.51290130487844, -66.449760439375666 ], [ 110.51293182897723, -66.449760439375666 ], [ 110.512924224728053, -66.449790963474442 ], [ 110.512962353076006, -66.449806225523815 ], [ 110.512992823623719, -66.449821487573217 ], [ 110.513015743473332, -66.449852011671993 ], [ 110.512985272925604, -66.449867273721367 ], [ 110.512939486777441, -66.449874877970544 ], [ 110.51290130487844, -66.449859615921156 ], [ 110.512863176530502, -66.449836696071543 ], [ 110.512840310231951, -66.449813829772992 ], [ 110.51280212833295, -66.449798567723604 ], [ 110.51276394643395, -66.44977570142504 ], [ 110.512725818086011, -66.449768097175877 ], [ 110.512710556036623, -66.449737519526053 ], [ 110.512634299340732, -66.449707048978325 ], [ 110.512657165639297, -66.449684182679775 ], [ 110.51266476988846, -66.449653605029937 ], [ 110.512725818086011, -66.449661262830162 ], [ 110.512786866283562, -66.44967652487955 ], [ 110.51280212833295, -66.449714653227488 ], [ 110.512847860930066, -66.449722311027713 ], [ 110.512878438579889, -66.449722311027713 ] ] ] ] } },
{ "type": "Feature", "properties": { "FEAT_TYPE": "Penguin", "UFI": 885726, "Q_INFO": 480, "DATASET_ID": 170, "COMMENTS": null, "COMMON_NAM": "Adelie Penguin", "SPECIES": null, "STATUS": null, "DB_DATE_CR": "2009-11-27", "DISPLAY": "50000, Heli op maps", "COUNT_NO": 0, "DATE_CAPTU": null, "DATE_FLAG": null }, "geometry": { "type": "MultiPolygon", "coordinates": [ [ [ [ 110.513114920018822, -66.449752781575441 ], [ 110.51316836396721, -66.449745177326264 ], [ 110.513206492315163, -66.449745177326264 ], [ 110.513267540512715, -66.449737519526053 ], [ 110.513313326660878, -66.449745177326264 ], [ 110.513343797208591, -66.449752781575441 ], [ 110.513359059257979, -66.449783305674217 ], [ 110.513381925556544, -66.449806225523815 ], [ 110.513351455008817, -66.44982909182238 ], [ 110.513320930910041, -66.449836696071543 ], [ 110.51328274901104, -66.449844353871768 ], [ 110.513244620663102, -66.449859615921156 ], [ 110.513206492315163, -66.449859615921156 ], [ 110.51316836396721, -66.449852011671993 ], [ 110.51313018206821, -66.44982909182238 ], [ 110.513114920018822, -66.449783305674217 ], [ 110.513114920018822, -66.449752781575441 ] ] ] ] } },
{ "type": "Feature", "properties": { "FEAT_TYPE": "Penguin", "UFI": 885735, "Q_INFO": 480, "DATASET_ID": 170, "COMMENTS": null, "COMMON_NAM": "Adelie Penguin", "SPECIES": null, "STATUS": null, "DB_DATE_CR": "2009-11-27", "DISPLAY": "50000, Heli op maps", "COUNT_NO": 0, "DATE_CAPTU": null, "DATE_FLAG": null }, "geometry": { "type": "MultiPolygon", "coordinates": [ [ [ [ 110.516670227811531, -66.454215993878051 ], [ 110.516616783863142, -66.454200731828649 ], [ 110.516586313315415, -66.454177865530099 ], [ 110.516532869367026, -66.454162603480711 ], [ 110.516502398819313, -66.454139683631098 ], [ 110.516456612671149, -66.45410921308337 ], [ 110.516403222273809, -66.454071031184384 ], [ 110.516342174076257, -66.454055769134996 ], [ 110.516273521629543, -66.45402524503622 ], [ 110.51622773548138, -66.45400237873767 ], [ 110.516197211382604, -66.453971908189942 ], [ 110.516143767434215, -66.453918464241553 ], [ 110.516067510738324, -66.453880282342567 ], [ 110.516036986639548, -66.453842153994614 ], [ 110.515998804740548, -66.453788763597288 ], [ 110.516014120340998, -66.45374297744911 ], [ 110.516006462540773, -66.453712453350334 ], [ 110.515953072143446, -66.453689587051784 ], [ 110.515953072143446, -66.453651405152783 ], [ 110.516685489860919, -66.453735373199947 ], [ 110.516670227811531, -66.453781159348111 ], [ 110.516662570011306, -66.453834496194389 ], [ 110.516632099463578, -66.453880282342567 ], [ 110.516593917564578, -66.453926122041764 ], [ 110.516647361512966, -66.453941330540118 ], [ 110.516716013959694, -66.453956592589492 ], [ 110.516777062157246, -66.45400237873767 ], [ 110.516761746556796, -66.454048164885819 ], [ 110.516838110354797, -66.45410155528316 ], [ 110.516769404357021, -66.454132079381935 ], [ 110.516815190505184, -66.454170207729874 ], [ 110.516777062157246, -66.454200731828649 ], [ 110.51674653805847, -66.454208389628874 ], [ 110.516670227811531, -66.454215993878051 ] ] ] ] } },
{ "type": "Feature", "properties": { "FEAT_TYPE": "Penguin", "UFI": 885742, "Q_INFO": 480, "DATASET_ID": 170, "COMMENTS": null, "COMMON_NAM": "Adelie Penguin", "SPECIES": null, "STATUS": null, "DB_DATE_CR": "2009-11-27", "DISPLAY": "50000, Heli op maps", "COUNT_NO": 0, "DATE_CAPTU": null, "DATE_FLAG": null }, "geometry": { "type": "MultiPolygon", "coordinates": [ [ [ [ 110.482795707561991, -66.45967868298689 ], [ 110.482849151510379, -66.459648158888115 ], [ 110.482894884107495, -66.459655763137278 ], [ 110.482872017808944, -66.459686287236053 ], [ 110.482795707561991, -66.45967868298689 ] ] ] ] } },
{ "type": "Feature", "properties": { "FEAT_TYPE": "Penguin", "UFI": 885759, "Q_INFO": 480, "DATASET_ID": 170, "COMMENTS": null, "COMMON_NAM": "Adelie Penguin", "SPECIES": null, "STATUS": null, "DB_DATE_CR": "2009-11-27", "DISPLAY": "50000, Heli op maps", "COUNT_NO": 0, "DATE_CAPTU": null, "DATE_FLAG": null }, "geometry": { "type": "MultiPolygon", "coordinates": [ [ [ [ 110.481445310721938, -66.460723892390234 ], [ 110.481407182373999, -66.460708630340847 ], [ 110.481407182373999, -66.460678106242071 ], [ 110.481452914971101, -66.460655186392472 ], [ 110.481483439069876, -66.460655186392472 ], [ 110.481521620968877, -66.460662844192683 ], [ 110.481552145067653, -66.460662844192683 ], [ 110.481552145067653, -66.460693368291459 ], [ 110.481513963168652, -66.460716234590024 ], [ 110.481475834820714, -66.460739154439622 ], [ 110.481445310721938, -66.460723892390234 ] ] ] ] } },
{ "type": "Feature", "properties": { "FEAT_TYPE": "Penguin", "UFI": 885765, "Q_INFO": 480, "DATASET_ID": 170, "COMMENTS": null, "COMMON_NAM": "Adelie Penguin", "SPECIES": null, "STATUS": null, "DB_DATE_CR": "2009-11-27", "DISPLAY": "50000, Heli op maps", "COUNT_NO": 0, "DATE_CAPTU": null, "DATE_FLAG": null }, "geometry": { "type": "MultiPolygon", "coordinates": [ [ [ [ 110.480026261435157, -66.461151122670998 ], [ 110.479988133087218, -66.461181646769774 ], [ 110.479949951188217, -66.461151122670998 ], [ 110.480026261435157, -66.461151122670998 ] ] ] ] } },
{ "type": "Feature", "properties": { "FEAT_TYPE": "Penguin", "UFI": 885768, "Q_INFO": 480, "DATASET_ID": 170, "COMMENTS": null, "COMMON_NAM": "Adelie Penguin", "SPECIES": null, "STATUS": null, "DB_DATE_CR": "2009-11-27", "DISPLAY": "50000, Heli op maps", "COUNT_NO": 0, "DATE_CAPTU": null, "DATE_FLAG": null }, "geometry": { "type": "MultiPolygon", "coordinates": [ [ [ [ 110.4793395763148, -66.4616164812997 ], [ 110.479309105767072, -66.461608877050537 ], [ 110.479270923868071, -66.461593668552197 ], [ 110.479232795520133, -66.461578352951761 ], [ 110.479202271421357, -66.461570748702599 ], [ 110.479156485273194, -66.461555433102149 ], [ 110.479125961174418, -66.461540224603823 ], [ 110.479103094875867, -66.46151730475421 ], [ 110.479049650927479, -66.46150209625587 ], [ 110.47909549062669, -66.461471572157095 ], [ 110.479171747322582, -66.461486834206482 ], [ 110.479232795520133, -66.46150209625587 ], [ 110.479286239468522, -66.461524962554421 ], [ 110.479316710016235, -66.461532620354646 ], [ 110.479331972065637, -66.461563090902374 ], [ 110.479392966712126, -66.461593668552197 ], [ 110.4793395763148, -66.4616164812997 ] ] ] ] } },
{ "type": "Feature", "properties": { "FEAT_TYPE": "Penguin", "UFI": 885769, "Q_INFO": 480, "DATASET_ID": 170, "COMMENTS": null, "COMMON_NAM": "Adelie Penguin", "SPECIES": null, "STATUS": null, "DB_DATE_CR": "2009-11-27", "DISPLAY": "50000, Heli op maps", "COUNT_NO": 0, "DATE_CAPTU": null, "DATE_FLAG": null }, "geometry": { "type": "MultiPolygon", "coordinates": [ [ [ [ 110.501739498772878, -66.465225233040783 ], [ 110.501708974674102, -66.46523283728996 ], [ 110.501678450575326, -66.465248099339334 ], [ 110.501647926476551, -66.465240495090171 ], [ 110.501617402377775, -66.465225233040783 ], [ 110.501594589630272, -66.465202313191185 ], [ 110.501564011980435, -66.465194708942008 ], [ 110.501556354180224, -66.465141264993633 ], [ 110.501586931830047, -66.465133660744456 ], [ 110.501609798128598, -66.465103136645681 ], [ 110.501640322227388, -66.465095532396504 ], [ 110.501647926476551, -66.465126056495279 ], [ 110.501686108375551, -66.465133660744456 ], [ 110.50172423672349, -66.465141264993633 ], [ 110.501747103022041, -66.465164184843232 ], [ 110.501777680671879, -66.465171842643457 ], [ 110.501815809019817, -66.465133660744456 ], [ 110.501853937367756, -66.465141264993633 ], [ 110.501861595167981, -66.465171842643457 ], [ 110.501838675318368, -66.465194708942008 ], [ 110.501808151219592, -66.465209970991395 ], [ 110.501831071069205, -66.46523283728996 ], [ 110.501853937367756, -66.465255757139559 ], [ 110.501892065715708, -66.46527862343811 ], [ 110.501838675318368, -66.465309147536885 ], [ 110.501808151219592, -66.465301543287723 ], [ 110.501770022871654, -66.465263361388736 ], [ 110.501739498772878, -66.465225233040783 ] ] ] ] } },
{ "type": "Feature", "properties": { "FEAT_TYPE": "Penguin", "UFI": 885780, "Q_INFO": 480, "DATASET_ID": 170, "COMMENTS": null, "COMMON_NAM": "Adelie Penguin", "SPECIES": null, "STATUS": null, "DB_DATE_CR": "2009-11-27", "DISPLAY": "50000, Heli op maps", "COUNT_NO": 0, "DATE_CAPTU": null, "DATE_FLAG": null }, "geometry": { "type": "MultiPolygon", "coordinates": [ [ [ [ 110.496643045298299, -66.467788721827461 ], [ 110.496543922303857, -66.467826850175413 ], [ 110.496566788602408, -66.467742935679297 ], [ 110.496612521199523, -66.467758144177637 ], [ 110.496643045298299, -66.467788721827461 ] ] ] ] } },
{ "type": "Feature", "properties": { "FEAT_TYPE": "Penguin", "UFI": 885783, "Q_INFO": 480, "DATASET_ID": 170, "COMMENTS": null, "COMMON_NAM": "Adelie Penguin", "SPECIES": null, "STATUS": null, "DB_DATE_CR": "2009-11-27", "DISPLAY": "50000, Heli op maps", "COUNT_NO": 0, "DATE_CAPTU": null, "DATE_FLAG": null }, "geometry": { "type": "MultiPolygon", "coordinates": [ [ [ [ 110.494522102392821, -66.468154903910673 ], [ 110.494606016888923, -66.468139641861285 ], [ 110.494651803037101, -66.468162561710898 ], [ 110.494606016888923, -66.468177823760271 ], [ 110.494552572940549, -66.468185428009448 ], [ 110.494522102392821, -66.468154903910673 ] ] ] ] } },
{ "type": "Feature", "properties": { "FEAT_TYPE": "Penguin", "UFI": 885793, "Q_INFO": 480, "DATASET_ID": 170, "COMMENTS": null, "COMMON_NAM": "Adelie Penguin", "SPECIES": null, "STATUS": null, "DB_DATE_CR": "2009-11-27", "DISPLAY": "50000, Heli op maps", "COUNT_NO": 0, "DATE_CAPTU": null, "DATE_FLAG": null }, "geometry": { "type": "MultiPolygon", "coordinates": [ [ [ [ 110.495872499232888, -66.470451387159642 ], [ 110.495834317333887, -66.470466649209015 ], [ 110.49580384678616, -66.470420863060866 ], [ 110.495872499232888, -66.470451387159642 ] ] ] ] } },
{ "type": "Feature", "properties": { "FEAT_TYPE": "Penguin", "UFI": 885797, "Q_INFO": 480, "DATASET_ID": 170, "COMMENTS": null, "COMMON_NAM": "Adelie Penguin", "SPECIES": null, "STATUS": null, "DB_DATE_CR": "2009-11-27", "DISPLAY": "50000, Heli op maps", "COUNT_NO": 0, "DATE_CAPTU": null, "DATE_FLAG": null }, "geometry": { "type": "MultiPolygon", "coordinates": [ [ [ [ 110.4962997830647, -66.470581034252859 ], [ 110.496253996916536, -66.470596296302247 ], [ 110.496215815017536, -66.47058869205307 ], [ 110.496208210768373, -66.470558167954295 ], [ 110.496238734867148, -66.470558167954295 ], [ 110.496269205414862, -66.470558167954295 ], [ 110.4962997830647, -66.470581034252859 ] ] ] ] } },
{ "type": "Feature", "properties": { "FEAT_TYPE": "Penguin", "UFI": 885349, "Q_INFO": 480, "DATASET_ID": 170, "COMMENTS": null, "COMMON_NAM": "Adelie Penguin", "SPECIES": null, "STATUS": null, "DB_DATE_CR": "2009-11-27", "DISPLAY": "50000, Heli op maps", "COUNT_NO": 0, "DATE_CAPTU": null, "DATE_FLAG": null }, "geometry": { "type": "MultiPolygon", "coordinates": [ [ [ [ 110.420730575561336, -66.176528949430136 ], [ 110.420761099660112, -66.176506029580537 ], [ 110.420806885808275, -66.176536553679313 ], [ 110.420753441859887, -66.176551815728686 ], [ 110.420730575561336, -66.176528949430136 ] ] ] ] } },
{ "type": "Feature", "properties": { "FEAT_TYPE": "Penguin", "UFI": 885362, "Q_INFO": 480, "DATASET_ID": 170, "COMMENTS": null, "COMMON_NAM": "Adelie Penguin", "SPECIES": null, "STATUS": null, "DB_DATE_CR": "2009-11-27", "DISPLAY": "50000, Heli op maps", "COUNT_NO": 0, "DATE_CAPTU": null, "DATE_FLAG": null }, "geometry": { "type": "MultiPolygon", "coordinates": [ [ [ [ 110.418289183169762, -66.177185056900669 ], [ 110.418251054821823, -66.177200318950057 ], [ 110.418212926473871, -66.177207976750282 ], [ 110.418174744574884, -66.177207976750282 ], [ 110.418136562675883, -66.177207976750282 ], [ 110.418098434327931, -66.177207976750282 ], [ 110.418067963780217, -66.177207976750282 ], [ 110.418052648179767, -66.177177399100458 ], [ 110.418113696377318, -66.177177399100458 ], [ 110.418151878276319, -66.177177399100458 ], [ 110.418190006624272, -66.177162137051056 ], [ 110.418243397021598, -66.177162137051056 ], [ 110.418289183169762, -66.177185056900669 ] ] ] ] } },
{ "type": "Feature", "properties": { "FEAT_TYPE": "Penguin", "UFI": 885364, "Q_INFO": 480, "DATASET_ID": 170, "COMMENTS": null, "COMMON_NAM": "Adelie Penguin", "SPECIES": null, "STATUS": null, "DB_DATE_CR": "2009-11-27", "DISPLAY": "50000, Heli op maps", "COUNT_NO": 0, "DATE_CAPTU": null, "DATE_FLAG": null }, "geometry": { "type": "MultiPolygon", "coordinates": [ [ [ [ 110.422851518466814, -66.177642811280208 ], [ 110.422813390118861, -66.177619944981643 ], [ 110.422843967768699, -66.177589420882867 ], [ 110.422882096116638, -66.177574158833494 ], [ 110.422912566664365, -66.177566554584317 ], [ 110.422943090763141, -66.177536030485541 ], [ 110.422973614861917, -66.177528372685316 ], [ 110.423004138960692, -66.177513110635942 ], [ 110.423049925108856, -66.177513110635942 ], [ 110.423103315506182, -66.177490244337378 ], [ 110.423141443854135, -66.177467324487765 ], [ 110.423164363703734, -66.177436853940037 ], [ 110.423194887802524, -66.177413934090438 ], [ 110.423263540249238, -66.177406276290213 ], [ 110.423309326397401, -66.177391067791888 ], [ 110.423332192695952, -66.177368147942275 ], [ 110.423370374594953, -66.177352885892887 ], [ 110.423400898693728, -66.17734528164371 ], [ 110.423439027041681, -66.17734528164371 ], [ 110.423469497589394, -66.17734528164371 ], [ 110.423507733039443, -66.177337677394547 ], [ 110.423522941537783, -66.177368147942275 ], [ 110.423545861387396, -66.177391067791888 ], [ 110.423583989735334, -66.177391067791888 ], [ 110.423637380132661, -66.177391067791888 ], [ 110.423667904231436, -66.177391067791888 ], [ 110.423713690379614, -66.177398725592099 ], [ 110.423759422976715, -66.177421591890663 ], [ 110.423782342826328, -66.177452062438391 ], [ 110.423759422976715, -66.177482640088215 ], [ 110.423721294628777, -66.17749784858654 ], [ 110.423690824081049, -66.177513110635942 ], [ 110.423645037932886, -66.177513110635942 ], [ 110.423606909584947, -66.177520768436153 ], [ 110.423576331935109, -66.177520768436153 ], [ 110.423545861387396, -66.177520768436153 ], [ 110.423507733039443, -66.177528372685316 ], [ 110.423469497589394, -66.177536030485541 ], [ 110.423439027041681, -66.177566554584317 ], [ 110.423377978844115, -66.177574158833494 ], [ 110.423316984197626, -66.177574158833494 ], [ 110.42324827819985, -66.177589420882867 ], [ 110.423210149851911, -66.177597025132044 ], [ 110.423133839604958, -66.177612287181432 ], [ 110.423103315506182, -66.177619944981643 ], [ 110.423065187158244, -66.177627602781868 ], [ 110.423011796760917, -66.177627602781868 ], [ 110.422950748563366, -66.177635207031045 ], [ 110.422904962415188, -66.177635207031045 ], [ 110.422851518466814, -66.177642811280208 ] ] ] ] } },
{ "type": "Feature", "properties": { "FEAT_TYPE": "Penguin", "UFI": 885369, "Q_INFO": 480, "DATASET_ID": 170, "COMMENTS": null, "COMMON_NAM": "Adelie Penguin", "SPECIES": null, "STATUS": null, "DB_DATE_CR": "2009-11-27", "DISPLAY": "50000, Heli op maps", "COUNT_NO": 0, "DATE_CAPTU": null, "DATE_FLAG": null }, "geometry": { "type": "MultiPolygon", "coordinates": [ [ [ [ 110.422149624848117, -66.177787773973876 ], [ 110.422103892251002, -66.177780169724699 ], [ 110.422073368152226, -66.177780169724699 ], [ 110.422012319954675, -66.177787773973876 ], [ 110.421981849406947, -66.177787773973876 ], [ 110.421936063258784, -66.177764907675311 ], [ 110.421943667507961, -66.177734330025487 ], [ 110.421989453656124, -66.177726779327372 ], [ 110.4220199777549, -66.177726779327372 ], [ 110.422073368152226, -66.177726779327372 ], [ 110.422126812100615, -66.177734330025487 ], [ 110.422157282648328, -66.177734330025487 ], [ 110.422187806747118, -66.177734330025487 ], [ 110.422195410996281, -66.177764907675311 ], [ 110.422149624848117, -66.177787773973876 ] ] ] ] } },
{ "type": "Feature", "properties": { "FEAT_TYPE": "Penguin", "UFI": 885371, "Q_INFO": 480, "DATASET_ID": 170, "COMMENTS": null, "COMMON_NAM": "Adelie Penguin", "SPECIES": null, "STATUS": null, "DB_DATE_CR": "2009-11-27", "DISPLAY": "50000, Heli op maps", "COUNT_NO": 0, "DATE_CAPTU": null, "DATE_FLAG": null }, "geometry": { "type": "MultiPolygon", "coordinates": [ [ [ [ 110.418106092128156, -66.178131089758523 ], [ 110.418144220476094, -66.178092961410584 ], [ 110.418167140325707, -66.17812348550936 ], [ 110.418106092128156, -66.178131089758523 ] ] ] ] } },
{ "type": "Feature", "properties": { "FEAT_TYPE": "Penguin", "UFI": 885377, "Q_INFO": 480, "DATASET_ID": 170, "COMMENTS": null, "COMMON_NAM": "Adelie Penguin", "SPECIES": null, "STATUS": null, "DB_DATE_CR": "2009-11-27", "DISPLAY": "50000, Heli op maps", "COUNT_NO": 0, "DATE_CAPTU": null, "DATE_FLAG": null }, "geometry": { "type": "MultiPolygon", "coordinates": [ [ [ [ 110.417518583553289, -66.17848972114362 ], [ 110.417449984657623, -66.17848972114362 ], [ 110.417404198509459, -66.17848972114362 ], [ 110.417381278659846, -66.178466801294007 ], [ 110.417419407007799, -66.17845153924462 ], [ 110.4174575889068, -66.178443934995443 ], [ 110.417503375054963, -66.178436277195232 ], [ 110.417556765452289, -66.178436277195232 ], [ 110.417602551600453, -66.178436277195232 ], [ 110.417640679948391, -66.178436277195232 ], [ 110.417678861847392, -66.178443934995443 ], [ 110.417732252244733, -66.178443934995443 ], [ 110.417762722792446, -66.178436277195232 ], [ 110.417800904691447, -66.178428672946069 ], [ 110.417854295088773, -66.178428672946069 ], [ 110.417907685486114, -66.178428672946069 ], [ 110.417953471634277, -66.178428672946069 ], [ 110.418006915582666, -66.178421015145844 ], [ 110.418067963780217, -66.178421015145844 ], [ 110.418113696377318, -66.178421015145844 ], [ 110.418159482525482, -66.178413357345619 ], [ 110.418212926473871, -66.178405753096456 ], [ 110.418251054821823, -66.178405753096456 ], [ 110.418296840969987, -66.178413357345619 ], [ 110.418235792772435, -66.17845153924462 ], [ 110.41820526867366, -66.178459143493797 ], [ 110.418167140325707, -66.178459143493797 ], [ 110.418136562675883, -66.178466801294007 ], [ 110.418098434327931, -66.178466801294007 ], [ 110.418045043930604, -66.178459143493797 ], [ 110.418014519831829, -66.178459143493797 ], [ 110.417938209584889, -66.178466801294007 ], [ 110.417892423436726, -66.17847440554317 ], [ 110.417839086590448, -66.178482063343395 ], [ 110.417770380592671, -66.178482063343395 ], [ 110.417739910044943, -66.17847440554317 ], [ 110.417686466096569, -66.17847440554317 ], [ 110.417640679948391, -66.17847440554317 ], [ 110.41757963175084, -66.178482063343395 ], [ 110.417518583553289, -66.17848972114362 ] ] ] ] } },
{ "type": "Feature", "properties": { "FEAT_TYPE": "Penguin", "UFI": 885380, "Q_INFO": 480, "DATASET_ID": 170, "COMMENTS": null, "COMMON_NAM": "Adelie Penguin", "SPECIES": null, "STATUS": null, "DB_DATE_CR": "2009-11-27", "DISPLAY": "50000, Heli op maps", "COUNT_NO": 0, "DATE_CAPTU": null, "DATE_FLAG": null }, "geometry": { "type": "MultiPolygon", "coordinates": [ [ [ [ 110.42263795687748, -66.178924609224595 ], [ 110.422607432778705, -66.178939817722934 ], [ 110.422576908679929, -66.178939817722934 ], [ 110.42253878033199, -66.178932159922709 ], [ 110.422485336383602, -66.178909293624159 ], [ 110.422492994183827, -66.178878769525383 ], [ 110.422462470085051, -66.178871165276206 ], [ 110.422431945986276, -66.178863561027043 ], [ 110.422386159838098, -66.17884064117743 ], [ 110.422348031490159, -66.17884064117743 ], [ 110.422309903142221, -66.178855903226832 ], [ 110.42227172124322, -66.178855903226832 ], [ 110.422225988646105, -66.17884064117743 ], [ 110.422195410996281, -66.178855903226832 ], [ 110.422164940448553, -66.178863561027043 ], [ 110.422126812100615, -66.178871165276206 ], [ 110.422096234450777, -66.178878769525383 ], [ 110.422050448302613, -66.178886373774546 ], [ 110.4220199777549, -66.178886373774546 ], [ 110.421981849406947, -66.178886373774546 ], [ 110.421951271757123, -66.178878769525383 ], [ 110.421920801209396, -66.178871165276206 ], [ 110.421882619310395, -66.178863561027043 ], [ 110.421844490962457, -66.178848245426607 ], [ 110.421813966863681, -66.17883298337722 ], [ 110.421783442764905, -66.178825379128057 ], [ 110.421737656616742, -66.17883298337722 ], [ 110.421699528268803, -66.17883298337722 ], [ 110.42167660841919, -66.178810117078655 ], [ 110.421638480071238, -66.178802512829492 ], [ 110.421608009523524, -66.178802512829492 ], [ 110.421577431873686, -66.178802512829492 ], [ 110.42152404147636, -66.178794855029281 ], [ 110.421531645725523, -66.178764330930505 ], [ 110.421516383676135, -66.178733860382778 ], [ 110.421485913128421, -66.178703282732954 ], [ 110.421440126980258, -66.178680416434389 ], [ 110.421401998632305, -66.178665154385001 ], [ 110.421371420982481, -66.178642234535403 ], [ 110.421325688385366, -66.178634683837274 ], [ 110.421348554683917, -66.178596501938273 ], [ 110.421379078782692, -66.17858889768911 ], [ 110.421409602881468, -66.17858889768911 ], [ 110.421455389029646, -66.17858889768911 ], [ 110.421493517377584, -66.178581239888899 ], [ 110.42152404147636, -66.17858889768911 ], [ 110.421554565575136, -66.17860410618745 ], [ 110.421585089673911, -66.17860410618745 ], [ 110.421608009523524, -66.178627026037049 ], [ 110.421646137871463, -66.178642234535403 ], [ 110.421684266219415, -66.178642234535403 ], [ 110.421722394567354, -66.178649892335613 ], [ 110.42175291866613, -66.178649892335613 ], [ 110.421783442764905, -66.178649892335613 ], [ 110.421813966863681, -66.178649892335613 ], [ 110.421852095211619, -66.178657550135824 ], [ 110.421882619310395, -66.178665154385001 ], [ 110.421928405458559, -66.178680416434389 ], [ 110.421958929557348, -66.178688020683552 ], [ 110.422004715705512, -66.178688020683552 ], [ 110.422050448302613, -66.178688020683552 ], [ 110.422088576650566, -66.178665154385001 ], [ 110.422126812100615, -66.178657550135824 ], [ 110.422164940448553, -66.178649892335613 ], [ 110.422203068796506, -66.178649892335613 ], [ 110.422264116994057, -66.178634683837274 ], [ 110.422294587541771, -66.178627026037049 ], [ 110.422325111640546, -66.178611763987675 ], [ 110.422355635739322, -66.178611763987675 ], [ 110.422386159838098, -66.178611763987675 ], [ 110.42242428818605, -66.178634683837274 ], [ 110.422401421887486, -66.178657550135824 ], [ 110.422363293539547, -66.178672812185226 ], [ 110.422332769440771, -66.178680416434389 ], [ 110.422309903142221, -66.178703282732954 ], [ 110.422325111640546, -66.178741464631941 ], [ 110.422348031490159, -66.178764330930505 ], [ 110.422393817638323, -66.178779646530941 ], [ 110.42242428818605, -66.178779646530941 ], [ 110.422462470085051, -66.178787197229056 ], [ 110.422492994183827, -66.178794855029281 ], [ 110.422531122531765, -66.178825379128057 ], [ 110.422561646630541, -66.17884064117743 ], [ 110.422599828529542, -66.178871165276206 ], [ 110.42263795687748, -66.178924609224595 ] ] ] ] } },
{ "type": "Feature", "properties": { "FEAT_TYPE": "Penguin", "UFI": 885388, "Q_INFO": 480, "DATASET_ID": 170, "COMMENTS": null, "COMMON_NAM": "Adelie Penguin", "SPECIES": null, "STATUS": null, "DB_DATE_CR": "2009-11-27", "DISPLAY": "50000, Heli op maps", "COUNT_NO": 0, "DATE_CAPTU": null, "DATE_FLAG": null }, "geometry": { "type": "MultiPolygon", "coordinates": [ [ [ [ 110.410514802313614, -66.178955079772322 ], [ 110.410476673965675, -66.179008470169663 ], [ 110.410438545617737, -66.179008470169663 ], [ 110.410385155220396, -66.179000865920486 ], [ 110.410346973321396, -66.178985603871098 ], [ 110.410339369072233, -66.178932159922709 ], [ 110.41036983961996, -66.178909293624159 ], [ 110.410400417269784, -66.178916951424384 ], [ 110.410446203417948, -66.178932159922709 ], [ 110.410476673965675, -66.178939817722934 ], [ 110.410514802313614, -66.178955079772322 ] ] ] ] } },
{ "type": "Feature", "properties": { "FEAT_TYPE": "Penguin", "UFI": 885391, "Q_INFO": 480, "DATASET_ID": 170, "COMMENTS": null, "COMMON_NAM": "Adelie Penguin", "SPECIES": null, "STATUS": null, "DB_DATE_CR": "2009-11-27", "DISPLAY": "50000, Heli op maps", "COUNT_NO": 0, "DATE_CAPTU": null, "DATE_FLAG": null }, "geometry": { "type": "MultiPolygon", "coordinates": [ [ [ [ 110.422256459193832, -66.178985603871098 ], [ 110.422225988646105, -66.178947421972111 ], [ 110.422264116994057, -66.178932159922709 ], [ 110.422294587541771, -66.178939817722934 ], [ 110.422286983292608, -66.178977946070887 ], [ 110.422256459193832, -66.178985603871098 ] ] ] ] } },
{ "type": "Feature", "properties": { "FEAT_TYPE": "Penguin", "UFI": 885401, "Q_INFO": 480, "DATASET_ID": 170, "COMMENTS": null, "COMMON_NAM": "Adelie Penguin", "SPECIES": null, "STATUS": null, "DB_DATE_CR": "2009-11-27", "DISPLAY": "50000, Heli op maps", "COUNT_NO": 0, "DATE_CAPTU": null, "DATE_FLAG": null }, "geometry": { "type": "MultiPolygon", "coordinates": [ [ [ [ 110.644844024532802, -66.215789794990513 ], [ 110.644927992579966, -66.215805057039901 ], [ 110.644966120927904, -66.215805057039901 ], [ 110.645004249275857, -66.215812714840126 ], [ 110.645050035424021, -66.215812714840126 ], [ 110.645111083621572, -66.215820319089289 ], [ 110.645156869769735, -66.215820319089289 ], [ 110.645187340317463, -66.215835581138677 ], [ 110.645217917967287, -66.215843185387854 ], [ 110.645233126465627, -66.21587370948663 ], [ 110.645202655917899, -66.215881313735792 ], [ 110.64516452756996, -66.215881313735792 ], [ 110.64512634567096, -66.215881313735792 ], [ 110.645065297473408, -66.21587370948663 ], [ 110.645004249275857, -66.215866105237453 ], [ 110.644966120927904, -66.215858447437228 ], [ 110.644920334779741, -66.215858447437228 ], [ 110.644882206431802, -66.215858447437228 ], [ 110.644844024532802, -66.215866105237453 ], [ 110.644767767836925, -66.21587370948663 ], [ 110.644706719639359, -66.215896629336228 ], [ 110.644676195540583, -66.215896629336228 ], [ 110.644638067192645, -66.215896629336228 ], [ 110.644592281044481, -66.215866105237453 ], [ 110.644668591291421, -66.215827923338452 ], [ 110.644729639488972, -66.215812714840126 ], [ 110.644752505787537, -66.215774532941126 ], [ 110.644813553985088, -66.215782137190303 ], [ 110.644844024532802, -66.215789794990513 ] ] ] ] } },
{ "type": "Feature", "properties": { "FEAT_TYPE": "Penguin", "UFI": 885404, "Q_INFO": 480, "DATASET_ID": 170, "COMMENTS": null, "COMMON_NAM": "Adelie Penguin", "SPECIES": null, "STATUS": null, "DB_DATE_CR": "2009-11-27", "DISPLAY": "50000, Heli op maps", "COUNT_NO": 0, "DATE_CAPTU": null, "DATE_FLAG": null }, "geometry": { "type": "MultiPolygon", "coordinates": [ [ [ [ 110.643333402949693, -66.215843185387854 ], [ 110.64330293240198, -66.215896629336228 ], [ 110.643333402949693, -66.215919495634779 ], [ 110.643348718550143, -66.215950019733555 ], [ 110.643310590202191, -66.21595767753378 ], [ 110.643272354752142, -66.21595767753378 ], [ 110.643234226404203, -66.215950019733555 ], [ 110.643234226404203, -66.215911891385616 ], [ 110.643226622155026, -66.215881313735792 ], [ 110.643249542004639, -66.215843185387854 ], [ 110.643295274601755, -66.215843185387854 ], [ 110.643333402949693, -66.215843185387854 ] ] ] ] } },
{ "type": "Feature", "properties": { "FEAT_TYPE": "Penguin", "UFI": 885413, "Q_INFO": 480, "DATASET_ID": 170, "COMMENTS": null, "COMMON_NAM": "Adelie Penguin", "SPECIES": null, "STATUS": null, "DB_DATE_CR": "2009-11-27", "DISPLAY": "50000, Heli op maps", "COUNT_NO": 0, "DATE_CAPTU": null, "DATE_FLAG": null }, "geometry": { "type": "MultiPolygon", "coordinates": [ [ [ [ 110.641761786720096, -66.216133110775161 ], [ 110.641815177117422, -66.216110190925562 ], [ 110.64183043916681, -66.216148372824563 ], [ 110.641883883115199, -66.216140768575386 ], [ 110.641937219961477, -66.216148372824563 ], [ 110.641967797611301, -66.216155977073726 ], [ 110.641998268159028, -66.216178896923338 ], [ 110.641960139811076, -66.216201816772937 ], [ 110.641922011463137, -66.216209421022114 ], [ 110.641883883115199, -66.216201816772937 ], [ 110.641853305465361, -66.216194158972712 ], [ 110.641815177117422, -66.216186554723549 ], [ 110.641777048769484, -66.216186554723549 ], [ 110.641723658372143, -66.216171239123113 ], [ 110.641716000571918, -66.216140768575386 ], [ 110.641761786720096, -66.216133110775161 ] ] ] ] } },
{ "type": "Feature", "properties": { "FEAT_TYPE": "Penguin", "UFI": 885420, "Q_INFO": 480, "DATASET_ID": 170, "COMMENTS": null, "COMMON_NAM": "Adelie Penguin", "SPECIES": null, "STATUS": null, "DB_DATE_CR": "2009-11-27", "DISPLAY": "50000, Heli op maps", "COUNT_NO": 0, "DATE_CAPTU": null, "DATE_FLAG": null }, "geometry": { "type": "MultiPolygon", "coordinates": [ [ [ [ 110.643775948830907, -66.216255153619215 ], [ 110.643844601277621, -66.216293335518216 ], [ 110.643882783176622, -66.216300939767393 ], [ 110.643882783176622, -66.21633912166638 ], [ 110.643844601277621, -66.216346725915542 ], [ 110.643814077178845, -66.216346725915542 ], [ 110.643783606631118, -66.216346725915542 ], [ 110.643745424732131, -66.216354330164719 ], [ 110.643699638583954, -66.216377250014318 ], [ 110.64365385243579, -66.216369645765155 ], [ 110.643600462038464, -66.216369645765155 ], [ 110.643569937939688, -66.216361987964945 ], [ 110.643524151791524, -66.216354330164719 ], [ 110.643493681243797, -66.216361987964945 ], [ 110.643440237295408, -66.21633912166638 ], [ 110.643455499344796, -66.216308597567604 ], [ 110.643493681243797, -66.216285731269039 ], [ 110.643531809591749, -66.216278073468828 ], [ 110.643569937939688, -66.216285731269039 ], [ 110.643608066287626, -66.216293335518216 ], [ 110.643661510236015, -66.216285731269039 ], [ 110.643707242833131, -66.216300939767393 ], [ 110.643730162682729, -66.216270469219666 ], [ 110.643775948830907, -66.216255153619215 ] ] ] ] } },
{ "type": "Feature", "properties": { "FEAT_TYPE": "Penguin", "UFI": 885422, "Q_INFO": 480, "DATASET_ID": 170, "COMMENTS": null, "COMMON_NAM": "Adelie Penguin", "SPECIES": null, "STATUS": null, "DB_DATE_CR": "2009-11-27", "DISPLAY": "50000, Heli op maps", "COUNT_NO": 0, "DATE_CAPTU": null, "DATE_FLAG": null }, "geometry": { "type": "MultiPolygon", "coordinates": [ [ [ [ 110.606658966025606, -66.216361987964945 ], [ 110.606620784126605, -66.216361987964945 ], [ 110.606582655778666, -66.216361987964945 ], [ 110.606552131679891, -66.21633912166638 ], [ 110.606582655778666, -66.216323859616992 ], [ 110.606567340178231, -66.216270469219666 ], [ 110.606636046175993, -66.216285731269039 ], [ 110.606666570274783, -66.216300939767393 ], [ 110.606651308225395, -66.216331517417217 ], [ 110.606658966025606, -66.216361987964945 ] ] ] ] } },
{ "type": "Feature", "properties": { "FEAT_TYPE": "Penguin", "UFI": 885429, "Q_INFO": 480, "DATASET_ID": 170, "COMMENTS": null, "COMMON_NAM": "Adelie Penguin", "SPECIES": null, "STATUS": null, "DB_DATE_CR": "2009-11-27", "DISPLAY": "50000, Heli op maps", "COUNT_NO": 0, "DATE_CAPTU": null, "DATE_FLAG": null }, "geometry": { "type": "MultiPolygon", "coordinates": [ [ [ [ 110.641006449153011, -66.216514608458823 ], [ 110.641052235301174, -66.216506950658598 ], [ 110.641090363649113, -66.216499292858373 ], [ 110.641120941298951, -66.21649168860921 ], [ 110.641151411846664, -66.216476426559822 ], [ 110.64118193594544, -66.216461164510434 ], [ 110.641197197994828, -66.216430693962707 ], [ 110.64123532634278, -66.216407774113094 ], [ 110.641265903992604, -66.216400116312883 ], [ 110.641296374540332, -66.216392565614768 ], [ 110.641326898639107, -66.216392565614768 ], [ 110.641365026987046, -66.216392565614768 ], [ 110.641395604636884, -66.216392565614768 ], [ 110.641433732984822, -66.216407774113094 ], [ 110.641418417384386, -66.21643829821187 ], [ 110.641387946836659, -66.216445902461047 ], [ 110.641342160688495, -66.216453560261272 ], [ 110.641304032340557, -66.216461164510434 ], [ 110.641258246192393, -66.216484084360047 ], [ 110.641212460044216, -66.216506950658598 ], [ 110.641189593745665, -66.216545079006551 ], [ 110.641159069646889, -66.216552736806761 ], [ 110.641120941298951, -66.216560341055924 ], [ 110.641067497350562, -66.216567998856149 ], [ 110.641014106953236, -66.216567998856149 ], [ 110.641006449153011, -66.216514608458823 ] ] ] ] } },
{ "type": "Feature", "properties": { "FEAT_TYPE": "Penguin", "UFI": 885431, "Q_INFO": 480, "DATASET_ID": 170, "COMMENTS": null, "COMMON_NAM": "Adelie Penguin", "SPECIES": null, "STATUS": null, "DB_DATE_CR": "2009-11-27", "DISPLAY": "50000, Heli op maps", "COUNT_NO": 0, "DATE_CAPTU": null, "DATE_FLAG": null }, "geometry": { "type": "MultiPolygon", "coordinates": [ [ [ [ 110.643638643937464, -66.216407774113094 ], [ 110.643600462038464, -66.216445902461047 ], [ 110.643569937939688, -66.216445902461047 ], [ 110.643539413840912, -66.216453560261272 ], [ 110.643547071641137, -66.216484084360047 ], [ 110.643516547542362, -66.216484084360047 ], [ 110.643478365643361, -66.21649168860921 ], [ 110.643432633046245, -66.216506950658598 ], [ 110.64340210894747, -66.216506950658598 ], [ 110.643356322799306, -66.216499292858373 ], [ 110.643325798700531, -66.216499292858373 ], [ 110.643280012552367, -66.216476426559822 ], [ 110.643241884204429, -66.216468822310645 ], [ 110.643234226404203, -66.21643829821187 ], [ 110.643272354752142, -66.216430693962707 ], [ 110.64330293240198, -66.216430693962707 ], [ 110.643333402949693, -66.216430693962707 ], [ 110.643371584848694, -66.21643829821187 ], [ 110.64342497524602, -66.216430693962707 ], [ 110.643463103593973, -66.216423036162496 ], [ 110.643501285492974, -66.216415378362271 ], [ 110.643531809591749, -66.216415378362271 ], [ 110.643562280139463, -66.216407774113094 ], [ 110.643592857789301, -66.216407774113094 ], [ 110.643638643937464, -66.216407774113094 ] ] ] ] } },
{ "type": "Feature", "properties": { "FEAT_TYPE": "Penguin", "UFI": 885432, "Q_INFO": 480, "DATASET_ID": 170, "COMMENTS": null, "COMMON_NAM": "Adelie Penguin", "SPECIES": null, "STATUS": null, "DB_DATE_CR": "2009-11-27", "DISPLAY": "50000, Heli op maps", "COUNT_NO": 0, "DATE_CAPTU": null, "DATE_FLAG": null }, "geometry": { "type": "MultiPolygon", "coordinates": [ [ [ [ 110.645286570414015, -66.21649168860921 ], [ 110.645240784265852, -66.216468822310645 ], [ 110.645202655917899, -66.216468822310645 ], [ 110.64516452756996, -66.216468822310645 ], [ 110.64514921196951, -66.21643829821187 ], [ 110.645179736068286, -66.216430693962707 ], [ 110.645248388515014, -66.216415378362271 ], [ 110.645294174663178, -66.216415378362271 ], [ 110.645339960811341, -66.216415378362271 ], [ 110.645362880660954, -66.21643829821187 ], [ 110.645347618611567, -66.216468822310645 ], [ 110.645317094512791, -66.216484084360047 ], [ 110.645286570414015, -66.21649168860921 ] ] ] ] } },
{ "type": "Feature", "properties": { "FEAT_TYPE": "Penguin", "UFI": 885433, "Q_INFO": 480, "DATASET_ID": 170, "COMMENTS": null, "COMMON_NAM": "Adelie Penguin", "SPECIES": null, "STATUS": null, "DB_DATE_CR": "2009-11-27", "DISPLAY": "50000, Heli op maps", "COUNT_NO": 0, "DATE_CAPTU": null, "DATE_FLAG": null }, "geometry": { "type": "MultiPolygon", "coordinates": [ [ [ [ 110.609573321295059, -66.216461164510434 ], [ 110.609542850747331, -66.216484084360047 ], [ 110.609512326648556, -66.216484084360047 ], [ 110.60948180254978, -66.21649168860921 ], [ 110.609443674201842, -66.216476426559822 ], [ 110.609436016401617, -66.216445902461047 ], [ 110.60946659405144, -66.216430693962707 ], [ 110.609519930897719, -66.216430693962707 ], [ 110.609550508547557, -66.21643829821187 ], [ 110.609573321295059, -66.216461164510434 ] ] ] ] } },
{ "type": "Feature", "properties": { "FEAT_TYPE": "Penguin", "UFI": 885442, "Q_INFO": 480, "DATASET_ID": 170, "COMMENTS": null, "COMMON_NAM": "Adelie Penguin", "SPECIES": null, "STATUS": null, "DB_DATE_CR": "2009-11-27", "DISPLAY": "50000, Heli op maps", "COUNT_NO": 0, "DATE_CAPTU": null, "DATE_FLAG": null }, "geometry": { "type": "MultiPolygon", "coordinates": [ [ [ [ 110.639892587302938, -66.216690041700204 ], [ 110.639915453601489, -66.216735827848368 ], [ 110.639930769201939, -66.216766351947143 ], [ 110.639892587302938, -66.216774009747354 ], [ 110.639854405403938, -66.216774009747354 ], [ 110.639816277055999, -66.21675874769798 ], [ 110.639770490907836, -66.216743485648578 ], [ 110.639717100510495, -66.216743485648578 ], [ 110.639678972162557, -66.216751089897755 ], [ 110.639648394512733, -66.216766351947143 ], [ 110.639617923965005, -66.216781613996531 ], [ 110.639572137816842, -66.21675874769798 ], [ 110.639549271518291, -66.216735827848368 ], [ 110.639549271518291, -66.216697699500429 ], [ 110.63951108961929, -66.216674833201864 ], [ 110.63951108961929, -66.216636651302878 ], [ 110.639541613718066, -66.216629047053701 ], [ 110.639579795617067, -66.216621389253476 ], [ 110.63961026616478, -66.216621389253476 ], [ 110.639648394512733, -66.216621389253476 ], [ 110.639694180660896, -66.21664425555204 ], [ 110.639701838461107, -66.216674833201864 ], [ 110.639740020360108, -66.216697699500429 ], [ 110.639778148708061, -66.216705303749592 ], [ 110.639831539105387, -66.216712961549803 ], [ 110.639862063204163, -66.216712961549803 ], [ 110.639892587302938, -66.216690041700204 ] ] ] ] } },
{ "type": "Feature", "properties": { "FEAT_TYPE": "Penguin", "UFI": 885453, "Q_INFO": 480, "DATASET_ID": 170, "COMMENTS": null, "COMMON_NAM": "Adelie Penguin", "SPECIES": null, "STATUS": null, "DB_DATE_CR": "2009-11-27", "DISPLAY": "50000, Heli op maps", "COUNT_NO": 0, "DATE_CAPTU": null, "DATE_FLAG": null }, "geometry": { "type": "MultiPolygon", "coordinates": [ [ [ [ 110.645767191092105, -66.217063881583641 ], [ 110.645805319440043, -66.217041015285076 ], [ 110.645835897089881, -66.217056277334464 ], [ 110.64587402543782, -66.217056277334464 ], [ 110.645904549536596, -66.217056277334464 ], [ 110.645957939933922, -66.217041015285076 ], [ 110.6460037260821, -66.217033357484866 ], [ 110.646049512230263, -66.217025753235689 ], [ 110.646087640578202, -66.217041015285076 ], [ 110.646049512230263, -66.217102063482628 ], [ 110.646064774279651, -66.217132587581403 ], [ 110.645980859783535, -66.217132587581403 ], [ 110.645950282133711, -66.217132587581403 ], [ 110.645919811585983, -66.217132587581403 ], [ 110.645881683238045, -66.217117271980968 ], [ 110.645835897089881, -66.217102063482628 ], [ 110.645782506692541, -66.217102063482628 ], [ 110.645767191092105, -66.217063881583641 ] ] ] ] } },
{ "type": "Feature", "properties": { "FEAT_TYPE": "Penguin", "UFI": 885455, "Q_INFO": 480, "DATASET_ID": 170, "COMMENTS": null, "COMMON_NAM": "Adelie Penguin", "SPECIES": null, "STATUS": null, "DB_DATE_CR": "2009-11-27", "DISPLAY": "50000, Heli op maps", "COUNT_NO": 0, "DATE_CAPTU": null, "DATE_FLAG": null }, "geometry": { "type": "MultiPolygon", "coordinates": [ [ [ [ 110.645690934396214, -66.217147849630791 ], [ 110.645637543998888, -66.217132587581403 ], [ 110.64560696634905, -66.217117271980968 ], [ 110.645568838001111, -66.217117271980968 ], [ 110.645530709653173, -66.217124929781193 ], [ 110.64549258130522, -66.217109667731791 ], [ 110.645462003655396, -66.217094405682417 ], [ 110.64549258130522, -66.217063881583641 ], [ 110.645523051852948, -66.217056277334464 ], [ 110.645561180200886, -66.217056277334464 ], [ 110.645591757850724, -66.217063881583641 ], [ 110.64564514824805, -66.217063881583641 ], [ 110.645683276595989, -66.21708680143324 ], [ 110.645698592196439, -66.217117271980968 ], [ 110.645690934396214, -66.217147849630791 ] ] ] ] } },
{ "type": "Feature", "properties": { "FEAT_TYPE": "Penguin", "UFI": 885457, "Q_INFO": 480, "DATASET_ID": 170, "COMMENTS": null, "COMMON_NAM": "Adelie Penguin", "SPECIES": null, "STATUS": null, "DB_DATE_CR": "2009-11-27", "DISPLAY": "50000, Heli op maps", "COUNT_NO": 0, "DATE_CAPTU": null, "DATE_FLAG": null }, "geometry": { "type": "MultiPolygon", "coordinates": [ [ [ [ 110.644371008103874, -66.217102063482628 ], [ 110.644447318350814, -66.21708680143324 ], [ 110.644485500249814, -66.21708680143324 ], [ 110.644538890647155, -66.217102063482628 ], [ 110.644577018995093, -66.217102063482628 ], [ 110.644607543093869, -66.217102063482628 ], [ 110.644638067192645, -66.217109667731791 ], [ 110.644676195540583, -66.217124929781193 ], [ 110.644706719639359, -66.217124929781193 ], [ 110.644767767836925, -66.217132587581403 ], [ 110.6447601100367, -66.217163058129131 ], [ 110.644721981688747, -66.217163058129131 ], [ 110.644668591291421, -66.217155453879968 ], [ 110.64463040939242, -66.217147849630791 ], [ 110.644592281044481, -66.217147849630791 ], [ 110.644561756945706, -66.217147849630791 ], [ 110.644515970797542, -66.217132587581403 ], [ 110.644485500249814, -66.217140191830566 ], [ 110.644439714101651, -66.217140191830566 ], [ 110.644393927953487, -66.217132587581403 ], [ 110.644371008103874, -66.217102063482628 ] ] ] ] } },
{ "type": "Feature", "properties": { "FEAT_TYPE": "Penguin", "UFI": 885470, "Q_INFO": 480, "DATASET_ID": 170, "COMMENTS": null, "COMMON_NAM": "Adelie Penguin", "SPECIES": null, "STATUS": null, "DB_DATE_CR": "2009-11-27", "DISPLAY": "50000, Heli op maps", "COUNT_NO": 0, "DATE_CAPTU": null, "DATE_FLAG": null }, "geometry": { "type": "MultiPolygon", "coordinates": [ [ [ [ 110.644836420283639, -66.217407197368289 ], [ 110.644805896184863, -66.217391988869949 ], [ 110.644767767836925, -66.217407197368289 ], [ 110.644737243738149, -66.217414855168499 ], [ 110.644683853340808, -66.217399593119126 ], [ 110.644714323888536, -66.21736906902035 ], [ 110.64474490153836, -66.217361464771173 ], [ 110.644775372086087, -66.217353806970948 ], [ 110.644805896184863, -66.217353806970948 ], [ 110.644844024532802, -66.217353806970948 ], [ 110.644874602182639, -66.21736906902035 ], [ 110.644836420283639, -66.217407197368289 ] ] ] ] } },
{ "type": "Feature", "properties": { "FEAT_TYPE": "Penguin", "UFI": 885475, "Q_INFO": 480, "DATASET_ID": 170, "COMMENTS": null, "COMMON_NAM": "Adelie Penguin", "SPECIES": null, "STATUS": null, "DB_DATE_CR": "2009-11-27", "DISPLAY": "50000, Heli op maps", "COUNT_NO": 0, "DATE_CAPTU": null, "DATE_FLAG": null }, "geometry": { "type": "MultiPolygon", "coordinates": [ [ [ [ 110.647636444060311, -66.217811614901535 ], [ 110.647613524210698, -66.217849743249488 ], [ 110.647560080262309, -66.217857347498665 ], [ 110.647514347665208, -66.217865005298876 ], [ 110.647476165766207, -66.217865005298876 ], [ 110.647430433169092, -66.217872609548039 ], [ 110.647399909070316, -66.217880213797216 ], [ 110.647376989220703, -66.217857347498665 ], [ 110.647415171119704, -66.217842085449263 ], [ 110.647453299467642, -66.2178344812001 ], [ 110.647514347665208, -66.2178344812001 ], [ 110.64749908561582, -66.217803957101324 ], [ 110.647537213963759, -66.217803957101324 ], [ 110.647567738062534, -66.217811614901535 ], [ 110.647605919961535, -66.217803957101324 ], [ 110.647636444060311, -66.217811614901535 ] ] ] ] } },
{ "type": "Feature", "properties": { "FEAT_TYPE": "Penguin", "UFI": 885485, "Q_INFO": 480, "DATASET_ID": 170, "COMMENTS": null, "COMMON_NAM": "Adelie Penguin", "SPECIES": null, "STATUS": null, "DB_DATE_CR": "2009-11-27", "DISPLAY": "50000, Heli op maps", "COUNT_NO": 0, "DATE_CAPTU": null, "DATE_FLAG": null }, "geometry": { "type": "MultiPolygon", "coordinates": [ [ [ [ 110.583824155486539, -66.239631633033923 ], [ 110.583778369338376, -66.239639290834148 ], [ 110.583724978941049, -66.23962402878476 ], [ 110.583686797042049, -66.23962402878476 ], [ 110.583656326494335, -66.23961637098455 ], [ 110.583610540346172, -66.23961637098455 ], [ 110.583557096397783, -66.239608766735373 ], [ 110.58351896804983, -66.239601162486196 ], [ 110.583480839701892, -66.239608766735373 ], [ 110.583442711353953, -66.23961637098455 ], [ 110.583412187255178, -66.23961637098455 ], [ 110.583374005356177, -66.239601162486196 ], [ 110.583435053553728, -66.239570584836372 ], [ 110.583473235452729, -66.239562980587209 ], [ 110.583511363800667, -66.239562980587209 ], [ 110.583549492148606, -66.239562980587209 ], [ 110.583610540346172, -66.239562980587209 ], [ 110.583641010893885, -66.239562980587209 ], [ 110.583694454842274, -66.239578242636597 ], [ 110.583732583190212, -66.239593504685985 ], [ 110.583778369338376, -66.239593504685985 ], [ 110.583824155486539, -66.239631633033923 ] ] ] ] } },
{ "type": "Feature", "properties": { "FEAT_TYPE": "Penguin", "UFI": 885504, "Q_INFO": 480, "DATASET_ID": 170, "COMMENTS": null, "COMMON_NAM": "Adelie Penguin", "SPECIES": null, "STATUS": null, "DB_DATE_CR": "2009-11-27", "DISPLAY": "50000, Heli op maps", "COUNT_NO": 0, "DATE_CAPTU": null, "DATE_FLAG": null }, "geometry": { "type": "MultiPolygon", "coordinates": [ [ [ [ 110.582511886994425, -66.242393474911609 ], [ 110.582473758646486, -66.242385870662432 ], [ 110.582412710448935, -66.242363004363881 ], [ 110.582374582100996, -66.242332426714057 ], [ 110.582366924300771, -66.242294298366104 ], [ 110.582351662251384, -66.242263827818377 ], [ 110.582366924300771, -66.242233250168553 ], [ 110.582374582100996, -66.242202779620825 ], [ 110.582344058002221, -66.242202779620825 ], [ 110.582313533903431, -66.2421951218206 ], [ 110.58229066760488, -66.24217225552205 ], [ 110.582275405555492, -66.242141731423274 ], [ 110.582260089955057, -66.242111207324498 ], [ 110.582252539256942, -66.242080683225723 ], [ 110.58229066760488, -66.242065421176335 ], [ 110.582321138152608, -66.242057816927172 ], [ 110.582382186350159, -66.242057816927172 ], [ 110.582427972498323, -66.242073078976546 ], [ 110.582458496597098, -66.242095945275111 ], [ 110.582496624945037, -66.242126469373886 ], [ 110.582550015342377, -66.242126469373886 ], [ 110.582580592992201, -66.242126469373886 ], [ 110.582611063539929, -66.242126469373886 ], [ 110.582664507488317, -66.242126469373886 ], [ 110.582702635836256, -66.242134127174097 ], [ 110.582740764184194, -66.242141731423274 ], [ 110.582786550332358, -66.242126469373886 ], [ 110.582847598529924, -66.242111207324498 ], [ 110.582916304527686, -66.242103549524273 ], [ 110.582946775075413, -66.242111207324498 ], [ 110.582984903423352, -66.242111207324498 ], [ 110.583045951620903, -66.242118865124723 ], [ 110.583084079968856, -66.242134127174097 ], [ 110.583091737769081, -66.24217225552205 ], [ 110.583030689571515, -66.242202779620825 ], [ 110.582992561223577, -66.242225645919376 ], [ 110.582962037124801, -66.242248512217941 ], [ 110.582931513026026, -66.242256170018152 ], [ 110.582885726877862, -66.242271432067554 ], [ 110.582847598529924, -66.242279036316717 ], [ 110.582801812381746, -66.242279036316717 ], [ 110.582763684033807, -66.242286694116927 ], [ 110.582725555685869, -66.242317218215703 ], [ 110.582679769537705, -66.242324876015928 ], [ 110.58267211173748, -66.242355346563656 ], [ 110.582618721340154, -66.242370608613044 ], [ 110.582588197241378, -66.242378212862207 ], [ 110.582550015342377, -66.242385870662432 ], [ 110.582511886994425, -66.242393474911609 ] ] ] ] } },
{ "type": "Feature", "properties": { "FEAT_TYPE": "Penguin", "UFI": 885507, "Q_INFO": 480, "DATASET_ID": 170, "COMMENTS": null, "COMMON_NAM": "Adelie Penguin", "SPECIES": null, "STATUS": null, "DB_DATE_CR": "2009-11-27", "DISPLAY": "50000, Heli op maps", "COUNT_NO": 0, "DATE_CAPTU": null, "DATE_FLAG": null }, "geometry": { "type": "MultiPolygon", "coordinates": [ [ [ [ 110.539619476945475, -66.248764014979301 ], [ 110.539566032997087, -66.248764014979301 ], [ 110.539497380550372, -66.248756410730124 ], [ 110.539436332352807, -66.248748806480961 ], [ 110.539360022105868, -66.248748806480961 ], [ 110.539306631708541, -66.248748806480961 ], [ 110.539237979261827, -66.24874114868075 ], [ 110.539245637062038, -66.248710678133023 ], [ 110.539276107609766, -66.248703020332798 ], [ 110.539314235957704, -66.248695362532573 ], [ 110.539352417856705, -66.248680100483199 ], [ 110.539405808254031, -66.248680100483199 ], [ 110.539459198651372, -66.24868775828341 ], [ 110.53951264259976, -66.24868775828341 ], [ 110.539566032997087, -66.248680100483199 ], [ 110.539619476945475, -66.248695362532573 ], [ 110.539619476945475, -66.248725886631348 ], [ 110.539665209542576, -66.248748806480961 ], [ 110.539619476945475, -66.248764014979301 ] ] ] ] } },
{ "type": "Feature", "properties": { "FEAT_TYPE": "Penguin", "UFI": 885532, "Q_INFO": 480, "DATASET_ID": 170, "COMMENTS": null, "COMMON_NAM": "Adelie Penguin", "SPECIES": null, "STATUS": null, "DB_DATE_CR": "2009-11-27", "DISPLAY": "50000, Heli op maps", "COUNT_NO": 0, "DATE_CAPTU": null, "DATE_FLAG": null }, "geometry": { "type": "MultiPolygon", "coordinates": [ [ [ [ 110.533737161805035, -66.251449600161081 ], [ 110.533775290152974, -66.251449600161081 ], [ 110.533805867802812, -66.251449600161081 ], [ 110.533798210002587, -66.251480070708809 ], [ 110.533760081654648, -66.251495332758196 ], [ 110.533737161805035, -66.251449600161081 ] ] ] ] } },
{ "type": "Feature", "properties": { "FEAT_TYPE": "Penguin", "UFI": 885535, "Q_INFO": 480, "DATASET_ID": 170, "COMMENTS": null, "COMMON_NAM": "Adelie Penguin", "SPECIES": null, "STATUS": null, "DB_DATE_CR": "2009-11-27", "DISPLAY": "50000, Heli op maps", "COUNT_NO": 0, "DATE_CAPTU": null, "DATE_FLAG": null }, "geometry": { "type": "MultiPolygon", "coordinates": [ [ [ [ 110.529006943964717, -66.251579247254313 ], [ 110.528991681915329, -66.25154111890636 ], [ 110.529045125863718, -66.251533514657183 ], [ 110.529098516261044, -66.251525856856972 ], [ 110.529136644608982, -66.251518252607809 ], [ 110.529174826507983, -66.251510648358632 ], [ 110.529228216905324, -66.251502990558407 ], [ 110.529289265102875, -66.251502990558407 ], [ 110.529327393450814, -66.251495332758196 ], [ 110.529373179598977, -66.251487728509034 ], [ 110.529411307946916, -66.251480070708809 ], [ 110.529441832045691, -66.251472466459632 ], [ 110.529472356144481, -66.251472466459632 ], [ 110.529472356144481, -66.251502990558407 ], [ 110.529434227796528, -66.251525856856972 ], [ 110.529403703697753, -66.251533514657183 ], [ 110.529373179598977, -66.25154111890636 ], [ 110.529342655500201, -66.251548776706585 ], [ 110.529312131401426, -66.251548776706585 ], [ 110.529251083203874, -66.251556380955748 ], [ 110.529220559105099, -66.251564038755959 ], [ 110.529167168707758, -66.251556380955748 ], [ 110.529113778310432, -66.251571696556184 ], [ 110.529060334362043, -66.251579247254313 ], [ 110.529006943964717, -66.251579247254313 ] ] ] ] } },
{ "type": "Feature", "properties": { "FEAT_TYPE": "Penguin", "UFI": 885557, "Q_INFO": 480, "DATASET_ID": 170, "COMMENTS": null, "COMMON_NAM": "Adelie Penguin", "SPECIES": null, "STATUS": null, "DB_DATE_CR": "2009-11-27", "DISPLAY": "50000, Heli op maps", "COUNT_NO": 0, "DATE_CAPTU": null, "DATE_FLAG": null }, "geometry": { "type": "MultiPolygon", "coordinates": [ [ [ [ 110.484016403757778, -66.308372492539007 ], [ 110.484062189905941, -66.308334364191055 ], [ 110.484115580303282, -66.308334364191055 ], [ 110.484161366451445, -66.308334364191055 ], [ 110.484199494799384, -66.308334364191055 ], [ 110.48424533449861, -66.308334364191055 ], [ 110.484291120646773, -66.308334364191055 ], [ 110.484329248994712, -66.308334364191055 ], [ 110.484375035142875, -66.308349572689394 ], [ 110.484344457493052, -66.308372492539007 ], [ 110.484298671344888, -66.308372492539007 ], [ 110.484260542996935, -66.308372492539007 ], [ 110.484222414648997, -66.308372492539007 ], [ 110.484169024251671, -66.308372492539007 ], [ 110.484107976054119, -66.308387754588381 ], [ 110.484046927856554, -66.308387754588381 ], [ 110.484016403757778, -66.308372492539007 ] ] ] ] } },
{ "type": "Feature", "properties": { "FEAT_TYPE": "Penguin", "UFI": 885564, "Q_INFO": 480, "DATASET_ID": 170, "COMMENTS": null, "COMMON_NAM": "Adelie Penguin", "SPECIES": null, "STATUS": null, "DB_DATE_CR": "2009-11-27", "DISPLAY": "50000, Heli op maps", "COUNT_NO": 0, "DATE_CAPTU": null, "DATE_FLAG": null }, "geometry": { "type": "MultiPolygon", "coordinates": [ [ [ [ 110.485130319158912, -66.308792118570594 ], [ 110.485076875210524, -66.308815038420192 ], [ 110.485023484813183, -66.308807380619982 ], [ 110.484962436615632, -66.308799722819771 ], [ 110.484931966067919, -66.308784460770369 ], [ 110.484893784168918, -66.308753990222641 ], [ 110.484916650467468, -66.308731070373042 ], [ 110.484954832366469, -66.308723466123865 ], [ 110.485000618514633, -66.308708204074492 ], [ 110.485054062463021, -66.308708204074492 ], [ 110.485099795060137, -66.308715808323655 ], [ 110.4851455812083, -66.30874633242243 ], [ 110.485099795060137, -66.308769252272043 ], [ 110.485130319158912, -66.308792118570594 ] ] ] ] } },
{ "type": "Feature", "properties": { "FEAT_TYPE": "Penguin", "UFI": 885567, "Q_INFO": 480, "DATASET_ID": 170, "COMMENTS": null, "COMMON_NAM": "Adelie Penguin", "SPECIES": null, "STATUS": null, "DB_DATE_CR": "2009-11-27", "DISPLAY": "50000, Heli op maps", "COUNT_NO": 0, "DATE_CAPTU": null, "DATE_FLAG": null }, "geometry": { "type": "MultiPolygon", "coordinates": [ [ [ [ 110.482017503696355, -66.308860771017322 ], [ 110.481986979597579, -66.308860771017322 ], [ 110.481956509049866, -66.308860771017322 ], [ 110.481925931400028, -66.308830246918546 ], [ 110.481948851249641, -66.308807380619982 ], [ 110.481979375348416, -66.308784460770369 ], [ 110.482009845896144, -66.308792118570594 ], [ 110.482032765745743, -66.308815038420192 ], [ 110.482063289844518, -66.308830246918546 ], [ 110.482017503696355, -66.308860771017322 ] ] ] ] } },
{ "type": "Feature", "properties": { "FEAT_TYPE": "Penguin", "UFI": 885583, "Q_INFO": 480, "DATASET_ID": 170, "COMMENTS": null, "COMMON_NAM": "Adelie Penguin", "SPECIES": null, "STATUS": null, "DB_DATE_CR": "2009-11-27", "DISPLAY": "50000, Heli op maps", "COUNT_NO": 0, "DATE_CAPTU": null, "DATE_FLAG": null }, "geometry": { "type": "MultiPolygon", "coordinates": [ [ [ [ 110.401054420184039, -66.321502728158265 ], [ 110.401023842534201, -66.321502728158265 ], [ 110.400978056386037, -66.321479808308652 ], [ 110.400924665988711, -66.321456888459053 ], [ 110.400970452136875, -66.321441679960714 ], [ 110.40100097623565, -66.321441679960714 ], [ 110.401039104583589, -66.321441679960714 ], [ 110.40107728648259, -66.321441679960714 ], [ 110.401107810581365, -66.321449284209876 ], [ 110.401084890731752, -66.321487412557829 ], [ 110.401054420184039, -66.321502728158265 ] ] ] ] } },
{ "type": "Feature", "properties": { "FEAT_TYPE": "Penguin", "UFI": 885588, "Q_INFO": 480, "DATASET_ID": 170, "COMMENTS": null, "COMMON_NAM": "Adelie Penguin", "SPECIES": null, "STATUS": null, "DB_DATE_CR": "2009-11-27", "DISPLAY": "50000, Heli op maps", "COUNT_NO": 0, "DATE_CAPTU": null, "DATE_FLAG": null }, "geometry": { "type": "MultiPolygon", "coordinates": [ [ [ [ 110.399116514769105, -66.322311402571628 ], [ 110.399185167215833, -66.322296140522241 ], [ 110.399223349114834, -66.322288536273078 ], [ 110.399246215413385, -66.322258012174302 ], [ 110.399208033514384, -66.3222427501249 ], [ 110.399177562966671, -66.3222427501249 ], [ 110.399131776818507, -66.322265669974513 ], [ 110.399124119018282, -66.322227488075526 ], [ 110.399139434618718, -66.322196963976751 ], [ 110.399131776818507, -66.322166439877975 ], [ 110.399101252719717, -66.322158835628798 ], [ 110.399063070820731, -66.322166439877975 ], [ 110.399032600273003, -66.322189306176526 ], [ 110.399009733974452, -66.322219830275301 ], [ 110.399009733974452, -66.322250354374077 ], [ 110.399040204522166, -66.322311402571628 ], [ 110.398986814124839, -66.322319006820805 ], [ 110.398910557428948, -66.322280878472853 ], [ 110.398796065283008, -66.322235092324689 ], [ 110.398712150786906, -66.322181701927349 ], [ 110.398651102589355, -66.322128257978974 ], [ 110.398643498340192, -66.322074921132696 ], [ 110.398689230937293, -66.322021477184308 ], [ 110.398727412836294, -66.321983295285307 ], [ 110.398841851431172, -66.321937562688191 ], [ 110.398910557428948, -66.321914696389641 ], [ 110.398986814124839, -66.321899380789205 ], [ 110.399131776818507, -66.32187651449064 ], [ 110.399322525660324, -66.321838332591653 ], [ 110.399444568504379, -66.321830781893539 ], [ 110.399566664899481, -66.321853648192089 ], [ 110.399665841444985, -66.321899380789205 ], [ 110.399681049943311, -66.321968086786967 ], [ 110.399650579395598, -66.322036739233695 ], [ 110.399559007099256, -66.322158835628798 ], [ 110.399475092603154, -66.322250354374077 ], [ 110.399352996208052, -66.322326664621016 ], [ 110.399253819662547, -66.322349584470629 ], [ 110.399116514769105, -66.322311402571628 ] ], [ [ 110.398735017085457, -66.32214357357941 ], [ 110.398773198984458, -66.322135915779199 ], [ 110.398803723083233, -66.322113049480635 ], [ 110.39888763757935, -66.32212070728086 ], [ 110.398925765927288, -66.322128257978974 ], [ 110.398986814124839, -66.322128257978974 ], [ 110.399040204522166, -66.322097787431247 ], [ 110.399078386421166, -66.322105391680424 ], [ 110.399108856968894, -66.322097787431247 ], [ 110.399154696668106, -66.322097787431247 ], [ 110.399185167215833, -66.322090129631022 ], [ 110.399253819662547, -66.322097787431247 ], [ 110.399246215413385, -66.322067263332471 ], [ 110.399208033514384, -66.322059659083294 ], [ 110.399162300917283, -66.322059659083294 ], [ 110.399131776818507, -66.322059659083294 ], [ 110.399093648470554, -66.322059659083294 ], [ 110.399047862322391, -66.322044343482872 ], [ 110.399017338223615, -66.322021477184308 ], [ 110.398986814124839, -66.322021477184308 ], [ 110.398933423727513, -66.322021477184308 ], [ 110.398895241828512, -66.32200621513492 ], [ 110.398849509231397, -66.32200621513492 ], [ 110.398788461033845, -66.322021477184308 ], [ 110.398750279134845, -66.32202908143347 ], [ 110.398727412836294, -66.322059659083294 ], [ 110.398719808587131, -66.322097787431247 ], [ 110.398704546537743, -66.322128257978974 ], [ 110.398735017085457, -66.32214357357941 ] ], [ [ 110.399307210059888, -66.321998610885743 ], [ 110.399330129909487, -66.322036739233695 ], [ 110.399368258257439, -66.322044343482872 ], [ 110.399398782356215, -66.322036739233695 ], [ 110.399429306454991, -66.322036739233695 ], [ 110.399467488353991, -66.322036739233695 ], [ 110.399536140800706, -66.32200621513492 ], [ 110.399475092603154, -66.321998610885743 ], [ 110.399444568504379, -66.321990953085532 ], [ 110.399414044405603, -66.321975744587192 ], [ 110.399436964255216, -66.321945166937368 ], [ 110.39940644015644, -66.321929958439028 ], [ 110.399375916057664, -66.321945166937368 ], [ 110.399345445509937, -66.321975744587192 ], [ 110.399307210059888, -66.321998610885743 ] ] ] ] } },
{ "type": "Feature", "properties": { "FEAT_TYPE": "Penguin", "UFI": 885594, "Q_INFO": 480, "DATASET_ID": 170, "COMMENTS": null, "COMMON_NAM": "Adelie Penguin", "SPECIES": null, "STATUS": null, "DB_DATE_CR": "2009-11-27", "DISPLAY": "50000, Heli op maps", "COUNT_NO": 0, "DATE_CAPTU": null, "DATE_FLAG": null }, "geometry": { "type": "MultiPolygon", "coordinates": [ [ [ [ 110.402214014631213, -66.324462869575882 ], [ 110.402168282034111, -66.324440003277317 ], [ 110.402137757935336, -66.324447661077542 ], [ 110.402099629587383, -66.324447661077542 ], [ 110.402069051937559, -66.324447661077542 ], [ 110.402023319340444, -66.324447661077542 ], [ 110.401992795241668, -66.324447661077542 ], [ 110.401947009093504, -66.324440003277317 ], [ 110.401908880745566, -66.324386612879991 ], [ 110.401947009093504, -66.324371297279555 ], [ 110.402000453041893, -66.324348484532038 ], [ 110.402061501239444, -66.324348484532038 ], [ 110.402091971787158, -66.324363693030392 ], [ 110.402145415735546, -66.324371297279555 ], [ 110.402175886283274, -66.324371297279555 ], [ 110.402221672431438, -66.324394217129168 ], [ 110.402259800779376, -66.324417083427718 ], [ 110.40224459228105, -66.324447661077542 ], [ 110.402214014631213, -66.324462869575882 ] ] ] ] } },
{ "type": "Feature", "properties": { "FEAT_TYPE": "Penguin", "UFI": 885613, "Q_INFO": 480, "DATASET_ID": 170, "COMMENTS": null, "COMMON_NAM": "Adelie Penguin", "SPECIES": null, "STATUS": null, "DB_DATE_CR": "2009-11-27", "DISPLAY": "50000, Heli op maps", "COUNT_NO": 0, "DATE_CAPTU": null, "DATE_FLAG": null }, "geometry": { "type": "MultiPolygon", "coordinates": [ [ [ [ 110.40789792312961, -66.327392593996819 ], [ 110.407867452581883, -66.327392593996819 ], [ 110.407821666433719, -66.327362069898044 ], [ 110.407775880285556, -66.327354465648881 ], [ 110.407737698386555, -66.327346807848656 ], [ 110.407691912238391, -66.32731628374988 ], [ 110.407661441690678, -66.327301021700492 ], [ 110.4076156555425, -66.32729341745133 ], [ 110.407577527194562, -66.327270551152765 ], [ 110.407546949544738, -66.327255235552329 ], [ 110.407478350649072, -66.327224711453553 ], [ 110.40751647899701, -66.3271865831056 ], [ 110.407562265145174, -66.327171321056227 ], [ 110.407592789243949, -66.327148454757662 ], [ 110.40764617964129, -66.32716371680705 ], [ 110.407691912238391, -66.327148454757662 ], [ 110.40774535618678, -66.327156059006825 ], [ 110.407783538085781, -66.327171321056227 ], [ 110.407814008633494, -66.327194187354777 ], [ 110.40784453273227, -66.327209502955213 ], [ 110.407882661080222, -66.327224711453553 ], [ 110.407913238730046, -66.327232369253778 ], [ 110.407943709277774, -66.327247631303152 ], [ 110.407981837625712, -66.327278101850879 ], [ 110.408020019524713, -66.327301021700492 ], [ 110.408027623773876, -66.327346807848656 ], [ 110.408004757475325, -66.327369674147207 ], [ 110.407958971327162, -66.327377331947432 ], [ 110.40789792312961, -66.327392593996819 ] ] ] ] } },
{ "type": "Feature", "properties": { "FEAT_TYPE": "Penguin", "UFI": 885615, "Q_INFO": 480, "DATASET_ID": 170, "COMMENTS": null, "COMMON_NAM": "Adelie Penguin", "SPECIES": null, "STATUS": null, "DB_DATE_CR": "2009-11-27", "DISPLAY": "50000, Heli op maps", "COUNT_NO": 0, "DATE_CAPTU": null, "DATE_FLAG": null }, "geometry": { "type": "MultiPolygon", "coordinates": [ [ [ [ 110.406494135892217, -66.327514636840874 ], [ 110.406440745494891, -66.327484112742098 ], [ 110.406471269593666, -66.32744598439416 ], [ 110.406509397941605, -66.327430722344758 ], [ 110.40653992204038, -66.327438380144983 ], [ 110.406585708188544, -66.327438380144983 ], [ 110.40661623228732, -66.32744598439416 ], [ 110.406623836536482, -66.327476508492936 ], [ 110.406593312437707, -66.327491770542309 ], [ 110.406547526289543, -66.327507032591711 ], [ 110.406494135892217, -66.327514636840874 ] ] ] ] } },
{ "type": "Feature", "properties": { "FEAT_TYPE": "Penguin", "UFI": 885622, "Q_INFO": 480, "DATASET_ID": 170, "COMMENTS": null, "COMMON_NAM": "Adelie Penguin", "SPECIES": null, "STATUS": null, "DB_DATE_CR": "2009-11-27", "DISPLAY": "50000, Heli op maps", "COUNT_NO": 0, "DATE_CAPTU": null, "DATE_FLAG": null }, "geometry": { "type": "MultiPolygon", "coordinates": [ [ [ [ 110.410285925123844, -66.327980049020624 ], [ 110.410308844973457, -66.3280105731194 ], [ 110.410263058825294, -66.328025835168802 ], [ 110.410240192526743, -66.328002915319189 ], [ 110.410285925123844, -66.327980049020624 ] ] ] ] } },
{ "type": "Feature", "properties": { "FEAT_TYPE": "Penguin", "UFI": 885626, "Q_INFO": 480, "DATASET_ID": 170, "COMMENTS": null, "COMMON_NAM": "Adelie Penguin", "SPECIES": null, "STATUS": null, "DB_DATE_CR": "2009-11-27", "DISPLAY": "50000, Heli op maps", "COUNT_NO": 0, "DATE_CAPTU": null, "DATE_FLAG": null }, "geometry": { "type": "MultiPolygon", "coordinates": [ [ [ [ 110.411735552060463, -66.328475931748116 ], [ 110.4116897659123, -66.328475931748116 ], [ 110.411659241813524, -66.328468327498939 ], [ 110.411636375514959, -66.328445461200388 ], [ 110.411605797865136, -66.328445461200388 ], [ 110.411575327317408, -66.328437803400163 ], [ 110.411544803218632, -66.328414937101613 ], [ 110.411521883369019, -66.328392017252014 ], [ 110.411491412821306, -66.328376755202612 ], [ 110.411521883369019, -66.328353888904061 ], [ 110.41156006526802, -66.328353888904061 ], [ 110.411605797865136, -66.328346231103836 ], [ 110.411643979764122, -66.328361546704286 ], [ 110.411682161663123, -66.328369097402401 ], [ 110.411705027961688, -66.328392017252014 ], [ 110.41171263221085, -66.32842254135079 ], [ 110.411750760558789, -66.328430145599953 ], [ 110.411781338208627, -66.32842254135079 ], [ 110.41181180875634, -66.328437803400163 ], [ 110.411766076159239, -66.328468327498939 ], [ 110.411735552060463, -66.328475931748116 ] ] ] ] } },
{ "type": "Feature", "properties": { "FEAT_TYPE": "Penguin", "UFI": 885627, "Q_INFO": 480, "DATASET_ID": 170, "COMMENTS": null, "COMMON_NAM": "Adelie Penguin", "SPECIES": null, "STATUS": null, "DB_DATE_CR": "2009-11-27", "DISPLAY": "50000, Heli op maps", "COUNT_NO": 0, "DATE_CAPTU": null, "DATE_FLAG": null }, "geometry": { "type": "MultiPolygon", "coordinates": [ [ [ [ 110.411514279119856, -66.328712466738097 ], [ 110.411544803218632, -66.328689600439546 ], [ 110.411582931566571, -66.328666680589947 ], [ 110.411628717714734, -66.328666680589947 ], [ 110.411666846062687, -66.328674338390158 ], [ 110.411705027961688, -66.328674338390158 ], [ 110.411743156309626, -66.328674338390158 ], [ 110.411750760558789, -66.328704808937886 ], [ 110.41178894245779, -66.328697204688723 ], [ 110.411819466556565, -66.328704808937886 ], [ 110.411834728605953, -66.328735386587709 ], [ 110.41181180875634, -66.328758199335212 ], [ 110.411781338208627, -66.328758199335212 ], [ 110.411743156309626, -66.328758199335212 ], [ 110.41171263221085, -66.328735386587709 ], [ 110.411674503862912, -66.328720070987274 ], [ 110.411643979764122, -66.328704808937886 ], [ 110.411621113465571, -66.328742990836872 ], [ 110.411590589366796, -66.328750595086049 ], [ 110.411544803218632, -66.328750595086049 ], [ 110.411514279119856, -66.328712466738097 ] ] ] ] } },
{ "type": "Feature", "properties": { "FEAT_TYPE": "Penguin", "UFI": 885628, "Q_INFO": 480, "DATASET_ID": 170, "COMMENTS": null, "COMMON_NAM": "Adelie Penguin", "SPECIES": null, "STATUS": null, "DB_DATE_CR": "2009-11-27", "DISPLAY": "50000, Heli op maps", "COUNT_NO": 0, "DATE_CAPTU": null, "DATE_FLAG": null }, "geometry": { "type": "MultiPolygon", "coordinates": [ [ [ [ 110.412132258242437, -66.328849771631553 ], [ 110.412101734143661, -66.328849771631553 ], [ 110.412055947995498, -66.328865033680927 ], [ 110.412017819647559, -66.328849771631553 ], [ 110.411987295548784, -66.32878877698505 ], [ 110.41194150940062, -66.328796434785261 ], [ 110.411933851600395, -66.328826905332988 ], [ 110.411903381052667, -66.328857429431764 ], [ 110.411880514754117, -66.328880295730329 ], [ 110.411834728605953, -66.328895557779703 ], [ 110.411796546706952, -66.328918477629315 ], [ 110.411766076159239, -66.328926081878478 ], [ 110.411720290011075, -66.328933739678703 ], [ 110.411674503862912, -66.328933739678703 ], [ 110.411643979764122, -66.328926081878478 ], [ 110.411605797865136, -66.328910819829105 ], [ 110.411605797865136, -66.328880295730329 ], [ 110.411651584013299, -66.328872691481152 ], [ 110.411697370161463, -66.328865033680927 ], [ 110.411750760558789, -66.328865033680927 ], [ 110.411781338208627, -66.328849771631553 ], [ 110.411834728605953, -66.328834563133199 ], [ 110.411872856953892, -66.328819247532778 ], [ 110.411895723252456, -66.328796434785261 ], [ 110.411911038852892, -66.328765857135437 ], [ 110.41194150940062, -66.328742990836872 ], [ 110.411972087050444, -66.328750595086049 ], [ 110.412010215398396, -66.328758199335212 ], [ 110.412055947995498, -66.328758199335212 ], [ 110.412094129894498, -66.328750595086049 ], [ 110.412124600442226, -66.328742990836872 ], [ 110.412147520291825, -66.328773514935648 ], [ 110.412132258242437, -66.328849771631553 ] ] ] ] } },
{ "type": "Feature", "properties": { "FEAT_TYPE": "Penguin", "UFI": 885646, "Q_INFO": 480, "DATASET_ID": 170, "COMMENTS": null, "COMMON_NAM": "Adelie Penguin", "SPECIES": null, "STATUS": null, "DB_DATE_CR": "2009-11-27", "DISPLAY": "50000, Heli op maps", "COUNT_NO": 0, "DATE_CAPTU": null, "DATE_FLAG": null }, "geometry": { "type": "MultiPolygon", "coordinates": [ [ [ [ 110.41931918407478, -66.405342092143144 ], [ 110.419273344375554, -66.40537261624192 ], [ 110.419220007529276, -66.405380274042145 ], [ 110.419158959331725, -66.405380274042145 ], [ 110.419143643731289, -66.405334487893981 ], [ 110.419174221381112, -66.40532683009377 ], [ 110.41920469192884, -66.40532683009377 ], [ 110.419258135877229, -66.405311568044368 ], [ 110.419288606424942, -66.405319225844593 ], [ 110.41931918407478, -66.405342092143144 ] ] ] ] } },
{ "type": "Feature", "properties": { "FEAT_TYPE": "Penguin", "UFI": 885649, "Q_INFO": 480, "DATASET_ID": 170, "COMMENTS": null, "COMMON_NAM": "Adelie Penguin", "SPECIES": null, "STATUS": null, "DB_DATE_CR": "2009-11-27", "DISPLAY": "50000, Heli op maps", "COUNT_NO": 0, "DATE_CAPTU": null, "DATE_FLAG": null }, "geometry": { "type": "MultiPolygon", "coordinates": [ [ [ [ 110.418830905596465, -66.406059301362291 ], [ 110.418785119448302, -66.406051643562066 ], [ 110.418739333300138, -66.406043985761841 ], [ 110.418708809201362, -66.406036381512678 ], [ 110.418670627302362, -66.40602111946329 ], [ 110.418624894705246, -66.406005857413902 ], [ 110.418571450756858, -66.405982937564289 ], [ 110.418533322408919, -66.405975333315126 ], [ 110.418548584458307, -66.405944809216351 ], [ 110.418594370606471, -66.405952467016562 ], [ 110.418647761003797, -66.405967729065964 ], [ 110.418678285102587, -66.405982937564289 ], [ 110.418716413450525, -66.405998253164739 ], [ 110.418754541798464, -66.405998253164739 ], [ 110.418800327946627, -66.405998253164739 ], [ 110.418830905596465, -66.405998253164739 ], [ 110.418876638193566, -66.405975333315126 ], [ 110.418884295993792, -66.405944809216351 ], [ 110.418861376144179, -66.405921942917786 ], [ 110.41882324779624, -66.405899023068187 ], [ 110.418785119448302, -66.405876156769637 ], [ 110.418739333300138, -66.40586855252046 ], [ 110.418716413450525, -66.405845632670861 ], [ 110.418663023053185, -66.405822766372296 ], [ 110.418602028406696, -66.405815108572085 ], [ 110.418563846507695, -66.405799846522683 ], [ 110.418594370606471, -66.405761718174745 ], [ 110.418632498954409, -66.405738798325132 ], [ 110.418655365252974, -66.405776980224132 ], [ 110.418701151401137, -66.405776980224132 ], [ 110.418746991100349, -66.405754060374534 ], [ 110.418777461648077, -66.405769375974955 ], [ 110.418815589996015, -66.405784584473309 ], [ 110.418846114094791, -66.40579224227352 ], [ 110.418891900242954, -66.405815108572085 ], [ 110.418930082141955, -66.405815108572085 ], [ 110.418945290640295, -66.405845632670861 ], [ 110.418991076788458, -66.405853290471072 ], [ 110.419029258687459, -66.405860894720234 ], [ 110.419059729235173, -66.405876156769637 ], [ 110.419044467185785, -66.405914338668623 ], [ 110.419006338837846, -66.405921942917786 ], [ 110.418968210489908, -66.405929547166963 ], [ 110.418930082141955, -66.405982937564289 ], [ 110.418930082141955, -66.406013515214113 ], [ 110.418899504492131, -66.406043985761841 ], [ 110.418830905596465, -66.406059301362291 ] ] ] ] } },
{ "type": "Feature", "properties": { "FEAT_TYPE": "Penguin", "UFI": 885658, "Q_INFO": 480, "DATASET_ID": 170, "COMMENTS": null, "COMMON_NAM": "Adelie Penguin", "SPECIES": null, "STATUS": null, "DB_DATE_CR": "2009-11-27", "DISPLAY": "50000, Heli op maps", "COUNT_NO": 0, "DATE_CAPTU": null, "DATE_FLAG": null }, "geometry": { "type": "MultiPolygon", "coordinates": [ [ [ [ 110.415824924479637, -66.407402040402133 ], [ 110.415786742580636, -66.407394436152956 ], [ 110.415748560681635, -66.407394436152956 ], [ 110.415710432333697, -66.407379174103568 ], [ 110.41573335218331, -66.407348650004792 ], [ 110.415817266679412, -66.407340992204581 ], [ 110.415832528728799, -66.407310468105806 ], [ 110.415870657076738, -66.407310468105806 ], [ 110.415908785424691, -66.407310468105806 ], [ 110.415946967323691, -66.407310468105806 ], [ 110.41598509567163, -66.407318125906016 ], [ 110.415962229373079, -66.407356254253955 ], [ 110.415939309523466, -66.407379174103568 ], [ 110.415901181175514, -66.407386778352731 ], [ 110.415863052827575, -66.407402040402133 ], [ 110.415824924479637, -66.407402040402133 ] ] ] ] } },
{ "type": "Feature", "properties": { "FEAT_TYPE": "Penguin", "UFI": 885670, "Q_INFO": 480, "DATASET_ID": 170, "COMMENTS": null, "COMMON_NAM": "Adelie Penguin", "SPECIES": null, "STATUS": null, "DB_DATE_CR": "2009-11-27", "DISPLAY": "50000, Heli op maps", "COUNT_NO": 0, "DATE_CAPTU": null, "DATE_FLAG": null }, "geometry": { "type": "MultiPolygon", "coordinates": [ [ [ [ 110.418212926473871, -66.408401517208361 ], [ 110.418182348824047, -66.40836333530936 ], [ 110.418235792772435, -66.408370939558537 ], [ 110.418266316871211, -66.408409121457538 ], [ 110.418212926473871, -66.408401517208361 ] ] ] ] } },
{ "type": "Feature", "properties": { "FEAT_TYPE": "Penguin", "UFI": 885674, "Q_INFO": 480, "DATASET_ID": 170, "COMMENTS": null, "COMMON_NAM": "Adelie Penguin", "SPECIES": null, "STATUS": null, "DB_DATE_CR": "2009-11-27", "DISPLAY": "50000, Heli op maps", "COUNT_NO": 0, "DATE_CAPTU": null, "DATE_FLAG": null }, "geometry": { "type": "MultiPolygon", "coordinates": [ [ [ [ 110.425743114539813, -66.409034704829281 ], [ 110.425712590441037, -66.409027100580118 ], [ 110.42566680429286, -66.409034704829281 ], [ 110.425628675944921, -66.409034704829281 ], [ 110.425598151846145, -66.409004234281554 ], [ 110.425560023498207, -66.409011838530731 ], [ 110.425514237350043, -66.408996576481343 ], [ 110.425498975300656, -66.408966052382567 ], [ 110.425537103648594, -66.408958448133404 ], [ 110.425575231996532, -66.408958448133404 ], [ 110.425621018144696, -66.408966052382567 ], [ 110.425674408542037, -66.408973710182778 ], [ 110.4257201946902, -66.408973710182778 ], [ 110.425750772340024, -66.408988918681132 ], [ 110.425781242887751, -66.409011838530731 ], [ 110.425743114539813, -66.409034704829281 ] ] ] ] } },
{ "type": "Feature", "properties": { "FEAT_TYPE": "Penguin", "UFI": 885680, "Q_INFO": 480, "DATASET_ID": 170, "COMMENTS": null, "COMMON_NAM": "Adelie Penguin", "SPECIES": null, "STATUS": null, "DB_DATE_CR": "2009-11-27", "DISPLAY": "50000, Heli op maps", "COUNT_NO": 0, "DATE_CAPTU": null, "DATE_FLAG": null }, "geometry": { "type": "MultiPolygon", "coordinates": [ [ [ [ 110.469619739345617, -66.411933851600395 ], [ 110.469566348948291, -66.411964429250219 ], [ 110.469512958550951, -66.411972087050444 ], [ 110.46947477665195, -66.411964429250219 ], [ 110.469459568153624, -66.411933851600395 ], [ 110.469490038701338, -66.411918643102069 ], [ 110.46952816704929, -66.411918643102069 ], [ 110.469566348948291, -66.411911038852892 ], [ 110.469596873047067, -66.411911038852892 ], [ 110.469619739345617, -66.411933851600395 ] ] ] ] } },
{ "type": "Feature", "properties": { "FEAT_TYPE": "Penguin", "UFI": 885685, "Q_INFO": 480, "DATASET_ID": 170, "COMMENTS": null, "COMMON_NAM": "Adelie Penguin", "SPECIES": null, "STATUS": null, "DB_DATE_CR": "2009-11-27", "DISPLAY": "50000, Heli op maps", "COUNT_NO": 0, "DATE_CAPTU": null, "DATE_FLAG": null }, "geometry": { "type": "MultiPolygon", "coordinates": [ [ [ [ 110.468742358934477, -66.412094129894498 ], [ 110.468772883033253, -66.412124600442226 ], [ 110.468811011381206, -66.412132258242451 ], [ 110.468856797529369, -66.412132258242451 ], [ 110.468902583677533, -66.412132258242451 ], [ 110.468948369825696, -66.412147520291825 ], [ 110.46889497942837, -66.41217038659039 ], [ 110.468856797529369, -66.41217038659039 ], [ 110.468826273430594, -66.41217038659039 ], [ 110.468765225233042, -66.4121780443906 ], [ 110.468719492635927, -66.4121780443906 ], [ 110.468673706487763, -66.4121780443906 ], [ 110.468643182388988, -66.4121780443906 ], [ 110.468589791991661, -66.41217038659039 ], [ 110.468551663643709, -66.41215517809205 ], [ 110.468505877495545, -66.41215517809205 ], [ 110.468467695596544, -66.4121780443906 ], [ 110.468421909448381, -66.4121780443906 ], [ 110.468391438900667, -66.4121780443906 ], [ 110.468353257001667, -66.4121780443906 ], [ 110.468322786453939, -66.412185648639777 ], [ 110.468292208804115, -66.412193306440003 ], [ 110.468254080456163, -66.412193306440003 ], [ 110.468215952108224, -66.412200910689165 ], [ 110.468177823760286, -66.412200910689165 ], [ 110.468124379811897, -66.412200910689165 ], [ 110.468086197912896, -66.412200910689165 ], [ 110.468048069564958, -66.412200910689165 ], [ 110.468002283416794, -66.412193306440003 ], [ 110.467971812869067, -66.412193306440003 ], [ 110.467926026720903, -66.412193306440003 ], [ 110.467887898372965, -66.412185648639777 ], [ 110.467842112224801, -66.4121780443906 ], [ 110.467788721827461, -66.412147520291825 ], [ 110.467788721827461, -66.412116996193049 ], [ 110.467765801977848, -66.412094129894498 ], [ 110.467796326076638, -66.412071263595948 ], [ 110.467788721827461, -66.412040685946124 ], [ 110.467826850175413, -66.412040685946124 ], [ 110.467864978523352, -66.412040685946124 ], [ 110.467895502622127, -66.412048343746335 ], [ 110.467926026720903, -66.412063605795723 ], [ 110.467956550819679, -66.412078814294063 ], [ 110.467987074918454, -66.412078814294063 ], [ 110.46801759901723, -66.412078814294063 ], [ 110.468055727365183, -66.412086472094273 ], [ 110.468093855713121, -66.412094129894498 ], [ 110.468162561710898, -66.412094129894498 ], [ 110.468208294307999, -66.412109391943886 ], [ 110.468246476207, -66.412109391943886 ], [ 110.468292208804115, -66.412109391943886 ], [ 110.468322786453939, -66.412109391943886 ], [ 110.468360914801892, -66.412116996193049 ], [ 110.468391438900667, -66.412109391943886 ], [ 110.468437171497769, -66.412101734143675 ], [ 110.468490615446157, -66.412094129894498 ], [ 110.468521085993885, -66.412094129894498 ], [ 110.468551663643709, -66.412101734143675 ], [ 110.468582134191436, -66.412094129894498 ], [ 110.4686279203396, -66.412094129894498 ], [ 110.468673706487763, -66.412086472094273 ], [ 110.468711834835702, -66.412094129894498 ], [ 110.468742358934477, -66.412094129894498 ] ] ] ] } },
{ "type": "Feature", "properties": { "FEAT_TYPE": "Penguin", "UFI": 885688, "Q_INFO": 480, "DATASET_ID": 170, "COMMENTS": null, "COMMON_NAM": "Adelie Penguin", "SPECIES": null, "STATUS": null, "DB_DATE_CR": "2009-11-27", "DISPLAY": "50000, Heli op maps", "COUNT_NO": 0, "DATE_CAPTU": null, "DATE_FLAG": null }, "geometry": { "type": "MultiPolygon", "coordinates": [ [ [ [ 110.46975704423906, -66.4121780443906 ], [ 110.469680787543169, -66.41217038659039 ], [ 110.469635001395005, -66.41217038659039 ], [ 110.469604530847278, -66.412162782341227 ], [ 110.469566348948291, -66.412162782341227 ], [ 110.469551086898903, -66.412132258242451 ], [ 110.469596873047067, -66.412132258242451 ], [ 110.469635001395005, -66.412132258242451 ], [ 110.469665525493781, -66.412132258242451 ], [ 110.469703707392782, -66.412132258242451 ], [ 110.46975704423906, -66.4121780443906 ] ] ] ] } },
{ "type": "Feature", "properties": { "FEAT_TYPE": "Penguin", "UFI": 885692, "Q_INFO": 480, "DATASET_ID": 170, "COMMENTS": null, "COMMON_NAM": "Adelie Penguin", "SPECIES": null, "STATUS": null, "DB_DATE_CR": "2009-11-27", "DISPLAY": "50000, Heli op maps", "COUNT_NO": 0, "DATE_CAPTU": null, "DATE_FLAG": null }, "geometry": { "type": "MultiPolygon", "coordinates": [ [ [ [ 110.468429567248606, -66.412323007084268 ], [ 110.468383781100442, -66.412330611333431 ], [ 110.468345652752504, -66.412338269133656 ], [ 110.468292208804115, -66.412315349284057 ], [ 110.468345652752504, -66.412292482985492 ], [ 110.468391438900667, -66.412292482985492 ], [ 110.468421909448381, -66.412292482985492 ], [ 110.468429567248606, -66.412323007084268 ] ] ] ] } },
{ "type": "Feature", "properties": { "FEAT_TYPE": "Penguin", "UFI": 885698, "Q_INFO": 480, "DATASET_ID": 170, "COMMENTS": null, "COMMON_NAM": "Adelie Penguin", "SPECIES": null, "STATUS": null, "DB_DATE_CR": "2009-11-27", "DISPLAY": "50000, Heli op maps", "COUNT_NO": 0, "DATE_CAPTU": null, "DATE_FLAG": null }, "geometry": { "type": "MultiPolygon", "coordinates": [ [ [ [ 110.433799762983057, -66.412918119908298 ], [ 110.433860757629546, -66.412963852505413 ], [ 110.433891281728322, -66.412963852505413 ], [ 110.433929463627322, -66.412971510305624 ], [ 110.433982854024663, -66.412986718803978 ], [ 110.434028640172826, -66.4130020344044 ], [ 110.434066768520765, -66.413017296453802 ], [ 110.434112554668928, -66.413032504952128 ], [ 110.434158340817092, -66.413063082601951 ], [ 110.434204073414207, -66.413078291100305 ], [ 110.434211731214432, -66.413108815199081 ], [ 110.434165945066255, -66.413124077248455 ], [ 110.434127816718316, -66.413131681497632 ], [ 110.43407442632099, -66.413146997098067 ], [ 110.434028640172826, -66.413124077248455 ], [ 110.434020982372601, -66.413085948900516 ], [ 110.433975196224438, -66.413070686851128 ], [ 110.433937067876485, -66.413063082601951 ], [ 110.433891281728322, -66.413063082601951 ], [ 110.433837891330995, -66.41304776700153 ], [ 110.43380736723222, -66.413040162752353 ], [ 110.433753976834893, -66.413024900702965 ], [ 110.433723452736118, -66.413017296453802 ], [ 110.433662458089614, -66.413009638653577 ], [ 110.433662458089614, -66.412979168105849 ], [ 110.433631880439776, -66.412971510305624 ], [ 110.433609014141226, -66.412933328406638 ], [ 110.433532703894286, -66.412933328406638 ], [ 110.433502179795511, -66.412933328406638 ], [ 110.433433527348782, -66.412933328406638 ], [ 110.433387741200619, -66.412910462108073 ], [ 110.433441131597959, -66.412895200058699 ], [ 110.43347931349696, -66.412895200058699 ], [ 110.433517495395947, -66.412902804307862 ], [ 110.433555623743899, -66.412864675959923 ], [ 110.433502179795511, -66.412849413910521 ], [ 110.433433527348782, -66.412811285562583 ], [ 110.433372532702293, -66.412796023513195 ], [ 110.433341955052455, -66.412780761463807 ], [ 110.433288564655129, -66.412773157214644 ], [ 110.433242778506965, -66.412750237365032 ], [ 110.433204650159013, -66.412734975315644 ], [ 110.433219912208415, -66.412696793416643 ], [ 110.433151206210638, -66.412658665068705 ], [ 110.43321225440819, -66.412658665068705 ], [ 110.433258040556353, -66.412673927118092 ], [ 110.433303826704517, -66.412689242718528 ], [ 110.433341955052455, -66.412696793416643 ], [ 110.433410661050232, -66.412712109017093 ], [ 110.43344878939817, -66.412719713266256 ], [ 110.433486917746123, -66.412727371066467 ], [ 110.433532703894286, -66.412750237365032 ], [ 110.433586094291613, -66.412765499414419 ], [ 110.433624222639565, -66.412773157214644 ], [ 110.433670008787729, -66.412796023513195 ], [ 110.433692928637328, -66.412818889811746 ], [ 110.433715848486941, -66.412841756110311 ], [ 110.433776843133444, -66.412857071710746 ], [ 110.43383023353077, -66.412872333760134 ], [ 110.433799762983057, -66.412918119908298 ] ] ] ] } },
{ "type": "Feature", "properties": { "FEAT_TYPE": "Penguin", "UFI": 885702, "Q_INFO": 480, "DATASET_ID": 170, "COMMENTS": null, "COMMON_NAM": "Adelie Penguin", "SPECIES": null, "STATUS": null, "DB_DATE_CR": "2009-11-27", "DISPLAY": "50000, Heli op maps", "COUNT_NO": 0, "DATE_CAPTU": null, "DATE_FLAG": null }, "geometry": { "type": "MultiPolygon", "coordinates": [ [ [ [ 110.43432616980931, -66.413223253793959 ], [ 110.434379613757699, -66.413238515843346 ], [ 110.434432950603977, -66.413246173643557 ], [ 110.434463528253801, -66.413253777892734 ], [ 110.434493998801528, -66.413261435692959 ], [ 110.434539784949692, -66.413269039942122 ], [ 110.434600833147243, -66.413291906240687 ], [ 110.43455504699908, -66.413307221841109 ], [ 110.434516918651141, -66.413307221841109 ], [ 110.434486394552366, -66.413307221841109 ], [ 110.434432950603977, -66.413291906240687 ], [ 110.434379613757699, -66.413299564040898 ], [ 110.434341431858698, -66.413322430339463 ], [ 110.434387164455813, -66.413360612238449 ], [ 110.434478790303189, -66.413375820736789 ], [ 110.434501656601753, -66.413406398386613 ], [ 110.434471132502978, -66.413421606884953 ], [ 110.434440608404188, -66.413429264685163 ], [ 110.434410084305412, -66.413421606884953 ], [ 110.434371955957474, -66.41341400263579 ], [ 110.434333827609535, -66.413406398386613 ], [ 110.434288041461372, -66.413375820736789 ], [ 110.434249859562371, -66.413360612238449 ], [ 110.434219389014643, -66.413345350189061 ], [ 110.434242201762146, -66.413322430339463 ], [ 110.434280437212195, -66.41328430199151 ], [ 110.434349036107861, -66.413261435692959 ], [ 110.43432616980931, -66.413223253793959 ] ] ] ] } },
{ "type": "Feature", "properties": { "FEAT_TYPE": "Penguin", "UFI": 885705, "Q_INFO": 480, "DATASET_ID": 170, "COMMENTS": null, "COMMON_NAM": "Adelie Penguin", "SPECIES": null, "STATUS": null, "DB_DATE_CR": "2009-11-27", "DISPLAY": "50000, Heli op maps", "COUNT_NO": 0, "DATE_CAPTU": null, "DATE_FLAG": null }, "geometry": { "type": "MultiPolygon", "coordinates": [ [ [ [ 110.435607914202649, -66.413688665973723 ], [ 110.435562128054485, -66.413703928023097 ], [ 110.435508737657159, -66.413696270222886 ], [ 110.435462951508981, -66.413681061724546 ], [ 110.435462951508981, -66.413642879825545 ], [ 110.435493475607771, -66.413635275576382 ], [ 110.435539208204872, -66.413650484074722 ], [ 110.435577390103873, -66.41366574612411 ], [ 110.435607914202649, -66.413688665973723 ] ] ] ] } },
{ "type": "Feature", "properties": { "FEAT_TYPE": "Penguin", "UFI": 885725, "Q_INFO": 480, "DATASET_ID": 170, "COMMENTS": null, "COMMON_NAM": "Adelie Penguin", "SPECIES": null, "STATUS": null, "DB_DATE_CR": "2009-11-27", "DISPLAY": "50000, Heli op maps", "COUNT_NO": 0, "DATE_CAPTU": null, "DATE_FLAG": null }, "geometry": { "type": "MultiPolygon", "coordinates": [ [ [ [ 110.514266963767895, -66.449790963474442 ], [ 110.514312749916058, -66.44982909182238 ], [ 110.514335616214609, -66.449852011671993 ], [ 110.514343274014834, -66.449890140019932 ], [ 110.514289830066446, -66.449913059869544 ], [ 110.514251701718507, -66.449920664118707 ], [ 110.514213573370569, -66.449920664118707 ], [ 110.514228835419956, -66.449951188217483 ], [ 110.514183049271793, -66.449966450266871 ], [ 110.514137263123615, -66.449974054516048 ], [ 110.514091476975452, -66.449951188217483 ], [ 110.514053348627513, -66.449935926168095 ], [ 110.514030482328963, -66.449905402069319 ], [ 110.514091476975452, -66.449882482219721 ], [ 110.514137263123615, -66.449859615921156 ], [ 110.514091476975452, -66.44982909182238 ], [ 110.514060952876676, -66.449836696071543 ], [ 110.514030482328963, -66.449836696071543 ], [ 110.513977038380574, -66.449813829772992 ], [ 110.513938910032635, -66.449806225523815 ], [ 110.513885519635295, -66.449806225523815 ], [ 110.513847391287356, -66.449798567723604 ], [ 110.51377868528958, -66.449790963474442 ], [ 110.513740556941642, -66.44977570142504 ], [ 110.513694770793478, -66.449768097175877 ], [ 110.513656642445525, -66.44972991527689 ], [ 110.513709979291804, -66.449707048978325 ], [ 110.513740556941642, -66.44969173337789 ], [ 110.513771027489355, -66.449684182679775 ], [ 110.513824471437744, -66.449684182679775 ], [ 110.513870257585907, -66.44969173337789 ], [ 110.513915990183023, -66.449699391178115 ], [ 110.513954172082023, -66.44969173337789 ], [ 110.513992300429962, -66.44969173337789 ], [ 110.514060952876676, -66.449707048978325 ], [ 110.514099134775677, -66.44972991527689 ], [ 110.514137263123615, -66.449737519526053 ], [ 110.514190653520956, -66.449752781575441 ], [ 110.514221231170779, -66.449768097175877 ], [ 110.514266963767895, -66.449790963474442 ] ] ] ] } },
{ "type": "Feature", "properties": { "FEAT_TYPE": "Penguin", "UFI": 885736, "Q_INFO": 480, "DATASET_ID": 170, "COMMENTS": null, "COMMON_NAM": "Adelie Penguin", "SPECIES": null, "STATUS": null, "DB_DATE_CR": "2009-11-27", "DISPLAY": "50000, Heli op maps", "COUNT_NO": 0, "DATE_CAPTU": null, "DATE_FLAG": null }, "geometry": { "type": "MultiPolygon", "coordinates": [ [ [ [ 110.516021724590161, -66.454223598127214 ], [ 110.515983596242222, -66.454223598127214 ], [ 110.515953072143446, -66.454208389628874 ], [ 110.515899628195058, -66.454185469779276 ], [ 110.51584629134878, -66.454177865530099 ], [ 110.515808109449779, -66.454162603480711 ], [ 110.515769927550778, -66.454139683631098 ], [ 110.515800505200616, -66.454116817332547 ], [ 110.515815713698942, -66.454078635433547 ], [ 110.515830975748329, -66.454048164885819 ], [ 110.515861499847105, -66.454048164885819 ], [ 110.515892023945881, -66.454055769134996 ], [ 110.515937810094059, -66.454078635433547 ], [ 110.515975938441997, -66.454086293233772 ], [ 110.515998804740548, -66.45410921308337 ], [ 110.516029382390386, -66.454154999231548 ], [ 110.516029382390386, -66.454185469779276 ], [ 110.516021724590161, -66.454223598127214 ] ] ] ] } },
{ "type": "Feature", "properties": { "FEAT_TYPE": "Penguin", "UFI": 885754, "Q_INFO": 480, "DATASET_ID": 170, "COMMENTS": null, "COMMON_NAM": "Adelie Penguin", "SPECIES": null, "STATUS": null, "DB_DATE_CR": "2009-11-27", "DISPLAY": "50000, Heli op maps", "COUNT_NO": 0, "DATE_CAPTU": null, "DATE_FLAG": null }, "geometry": { "type": "MultiPolygon", "coordinates": [ [ [ [ 110.481819150605361, -66.459983816872551 ], [ 110.48191066935064, -66.459991421121714 ], [ 110.481964113299028, -66.46000673672215 ], [ 110.482017503696355, -66.460029603020701 ], [ 110.482055632044307, -66.460044865070103 ], [ 110.482093813943308, -66.460052469319265 ], [ 110.482124338042084, -66.460052469319265 ], [ 110.482131942291247, -66.460082993418041 ], [ 110.482093813943308, -66.460082993418041 ], [ 110.482055632044307, -66.460082993418041 ], [ 110.482002295198029, -66.460060127119476 ], [ 110.481971717548191, -66.460060127119476 ], [ 110.481941247000478, -66.460075389168878 ], [ 110.481903118652525, -66.460082993418041 ], [ 110.481857332504362, -66.460082993418041 ], [ 110.481819150605361, -66.460052469319265 ], [ 110.481819150605361, -66.459983816872551 ] ] ] ] } },
{ "type": "Feature", "properties": { "FEAT_TYPE": "Penguin", "UFI": 885764, "Q_INFO": 480, "DATASET_ID": 170, "COMMENTS": null, "COMMON_NAM": "Adelie Penguin", "SPECIES": null, "STATUS": null, "DB_DATE_CR": "2009-11-27", "DISPLAY": "50000, Heli op maps", "COUNT_NO": 0, "DATE_CAPTU": null, "DATE_FLAG": null }, "geometry": { "type": "MultiPolygon", "coordinates": [ [ [ [ 110.479949951188217, -66.461074865975107 ], [ 110.479896560790891, -66.461029079826943 ], [ 110.47995755543738, -66.461036684076106 ], [ 110.480010945834721, -66.461067208174882 ], [ 110.480041523484545, -66.461074865975107 ], [ 110.480071994032272, -66.461090074473447 ], [ 110.480102518131048, -66.461128202821385 ], [ 110.480125437980661, -66.461151122670998 ], [ 110.480171224128824, -66.461181646769774 ], [ 110.480209352476763, -66.461196908819161 ], [ 110.480209352476763, -66.461235037167114 ], [ 110.480239876575538, -66.461242694967325 ], [ 110.480262742874089, -66.461273165515053 ], [ 110.480285662723702, -66.461296085364665 ], [ 110.480270400674314, -66.461326609463441 ], [ 110.480216956725926, -66.461341871512815 ], [ 110.480163566328599, -66.461311347414039 ], [ 110.480125437980661, -66.461280823315263 ], [ 110.480148304279211, -66.461242694967325 ], [ 110.480094913881885, -66.461257957016713 ], [ 110.480033865684319, -66.461227379366889 ], [ 110.479988133087218, -66.461219828668774 ], [ 110.47993468913883, -66.461204513068338 ], [ 110.479881298741503, -66.461196908819161 ], [ 110.479850774642728, -66.461181646769774 ], [ 110.479812592743727, -66.461166384720386 ], [ 110.479782122195999, -66.461151122670998 ], [ 110.479774464395774, -66.461120598572222 ], [ 110.479820250543938, -66.461120598572222 ], [ 110.479866036692115, -66.461120598572222 ], [ 110.479888902990666, -66.461143464870787 ], [ 110.479927084889667, -66.461128202821385 ], [ 110.479896560790891, -66.461105336522834 ], [ 110.479949951188217, -66.461074865975107 ] ], [ [ 110.480026261435157, -66.461151122670998 ], [ 110.479949951188217, -66.461151122670998 ], [ 110.479988133087218, -66.461181646769774 ], [ 110.480026261435157, -66.461151122670998 ] ] ] ] } },
{ "type": "Feature", "properties": { "FEAT_TYPE": "Penguin", "UFI": 885771, "Q_INFO": 480, "DATASET_ID": 170, "COMMENTS": null, "COMMON_NAM": "Adelie Penguin", "SPECIES": null, "STATUS": null, "DB_DATE_CR": "2009-11-27", "DISPLAY": "50000, Heli op maps", "COUNT_NO": 0, "DATE_CAPTU": null, "DATE_FLAG": null }, "geometry": { "type": "MultiPolygon", "coordinates": [ [ [ [ 110.501861595167981, -66.465530366926444 ], [ 110.501831071069205, -66.465522762677267 ], [ 110.501831071069205, -66.465484634329329 ], [ 110.501861595167981, -66.465492238578491 ], [ 110.501892065715708, -66.465507500627893 ], [ 110.501861595167981, -66.465530366926444 ] ] ] ] } },
{ "type": "Feature", "properties": { "FEAT_TYPE": "Penguin", "UFI": 885789, "Q_INFO": 480, "DATASET_ID": 170, "COMMENTS": null, "COMMON_NAM": "Adelie Penguin", "SPECIES": null, "STATUS": null, "DB_DATE_CR": "2009-11-27", "DISPLAY": "50000, Heli op maps", "COUNT_NO": 0, "DATE_CAPTU": null, "DATE_FLAG": null }, "geometry": { "type": "MultiPolygon", "coordinates": [ [ [ [ 110.495483397300063, -66.47035215706309 ], [ 110.495407087053124, -66.470382681161865 ], [ 110.495376562954348, -66.47039033896209 ], [ 110.495323172557008, -66.470420863060866 ], [ 110.495384220754573, -66.470443729359417 ], [ 110.495353696655783, -66.470466649209015 ], [ 110.495315514756797, -66.470481857707369 ], [ 110.495269782159681, -66.470466649209015 ], [ 110.495231600260681, -66.470466649209015 ], [ 110.495216338211293, -66.470436071559192 ], [ 110.495162947813967, -66.47037502336164 ], [ 110.495239258060906, -66.470367472663526 ], [ 110.495285044209069, -66.470359814863315 ], [ 110.495277386408844, -66.470329290764539 ], [ 110.495246915861131, -66.470321686515362 ], [ 110.495216338211293, -66.470275900367199 ], [ 110.495262124359456, -66.470275900367199 ], [ 110.495292648458232, -66.470268242566988 ], [ 110.495338434606396, -66.470275900367199 ], [ 110.495368958705185, -66.470275900367199 ], [ 110.495407087053124, -66.470283504616361 ], [ 110.495445268952125, -66.470291108865538 ], [ 110.4954757930509, -66.470314028715137 ], [ 110.495483397300063, -66.47035215706309 ] ] ] ] } },
{ "type": "Feature", "properties": { "FEAT_TYPE": "Penguin", "UFI": 885795, "Q_INFO": 480, "DATASET_ID": 170, "COMMENTS": null, "COMMON_NAM": "Adelie Penguin", "SPECIES": null, "STATUS": null, "DB_DATE_CR": "2009-11-27", "DISPLAY": "50000, Heli op maps", "COUNT_NO": 0, "DATE_CAPTU": null, "DATE_FLAG": null }, "geometry": { "type": "MultiPolygon", "coordinates": [ [ [ [ 110.497673046203317, -66.470680210798349 ], [ 110.497619655805977, -66.470710734897125 ], [ 110.4975509498082, -66.470703130647962 ], [ 110.497520425709425, -66.470687868598574 ], [ 110.497474693112324, -66.470680210798349 ], [ 110.497413644914772, -66.470687868598574 ], [ 110.497375463015771, -66.470687868598574 ], [ 110.497329730418656, -66.470687868598574 ], [ 110.497291548519655, -66.470687868598574 ], [ 110.497261024420879, -66.470680210798349 ], [ 110.497230500322104, -66.470664948748976 ], [ 110.49720002977439, -66.470657344499799 ], [ 110.49714663937705, -66.470649740250622 ], [ 110.497108457478049, -66.470634478201248 ], [ 110.497055067080723, -66.470626820401023 ], [ 110.497024542981947, -66.470611611902683 ], [ 110.496994018883171, -66.470603954102472 ], [ 110.496963494784396, -66.470596296302247 ], [ 110.496925312885395, -66.47058869205307 ], [ 110.496894842337682, -66.47058869205307 ], [ 110.496856713989729, -66.47058869205307 ], [ 110.496795665792177, -66.470596296302247 ], [ 110.496749879644014, -66.470573430003697 ], [ 110.496719355545238, -66.470535248104696 ], [ 110.496772799493627, -66.470535248104696 ], [ 110.49680327004134, -66.470527643855519 ], [ 110.496849056189504, -66.470519986055308 ], [ 110.496940628485845, -66.470527643855519 ], [ 110.496978756833784, -66.470535248104696 ], [ 110.497016938732784, -66.470527643855519 ], [ 110.497055067080723, -66.470542905904921 ], [ 110.497116061727226, -66.470565772203472 ], [ 110.497161901426438, -66.470565772203472 ], [ 110.497230500322104, -66.470573430003697 ], [ 110.497291548519655, -66.47058869205307 ], [ 110.497344992468044, -66.470596296302247 ], [ 110.497413644914772, -66.470596296302247 ], [ 110.497444169013548, -66.470619162600798 ], [ 110.497489955161711, -66.470611611902683 ], [ 110.49752808350965, -66.470634478201248 ], [ 110.497589131707201, -66.470634478201248 ], [ 110.497627260055154, -66.470634478201248 ], [ 110.497673046203317, -66.470680210798349 ] ] ] ] } },
{ "type": "Feature", "properties": { "FEAT_TYPE": "Penguin", "UFI": 885348, "Q_INFO": 480, "DATASET_ID": 170, "COMMENTS": null, "COMMON_NAM": "Adelie Penguin", "SPECIES": null, "STATUS": null, "DB_DATE_CR": "2009-11-27", "DISPLAY": "50000, Heli op maps", "COUNT_NO": 0, "DATE_CAPTU": null, "DATE_FLAG": null }, "geometry": { "type": "MultiPolygon", "coordinates": [ [ [ [ 110.420806885808275, -66.176536553679313 ], [ 110.420761099660112, -66.176506029580537 ], [ 110.420814490057438, -66.176506029580537 ], [ 110.420852618405391, -66.176498371780312 ], [ 110.420913666602942, -66.176506029580537 ], [ 110.420944190701718, -66.176506029580537 ], [ 110.420974714800494, -66.176513687380748 ], [ 110.420974714800494, -66.176544157928475 ], [ 110.421028158748882, -66.176559419977863 ], [ 110.421081549146209, -66.176589944076639 ], [ 110.421112073244984, -66.176589944076639 ], [ 110.421142543792712, -66.176589944076639 ], [ 110.421203591990263, -66.176589944076639 ], [ 110.421257035938652, -66.176589944076639 ], [ 110.421302822086815, -66.176589944076639 ], [ 110.421333292634529, -66.176589944076639 ], [ 110.421379078782692, -66.176612863926238 ], [ 110.421409602881468, -66.17662812597564 ], [ 110.421363870284367, -66.176658650074415 ], [ 110.421340950434754, -66.176681516372966 ], [ 110.421310426335978, -66.176681516372966 ], [ 110.421264640187815, -66.176681516372966 ], [ 110.421234116089039, -66.176712040471742 ], [ 110.421211249790488, -66.176734906770292 ], [ 110.421165463642311, -66.176742564570517 ], [ 110.421119677494147, -66.176750168819694 ], [ 110.421066287096821, -66.176750168819694 ], [ 110.421028158748882, -66.176750168819694 ], [ 110.420997581099044, -66.17672730252113 ], [ 110.420951848501943, -66.17672730252113 ], [ 110.420906062353765, -66.17672730252113 ], [ 110.420822147857663, -66.176734906770292 ], [ 110.420761099660112, -66.176742564570517 ], [ 110.420722971312173, -66.176742564570517 ], [ 110.420669527363785, -66.176750168819694 ], [ 110.420623794766669, -66.176750168819694 ], [ 110.420585612867669, -66.176757826619905 ], [ 110.420524564670117, -66.176765430869068 ], [ 110.420494094122404, -66.176765430869068 ], [ 110.420463570023628, -66.176742564570517 ], [ 110.420433045924852, -66.176750168819694 ], [ 110.4203949175769, -66.176757826619905 ], [ 110.420349131428736, -66.176765430869068 ], [ 110.420311003080798, -66.176765430869068 ], [ 110.420265216932634, -66.176773088669293 ], [ 110.420211826535294, -66.17678069291847 ], [ 110.42016604038713, -66.176788297167633 ], [ 110.420112596438742, -66.176788297167633 ], [ 110.420059206041415, -66.176788297167633 ], [ 110.420013419893252, -66.176788297167633 ], [ 110.419975291545313, -66.176788297167633 ], [ 110.419937163197361, -66.17678069291847 ], [ 110.419906585547537, -66.17678069291847 ], [ 110.419876114999809, -66.176788297167633 ], [ 110.419837986651871, -66.176811217017246 ], [ 110.419807409002033, -66.176811217017246 ], [ 110.419776938454319, -66.176818874817457 ], [ 110.419754018604706, -66.176795954967844 ], [ 110.419708232456543, -66.176773088669293 ], [ 110.419677708357767, -66.176773088669293 ], [ 110.419631975760652, -66.176795954967844 ], [ 110.419578531812263, -66.176795954967844 ], [ 110.419525141414937, -66.176788297167633 ], [ 110.419487013066998, -66.176788297167633 ], [ 110.419448884719046, -66.176788297167633 ], [ 110.419395440770657, -66.176788297167633 ], [ 110.419349654622494, -66.176788297167633 ], [ 110.419296264225167, -66.17678069291847 ], [ 110.419265740126392, -66.17678069291847 ], [ 110.419227558227391, -66.17678069291847 ], [ 110.41920469192884, -66.176757826619905 ], [ 110.419212349729065, -66.17672730252113 ], [ 110.419136039482112, -66.176704382671517 ], [ 110.419082595533737, -66.176704382671517 ], [ 110.41905212498601, -66.176704382671517 ], [ 110.419021600887234, -66.176704382671517 ], [ 110.418968210489908, -66.176696778422354 ], [ 110.418937686391132, -66.176689120622143 ], [ 110.418884295993792, -66.176681516372966 ], [ 110.418853771895016, -66.176696778422354 ], [ 110.418853771895016, -66.17672730252113 ], [ 110.418876638193566, -66.176773088669293 ], [ 110.418815589996015, -66.176803612768069 ], [ 110.418769857398914, -66.176826479066619 ], [ 110.418731675499913, -66.176841741116021 ], [ 110.418693547151975, -66.176849345365184 ], [ 110.418647761003797, -66.176849345365184 ], [ 110.41860957910481, -66.176818874817457 ], [ 110.418655365252974, -66.176795954967844 ], [ 110.418693547151975, -66.176788297167633 ], [ 110.418693547151975, -66.176757826619905 ], [ 110.418655365252974, -66.176750168819694 ], [ 110.418624894705246, -66.176742564570517 ], [ 110.418594370606471, -66.176742564570517 ], [ 110.418563846507695, -66.176734906770292 ], [ 110.418525664608694, -66.17672730252113 ], [ 110.418464616411143, -66.176681516372966 ], [ 110.418411279564864, -66.176689120622143 ], [ 110.418373097665864, -66.176696778422354 ], [ 110.4183273115177, -66.176712040471742 ], [ 110.418289183169762, -66.176719698271967 ], [ 110.418243397021598, -66.17672730252113 ], [ 110.418197610873435, -66.176712040471742 ], [ 110.418159482525482, -66.17672730252113 ], [ 110.418113696377318, -66.176704382671517 ], [ 110.418136562675883, -66.176681516372966 ], [ 110.418212926473871, -66.176666254323578 ], [ 110.418243397021598, -66.176666254323578 ], [ 110.418273921120374, -66.176666254323578 ], [ 110.41830444521915, -66.176666254323578 ], [ 110.418334969317925, -66.176658650074415 ], [ 110.418365493416701, -66.17665099227419 ], [ 110.418403621764639, -66.17665099227419 ], [ 110.418449407912817, -66.176635783775851 ], [ 110.418479932011593, -66.176643334473965 ], [ 110.418510402559306, -66.176643334473965 ], [ 110.418540980209144, -66.176635783775851 ], [ 110.418586712806245, -66.17662812597564 ], [ 110.418617236905021, -66.176620468175415 ], [ 110.418670627302362, -66.176589944076639 ], [ 110.418708809201362, -66.176582339827462 ], [ 110.418754541798464, -66.176544157928475 ], [ 110.418838509845628, -66.176559419977863 ], [ 110.41882324779624, -66.176605206126027 ], [ 110.418869033944404, -66.176620468175415 ], [ 110.418914820092567, -66.176612863926238 ], [ 110.41895294844052, -66.176612863926238 ], [ 110.418983472539296, -66.17662812597564 ], [ 110.419036862936622, -66.176635783775851 ], [ 110.419067387035398, -66.17662812597564 ], [ 110.419105515383336, -66.176643334473965 ], [ 110.4191513015315, -66.176658650074415 ], [ 110.419189429879452, -66.176658650074415 ], [ 110.419227558227391, -66.176666254323578 ], [ 110.419273344375554, -66.176658650074415 ], [ 110.419311526274555, -66.176681516372966 ], [ 110.419357312422719, -66.176696778422354 ], [ 110.419387836521494, -66.176712040471742 ], [ 110.41943356911861, -66.176712040471742 ], [ 110.419410702820045, -66.176681516372966 ], [ 110.419380178721269, -66.176666254323578 ], [ 110.419403098570882, -66.176643334473965 ], [ 110.419441226918835, -66.17662812597564 ], [ 110.41947175101761, -66.176635783775851 ], [ 110.41954806126455, -66.176620468175415 ], [ 110.419578531812263, -66.176620468175415 ], [ 110.419609055911039, -66.176605206126027 ], [ 110.419639580009814, -66.176605206126027 ], [ 110.41967010410859, -66.176597601876864 ], [ 110.419693023958203, -66.176567077778088 ], [ 110.419723494505931, -66.176567077778088 ], [ 110.419754018604706, -66.176567077778088 ], [ 110.419792200503707, -66.176567077778088 ], [ 110.419837986651871, -66.176551815728686 ], [ 110.419876114999809, -66.176544157928475 ], [ 110.419906585547537, -66.176551815728686 ], [ 110.41989898129836, -66.176582339827462 ], [ 110.419937163197361, -66.176597601876864 ], [ 110.419982949345524, -66.176597601876864 ], [ 110.420036286191802, -66.176589944076639 ], [ 110.42006686384164, -66.176597601876864 ], [ 110.420097334389354, -66.176597601876864 ], [ 110.420135462737306, -66.176620468175415 ], [ 110.420188906685695, -66.176635783775851 ], [ 110.420227035033633, -66.176620468175415 ], [ 110.42028042543096, -66.17662812597564 ], [ 110.420318607329961, -66.176635783775851 ], [ 110.420364393478124, -66.176643334473965 ], [ 110.420371997727287, -66.176605206126027 ], [ 110.420433045924852, -66.176612863926238 ], [ 110.420471174272791, -66.176597601876864 ], [ 110.420516960420954, -66.176589944076639 ], [ 110.420570350818281, -66.176582339827462 ], [ 110.420608479166233, -66.176582339827462 ], [ 110.42064666106522, -66.176574735578299 ], [ 110.42067718516401, -66.176567077778088 ], [ 110.420730575561336, -66.176528949430136 ], [ 110.420753441859887, -66.176551815728686 ], [ 110.420806885808275, -66.176536553679313 ] ], [ [ 110.421058629296596, -66.176643334473965 ], [ 110.421020500948657, -66.176643334473965 ], [ 110.421043367247208, -66.176681516372966 ], [ 110.421096811195596, -66.176681516372966 ], [ 110.421058629296596, -66.176643334473965 ] ] ] ] } },
{ "type": "Feature", "properties": { "FEAT_TYPE": "Penguin", "UFI": 885352, "Q_INFO": 480, "DATASET_ID": 170, "COMMENTS": null, "COMMON_NAM": "Adelie Penguin", "SPECIES": null, "STATUS": null, "DB_DATE_CR": "2009-11-27", "DISPLAY": "50000, Heli op maps", "COUNT_NO": 0, "DATE_CAPTU": null, "DATE_FLAG": null }, "geometry": { "type": "MultiPolygon", "coordinates": [ [ [ [ 110.415275544252708, -66.176673912123789 ], [ 110.415245073704995, -66.176673912123789 ], [ 110.415206945357042, -66.176658650074415 ], [ 110.415229758104545, -66.176635783775851 ], [ 110.415275544252708, -66.17662812597564 ], [ 110.415313726151709, -66.17665099227419 ], [ 110.415275544252708, -66.176673912123789 ] ] ] ] } },
{ "type": "Feature", "properties": { "FEAT_TYPE": "Penguin", "UFI": 885355, "Q_INFO": 480, "DATASET_ID": 170, "COMMENTS": null, "COMMON_NAM": "Adelie Penguin", "SPECIES": null, "STATUS": null, "DB_DATE_CR": "2009-11-27", "DISPLAY": "50000, Heli op maps", "COUNT_NO": 0, "DATE_CAPTU": null, "DATE_FLAG": null }, "geometry": { "type": "MultiPolygon", "coordinates": [ [ [ [ 110.417007438776423, -66.176757826619905 ], [ 110.416946390578872, -66.176757826619905 ], [ 110.416885395932368, -66.176742564570517 ], [ 110.416915920031144, -66.176704382671517 ], [ 110.41696165262826, -66.176696778422354 ], [ 110.417015096576648, -66.176712040471742 ], [ 110.417045567124362, -66.176712040471742 ], [ 110.417037962875199, -66.176750168819694 ], [ 110.417007438776423, -66.176757826619905 ] ] ] ] } },
{ "type": "Feature", "properties": { "FEAT_TYPE": "Penguin", "UFI": 885359, "Q_INFO": 480, "DATASET_ID": 170, "COMMENTS": null, "COMMON_NAM": "Adelie Penguin", "SPECIES": null, "STATUS": null, "DB_DATE_CR": "2009-11-27", "DISPLAY": "50000, Heli op maps", "COUNT_NO": 0, "DATE_CAPTU": null, "DATE_FLAG": null }, "geometry": { "type": "MultiPolygon", "coordinates": [ [ [ [ 110.423377978844115, -66.176986703809675 ], [ 110.423416160743116, -66.176986703809675 ], [ 110.423446684841892, -66.176994308058852 ], [ 110.423477155389619, -66.176994308058852 ], [ 110.423507733039443, -66.176994308058852 ], [ 110.423538203587171, -66.177001965859063 ], [ 110.423545861387396, -66.17703243640679 ], [ 110.423515283737558, -66.17703243640679 ], [ 110.423469497589394, -66.177024832157628 ], [ 110.423431369241456, -66.17703243640679 ], [ 110.423400898693728, -66.177024832157628 ], [ 110.423377978844115, -66.176986703809675 ] ] ] ] } },
{ "type": "Feature", "properties": { "FEAT_TYPE": "Penguin", "UFI": 885367, "Q_INFO": 480, "DATASET_ID": 170, "COMMENTS": null, "COMMON_NAM": "Adelie Penguin", "SPECIES": null, "STATUS": null, "DB_DATE_CR": "2009-11-27", "DISPLAY": "50000, Heli op maps", "COUNT_NO": 0, "DATE_CAPTU": null, "DATE_FLAG": null }, "geometry": { "type": "MultiPolygon", "coordinates": [ [ [ [ 110.423629775883498, -66.177696201677549 ], [ 110.423660246431226, -66.177673335378984 ], [ 110.423698428330226, -66.177665731129821 ], [ 110.423713690379614, -66.177627602781868 ], [ 110.42374421447839, -66.177627602781868 ], [ 110.423774738577166, -66.177627602781868 ], [ 110.423805209124879, -66.177627602781868 ], [ 110.423805209124879, -66.177658073329596 ], [ 110.423751872278601, -66.177680993179195 ], [ 110.423706032579389, -66.177696201677549 ], [ 110.423675508480613, -66.177719121527147 ], [ 110.423629775883498, -66.177696201677549 ] ] ] ] } },
{ "type": "Feature", "properties": { "FEAT_TYPE": "Penguin", "UFI": 885373, "Q_INFO": 480, "DATASET_ID": 170, "COMMENTS": null, "COMMON_NAM": "Adelie Penguin", "SPECIES": null, "STATUS": null, "DB_DATE_CR": "2009-11-27", "DISPLAY": "50000, Heli op maps", "COUNT_NO": 0, "DATE_CAPTU": null, "DATE_FLAG": null }, "geometry": { "type": "MultiPolygon", "coordinates": [ [ [ [ 110.417953471634277, -66.178108223459958 ], [ 110.41792300108655, -66.178146351807911 ], [ 110.417884819187549, -66.178146351807911 ], [ 110.417854295088773, -66.178154009608136 ], [ 110.417823770989997, -66.178154009608136 ], [ 110.417793300442284, -66.178154009608136 ], [ 110.417770380592671, -66.178115827709135 ], [ 110.41780850894061, -66.178108223459958 ], [ 110.417861952888998, -66.178108223459958 ], [ 110.417907685486114, -66.178108223459958 ], [ 110.417953471634277, -66.178108223459958 ] ] ] ] } },
{ "type": "Feature", "properties": { "FEAT_TYPE": "Penguin", "UFI": 885384, "Q_INFO": 480, "DATASET_ID": 170, "COMMENTS": null, "COMMON_NAM": "Adelie Penguin", "SPECIES": null, "STATUS": null, "DB_DATE_CR": "2009-11-27", "DISPLAY": "50000, Heli op maps", "COUNT_NO": 0, "DATE_CAPTU": null, "DATE_FLAG": null }, "geometry": { "type": "MultiPolygon", "coordinates": [ [ [ [ 110.418815589996015, -66.178771988730716 ], [ 110.418769857398914, -66.178802512829492 ], [ 110.418739333300138, -66.178802512829492 ], [ 110.418701151401137, -66.178794855029281 ], [ 110.418693547151975, -66.178764330930505 ], [ 110.41872407125075, -66.178756726681328 ], [ 110.418762199598689, -66.178756726681328 ], [ 110.418815589996015, -66.178771988730716 ] ] ] ] } },
{ "type": "Feature", "properties": { "FEAT_TYPE": "Penguin", "UFI": 885397, "Q_INFO": 480, "DATASET_ID": 170, "COMMENTS": null, "COMMON_NAM": "Adelie Penguin", "SPECIES": null, "STATUS": null, "DB_DATE_CR": "2009-11-27", "DISPLAY": "50000, Heli op maps", "COUNT_NO": 0, "DATE_CAPTU": null, "DATE_FLAG": null }, "geometry": { "type": "MultiPolygon", "coordinates": [ [ [ [ 110.641029315451561, -66.215698222694186 ], [ 110.641044631052011, -66.215751666642575 ], [ 110.641014106953236, -66.215759270891738 ], [ 110.64098358285446, -66.215759270891738 ], [ 110.640937796706282, -66.215766928691949 ], [ 110.640899668358344, -66.215759270891738 ], [ 110.640876802059793, -66.215721142543799 ], [ 110.640846224409955, -66.215698222694186 ], [ 110.640876802059793, -66.215682960644799 ], [ 110.640907272607507, -66.215682960644799 ], [ 110.640937796706282, -66.215690618445024 ], [ 110.640975978605283, -66.215690618445024 ], [ 110.641029315451561, -66.215698222694186 ] ] ] ] } },
{ "type": "Feature", "properties": { "FEAT_TYPE": "Penguin", "UFI": 885400, "Q_INFO": 480, "DATASET_ID": 170, "COMMENTS": null, "COMMON_NAM": "Adelie Penguin", "SPECIES": null, "STATUS": null, "DB_DATE_CR": "2009-11-27", "DISPLAY": "50000, Heli op maps", "COUNT_NO": 0, "DATE_CAPTU": null, "DATE_FLAG": null }, "geometry": { "type": "MultiPolygon", "coordinates": [ [ [ [ 110.639656052312944, -66.215736351042125 ], [ 110.639633186014393, -66.215766928691949 ], [ 110.639595057666455, -66.215774532941126 ], [ 110.639549271518291, -66.215759270891738 ], [ 110.639579795617067, -66.215736351042125 ], [ 110.63961026616478, -66.215736351042125 ], [ 110.639656052312944, -66.215736351042125 ] ] ] ] } },
{ "type": "Feature", "properties": { "FEAT_TYPE": "Penguin", "UFI": 885406, "Q_INFO": 480, "DATASET_ID": 170, "COMMENTS": null, "COMMON_NAM": "Adelie Penguin", "SPECIES": null, "STATUS": null, "DB_DATE_CR": "2009-11-27", "DISPLAY": "50000, Heli op maps", "COUNT_NO": 0, "DATE_CAPTU": null, "DATE_FLAG": null }, "geometry": { "type": "MultiPolygon", "coordinates": [ [ [ [ 110.644058216418003, -66.216018672180283 ], [ 110.644004826020677, -66.216041592029882 ], [ 110.643966697672724, -66.21602627642946 ], [ 110.643936173573948, -66.216003410130895 ], [ 110.643905649475172, -66.215995805881732 ], [ 110.643859863327009, -66.21598054383233 ], [ 110.64382173497907, -66.215988148081507 ], [ 110.643836997028458, -66.216018672180283 ], [ 110.643844601277621, -66.216049196279059 ], [ 110.643798815129458, -66.216064458328447 ], [ 110.643814077178845, -66.216094982427222 ], [ 110.643768291030682, -66.216094982427222 ], [ 110.643722558433566, -66.216064458328447 ], [ 110.643730162682729, -66.21602627642946 ], [ 110.643699638583954, -66.216018672180283 ], [ 110.643646248186627, -66.216003410130895 ], [ 110.643608066287626, -66.215995805881732 ], [ 110.643562280139463, -66.215965228231894 ], [ 110.643585199989076, -66.215934757684181 ], [ 110.643615724087852, -66.215934757684181 ], [ 110.64365385243579, -66.215927099883956 ], [ 110.643684376534566, -66.215919495634779 ], [ 110.643722558433566, -66.215911891385616 ], [ 110.643760686781519, -66.215888971536003 ], [ 110.643798815129458, -66.215888971536003 ], [ 110.643836997028458, -66.215896629336228 ], [ 110.643867521127234, -66.215904233585405 ], [ 110.643913253724335, -66.215911891385616 ], [ 110.643936173573948, -66.215934757684181 ], [ 110.643897991674947, -66.215950019733555 ], [ 110.643943777823111, -66.21597288603212 ], [ 110.643989563971289, -66.21598054383233 ], [ 110.64403529656839, -66.215995805881732 ], [ 110.644058216418003, -66.216018672180283 ] ] ] ] } },
{ "type": "Feature", "properties": { "FEAT_TYPE": "Penguin", "UFI": 885417, "Q_INFO": 480, "DATASET_ID": 170, "COMMENTS": null, "COMMON_NAM": "Adelie Penguin", "SPECIES": null, "STATUS": null, "DB_DATE_CR": "2009-11-27", "DISPLAY": "50000, Heli op maps", "COUNT_NO": 0, "DATE_CAPTU": null, "DATE_FLAG": null }, "geometry": { "type": "MultiPolygon", "coordinates": [ [ [ [ 110.645729062744152, -66.216224683071488 ], [ 110.645698592196439, -66.216209421022114 ], [ 110.645706142894554, -66.216178896923338 ], [ 110.645767191092105, -66.216194158972712 ], [ 110.645729062744152, -66.216224683071488 ] ] ] ] } },
{ "type": "Feature", "properties": { "FEAT_TYPE": "Penguin", "UFI": 885418, "Q_INFO": 480, "DATASET_ID": 170, "COMMENTS": null, "COMMON_NAM": "Adelie Penguin", "SPECIES": null, "STATUS": null, "DB_DATE_CR": "2009-11-27", "DISPLAY": "50000, Heli op maps", "COUNT_NO": 0, "DATE_CAPTU": null, "DATE_FLAG": null }, "geometry": { "type": "MultiPolygon", "coordinates": [ [ [ [ 110.643829339228233, -66.21623994512089 ], [ 110.643775948830907, -66.216255153619215 ], [ 110.643730162682729, -66.216270469219666 ], [ 110.643676772285403, -66.216255153619215 ], [ 110.643630986137239, -66.216255153619215 ], [ 110.643600462038464, -66.216247602921101 ], [ 110.643600462038464, -66.216209421022114 ], [ 110.643638643937464, -66.216201816772937 ], [ 110.643669114485178, -66.216201816772937 ], [ 110.643707242833131, -66.216194158972712 ], [ 110.643745424732131, -66.216201816772937 ], [ 110.643783606631118, -66.216201816772937 ], [ 110.643829339228233, -66.21623994512089 ] ] ] ] } },
{ "type": "Feature", "properties": { "FEAT_TYPE": "Penguin", "UFI": 885438, "Q_INFO": 480, "DATASET_ID": 170, "COMMENTS": null, "COMMON_NAM": "Adelie Penguin", "SPECIES": null, "STATUS": null, "DB_DATE_CR": "2009-11-27", "DISPLAY": "50000, Heli op maps", "COUNT_NO": 0, "DATE_CAPTU": null, "DATE_FLAG": null }, "geometry": { "type": "MultiPolygon", "coordinates": [ [ [ [ 110.643722558433566, -66.216674833201864 ], [ 110.643684376534566, -66.216705303749592 ], [ 110.643623328337014, -66.216705303749592 ], [ 110.643577595739913, -66.216697699500429 ], [ 110.643531809591749, -66.216690041700204 ], [ 110.643493681243797, -66.216667175401653 ], [ 110.643470761394184, -66.21664425555204 ], [ 110.64342497524602, -66.216636651302878 ], [ 110.643386846898082, -66.216636651302878 ], [ 110.643356322799306, -66.216598522954925 ], [ 110.64340210894747, -66.2165908651547 ], [ 110.64340210894747, -66.216545079006551 ], [ 110.643440237295408, -66.216537474757374 ], [ 110.643493681243797, -66.216537474757374 ], [ 110.643547071641137, -66.216537474757374 ], [ 110.643592857789301, -66.216537474757374 ], [ 110.643623328337014, -66.216537474757374 ], [ 110.643661510236015, -66.216537474757374 ], [ 110.643699638583954, -66.216552736806761 ], [ 110.643722558433566, -66.216575656656374 ], [ 110.643753028981294, -66.216606127204102 ], [ 110.643676772285403, -66.216606127204102 ], [ 110.643646248186627, -66.216606127204102 ], [ 110.643608066287626, -66.216621389253476 ], [ 110.643684376534566, -66.216667175401653 ], [ 110.643722558433566, -66.216674833201864 ] ] ] ] } },
{ "type": "Feature", "properties": { "FEAT_TYPE": "Penguin", "UFI": 885439, "Q_INFO": 480, "DATASET_ID": 170, "COMMENTS": null, "COMMON_NAM": "Adelie Penguin", "SPECIES": null, "STATUS": null, "DB_DATE_CR": "2009-11-27", "DISPLAY": "50000, Heli op maps", "COUNT_NO": 0, "DATE_CAPTU": null, "DATE_FLAG": null }, "geometry": { "type": "MultiPolygon", "coordinates": [ [ [ [ 110.639892587302938, -66.216690041700204 ], [ 110.639862063204163, -66.216712961549803 ], [ 110.639862063204163, -66.216659571152476 ], [ 110.639823934856224, -66.216613785004313 ], [ 110.639877325253551, -66.216606127204102 ], [ 110.639907849352326, -66.216598522954925 ], [ 110.63995363550049, -66.216598522954925 ], [ 110.639999368097605, -66.216613785004313 ], [ 110.639961239749653, -66.216651913352251 ], [ 110.639923111401714, -66.216667175401653 ], [ 110.639892587302938, -66.216690041700204 ] ] ] ] } },
{ "type": "Feature", "properties": { "FEAT_TYPE": "Penguin", "UFI": 885452, "Q_INFO": 480, "DATASET_ID": 170, "COMMENTS": null, "COMMON_NAM": "Adelie Penguin", "SPECIES": null, "STATUS": null, "DB_DATE_CR": "2009-11-27", "DISPLAY": "50000, Heli op maps", "COUNT_NO": 0, "DATE_CAPTU": null, "DATE_FLAG": null }, "geometry": { "type": "MultiPolygon", "coordinates": [ [ [ [ 110.601821913839572, -66.217247026176295 ], [ 110.601776127691409, -66.217247026176295 ], [ 110.601753207841796, -66.217224106326682 ], [ 110.601722737294082, -66.21721650207752 ], [ 110.601692213195307, -66.217193635778955 ], [ 110.601722737294082, -66.217178320178519 ], [ 110.601760865642021, -66.217155453879968 ], [ 110.601745603592633, -66.217124929781193 ], [ 110.601715079493857, -66.217102063482628 ], [ 110.601715079493857, -66.217071539383852 ], [ 110.601745603592633, -66.217041015285076 ], [ 110.601776127691409, -66.217018095435463 ], [ 110.601806651790184, -66.217018095435463 ], [ 110.60183717588896, -66.217018095435463 ], [ 110.601875304236899, -66.217025753235689 ], [ 110.601913432584851, -66.217025753235689 ], [ 110.601928748185287, -66.217063881583641 ], [ 110.601898170535463, -66.217079143633015 ], [ 110.601867699987736, -66.217102063482628 ], [ 110.601867699987736, -66.217140191830566 ], [ 110.6018523843873, -66.217178320178519 ], [ 110.601844833689185, -66.217224106326682 ], [ 110.601821913839572, -66.217247026176295 ] ] ] ] } },
{ "type": "Feature", "properties": { "FEAT_TYPE": "Penguin", "UFI": 885459, "Q_INFO": 480, "DATASET_ID": 170, "COMMENTS": null, "COMMON_NAM": "Adelie Penguin", "SPECIES": null, "STATUS": null, "DB_DATE_CR": "2009-11-27", "DISPLAY": "50000, Heli op maps", "COUNT_NO": 0, "DATE_CAPTU": null, "DATE_FLAG": null }, "geometry": { "type": "MultiPolygon", "coordinates": [ [ [ [ 110.644805896184863, -66.217247026176295 ], [ 110.644844024532802, -66.217201240028118 ], [ 110.644905072730353, -66.217231764126893 ], [ 110.644874602182639, -66.217254630425458 ], [ 110.644805896184863, -66.217247026176295 ] ] ] ] } },
{ "type": "Feature", "properties": { "FEAT_TYPE": "Penguin", "UFI": 885464, "Q_INFO": 480, "DATASET_ID": 170, "COMMENTS": null, "COMMON_NAM": "Adelie Penguin", "SPECIES": null, "STATUS": null, "DB_DATE_CR": "2009-11-27", "DISPLAY": "50000, Heli op maps", "COUNT_NO": 0, "DATE_CAPTU": null, "DATE_FLAG": null }, "geometry": { "type": "MultiPolygon", "coordinates": [ [ [ [ 110.601463336005537, -66.217315678623009 ], [ 110.601432811906761, -66.217315678623009 ], [ 110.601409945608196, -66.217285154524234 ], [ 110.6014709402547, -66.217262234674621 ], [ 110.601524330652026, -66.217247026176295 ], [ 110.60157011680019, -66.21723936837607 ], [ 110.601615902948353, -66.21723936837607 ], [ 110.601669293345694, -66.217254630425458 ], [ 110.601608245148142, -66.217292812324445 ], [ 110.601562458999979, -66.217308020822799 ], [ 110.601509122153701, -66.217308020822799 ], [ 110.601463336005537, -66.217315678623009 ] ] ] ] } },
{ "type": "Feature", "properties": { "FEAT_TYPE": "Penguin", "UFI": 885469, "Q_INFO": 480, "DATASET_ID": 170, "COMMENTS": null, "COMMON_NAM": "Adelie Penguin", "SPECIES": null, "STATUS": null, "DB_DATE_CR": "2009-11-27", "DISPLAY": "50000, Heli op maps", "COUNT_NO": 0, "DATE_CAPTU": null, "DATE_FLAG": null }, "geometry": { "type": "MultiPolygon", "coordinates": [ [ [ [ 110.644950858878516, -66.217346202721785 ], [ 110.644981382977292, -66.217338598472622 ], [ 110.645011907076082, -66.217376726820561 ], [ 110.645050035424021, -66.217384331069724 ], [ 110.645050035424021, -66.217414855168499 ], [ 110.644988987226469, -66.217414855168499 ], [ 110.644950858878516, -66.217437775018112 ], [ 110.644920334779741, -66.217445379267275 ], [ 110.644836420283639, -66.217407197368289 ], [ 110.644912730530578, -66.217399593119126 ], [ 110.644874602182639, -66.21736906902035 ], [ 110.644950858878516, -66.217346202721785 ] ] ] ] } },
{ "type": "Feature", "properties": { "FEAT_TYPE": "Penguin", "UFI": 885471, "Q_INFO": 480, "DATASET_ID": 170, "COMMENTS": null, "COMMON_NAM": "Adelie Penguin", "SPECIES": null, "STATUS": null, "DB_DATE_CR": "2009-11-27", "DISPLAY": "50000, Heli op maps", "COUNT_NO": 0, "DATE_CAPTU": null, "DATE_FLAG": null }, "geometry": { "type": "MultiPolygon", "coordinates": [ [ [ [ 110.644874602182639, -66.21736906902035 ], [ 110.644912730530578, -66.217399593119126 ], [ 110.644836420283639, -66.217407197368289 ], [ 110.644874602182639, -66.21736906902035 ] ] ] ] } },
{ "type": "Feature", "properties": { "FEAT_TYPE": "Penguin", "UFI": 885477, "Q_INFO": 480, "DATASET_ID": 170, "COMMENTS": null, "COMMON_NAM": "Adelie Penguin", "SPECIES": null, "STATUS": null, "DB_DATE_CR": "2009-11-27", "DISPLAY": "50000, Heli op maps", "COUNT_NO": 0, "DATE_CAPTU": null, "DATE_FLAG": null }, "geometry": { "type": "MultiPolygon", "coordinates": [ [ [ [ 110.578071594541441, -66.238952605713791 ], [ 110.578033466193489, -66.238945001464629 ], [ 110.578041070442652, -66.238914477365853 ], [ 110.578071594541441, -66.238899215316451 ], [ 110.57809451439104, -66.2388763490179 ], [ 110.578132642738993, -66.238861086968512 ], [ 110.578178428887156, -66.238845824919125 ], [ 110.578216557235095, -66.238845824919125 ], [ 110.57824708133387, -66.238853429168302 ], [ 110.578262343383258, -66.238884006818125 ], [ 110.57824708133387, -66.238914477365853 ], [ 110.57820889943487, -66.238937397215452 ], [ 110.578178428887156, -66.238929739415227 ], [ 110.578147904788381, -66.238929739415227 ], [ 110.578117380689605, -66.238945001464629 ], [ 110.578071594541441, -66.238952605713791 ] ] ] ] } },
{ "type": "Feature", "properties": { "FEAT_TYPE": "Penguin", "UFI": 885482, "Q_INFO": 480, "DATASET_ID": 170, "COMMENTS": null, "COMMON_NAM": "Adelie Penguin", "SPECIES": null, "STATUS": null, "DB_DATE_CR": "2009-11-27", "DISPLAY": "50000, Heli op maps", "COUNT_NO": 0, "DATE_CAPTU": null, "DATE_FLAG": null }, "geometry": { "type": "MultiPolygon", "coordinates": [ [ [ [ 110.586906446850321, -66.239501985940706 ], [ 110.586868318502368, -66.239532456488433 ], [ 110.586830136603368, -66.239517194439046 ], [ 110.586868318502368, -66.239494328140495 ], [ 110.586906446850321, -66.239501985940706 ] ] ] ] } },
{ "type": "Feature", "properties": { "FEAT_TYPE": "Penguin", "UFI": 885490, "Q_INFO": 480, "DATASET_ID": 170, "COMMENTS": null, "COMMON_NAM": "Adelie Penguin", "SPECIES": null, "STATUS": null, "DB_DATE_CR": "2009-11-27", "DISPLAY": "50000, Heli op maps", "COUNT_NO": 0, "DATE_CAPTU": null, "DATE_FLAG": null }, "geometry": { "type": "MultiPolygon", "coordinates": [ [ [ [ 110.579078675596847, -66.239891087873531 ], [ 110.579048151498057, -66.239883430073306 ], [ 110.579017627399281, -66.239875772273081 ], [ 110.578979499051343, -66.239875772273081 ], [ 110.578941370703404, -66.23985290597453 ], [ 110.578971841251118, -66.239830039675979 ], [ 110.579010023150119, -66.239822381875754 ], [ 110.579032889448669, -66.239799462026156 ], [ 110.579063413547445, -66.239791911328027 ], [ 110.57910914614456, -66.239822381875754 ], [ 110.579139723794398, -66.239822381875754 ], [ 110.579170194342112, -66.239822381875754 ], [ 110.579208376241112, -66.239822381875754 ], [ 110.579238900339888, -66.239845301725353 ], [ 110.579246558140113, -66.239875772273081 ], [ 110.579215980490275, -66.239875772273081 ], [ 110.579185509942562, -66.239868168023918 ], [ 110.579154932292724, -66.239875772273081 ], [ 110.579116803944785, -66.239875772273081 ], [ 110.579078675596847, -66.239891087873531 ] ] ] ] } },
{ "type": "Feature", "properties": { "FEAT_TYPE": "Penguin", "UFI": 885506, "Q_INFO": 480, "DATASET_ID": 170, "COMMENTS": null, "COMMON_NAM": "Adelie Penguin", "SPECIES": null, "STATUS": null, "DB_DATE_CR": "2009-11-27", "DISPLAY": "50000, Heli op maps", "COUNT_NO": 0, "DATE_CAPTU": null, "DATE_FLAG": null }, "geometry": { "type": "MultiPolygon", "coordinates": [ [ [ [ 110.53971099569074, -66.24857326613747 ], [ 110.53974151978953, -66.248535137789531 ], [ 110.539772043888306, -66.248535137789531 ], [ 110.539817830036469, -66.248542795589742 ], [ 110.539855958384408, -66.248542795589742 ], [ 110.539901744532571, -66.248550399838919 ], [ 110.539932215080299, -66.248558057639144 ], [ 110.539985659028687, -66.248558057639144 ], [ 110.540031445176851, -66.248558057639144 ], [ 110.540069573524789, -66.248565715439355 ], [ 110.54010775542379, -66.24858858173792 ], [ 110.540054311475402, -66.248611448036471 ], [ 110.540016183127463, -66.248611448036471 ], [ 110.539962792730122, -66.248611448036471 ], [ 110.539924610831122, -66.248603843787293 ], [ 110.539871220433795, -66.248611448036471 ], [ 110.539833038534795, -66.248611448036471 ], [ 110.539802567987081, -66.248611448036471 ], [ 110.539764386088081, -66.248596185987083 ], [ 110.53971099569074, -66.24857326613747 ] ] ] ] } },
{ "type": "Feature", "properties": { "FEAT_TYPE": "Penguin", "UFI": 885516, "Q_INFO": 480, "DATASET_ID": 170, "COMMENTS": null, "COMMON_NAM": "Adelie Penguin", "SPECIES": null, "STATUS": null, "DB_DATE_CR": "2009-11-27", "DISPLAY": "50000, Heli op maps", "COUNT_NO": 0, "DATE_CAPTU": null, "DATE_FLAG": null }, "geometry": { "type": "MultiPolygon", "coordinates": [ [ [ [ 110.538917583326779, -66.249610924842699 ], [ 110.538948053874492, -66.249572742943712 ], [ 110.538940449625329, -66.249542218844937 ], [ 110.53899384002267, -66.249534614595774 ], [ 110.539047230419996, -66.249534614595774 ], [ 110.539108278617547, -66.249534614595774 ], [ 110.539146406965486, -66.249557480894325 ], [ 110.539146406965486, -66.2495880049931 ], [ 110.53911588286671, -66.249603267042488 ], [ 110.539070096718547, -66.249610924842699 ], [ 110.539047230419996, -66.249641395390427 ], [ 110.539001497822881, -66.249641395390427 ], [ 110.538970920173057, -66.249641395390427 ], [ 110.538917583326779, -66.249610924842699 ] ] ] ] } },
{ "type": "Feature", "properties": { "FEAT_TYPE": "Penguin", "UFI": 885520, "Q_INFO": 480, "DATASET_ID": 170, "COMMENTS": null, "COMMON_NAM": "Adelie Penguin", "SPECIES": null, "STATUS": null, "DB_DATE_CR": "2009-11-27", "DISPLAY": "50000, Heli op maps", "COUNT_NO": 0, "DATE_CAPTU": null, "DATE_FLAG": null }, "geometry": { "type": "MultiPolygon", "coordinates": [ [ [ [ 110.540618900200656, -66.250038155123463 ], [ 110.54058837610188, -66.250091599071851 ], [ 110.540542589953716, -66.25008394127164 ], [ 110.540512065854941, -66.250091599071851 ], [ 110.540481595307213, -66.250099149769966 ], [ 110.540466279706777, -66.25012972741979 ], [ 110.540443413408212, -66.250106807570191 ], [ 110.540397680811111, -66.250106807570191 ], [ 110.540420547109662, -66.250076283471415 ], [ 110.540451017657389, -66.250045812923688 ], [ 110.540496803805553, -66.250015235273864 ], [ 110.540557852003104, -66.250022893074089 ], [ 110.54058837610188, -66.2500305508743 ], [ 110.540618900200656, -66.250038155123463 ] ] ] ] } },
{ "type": "Feature", "properties": { "FEAT_TYPE": "Penguin", "UFI": 885526, "Q_INFO": 480, "DATASET_ID": 170, "COMMENTS": null, "COMMON_NAM": "Adelie Penguin", "SPECIES": null, "STATUS": null, "DB_DATE_CR": "2009-11-27", "DISPLAY": "50000, Heli op maps", "COUNT_NO": 0, "DATE_CAPTU": null, "DATE_FLAG": null }, "geometry": { "type": "MultiPolygon", "coordinates": [ [ [ [ 110.540275584416008, -66.250526433601777 ], [ 110.540245060317233, -66.250511171552404 ], [ 110.54020693196928, -66.250495909503002 ], [ 110.540229798267845, -66.250465385404226 ], [ 110.540260268815558, -66.250442519105675 ], [ 110.540290846465396, -66.250419652807125 ], [ 110.540283188665171, -66.250389075157301 ], [ 110.54032131701311, -66.250381470908124 ], [ 110.540367103161273, -66.250366208858736 ], [ 110.540405231509226, -66.250366208858736 ], [ 110.540451017657389, -66.250381470908124 ], [ 110.540428151358824, -66.2504119950069 ], [ 110.540420547109662, -66.250450123354852 ], [ 110.540374760961498, -66.250465385404226 ], [ 110.540344236862722, -66.250480647453628 ], [ 110.540306054963722, -66.250503567303227 ], [ 110.540275584416008, -66.250526433601777 ] ] ] ] } },
{ "type": "Feature", "properties": { "FEAT_TYPE": "Penguin", "UFI": 885542, "Q_INFO": 480, "DATASET_ID": 170, "COMMENTS": null, "COMMON_NAM": "Adelie Penguin", "SPECIES": null, "STATUS": null, "DB_DATE_CR": "2009-11-27", "DISPLAY": "50000, Heli op maps", "COUNT_NO": 0, "DATE_CAPTU": null, "DATE_FLAG": null }, "geometry": { "type": "MultiPolygon", "coordinates": [ [ [ [ 110.528839114972499, -66.251953140688784 ], [ 110.52880098662456, -66.251953140688784 ], [ 110.528747542676172, -66.251945536439621 ], [ 110.528732280626784, -66.251914958789797 ], [ 110.528762858276608, -66.251907300989572 ], [ 110.52880098662456, -66.251914958789797 ], [ 110.528839114972499, -66.251914958789797 ], [ 110.528839114972499, -66.251953140688784 ] ] ] ] } },
{ "type": "Feature", "properties": { "FEAT_TYPE": "Penguin", "UFI": 885570, "Q_INFO": 480, "DATASET_ID": 170, "COMMENTS": null, "COMMON_NAM": "Adelie Penguin", "SPECIES": null, "STATUS": null, "DB_DATE_CR": "2009-11-27", "DISPLAY": "50000, Heli op maps", "COUNT_NO": 0, "DATE_CAPTU": null, "DATE_FLAG": null }, "geometry": { "type": "MultiPolygon", "coordinates": [ [ [ [ 110.481216433532168, -66.309082043957915 ], [ 110.481185909433393, -66.309082043957915 ], [ 110.481147727534392, -66.309066728357479 ], [ 110.481170647384005, -66.309028600009526 ], [ 110.481216433532168, -66.309036257809751 ], [ 110.481239353381781, -66.30905917765935 ], [ 110.481216433532168, -66.309082043957915 ] ] ] ] } },
{ "type": "Feature", "properties": { "FEAT_TYPE": "Penguin", "UFI": 885571, "Q_INFO": 480, "DATASET_ID": 170, "COMMENTS": null, "COMMON_NAM": "Adelie Penguin", "SPECIES": null, "STATUS": null, "DB_DATE_CR": "2009-11-27", "DISPLAY": "50000, Heli op maps", "COUNT_NO": 0, "DATE_CAPTU": null, "DATE_FLAG": null }, "geometry": { "type": "MultiPolygon", "coordinates": [ [ [ [ 110.485672041585602, -66.309204140353017 ], [ 110.485626255437438, -66.309181220503405 ], [ 110.48561099338805, -66.309143092155466 ], [ 110.48560333558784, -66.309112514505642 ], [ 110.485641463935778, -66.309089648207078 ], [ 110.485687250083942, -66.309089648207078 ], [ 110.48572537843188, -66.309082043957915 ], [ 110.485771164580044, -66.309082043957915 ], [ 110.485809346479044, -66.309082043957915 ], [ 110.485786426629431, -66.309135434355255 ], [ 110.48572537843188, -66.309158300653806 ], [ 110.485702512133329, -66.309188824752582 ], [ 110.485672041585602, -66.309204140353017 ] ] ] ] } },
{ "type": "Feature", "properties": { "FEAT_TYPE": "Penguin", "UFI": 885584, "Q_INFO": 480, "DATASET_ID": 170, "COMMENTS": null, "COMMON_NAM": "Adelie Penguin", "SPECIES": null, "STATUS": null, "DB_DATE_CR": "2009-11-27", "DISPLAY": "50000, Heli op maps", "COUNT_NO": 0, "DATE_CAPTU": null, "DATE_FLAG": null }, "geometry": { "type": "MultiPolygon", "coordinates": [ [ [ [ 110.399520878751318, -66.321586642654381 ], [ 110.399482750403379, -66.321586642654381 ], [ 110.399452172753541, -66.321609508952932 ], [ 110.399414044405603, -66.321617113202109 ], [ 110.399391178107052, -66.321594246903544 ], [ 110.399375916057664, -66.321563722804768 ], [ 110.399337787709712, -66.321540856506203 ], [ 110.399337787709712, -66.321502728158265 ], [ 110.399375916057664, -66.321479808308652 ], [ 110.399414044405603, -66.321479808308652 ], [ 110.399444568504379, -66.321479808308652 ], [ 110.399436964255216, -66.32151027885638 ], [ 110.399421702205828, -66.32154846075538 ], [ 110.399452172753541, -66.321556065004557 ], [ 110.39950561670193, -66.321556065004557 ], [ 110.399520878751318, -66.321586642654381 ] ] ] ] } },
{ "type": "Feature", "properties": { "FEAT_TYPE": "Penguin", "UFI": 885585, "Q_INFO": 480, "DATASET_ID": 170, "COMMENTS": null, "COMMON_NAM": "Adelie Penguin", "SPECIES": null, "STATUS": null, "DB_DATE_CR": "2009-11-27", "DISPLAY": "50000, Heli op maps", "COUNT_NO": 0, "DATE_CAPTU": null, "DATE_FLAG": null }, "geometry": { "type": "MultiPolygon", "coordinates": [ [ [ [ 110.397422802144405, -66.321556065004557 ], [ 110.397399882294792, -66.321586642654381 ], [ 110.397354096146628, -66.321586642654381 ], [ 110.397323625598901, -66.321586642654381 ], [ 110.397277839450737, -66.321578984854156 ], [ 110.397239711102799, -66.321563722804768 ], [ 110.397216791253186, -66.321533198705993 ], [ 110.397247315351962, -66.321517936656605 ], [ 110.397277839450737, -66.321517936656605 ], [ 110.397308363549513, -66.32154846075538 ], [ 110.397346491897451, -66.321556065004557 ], [ 110.397377015996241, -66.32154846075538 ], [ 110.397422802144405, -66.321556065004557 ] ] ] ] } },
{ "type": "Feature", "properties": { "FEAT_TYPE": "Penguin", "UFI": 885593, "Q_INFO": 480, "DATASET_ID": 170, "COMMENTS": null, "COMMON_NAM": "Adelie Penguin", "SPECIES": null, "STATUS": null, "DB_DATE_CR": "2009-11-27", "DISPLAY": "50000, Heli op maps", "COUNT_NO": 0, "DATE_CAPTU": null, "DATE_FLAG": null }, "geometry": { "type": "MultiPolygon", "coordinates": [ [ [ [ 110.399116514769105, -66.322311402571628 ], [ 110.399085990670329, -66.322311402571628 ], [ 110.399040204522166, -66.322311402571628 ], [ 110.399009733974452, -66.322250354374077 ], [ 110.399009733974452, -66.322219830275301 ], [ 110.399032600273003, -66.322189306176526 ], [ 110.399063070820731, -66.322166439877975 ], [ 110.399101252719717, -66.322158835628798 ], [ 110.399131776818507, -66.322166439877975 ], [ 110.399139434618718, -66.322196963976751 ], [ 110.399124119018282, -66.322227488075526 ], [ 110.399131776818507, -66.322265669974513 ], [ 110.399177562966671, -66.3222427501249 ], [ 110.399208033514384, -66.3222427501249 ], [ 110.399246215413385, -66.322258012174302 ], [ 110.399223349114834, -66.322288536273078 ], [ 110.399185167215833, -66.322296140522241 ], [ 110.399116514769105, -66.322311402571628 ] ] ] ] } },
{ "type": "Feature", "properties": { "FEAT_TYPE": "Penguin", "UFI": 885608, "Q_INFO": 480, "DATASET_ID": 170, "COMMENTS": null, "COMMON_NAM": "Adelie Penguin", "SPECIES": null, "STATUS": null, "DB_DATE_CR": "2009-11-27", "DISPLAY": "50000, Heli op maps", "COUNT_NO": 0, "DATE_CAPTU": null, "DATE_FLAG": null }, "geometry": { "type": "MultiPolygon", "coordinates": [ [ [ [ 110.409294159668889, -66.327110272858675 ], [ 110.409248373520725, -66.327110272858675 ], [ 110.409202587372562, -66.327102668609498 ], [ 110.409164459024609, -66.327095010809273 ], [ 110.409133881374785, -66.327095010809273 ], [ 110.409103410827058, -66.327095010809273 ], [ 110.409072833177234, -66.327079802310948 ], [ 110.40908814877767, -66.327041620411947 ], [ 110.409126277125608, -66.327018754113396 ], [ 110.409164459024609, -66.326995834263784 ], [ 110.409194929572337, -66.326980625765444 ], [ 110.409248373520725, -66.326957705915845 ], [ 110.409294159668889, -66.326965310165008 ], [ 110.409324630216602, -66.326972967965219 ], [ 110.40933989226599, -66.327003492063994 ], [ 110.409362758564555, -66.327026358362559 ], [ 110.409393336214379, -66.327026358362559 ], [ 110.409423806762106, -66.327079802310948 ], [ 110.409378074164991, -66.327087406560111 ], [ 110.40933989226599, -66.327087406560111 ], [ 110.409294159668889, -66.327110272858675 ] ] ] ] } },
{ "type": "Feature", "properties": { "FEAT_TYPE": "Penguin", "UFI": 885611, "Q_INFO": 480, "DATASET_ID": 170, "COMMENTS": null, "COMMON_NAM": "Adelie Penguin", "SPECIES": null, "STATUS": null, "DB_DATE_CR": "2009-11-27", "DISPLAY": "50000, Heli op maps", "COUNT_NO": 0, "DATE_CAPTU": null, "DATE_FLAG": null }, "geometry": { "type": "MultiPolygon", "coordinates": [ [ [ [ 110.402648902712201, -66.327056882461335 ], [ 110.402679480362025, -66.327041620411947 ], [ 110.40272521295914, -66.327056882461335 ], [ 110.402732817208303, -66.327087406560111 ], [ 110.40270234666059, -66.327095010809273 ], [ 110.402648902712201, -66.327056882461335 ] ] ] ] } },
{ "type": "Feature", "properties": { "FEAT_TYPE": "Penguin", "UFI": 885617, "Q_INFO": 480, "DATASET_ID": 170, "COMMENTS": null, "COMMON_NAM": "Adelie Penguin", "SPECIES": null, "STATUS": null, "DB_DATE_CR": "2009-11-27", "DISPLAY": "50000, Heli op maps", "COUNT_NO": 0, "DATE_CAPTU": null, "DATE_FLAG": null }, "geometry": { "type": "MultiPolygon", "coordinates": [ [ [ [ 110.411903381052667, -66.327964786971251 ], [ 110.411872856953892, -66.327957129171025 ], [ 110.41182712435679, -66.327949524921848 ], [ 110.411796546706952, -66.327926658623298 ], [ 110.41182712435679, -66.32791139657391 ], [ 110.411857594904504, -66.327896080973474 ], [ 110.411872856953892, -66.327865610425746 ], [ 110.411911038852892, -66.327865610425746 ], [ 110.41194150940062, -66.327888530275359 ], [ 110.411964429250233, -66.32791139657391 ], [ 110.412002557598171, -66.327919000823073 ], [ 110.411972087050444, -66.327949524921848 ], [ 110.41194150940062, -66.327957129171025 ], [ 110.411903381052667, -66.327964786971251 ] ] ] ] } },
{ "type": "Feature", "properties": { "FEAT_TYPE": "Penguin", "UFI": 885624, "Q_INFO": 480, "DATASET_ID": 170, "COMMENTS": null, "COMMON_NAM": "Adelie Penguin", "SPECIES": null, "STATUS": null, "DB_DATE_CR": "2009-11-27", "DISPLAY": "50000, Heli op maps", "COUNT_NO": 0, "DATE_CAPTU": null, "DATE_FLAG": null }, "geometry": { "type": "MultiPolygon", "coordinates": [ [ [ [ 110.410308844973457, -66.328269974407959 ], [ 110.410270663074456, -66.328269974407959 ], [ 110.410232534726518, -66.328254712358557 ], [ 110.410186748578354, -66.328254712358557 ], [ 110.410224876926293, -66.328208926210408 ], [ 110.410263058825294, -66.328201268410183 ], [ 110.410308844973457, -66.328208926210408 ], [ 110.410293582924069, -66.328239450309184 ], [ 110.410308844973457, -66.328269974407959 ] ] ] ] } },
{ "type": "Feature", "properties": { "FEAT_TYPE": "Penguin", "UFI": 885633, "Q_INFO": 480, "DATASET_ID": 170, "COMMENTS": null, "COMMON_NAM": "Adelie Penguin", "SPECIES": null, "STATUS": null, "DB_DATE_CR": "2009-11-27", "DISPLAY": "50000, Heli op maps", "COUNT_NO": 0, "DATE_CAPTU": null, "DATE_FLAG": null }, "geometry": { "type": "MultiPolygon", "coordinates": [ [ [ [ 110.409362758564555, -66.329246531364589 ], [ 110.409332288016827, -66.329246531364589 ], [ 110.409301763918052, -66.329246531364589 ], [ 110.409263582019051, -66.329216007265813 ], [ 110.409294159668889, -66.329200745216411 ], [ 110.409332288016827, -66.329185483167038 ], [ 110.409362758564555, -66.329162616868473 ], [ 110.409393336214379, -66.329177878917861 ], [ 110.409423806762106, -66.329200745216411 ], [ 110.409454330860882, -66.329200745216411 ], [ 110.409454330860882, -66.329231269315187 ], [ 110.409423806762106, -66.329238873564364 ], [ 110.409362758564555, -66.329246531364589 ] ] ] ] } },
{ "type": "Feature", "properties": { "FEAT_TYPE": "Penguin", "UFI": 885634, "Q_INFO": 480, "DATASET_ID": 170, "COMMENTS": null, "COMMON_NAM": "Adelie Penguin", "SPECIES": null, "STATUS": null, "DB_DATE_CR": "2009-11-27", "DISPLAY": "50000, Heli op maps", "COUNT_NO": 0, "DATE_CAPTU": null, "DATE_FLAG": null }, "geometry": { "type": "MultiPolygon", "coordinates": [ [ [ [ 110.411987295548784, -66.329330445860691 ], [ 110.412033081696947, -66.329307579562141 ], [ 110.412078814294063, -66.329307579562141 ], [ 110.41204068594611, -66.329345707910079 ], [ 110.411987295548784, -66.329330445860691 ] ] ] ] } },
{ "type": "Feature", "properties": { "FEAT_TYPE": "Penguin", "UFI": 885638, "Q_INFO": 480, "DATASET_ID": 170, "COMMENTS": null, "COMMON_NAM": "Adelie Penguin", "SPECIES": null, "STATUS": null, "DB_DATE_CR": "2009-11-27", "DISPLAY": "50000, Heli op maps", "COUNT_NO": 0, "DATE_CAPTU": null, "DATE_FLAG": null }, "geometry": { "type": "MultiPolygon", "coordinates": [ [ [ [ 110.41058350831139, -66.329803462289618 ], [ 110.410530117914064, -66.329803462289618 ], [ 110.410476673965675, -66.32978820024023 ], [ 110.410415625768124, -66.329803462289618 ], [ 110.410362235370783, -66.329795858040455 ], [ 110.410377497420171, -66.329757676141455 ], [ 110.410408021518961, -66.329742467643115 ], [ 110.410446203417948, -66.329727152042679 ], [ 110.410453807667125, -66.329696681494951 ], [ 110.410499593815288, -66.329666103845128 ], [ 110.410530117914064, -66.329666103845128 ], [ 110.410575850511165, -66.329673761645353 ], [ 110.410614032410166, -66.329681419445564 ], [ 110.410667422807506, -66.329696681494951 ], [ 110.41069789335522, -66.329689023694726 ], [ 110.410736128805269, -66.329696681494951 ], [ 110.410705551155445, -66.329727152042679 ], [ 110.410743679503383, -66.32976533394168 ], [ 110.41071320895567, -66.329780595991053 ], [ 110.410675080607717, -66.32978820024023 ], [ 110.410621636659329, -66.329795858040455 ], [ 110.41058350831139, -66.329803462289618 ] ] ] ] } },
{ "type": "Feature", "properties": { "FEAT_TYPE": "Penguin", "UFI": 885644, "Q_INFO": 480, "DATASET_ID": 170, "COMMENTS": null, "COMMON_NAM": "Adelie Penguin", "SPECIES": null, "STATUS": null, "DB_DATE_CR": "2009-11-27", "DISPLAY": "50000, Heli op maps", "COUNT_NO": 0, "DATE_CAPTU": null, "DATE_FLAG": null }, "geometry": { "type": "MultiPolygon", "coordinates": [ [ [ [ 110.413291906240673, -66.404289278490637 ], [ 110.413291906240673, -66.404258700840813 ], [ 110.413330088139674, -66.404235834542249 ], [ 110.413360612238449, -66.404220572492861 ], [ 110.413391136337225, -66.404228230293086 ], [ 110.413429264685178, -66.404235834542249 ], [ 110.413459735232891, -66.404258700840813 ], [ 110.413459735232891, -66.4042968827398 ], [ 110.413490312882729, -66.404327406838576 ], [ 110.413536099030893, -66.404335011087738 ], [ 110.413536099030893, -66.404365535186514 ], [ 110.413505521381055, -66.404365535186514 ], [ 110.413459735232891, -66.404373139435691 ], [ 110.413482655082504, -66.404411321334692 ], [ 110.413520783430442, -66.404434187633242 ], [ 110.413490312882729, -66.404457053931793 ], [ 110.413459735232891, -66.40444944968263 ], [ 110.413429264685178, -66.404441845433468 ], [ 110.413398740586388, -66.404457053931793 ], [ 110.413360612238449, -66.404464711732018 ], [ 110.413330088139674, -66.404457053931793 ], [ 110.413307221841123, -66.404426583384065 ], [ 110.413330088139674, -66.404403663534467 ], [ 110.413322430339448, -66.404373139435691 ], [ 110.413330088139674, -66.404327406838576 ], [ 110.413291906240673, -66.404289278490637 ] ] ] ] } },
{ "type": "Feature", "properties": { "FEAT_TYPE": "Penguin", "UFI": 885645, "Q_INFO": 480, "DATASET_ID": 170, "COMMENTS": null, "COMMON_NAM": "Adelie Penguin", "SPECIES": null, "STATUS": null, "DB_DATE_CR": "2009-11-27", "DISPLAY": "50000, Heli op maps", "COUNT_NO": 0, "DATE_CAPTU": null, "DATE_FLAG": null }, "geometry": { "type": "MultiPolygon", "coordinates": [ [ [ [ 110.419082595533737, -66.405342092143144 ], [ 110.419036862936622, -66.405357354192546 ], [ 110.418998681037621, -66.405349749943369 ], [ 110.418968210489908, -66.405342092143144 ], [ 110.418937686391132, -66.405342092143144 ], [ 110.418861376144179, -66.405364958441709 ], [ 110.41882324779624, -66.405380274042145 ], [ 110.418785119448302, -66.405387878291322 ], [ 110.418731675499913, -66.405357354192546 ], [ 110.418685942902798, -66.405342092143144 ], [ 110.418624894705246, -66.405334487893981 ], [ 110.418571450756858, -66.405303963795205 ], [ 110.418632498954409, -66.405303963795205 ], [ 110.418670627302362, -66.405303963795205 ], [ 110.418716413450525, -66.405303963795205 ], [ 110.418754541798464, -66.405319225844593 ], [ 110.418830905596465, -66.405319225844593 ], [ 110.418861376144179, -66.40532683009377 ], [ 110.418930082141955, -66.405311568044368 ], [ 110.418930082141955, -66.405281043945593 ], [ 110.418960552689683, -66.405281043945593 ], [ 110.419013996638071, -66.405311568044368 ], [ 110.419082595533737, -66.405342092143144 ] ] ] ] } },
{ "type": "Feature", "properties": { "FEAT_TYPE": "Penguin", "UFI": 885663, "Q_INFO": 480, "DATASET_ID": 170, "COMMENTS": null, "COMMON_NAM": "Adelie Penguin", "SPECIES": null, "STATUS": null, "DB_DATE_CR": "2009-11-27", "DISPLAY": "50000, Heli op maps", "COUNT_NO": 0, "DATE_CAPTU": null, "DATE_FLAG": null }, "geometry": { "type": "MultiPolygon", "coordinates": [ [ [ [ 110.417282102114356, -66.408287025062435 ], [ 110.417358412361295, -66.408225976864884 ], [ 110.417388936460071, -66.408218372615707 ], [ 110.417419407007799, -66.40821076836653 ], [ 110.417404198509459, -66.408172586467543 ], [ 110.417358412361295, -66.408157377969204 ], [ 110.417312626213132, -66.408157377969204 ], [ 110.417282102114356, -66.408157377969204 ], [ 110.417205791867417, -66.408119196070203 ], [ 110.417205791867417, -66.408088671971427 ], [ 110.417182925568866, -66.4080582014237 ], [ 110.417182925568866, -66.408027623773876 ], [ 110.417228658165968, -66.407989495425937 ], [ 110.417282102114356, -66.407981837625726 ], [ 110.417312626213132, -66.407951367077999 ], [ 110.417259235815806, -66.407943709277774 ], [ 110.417198187618254, -66.407928447228386 ], [ 110.417160059270302, -66.407905580929821 ], [ 110.417129481620478, -66.40789792312961 ], [ 110.417091353272525, -66.407882661080222 ], [ 110.417045567124362, -66.407875056831045 ], [ 110.417007438776423, -66.407852190532495 ], [ 110.416976968228695, -66.40784453273227 ], [ 110.41696165262826, -66.407806404384331 ], [ 110.417007438776423, -66.407806404384331 ], [ 110.4170761447742, -66.407821666433719 ], [ 110.41709901107275, -66.40784453273227 ], [ 110.417129481620478, -66.407859794781672 ], [ 110.417175267768641, -66.407875056831045 ], [ 110.417228658165968, -66.407882661080222 ], [ 110.417274444314131, -66.407890318880447 ], [ 110.417335492511683, -66.407905580929821 ], [ 110.417381278659846, -66.407928447228386 ], [ 110.417411802758622, -66.407951367077999 ], [ 110.417434669057187, -66.407989495425937 ], [ 110.417472850956187, -66.408004757475325 ], [ 110.417526241353514, -66.408035281574101 ], [ 110.417572027501677, -66.408065805672877 ], [ 110.417602551600453, -66.408073409922054 ], [ 110.41759494735129, -66.408103934020829 ], [ 110.41757963175084, -66.408142115919816 ], [ 110.41759494735129, -66.408172586467543 ], [ 110.417633075699229, -66.408164982218381 ], [ 110.417678861847392, -66.408164982218381 ], [ 110.417724594444508, -66.408157377969204 ], [ 110.417755118543283, -66.408149720168979 ], [ 110.417800904691447, -66.408149720168979 ], [ 110.417770380592671, -66.408187848516931 ], [ 110.417762722792446, -66.408225976864884 ], [ 110.417739910044943, -66.408248896714483 ], [ 110.417732252244733, -66.408287025062435 ], [ 110.417747460743058, -66.408317549161211 ], [ 110.417686466096569, -66.408317549161211 ], [ 110.417648337748616, -66.408294682862646 ], [ 110.417610155849616, -66.408287025062435 ], [ 110.417564369701452, -66.408302340662857 ], [ 110.417533899153739, -66.408325206961422 ], [ 110.417503375054963, -66.408302340662857 ], [ 110.417465193155962, -66.408294682862646 ], [ 110.417411802758622, -66.40826415876387 ], [ 110.417381278659846, -66.40826415876387 ], [ 110.417282102114356, -66.408287025062435 ] ] ] ] } },
{ "type": "Feature", "properties": { "FEAT_TYPE": "Penguin", "UFI": 885681, "Q_INFO": 480, "DATASET_ID": 170, "COMMENTS": null, "COMMON_NAM": "Adelie Penguin", "SPECIES": null, "STATUS": null, "DB_DATE_CR": "2009-11-27", "DISPLAY": "50000, Heli op maps", "COUNT_NO": 0, "DATE_CAPTU": null, "DATE_FLAG": null }, "geometry": { "type": "MultiPolygon", "coordinates": [ [ [ [ 110.432403579994826, -66.412002557598171 ], [ 110.432365451646888, -66.412010215398396 ], [ 110.432327269747887, -66.41202547744777 ], [ 110.432373055896051, -66.412071263595948 ], [ 110.432319665498724, -66.412101734143675 ], [ 110.432273879350561, -66.412109391943886 ], [ 110.43222048895322, -66.412116996193049 ], [ 110.432182307054219, -66.412132258242451 ], [ 110.432151782955444, -66.41215517809205 ], [ 110.432113654607505, -66.412162782341227 ], [ 110.432121258856668, -66.412223776987716 ], [ 110.432151782955444, -66.412254354637554 ], [ 110.432182307054219, -66.412261958886717 ], [ 110.432212831153009, -66.412269563135879 ], [ 110.432250959500948, -66.412277220936105 ], [ 110.432281537150772, -66.412277220936105 ], [ 110.432327269747887, -66.412284825185282 ], [ 110.432380713696276, -66.412292482985492 ], [ 110.432418842044214, -66.412292482985492 ], [ 110.432456970392167, -66.412284825185282 ], [ 110.432510360789493, -66.412269563135879 ], [ 110.432540884888269, -66.412261958886717 ], [ 110.43260193308582, -66.412269563135879 ], [ 110.432632457184596, -66.412277220936105 ], [ 110.432662981283372, -66.412284825185282 ], [ 110.432693505382147, -66.412300140785703 ], [ 110.432739237979263, -66.412315349284057 ], [ 110.432769762078038, -66.412330611333431 ], [ 110.432800286176814, -66.412345873382833 ], [ 110.432853730125203, -66.412345873382833 ], [ 110.432884200672916, -66.412323007084268 ], [ 110.432922382571917, -66.41230774503488 ], [ 110.432937644621305, -66.412269563135879 ], [ 110.432952906670693, -66.412239092588152 ], [ 110.433006243516971, -66.412239092588152 ], [ 110.433036821166809, -66.412277220936105 ], [ 110.432998692818856, -66.412300140785703 ], [ 110.433052029665134, -66.412330611333431 ], [ 110.433090211564135, -66.412338269133656 ], [ 110.433120735662911, -66.412353531183044 ], [ 110.433151206210638, -66.412361135432207 ], [ 110.43321225440819, -66.412384055281819 ], [ 110.433258040556353, -66.412391659530982 ], [ 110.433273302605741, -66.412422183629758 ], [ 110.433204650159013, -66.412422183629758 ], [ 110.433135997712299, -66.412422183629758 ], [ 110.433105473613523, -66.412422183629758 ], [ 110.433059687465359, -66.412414525829547 ], [ 110.433029163366584, -66.412406921580384 ], [ 110.432975772969257, -66.412406921580384 ], [ 110.432945248870467, -66.412406921580384 ], [ 110.432907066971481, -66.412399317331207 ], [ 110.432868938623528, -66.412399317331207 ], [ 110.432838468075815, -66.412391659530982 ], [ 110.432807943977039, -66.412391659530982 ], [ 110.432746895779488, -66.412368739681384 ], [ 110.43270110963131, -66.412368739681384 ], [ 110.432647719233984, -66.412353531183044 ], [ 110.43260193308582, -66.412338269133656 ], [ 110.432563804737882, -66.412330611333431 ], [ 110.432518018589718, -66.412323007084268 ], [ 110.432479836690717, -66.412338269133656 ], [ 110.432434050542554, -66.412345873382833 ], [ 110.43238826439439, -66.412338269133656 ], [ 110.432357793846663, -66.412345873382833 ], [ 110.432319665498724, -66.412345873382833 ], [ 110.432289087848886, -66.412323007084268 ], [ 110.432258617301173, -66.412323007084268 ], [ 110.432228093202397, -66.412330611333431 ], [ 110.432189964854444, -66.412323007084268 ], [ 110.432144125155233, -66.412323007084268 ], [ 110.43210599680728, -66.412315349284057 ], [ 110.432075526259567, -66.412292482985492 ], [ 110.432045002160791, -66.412277220936105 ], [ 110.431999216012628, -66.412277220936105 ], [ 110.431999216012628, -66.41230774503488 ], [ 110.432037344360566, -66.412323007084268 ], [ 110.432037344360566, -66.412384055281819 ], [ 110.432075526259567, -66.412391659530982 ], [ 110.432113654607505, -66.412414525829547 ], [ 110.432067868459342, -66.41243744567916 ], [ 110.432037344360566, -66.412429787878935 ], [ 110.43200682026179, -66.412460311977711 ], [ 110.431968691913852, -66.412452707728534 ], [ 110.431938167815062, -66.412445103479371 ], [ 110.431915247965463, -66.412414525829547 ], [ 110.431922905765674, -66.412384055281819 ], [ 110.431907643716286, -66.412353531183044 ], [ 110.431907643716286, -66.412323007084268 ], [ 110.431861857568123, -66.412315349284057 ], [ 110.431816071419959, -66.412269563135879 ], [ 110.431861857568123, -66.412261958886717 ], [ 110.431915247965463, -66.412246696837329 ], [ 110.431930563565899, -66.412216226289601 ], [ 110.431961034113627, -66.412200910689165 ], [ 110.431991611763451, -66.412185648639777 ], [ 110.431968691913852, -66.41215517809205 ], [ 110.431991611763451, -66.412132258242451 ], [ 110.432022082311178, -66.412132258242451 ], [ 110.432067868459342, -66.412116996193049 ], [ 110.432113654607505, -66.412101734143675 ], [ 110.432144125155233, -66.412094129894498 ], [ 110.432159440755669, -66.412055947995498 ], [ 110.432167045004832, -66.412017819647559 ], [ 110.432197569103607, -66.412010215398396 ], [ 110.432243355251785, -66.411987295548784 ], [ 110.43222048895322, -66.41192630090228 ], [ 110.432258617301173, -66.411933851600395 ], [ 110.432296745649111, -66.41194150940062 ], [ 110.432327269747887, -66.41194150940062 ], [ 110.432380713696276, -66.411964429250219 ], [ 110.432403579994826, -66.412002557598171 ] ] ] ] } },
{ "type": "Feature", "properties": { "FEAT_TYPE": "Penguin", "UFI": 885699, "Q_INFO": 480, "DATASET_ID": 170, "COMMENTS": null, "COMMON_NAM": "Adelie Penguin", "SPECIES": null, "STATUS": null, "DB_DATE_CR": "2009-11-27", "DISPLAY": "50000, Heli op maps", "COUNT_NO": 0, "DATE_CAPTU": null, "DATE_FLAG": null }, "geometry": { "type": "MultiPolygon", "coordinates": [ [ [ [ 110.435043325477395, -66.413063082601951 ], [ 110.434989935080068, -66.413040162752353 ], [ 110.434959410981278, -66.413024900702965 ], [ 110.434928886882503, -66.413009638653577 ], [ 110.434890758534564, -66.4130020344044 ], [ 110.434883100734339, -66.412971510305624 ], [ 110.434837368137238, -66.412940986206848 ], [ 110.434783924188849, -66.412918119908298 ], [ 110.434753453641122, -66.412902804307862 ], [ 110.434715271742135, -66.412895200058699 ], [ 110.434684747643345, -66.412879938009297 ], [ 110.43465422354457, -66.412879938009297 ], [ 110.434646619295407, -66.412948590456025 ], [ 110.434684747643345, -66.412963852505413 ], [ 110.434661881344795, -66.412994376604189 ], [ 110.434623699445794, -66.412994376604189 ], [ 110.434593175347018, -66.412986718803978 ], [ 110.434570309048468, -66.412956248256251 ], [ 110.434539784949692, -66.412925724157475 ], [ 110.434501656601753, -66.412910462108073 ], [ 110.434448212653365, -66.412887542258474 ], [ 110.434402480056249, -66.412872333760134 ], [ 110.434440608404188, -66.412849413910521 ], [ 110.434486394552366, -66.412849413910521 ], [ 110.434532127149467, -66.412834205412196 ], [ 110.434570309048468, -66.412826547611971 ], [ 110.434600833147243, -66.412826547611971 ], [ 110.434646619295407, -66.412834205412196 ], [ 110.43469240544357, -66.412834205412196 ], [ 110.434730533791523, -66.412841756110311 ], [ 110.434799186238237, -66.412857071710746 ], [ 110.434829710337013, -66.412879938009297 ], [ 110.434883100734339, -66.412902804307862 ], [ 110.434921229082292, -66.412933328406638 ], [ 110.434951806732116, -66.412948590456025 ], [ 110.434982277279843, -66.412963852505413 ], [ 110.435028063428007, -66.4130020344044 ], [ 110.435089111625558, -66.41305542480174 ], [ 110.435043325477395, -66.413063082601951 ] ] ] ] } },
{ "type": "Feature", "properties": { "FEAT_TYPE": "Penguin", "UFI": 885701, "Q_INFO": 480, "DATASET_ID": 170, "COMMENTS": null, "COMMON_NAM": "Adelie Penguin", "SPECIES": null, "STATUS": null, "DB_DATE_CR": "2009-11-27", "DISPLAY": "50000, Heli op maps", "COUNT_NO": 0, "DATE_CAPTU": null, "DATE_FLAG": null }, "geometry": { "type": "MultiPolygon", "coordinates": [ [ [ [ 110.434242201762146, -66.413146997098067 ], [ 110.434288041461372, -66.413146997098067 ], [ 110.434333827609535, -66.41315460134723 ], [ 110.434387164455813, -66.413177467645795 ], [ 110.43432616980931, -66.413223253793959 ], [ 110.434295645710534, -66.413223253793959 ], [ 110.434249859562371, -66.413215649544782 ], [ 110.434211731214432, -66.413223253793959 ], [ 110.434181207115643, -66.413185125446006 ], [ 110.434211731214432, -66.413169863396632 ], [ 110.434242201762146, -66.413146997098067 ] ] ] ] } },
{ "type": "Feature", "properties": { "FEAT_TYPE": "Penguin", "UFI": 885707, "Q_INFO": 480, "DATASET_ID": 170, "COMMENTS": null, "COMMON_NAM": "Adelie Penguin", "SPECIES": null, "STATUS": null, "DB_DATE_CR": "2009-11-27", "DISPLAY": "50000, Heli op maps", "COUNT_NO": 0, "DATE_CAPTU": null, "DATE_FLAG": null }, "geometry": { "type": "MultiPolygon", "coordinates": [ [ [ [ 110.434356693908086, -66.414100634205084 ], [ 110.434303249959697, -66.414123554054697 ], [ 110.434257517362596, -66.414108292005309 ], [ 110.434242201762146, -66.414077714355486 ], [ 110.434288041461372, -66.414039586007533 ], [ 110.43432616980931, -66.414047243807758 ], [ 110.43432616980931, -66.414077714355486 ], [ 110.434356693908086, -66.414100634205084 ] ] ] ] } },
{ "type": "Feature", "properties": { "FEAT_TYPE": "Penguin", "UFI": 885711, "Q_INFO": 480, "DATASET_ID": 170, "COMMENTS": null, "COMMON_NAM": "Adelie Penguin", "SPECIES": null, "STATUS": null, "DB_DATE_CR": "2009-11-27", "DISPLAY": "50000, Heli op maps", "COUNT_NO": 0, "DATE_CAPTU": null, "DATE_FLAG": null }, "geometry": { "type": "MultiPolygon", "coordinates": [ [ [ [ 110.434799186238237, -66.414154078153473 ], [ 110.434745795840911, -66.414176944452038 ], [ 110.434715271742135, -66.414154078153473 ], [ 110.434753453641122, -66.414138762553037 ], [ 110.434799186238237, -66.414154078153473 ] ] ] ] } },
{ "type": "Feature", "properties": { "FEAT_TYPE": "Penguin", "UFI": 885730, "Q_INFO": 480, "DATASET_ID": 170, "COMMENTS": null, "COMMON_NAM": "Adelie Penguin", "SPECIES": null, "STATUS": null, "DB_DATE_CR": "2009-12-01", "DISPLAY": "50000, Heli op maps", "COUNT_NO": 0, "DATE_CAPTU": null, "DATE_FLAG": null }, "geometry": { "type": "MultiPolygon", "coordinates": [ [ [ [ 110.511032105461297, -66.45029450400213 ], [ 110.51097871506397, -66.45030971250047 ], [ 110.511009239162746, -66.450332632350083 ], [ 110.511063111519533, -66.450319458791668 ], [ 110.5110931001078, -66.450340290150308 ], [ 110.51107789160946, -66.450386076298457 ], [ 110.511054971759847, -66.450416546846185 ], [ 110.511024501212134, -66.450416546846185 ], [ 110.510971057263745, -66.450393680547634 ], [ 110.51092532466663, -66.450363156448859 ], [ 110.510894747016806, -66.450355498648634 ], [ 110.510864276469079, -66.450332632350083 ], [ 110.510833752370303, -66.450325028100906 ], [ 110.51081083252069, -66.450302161802355 ], [ 110.510841410170528, -66.450279241952757 ], [ 110.510841410170528, -66.450225798004368 ], [ 110.510795624022364, -66.450218193755205 ], [ 110.510772704172751, -66.45018766965643 ], [ 110.510765046372526, -66.450149541308477 ], [ 110.510734575824813, -66.450134279259089 ], [ 110.510703998174975, -66.450096150911151 ], [ 110.510650661328697, -66.450096150911151 ], [ 110.510597217380308, -66.450080888861748 ], [ 110.510566693281532, -66.450073231061538 ], [ 110.510520907133369, -66.450050364762973 ], [ 110.510498040834818, -66.450027444913374 ], [ 110.51045991248688, -66.450019840664197 ], [ 110.510421730587879, -66.449989316565421 ], [ 110.510398864289314, -66.449951188217483 ], [ 110.510368340190539, -66.44992826836787 ], [ 110.510345473891988, -66.449890140019932 ], [ 110.5103302118426, -66.44982909182238 ], [ 110.510368340190539, -66.449836696071543 ], [ 110.510421730587879, -66.449844353871768 ], [ 110.510475120985205, -66.449844353871768 ], [ 110.510513302884206, -66.449844353871768 ], [ 110.510559035481322, -66.449859615921156 ], [ 110.510604875180533, -66.449874877970544 ], [ 110.510643003528472, -66.449905402069319 ], [ 110.510658265577874, -66.449935926168095 ], [ 110.510688789676649, -66.449966450266871 ], [ 110.510719313775425, -66.449974054516048 ], [ 110.510749784323139, -66.449966450266871 ], [ 110.510780361972976, -66.449966450266871 ], [ 110.51081083252069, -66.449966450266871 ], [ 110.510841410170528, -66.449966450266871 ], [ 110.510887142767629, -66.449966450266871 ], [ 110.510932928915807, -66.449966450266871 ], [ 110.510955795214358, -66.44992826836787 ], [ 110.51094053316497, -66.449897744269094 ], [ 110.510902404817031, -66.449867273721367 ], [ 110.510948190965195, -66.449852011671993 ], [ 110.51097871506397, -66.449844353871768 ], [ 110.511024501212134, -66.449836696071543 ], [ 110.511070287360297, -66.44982909182238 ], [ 110.511108415708236, -66.449821487573217 ], [ 110.511169463905787, -66.44982909182238 ], [ 110.511222854303128, -66.449836696071543 ], [ 110.511268640451291, -66.449844353871768 ], [ 110.511291506749842, -66.449890140019932 ], [ 110.511283848949617, -66.44992826836787 ], [ 110.511268640451291, -66.449958792466646 ], [ 110.511230458552291, -66.449935926168095 ], [ 110.511199934453515, -66.449935926168095 ], [ 110.511146544056174, -66.449943530417272 ], [ 110.511108415708236, -66.449966450266871 ], [ 110.511070287360297, -66.449974054516048 ], [ 110.511032105461297, -66.449974054516048 ], [ 110.511054971759847, -66.450027444913374 ], [ 110.511085495858623, -66.450035102713599 ], [ 110.511116019957399, -66.450050364762973 ], [ 110.511146544056174, -66.450096150911151 ], [ 110.511184672404127, -66.450149541308477 ], [ 110.511222854303128, -66.450164749806817 ], [ 110.511222854303128, -66.450202985256865 ], [ 110.511192330204352, -66.45021053595498 ], [ 110.511154148305351, -66.450233455804579 ], [ 110.511100757908011, -66.450271584152532 ], [ 110.511062629560072, -66.450317370300695 ], [ 110.511032105461297, -66.45029450400213 ] ] ] ] } },
{ "type": "Feature", "properties": { "FEAT_TYPE": "Penguin", "UFI": 885741, "Q_INFO": 480, "DATASET_ID": 170, "COMMENTS": null, "COMMON_NAM": "Adelie Penguin", "SPECIES": null, "STATUS": null, "DB_DATE_CR": "2009-11-27", "DISPLAY": "50000, Heli op maps", "COUNT_NO": 0, "DATE_CAPTU": null, "DATE_FLAG": null }, "geometry": { "type": "MultiPolygon", "coordinates": [ [ [ [ 110.483787526568008, -66.459701495734393 ], [ 110.483741740419845, -66.459709153534618 ], [ 110.483688350022518, -66.459709153534618 ], [ 110.483657825923743, -66.459701495734393 ], [ 110.483642563874355, -66.459671025186665 ], [ 110.483634959625192, -66.45964050108789 ], [ 110.483680692222293, -66.45964050108789 ], [ 110.483711269872131, -66.459655763137278 ], [ 110.483764660269458, -66.459671025186665 ], [ 110.483787526568008, -66.459701495734393 ] ] ] ] } },
{ "type": "Feature", "properties": { "FEAT_TYPE": "Penguin", "UFI": 885748, "Q_INFO": 480, "DATASET_ID": 170, "COMMENTS": null, "COMMON_NAM": "Adelie Penguin", "SPECIES": null, "STATUS": null, "DB_DATE_CR": "2009-11-27", "DISPLAY": "50000, Heli op maps", "COUNT_NO": 0, "DATE_CAPTU": null, "DATE_FLAG": null }, "geometry": { "type": "MultiPolygon", "coordinates": [ [ [ [ 110.486419667801414, -66.459838907729932 ], [ 110.486381539453475, -66.459823592129496 ], [ 110.4863510153547, -66.459815987880319 ], [ 110.48632049125591, -66.459808330080108 ], [ 110.486282362907971, -66.45977785953238 ], [ 110.486251785258148, -66.459754939682767 ], [ 110.48622131471042, -66.459732073384217 ], [ 110.48622131471042, -66.459701495734393 ], [ 110.486259443058358, -66.459701495734393 ], [ 110.486290020708196, -66.459701495734393 ], [ 110.486328149056135, -66.459709153534618 ], [ 110.486358619603863, -66.459716811334829 ], [ 110.486427325601639, -66.459739731184442 ], [ 110.486457796149352, -66.459770201732169 ], [ 110.486457796149352, -66.459808330080108 ], [ 110.486419667801414, -66.459838907729932 ] ] ] ] } },
{ "type": "Feature", "properties": { "FEAT_TYPE": "Penguin", "UFI": 885751, "Q_INFO": 480, "DATASET_ID": 170, "COMMENTS": null, "COMMON_NAM": "Adelie Penguin", "SPECIES": null, "STATUS": null, "DB_DATE_CR": "2009-11-27", "DISPLAY": "50000, Heli op maps", "COUNT_NO": 0, "DATE_CAPTU": null, "DATE_FLAG": null }, "geometry": { "type": "MultiPolygon", "coordinates": [ [ [ [ 110.482948328055883, -66.459861774028496 ], [ 110.48290254190772, -66.459846458428046 ], [ 110.482887279858332, -66.459815987880319 ], [ 110.482917750406045, -66.459808330080108 ], [ 110.482948328055883, -66.459823592129496 ], [ 110.482978798603597, -66.459846458428046 ], [ 110.482948328055883, -66.459861774028496 ] ] ] ] } },
{ "type": "Feature", "properties": { "FEAT_TYPE": "Penguin", "UFI": 885756, "Q_INFO": 480, "DATASET_ID": 170, "COMMENTS": null, "COMMON_NAM": "Adelie Penguin", "SPECIES": null, "STATUS": null, "DB_DATE_CR": "2009-11-27", "DISPLAY": "50000, Heli op maps", "COUNT_NO": 0, "DATE_CAPTU": null, "DATE_FLAG": null }, "geometry": { "type": "MultiPolygon", "coordinates": [ [ [ [ 110.482009845896144, -66.460144041615592 ], [ 110.481979375348416, -66.460174565714368 ], [ 110.481941247000478, -66.460174565714368 ], [ 110.481903118652525, -66.460189827763756 ], [ 110.481849674704151, -66.460197432012933 ], [ 110.481811546356198, -66.460189827763756 ], [ 110.481781022257422, -66.460182169963531 ], [ 110.481735236109259, -66.460182169963531 ], [ 110.481704712010483, -66.460166961465205 ], [ 110.481727578309034, -66.460128779566205 ], [ 110.481765760208035, -66.460128779566205 ], [ 110.481803888555973, -66.460121175317028 ], [ 110.481864883202476, -66.460121175317028 ], [ 110.481925931400028, -66.460128779566205 ], [ 110.481964113299028, -66.460136383815382 ], [ 110.482009845896144, -66.460144041615592 ] ] ] ] } },
{ "type": "Feature", "properties": { "FEAT_TYPE": "Penguin", "UFI": 885766, "Q_INFO": 480, "DATASET_ID": 170, "COMMENTS": null, "COMMON_NAM": "Adelie Penguin", "SPECIES": null, "STATUS": null, "DB_DATE_CR": "2009-11-27", "DISPLAY": "50000, Heli op maps", "COUNT_NO": 0, "DATE_CAPTU": null, "DATE_FLAG": null }, "geometry": { "type": "MultiPolygon", "coordinates": [ [ [ [ 110.479690549899672, -66.461242694967325 ], [ 110.479751598097224, -66.461250299216488 ], [ 110.479743940296999, -66.461296085364665 ], [ 110.479789726445162, -66.461326609463441 ], [ 110.479820250543938, -66.461349475761992 ], [ 110.479858432442938, -66.46136473781138 ], [ 110.479888902990666, -66.461387657660993 ], [ 110.479911769289217, -66.461410523959543 ], [ 110.479873640941278, -66.461441048058319 ], [ 110.479820250543938, -66.461425786008931 ], [ 110.479782122195999, -66.46146391435687 ], [ 110.479751598097224, -66.461456310107707 ], [ 110.47970581194906, -66.461425786008931 ], [ 110.479728678247611, -66.461372342060542 ], [ 110.47970581194906, -66.461341871512815 ], [ 110.479667683601122, -66.461349475761992 ], [ 110.479637159502346, -66.461341871512815 ], [ 110.479591373354182, -66.461357133562217 ], [ 110.479545587206005, -66.46136473781138 ], [ 110.479537929405794, -66.461334213712604 ], [ 110.479568507055617, -66.461311347414039 ], [ 110.47960663540357, -66.461318951663216 ], [ 110.479660025800897, -66.461303743164876 ], [ 110.479690549899672, -66.461242694967325 ] ] ] ] } },
{ "type": "Feature", "properties": { "FEAT_TYPE": "Penguin", "UFI": 885770, "Q_INFO": 480, "DATASET_ID": 170, "COMMENTS": null, "COMMON_NAM": "Adelie Penguin", "SPECIES": null, "STATUS": null, "DB_DATE_CR": "2009-11-27", "DISPLAY": "50000, Heli op maps", "COUNT_NO": 0, "DATE_CAPTU": null, "DATE_FLAG": null }, "geometry": { "type": "MultiPolygon", "coordinates": [ [ [ [ 110.501739498772878, -66.465225233040783 ], [ 110.501770022871654, -66.465263361388736 ], [ 110.501716632474327, -66.465286227687287 ], [ 110.501708974674102, -66.46523283728996 ], [ 110.501739498772878, -66.465225233040783 ] ] ] ] } },
{ "type": "Feature", "properties": { "FEAT_TYPE": "Penguin", "UFI": 885772, "Q_INFO": 480, "DATASET_ID": 170, "COMMENTS": null, "COMMON_NAM": "Adelie Penguin", "SPECIES": null, "STATUS": null, "DB_DATE_CR": "2009-11-27", "DISPLAY": "50000, Heli op maps", "COUNT_NO": 0, "DATE_CAPTU": null, "DATE_FLAG": null }, "geometry": { "type": "MultiPolygon", "coordinates": [ [ [ [ 110.502075156757314, -66.465530366926444 ], [ 110.502105734407138, -66.465553286776043 ], [ 110.502098076606913, -66.465583810874818 ], [ 110.502075156757314, -66.465606730724431 ], [ 110.502029424160199, -66.465606730724431 ], [ 110.502029424160199, -66.465576153074608 ], [ 110.502059948258974, -66.465568548825445 ], [ 110.502075156757314, -66.465530366926444 ] ] ] ] } },
{ "type": "Feature", "properties": { "FEAT_TYPE": "Penguin", "UFI": 885774, "Q_INFO": 480, "DATASET_ID": 170, "COMMENTS": null, "COMMON_NAM": "Adelie Penguin", "SPECIES": null, "STATUS": null, "DB_DATE_CR": "2009-11-27", "DISPLAY": "50000, Heli op maps", "COUNT_NO": 0, "DATE_CAPTU": null, "DATE_FLAG": null }, "geometry": { "type": "MultiPolygon", "coordinates": [ [ [ [ 110.501594589630272, -66.465606730724431 ], [ 110.501594589630272, -66.465660067570724 ], [ 110.50157166978066, -66.465682987420323 ], [ 110.501541145681884, -66.46569824946971 ], [ 110.501502963782883, -66.465690645220548 ], [ 110.50147249323517, -66.465690645220548 ], [ 110.501441969136394, -66.465690645220548 ], [ 110.501403840788441, -66.465675329620098 ], [ 110.501373263138618, -66.465667725370935 ], [ 110.501358054640278, -66.465637201272159 ], [ 110.501327530541502, -66.465621939222771 ], [ 110.501327530541502, -66.465568548825445 ], [ 110.501373263138618, -66.465583810874818 ], [ 110.501403840788441, -66.465606730724431 ], [ 110.501434311336169, -66.465606730724431 ], [ 110.50145717763472, -66.465637201272159 ], [ 110.501487755284558, -66.465637201272159 ], [ 110.501518225832271, -66.465652463321547 ], [ 110.501533541432721, -66.465614281422546 ], [ 110.501564011980435, -66.465591415123995 ], [ 110.501594589630272, -66.465606730724431 ] ] ] ] } },
{ "type": "Feature", "properties": { "FEAT_TYPE": "Penguin", "UFI": 885779, "Q_INFO": 480, "DATASET_ID": 170, "COMMENTS": null, "COMMON_NAM": "Adelie Penguin", "SPECIES": null, "STATUS": null, "DB_DATE_CR": "2009-11-27", "DISPLAY": "50000, Heli op maps", "COUNT_NO": 0, "DATE_CAPTU": null, "DATE_FLAG": null }, "geometry": { "type": "MultiPolygon", "coordinates": [ [ [ [ 110.501686108375551, -66.465744035617874 ], [ 110.501625060177986, -66.465744035617874 ], [ 110.501632717978211, -66.465713511519098 ], [ 110.501663188525939, -66.465713511519098 ], [ 110.501686108375551, -66.465744035617874 ] ] ] ] } },
{ "type": "Feature", "properties": { "FEAT_TYPE": "Penguin", "UFI": 885363, "Q_INFO": 480, "DATASET_ID": 170, "COMMENTS": null, "COMMON_NAM": "Adelie Penguin", "SPECIES": null, "STATUS": null, "DB_DATE_CR": "2009-11-27", "DISPLAY": "50000, Heli op maps", "COUNT_NO": 0, "DATE_CAPTU": null, "DATE_FLAG": null }, "geometry": { "type": "MultiPolygon", "coordinates": [ [ [ [ 110.417549161203127, -66.177185056900669 ], [ 110.417518583553289, -66.177215580999444 ], [ 110.417472850956187, -66.177215580999444 ], [ 110.417427064808024, -66.17719271470088 ], [ 110.417472850956187, -66.177177399100458 ], [ 110.417503375054963, -66.177177399100458 ], [ 110.417549161203127, -66.177185056900669 ] ] ] ] } },
{ "type": "Feature", "properties": { "FEAT_TYPE": "Penguin", "UFI": 885370, "Q_INFO": 480, "DATASET_ID": 170, "COMMENTS": null, "COMMON_NAM": "Adelie Penguin", "SPECIES": null, "STATUS": null, "DB_DATE_CR": "2009-11-27", "DISPLAY": "50000, Heli op maps", "COUNT_NO": 0, "DATE_CAPTU": null, "DATE_FLAG": null }, "geometry": { "type": "MultiPolygon", "coordinates": [ [ [ [ 110.422584512929092, -66.177810693823474 ], [ 110.422546384581153, -66.177810693823474 ], [ 110.422492994183827, -66.177803036023249 ], [ 110.422508256233215, -66.177772511924474 ], [ 110.42253878033199, -66.177749645625923 ], [ 110.422576908679929, -66.177741987825698 ], [ 110.422615037027867, -66.177741987825698 ], [ 110.422645561126643, -66.1777572498751 ], [ 110.422653218926868, -66.177795378223038 ], [ 110.422615037027867, -66.177803036023249 ], [ 110.422584512929092, -66.177810693823474 ] ] ] ] } },
{ "type": "Feature", "properties": { "FEAT_TYPE": "Penguin", "UFI": 885372, "Q_INFO": 480, "DATASET_ID": 170, "COMMENTS": null, "COMMON_NAM": "Adelie Penguin", "SPECIES": null, "STATUS": null, "DB_DATE_CR": "2009-11-27", "DISPLAY": "50000, Heli op maps", "COUNT_NO": 0, "DATE_CAPTU": null, "DATE_FLAG": null }, "geometry": { "type": "MultiPolygon", "coordinates": [ [ [ [ 110.418434145863429, -66.178115827709135 ], [ 110.418495194060981, -66.178108223459958 ], [ 110.418540980209144, -66.178100619210795 ], [ 110.418594370606471, -66.178100619210795 ], [ 110.418640156754634, -66.178131089758523 ], [ 110.418594370606471, -66.178138747558734 ], [ 110.418548584458307, -66.178146351807911 ], [ 110.418502798310143, -66.178146351807911 ], [ 110.418434145863429, -66.178115827709135 ] ] ] ] } },
{ "type": "Feature", "properties": { "FEAT_TYPE": "Penguin", "UFI": 885374, "Q_INFO": 480, "DATASET_ID": 170, "COMMENTS": null, "COMMON_NAM": "Adelie Penguin", "SPECIES": null, "STATUS": null, "DB_DATE_CR": "2009-11-27", "DISPLAY": "50000, Heli op maps", "COUNT_NO": 0, "DATE_CAPTU": null, "DATE_FLAG": null }, "geometry": { "type": "MultiPolygon", "coordinates": [ [ [ [ 110.422126812100615, -66.17837522899768 ], [ 110.422096234450777, -66.17837522899768 ], [ 110.422058106102838, -66.178352362699115 ], [ 110.422027582004063, -66.178352362699115 ], [ 110.421974191606736, -66.178329442849517 ], [ 110.4220199777549, -66.178306576550966 ], [ 110.422050448302613, -66.178291314501564 ], [ 110.422088576650566, -66.178298972301789 ], [ 110.42213436279873, -66.178306576550966 ], [ 110.422172544697716, -66.17832183860034 ], [ 110.422210673045669, -66.178329442849517 ], [ 110.422203068796506, -66.178359966948292 ], [ 110.422172544697716, -66.178367624748518 ], [ 110.422126812100615, -66.17837522899768 ] ] ] ] } },
{ "type": "Feature", "properties": { "FEAT_TYPE": "Penguin", "UFI": 885375, "Q_INFO": 480, "DATASET_ID": 170, "COMMENTS": null, "COMMON_NAM": "Adelie Penguin", "SPECIES": null, "STATUS": null, "DB_DATE_CR": "2009-11-27", "DISPLAY": "50000, Heli op maps", "COUNT_NO": 0, "DATE_CAPTU": null, "DATE_FLAG": null }, "geometry": { "type": "MultiPolygon", "coordinates": [ [ [ [ 110.420288083231185, -66.17832183860034 ], [ 110.420257559132409, -66.178352362699115 ], [ 110.420211826535294, -66.178352362699115 ], [ 110.420234639282796, -66.17832183860034 ], [ 110.420288083231185, -66.17832183860034 ] ] ] ] } },
{ "type": "Feature", "properties": { "FEAT_TYPE": "Penguin", "UFI": 885387, "Q_INFO": 480, "DATASET_ID": 170, "COMMENTS": null, "COMMON_NAM": "Adelie Penguin", "SPECIES": null, "STATUS": null, "DB_DATE_CR": "2009-11-27", "DISPLAY": "50000, Heli op maps", "COUNT_NO": 0, "DATE_CAPTU": null, "DATE_FLAG": null }, "geometry": { "type": "MultiPolygon", "coordinates": [ [ [ [ 110.419609055911039, -66.178939817722934 ], [ 110.419563269762875, -66.17897034182171 ], [ 110.419509932916597, -66.178955079772322 ], [ 110.41947175101761, -66.178932159922709 ], [ 110.419441226918835, -66.178924609224595 ], [ 110.419410702820045, -66.178901689374982 ], [ 110.419372520921058, -66.178901689374982 ], [ 110.419342050373331, -66.178878769525383 ], [ 110.419372520921058, -66.178863561027043 ], [ 110.419418307069222, -66.178855903226832 ], [ 110.419456488968223, -66.178855903226832 ], [ 110.419487013066998, -66.178855903226832 ], [ 110.41954806126455, -66.178863561027043 ], [ 110.419586189612488, -66.178886373774546 ], [ 110.419586189612488, -66.178916951424384 ], [ 110.419609055911039, -66.178939817722934 ] ] ] ] } },
{ "type": "Feature", "properties": { "FEAT_TYPE": "Penguin", "UFI": 885395, "Q_INFO": 480, "DATASET_ID": 170, "COMMENTS": null, "COMMON_NAM": "Adelie Penguin", "SPECIES": null, "STATUS": null, "DB_DATE_CR": "2009-11-27", "DISPLAY": "50000, Heli op maps", "COUNT_NO": 0, "DATE_CAPTU": null, "DATE_FLAG": null }, "geometry": { "type": "MultiPolygon", "coordinates": [ [ [ [ 110.64365385243579, -66.215682960644799 ], [ 110.643623328337014, -66.215736351042125 ], [ 110.643592857789301, -66.215728746792962 ], [ 110.643547071641137, -66.215713538294622 ], [ 110.643493681243797, -66.215705880494397 ], [ 110.643501285492974, -66.215675356395622 ], [ 110.643562280139463, -66.215675356395622 ], [ 110.643615724087852, -66.215667752146459 ], [ 110.64365385243579, -66.215682960644799 ] ] ] ] } },
{ "type": "Feature", "properties": { "FEAT_TYPE": "Penguin", "UFI": 885409, "Q_INFO": 480, "DATASET_ID": 170, "COMMENTS": null, "COMMON_NAM": "Adelie Penguin", "SPECIES": null, "STATUS": null, "DB_DATE_CR": "2009-11-27", "DISPLAY": "50000, Heli op maps", "COUNT_NO": 0, "DATE_CAPTU": null, "DATE_FLAG": null }, "geometry": { "type": "MultiPolygon", "coordinates": [ [ [ [ 110.60858155584009, -66.215965228231894 ], [ 110.608619684188028, -66.215995805881732 ], [ 110.608665470336206, -66.21598054383233 ], [ 110.608680732385594, -66.21602627642946 ], [ 110.608726518533757, -66.216018672180283 ], [ 110.608779908931083, -66.216011067931106 ], [ 110.608810433029859, -66.216011067931106 ], [ 110.60884861492886, -66.21598054383233 ], [ 110.608879085476573, -66.21598054383233 ], [ 110.608924871624751, -66.215988148081507 ], [ 110.608955342172464, -66.215988148081507 ], [ 110.609008786120853, -66.215988148081507 ], [ 110.609024048170241, -66.216018672180283 ], [ 110.609077438567567, -66.216018672180283 ], [ 110.609107962666343, -66.216018672180283 ], [ 110.609153748814521, -66.216018672180283 ], [ 110.609207139211847, -66.216018672180283 ], [ 110.609245267559785, -66.216033934229671 ], [ 110.609291053707949, -66.216041592029882 ], [ 110.609359759705725, -66.21602627642946 ], [ 110.609405545853889, -66.21602627642946 ], [ 110.609436016401617, -66.216018672180283 ], [ 110.60946659405144, -66.216018672180283 ], [ 110.609497064599168, -66.216018672180283 ], [ 110.609527588697944, -66.216003410130895 ], [ 110.609558112796719, -66.215988148081507 ], [ 110.609588636895495, -66.215988148081507 ], [ 110.609634369492611, -66.21597288603212 ], [ 110.609672551391611, -66.21597288603212 ], [ 110.60971067973955, -66.21597288603212 ], [ 110.609741203838325, -66.21597288603212 ], [ 110.609802252035877, -66.215965228231894 ], [ 110.609840380383815, -66.21597288603212 ], [ 110.609878562282816, -66.215995805881732 ], [ 110.609817514085265, -66.21602627642946 ], [ 110.609794647786714, -66.216049196279059 ], [ 110.60974886163855, -66.216056854079284 ], [ 110.609718283988713, -66.216049196279059 ], [ 110.609672551391611, -66.216041592029882 ], [ 110.609626765243434, -66.216041592029882 ], [ 110.609596241144658, -66.216064458328447 ], [ 110.609550508547557, -66.216064458328447 ], [ 110.609504722399393, -66.216072062577609 ], [ 110.60946659405144, -66.216087324627011 ], [ 110.609436016401617, -66.216087324627011 ], [ 110.609405545853889, -66.216087324627011 ], [ 110.609367363954888, -66.216094982427222 ], [ 110.609336839856113, -66.216102640227447 ], [ 110.609306315757337, -66.216102640227447 ], [ 110.609268187409398, -66.216094982427222 ], [ 110.609237663310623, -66.216094982427222 ], [ 110.609207139211847, -66.216087324627011 ], [ 110.609169010863909, -66.216072062577609 ], [ 110.609146091014296, -66.216049196279059 ], [ 110.609100304866132, -66.216049196279059 ], [ 110.609069834318404, -66.216079720377834 ], [ 110.609031705970466, -66.216079720377834 ], [ 110.608978262022077, -66.216072062577609 ], [ 110.608947737923302, -66.216064458328447 ], [ 110.608917213824526, -66.216064458328447 ], [ 110.608879085476573, -66.216072062577609 ], [ 110.60883329932841, -66.216072062577609 ], [ 110.608787566731309, -66.216072062577609 ], [ 110.60873412278292, -66.216072062577609 ], [ 110.608695994434981, -66.216072062577609 ], [ 110.608657866087029, -66.216064458328447 ], [ 110.608589160089252, -66.216064458328447 ], [ 110.608558689541539, -66.216064458328447 ], [ 110.608528111891701, -66.216056854079284 ], [ 110.608489983543762, -66.216064458328447 ], [ 110.608459459444987, -66.216056854079284 ], [ 110.608413726847871, -66.216033934229671 ], [ 110.608375544948871, -66.21602627642946 ], [ 110.608398411247435, -66.215995805881732 ], [ 110.608428935346211, -66.215995805881732 ], [ 110.608467117245212, -66.215995805881732 ], [ 110.60850524559315, -66.21598054383233 ], [ 110.608551031741314, -66.21597288603212 ], [ 110.60858155584009, -66.215965228231894 ] ] ] ] } },
{ "type": "Feature", "properties": { "FEAT_TYPE": "Penguin", "UFI": 885412, "Q_INFO": 480, "DATASET_ID": 170, "COMMENTS": null, "COMMON_NAM": "Adelie Penguin", "SPECIES": null, "STATUS": null, "DB_DATE_CR": "2009-11-27", "DISPLAY": "50000, Heli op maps", "COUNT_NO": 0, "DATE_CAPTU": null, "DATE_FLAG": null }, "geometry": { "type": "MultiPolygon", "coordinates": [ [ [ [ 110.644889864232027, -66.216155977073726 ], [ 110.644844024532802, -66.216155977073726 ], [ 110.644798238384638, -66.216148372824563 ], [ 110.6447601100367, -66.216133110775161 ], [ 110.644790687686523, -66.216110190925562 ], [ 110.644828816034476, -66.216094982427222 ], [ 110.644866944382414, -66.216094982427222 ], [ 110.644912730530578, -66.216094982427222 ], [ 110.644950858878516, -66.216102640227447 ], [ 110.644927992579966, -66.216140768575386 ], [ 110.644889864232027, -66.216155977073726 ] ] ] ] } },
{ "type": "Feature", "properties": { "FEAT_TYPE": "Penguin", "UFI": 885421, "Q_INFO": 480, "DATASET_ID": 170, "COMMENTS": null, "COMMON_NAM": "Adelie Penguin", "SPECIES": null, "STATUS": null, "DB_DATE_CR": "2009-11-27", "DISPLAY": "50000, Heli op maps", "COUNT_NO": 0, "DATE_CAPTU": null, "DATE_FLAG": null }, "geometry": { "type": "MultiPolygon", "coordinates": [ [ [ [ 110.609954818978707, -66.216285731269039 ], [ 110.609901428581381, -66.216308597567604 ], [ 110.609870904482591, -66.216300939767393 ], [ 110.609840380383815, -66.216308597567604 ], [ 110.609794647786714, -66.216300939767393 ], [ 110.609817514085265, -66.216270469219666 ], [ 110.609855642433203, -66.21626281141944 ], [ 110.609901428581381, -66.21626281141944 ], [ 110.609931952680157, -66.21626281141944 ], [ 110.609954818978707, -66.216285731269039 ] ] ] ] } },
{ "type": "Feature", "properties": { "FEAT_TYPE": "Penguin", "UFI": 885427, "Q_INFO": 480, "DATASET_ID": 170, "COMMENTS": null, "COMMON_NAM": "Adelie Penguin", "SPECIES": null, "STATUS": null, "DB_DATE_CR": "2009-11-27", "DISPLAY": "50000, Heli op maps", "COUNT_NO": 0, "DATE_CAPTU": null, "DATE_FLAG": null }, "geometry": { "type": "MultiPolygon", "coordinates": [ [ [ [ 110.64526370411545, -66.216369645765155 ], [ 110.645202655917899, -66.216392565614768 ], [ 110.645179736068286, -66.216369645765155 ], [ 110.645217917967287, -66.216354330164719 ], [ 110.64526370411545, -66.216369645765155 ] ] ] ] } },
{ "type": "Feature", "properties": { "FEAT_TYPE": "Penguin", "UFI": 885435, "Q_INFO": 480, "DATASET_ID": 170, "COMMENTS": null, "COMMON_NAM": "Adelie Penguin", "SPECIES": null, "STATUS": null, "DB_DATE_CR": "2009-11-27", "DISPLAY": "50000, Heli op maps", "COUNT_NO": 0, "DATE_CAPTU": null, "DATE_FLAG": null }, "geometry": { "type": "MultiPolygon", "coordinates": [ [ [ [ 110.642181359200634, -66.216529870508197 ], [ 110.642135626603519, -66.216529870508197 ], [ 110.642105102504743, -66.216522212707986 ], [ 110.642051712107417, -66.216506950658598 ], [ 110.642028845808852, -66.216484084360047 ], [ 110.642036396506967, -66.216453560261272 ], [ 110.642089840455355, -66.216453560261272 ], [ 110.642120364554131, -66.216453560261272 ], [ 110.642150888652907, -66.216453560261272 ], [ 110.642181359200634, -66.216445902461047 ], [ 110.642211936850458, -66.216453560261272 ], [ 110.642242407398186, -66.216445902461047 ], [ 110.642272931496962, -66.21643829821187 ], [ 110.642311113395962, -66.21643829821187 ], [ 110.642349241743901, -66.216461164510434 ], [ 110.642349241743901, -66.21649168860921 ], [ 110.642311113395962, -66.216514608458823 ], [ 110.642265327247799, -66.216522212707986 ], [ 110.642219541099621, -66.216522212707986 ], [ 110.642181359200634, -66.216529870508197 ] ] ] ] } },
{ "type": "Feature", "properties": { "FEAT_TYPE": "Penguin", "UFI": 885437, "Q_INFO": 480, "DATASET_ID": 170, "COMMENTS": null, "COMMON_NAM": "Adelie Penguin", "SPECIES": null, "STATUS": null, "DB_DATE_CR": "2009-11-27", "DISPLAY": "50000, Heli op maps", "COUNT_NO": 0, "DATE_CAPTU": null, "DATE_FLAG": null }, "geometry": { "type": "MultiPolygon", "coordinates": [ [ [ [ 110.638717677255315, -66.216506950658598 ], [ 110.638671891107151, -66.216552736806761 ], [ 110.638618447158763, -66.216567998856149 ], [ 110.638580318810824, -66.216575656656374 ], [ 110.638526928413498, -66.216575656656374 ], [ 110.638481142265334, -66.216575656656374 ], [ 110.638450618166544, -66.216583260905537 ], [ 110.638397227769218, -66.216583260905537 ], [ 110.638366703670442, -66.216583260905537 ], [ 110.638336179571667, -66.2165908651547 ], [ 110.638290393423503, -66.216583260905537 ], [ 110.638237003026177, -66.216583260905537 ], [ 110.638206478927387, -66.216567998856149 ], [ 110.638168350579448, -66.216552736806761 ], [ 110.638137826480673, -66.216545079006551 ], [ 110.638076778283121, -66.216545079006551 ], [ 110.638038649935183, -66.216537474757374 ], [ 110.638008125836407, -66.216537474757374 ], [ 110.637977601737632, -66.216537474757374 ], [ 110.637939419838631, -66.216537474757374 ], [ 110.637916553540066, -66.216514608458823 ], [ 110.637939419838631, -66.21649168860921 ], [ 110.637977601737632, -66.216484084360047 ], [ 110.638023387885795, -66.21649168860921 ], [ 110.638069174033959, -66.21649168860921 ], [ 110.638114960182122, -66.216484084360047 ], [ 110.638153088530061, -66.216499292858373 ], [ 110.638191216877999, -66.216506950658598 ], [ 110.638221740976789, -66.216506950658598 ], [ 110.638259922875775, -66.216506950658598 ], [ 110.638298051223728, -66.216506950658598 ], [ 110.638343837371892, -66.216506950658598 ], [ 110.638389569968993, -66.21649168860921 ], [ 110.638420094067769, -66.216476426559822 ], [ 110.638450618166544, -66.216476426559822 ], [ 110.638481142265334, -66.216484084360047 ], [ 110.63851166636411, -66.21649168860921 ], [ 110.638542190462886, -66.216484084360047 ], [ 110.638587976611049, -66.216484084360047 ], [ 110.638618447158763, -66.21649168860921 ], [ 110.638648971257538, -66.216499292858373 ], [ 110.638679495356314, -66.216499292858373 ], [ 110.638717677255315, -66.216506950658598 ] ] ] ] } },
{ "type": "Feature", "properties": { "FEAT_TYPE": "Penguin", "UFI": 885441, "Q_INFO": 480, "DATASET_ID": 170, "COMMENTS": null, "COMMON_NAM": "Adelie Penguin", "SPECIES": null, "STATUS": null, "DB_DATE_CR": "2009-11-27", "DISPLAY": "50000, Heli op maps", "COUNT_NO": 0, "DATE_CAPTU": null, "DATE_FLAG": null }, "geometry": { "type": "MultiPolygon", "coordinates": [ [ [ [ 110.639045730990588, -66.216781613996531 ], [ 110.639015206891813, -66.216781613996531 ], [ 110.638984682793037, -66.216766351947143 ], [ 110.638969420743635, -66.216705303749592 ], [ 110.638999944842425, -66.216697699500429 ], [ 110.639053335239751, -66.216690041700204 ], [ 110.639083859338527, -66.216690041700204 ], [ 110.639114383437303, -66.216690041700204 ], [ 110.639160169585466, -66.216712961549803 ], [ 110.639190693684242, -66.216720619350028 ], [ 110.639251741881793, -66.216735827848368 ], [ 110.639282212429521, -66.216728170048142 ], [ 110.639312736528296, -66.216705303749592 ], [ 110.63925934613097, -66.216659571152476 ], [ 110.639289870229746, -66.216636651302878 ], [ 110.63935852267646, -66.216621389253476 ], [ 110.639396704575461, -66.21664425555204 ], [ 110.639419517322963, -66.216667175401653 ], [ 110.639419517322963, -66.216697699500429 ], [ 110.639396704575461, -66.216720619350028 ], [ 110.639404308824624, -66.216751089897755 ], [ 110.63935852267646, -66.216774009747354 ], [ 110.639320340777459, -66.216774009747354 ], [ 110.639282212429521, -66.216774009747354 ], [ 110.639244084081582, -66.216774009747354 ], [ 110.63920595573363, -66.216774009747354 ], [ 110.639175378083806, -66.216766351947143 ], [ 110.639144907536078, -66.216766351947143 ], [ 110.63910677918814, -66.216766351947143 ], [ 110.639076201538302, -66.21675874769798 ], [ 110.639045730990588, -66.216781613996531 ] ] ] ] } },
{ "type": "Feature", "properties": { "FEAT_TYPE": "Penguin", "UFI": 885445, "Q_INFO": 480, "DATASET_ID": 170, "COMMENTS": null, "COMMON_NAM": "Adelie Penguin", "SPECIES": null, "STATUS": null, "DB_DATE_CR": "2009-11-27", "DISPLAY": "50000, Heli op maps", "COUNT_NO": 0, "DATE_CAPTU": null, "DATE_FLAG": null }, "geometry": { "type": "MultiPolygon", "coordinates": [ [ [ [ 110.64554597170256, -66.216781613996531 ], [ 110.645500185554397, -66.216781613996531 ], [ 110.645446795157056, -66.216735827848368 ], [ 110.645484923504995, -66.216712961549803 ], [ 110.645515447603785, -66.216712961549803 ], [ 110.64554597170256, -66.216712961549803 ], [ 110.645576495801336, -66.216720619350028 ], [ 110.645622228398437, -66.216712961549803 ], [ 110.645660410297438, -66.216705303749592 ], [ 110.645698592196439, -66.216712961549803 ], [ 110.645729062744152, -66.216712961549803 ], [ 110.645790110941718, -66.216720619350028 ], [ 110.645828239289656, -66.216720619350028 ], [ 110.645843501339044, -66.216751089897755 ], [ 110.645812977240269, -66.21675874769798 ], [ 110.64577484889233, -66.216751089897755 ], [ 110.645744324793554, -66.216774009747354 ], [ 110.645698592196439, -66.216774009747354 ], [ 110.645660410297438, -66.216774009747354 ], [ 110.645614624149275, -66.216766351947143 ], [ 110.645576495801336, -66.216774009747354 ], [ 110.64554597170256, -66.216781613996531 ] ] ] ] } },
{ "type": "Feature", "properties": { "FEAT_TYPE": "Penguin", "UFI": 885451, "Q_INFO": 480, "DATASET_ID": 170, "COMMENTS": null, "COMMON_NAM": "Adelie Penguin", "SPECIES": null, "STATUS": null, "DB_DATE_CR": "2009-11-27", "DISPLAY": "50000, Heli op maps", "COUNT_NO": 0, "DATE_CAPTU": null, "DATE_FLAG": null }, "geometry": { "type": "MultiPolygon", "coordinates": [ [ [ [ 110.646781929947736, -66.217063881583641 ], [ 110.646781929947736, -66.217117271980968 ], [ 110.646789587747946, -66.217147849630791 ], [ 110.64677427214751, -66.217178320178519 ], [ 110.646728539550395, -66.217185977978744 ], [ 110.646698015451619, -66.217185977978744 ], [ 110.646667491352844, -66.217185977978744 ], [ 110.646636967254068, -66.217155453879968 ], [ 110.646675095602006, -66.217147849630791 ], [ 110.646682753402231, -66.217117271980968 ], [ 110.646629309453843, -66.217094405682417 ], [ 110.646591181105904, -66.21708680143324 ], [ 110.646568261256292, -66.217048673085287 ], [ 110.646591181105904, -66.217025753235689 ], [ 110.64662170520468, -66.217025753235689 ], [ 110.646652229303456, -66.217025753235689 ], [ 110.646690357651394, -66.217018095435463 ], [ 110.64672088175017, -66.217002886937138 ], [ 110.64677427214751, -66.217002886937138 ], [ 110.646804796246286, -66.217025753235689 ], [ 110.646781929947736, -66.217063881583641 ] ] ] ] } },
{ "type": "Feature", "properties": { "FEAT_TYPE": "Penguin", "UFI": 885458, "Q_INFO": 480, "DATASET_ID": 170, "COMMENTS": null, "COMMON_NAM": "Adelie Penguin", "SPECIES": null, "STATUS": null, "DB_DATE_CR": "2009-11-27", "DISPLAY": "50000, Heli op maps", "COUNT_NO": 0, "DATE_CAPTU": null, "DATE_FLAG": null }, "geometry": { "type": "MultiPolygon", "coordinates": [ [ [ [ 110.645858763388432, -66.217262234674621 ], [ 110.645797715190881, -66.217262234674621 ], [ 110.645805319440043, -66.217231764126893 ], [ 110.645805319440043, -66.217201240028118 ], [ 110.645835897089881, -66.217193635778955 ], [ 110.64587402543782, -66.217185977978744 ], [ 110.645904549536596, -66.21721650207752 ], [ 110.645896891736371, -66.217247026176295 ], [ 110.645858763388432, -66.217262234674621 ] ] ] ] } },
{ "type": "Feature", "properties": { "FEAT_TYPE": "Penguin", "UFI": 885461, "Q_INFO": 480, "DATASET_ID": 170, "COMMENTS": null, "COMMON_NAM": "Adelie Penguin", "SPECIES": null, "STATUS": null, "DB_DATE_CR": "2009-11-27", "DISPLAY": "50000, Heli op maps", "COUNT_NO": 0, "DATE_CAPTU": null, "DATE_FLAG": null }, "geometry": { "type": "MultiPolygon", "coordinates": [ [ [ [ 110.647224422277873, -66.217208844277295 ], [ 110.64727020842605, -66.21721650207752 ], [ 110.647239684327261, -66.217247026176295 ], [ 110.647224422277873, -66.217208844277295 ] ] ] ] } },
{ "type": "Feature", "properties": { "FEAT_TYPE": "Penguin", "UFI": 885468, "Q_INFO": 480, "DATASET_ID": 170, "COMMENTS": null, "COMMON_NAM": "Adelie Penguin", "SPECIES": null, "STATUS": null, "DB_DATE_CR": "2009-11-27", "DISPLAY": "50000, Heli op maps", "COUNT_NO": 0, "DATE_CAPTU": null, "DATE_FLAG": null }, "geometry": { "type": "MultiPolygon", "coordinates": [ [ [ [ 110.645324698761954, -66.217300416573622 ], [ 110.645416217507233, -66.217308020822799 ], [ 110.645469661455607, -66.217300416573622 ], [ 110.645507843354608, -66.217308020822799 ], [ 110.64554597170256, -66.217308020822799 ], [ 110.645576495801336, -66.217308020822799 ], [ 110.64560696634905, -66.217300416573622 ], [ 110.645652752497213, -66.217308020822799 ], [ 110.645683276595989, -66.217330940672397 ], [ 110.645729062744152, -66.217323282872172 ], [ 110.645767191092105, -66.217315678623009 ], [ 110.645797715190881, -66.217315678623009 ], [ 110.645828239289656, -66.217330940672397 ], [ 110.645866367637595, -66.217323282872172 ], [ 110.645896891736371, -66.217315678623009 ], [ 110.645912153785758, -66.217346202721785 ], [ 110.645950282133711, -66.217346202721785 ], [ 110.645980859783535, -66.217338598472622 ], [ 110.646011330331262, -66.217361464771173 ], [ 110.646072378528814, -66.217376726820561 ], [ 110.646118164676977, -66.217376726820561 ], [ 110.646148688775753, -66.217376726820561 ], [ 110.646186817123692, -66.217414855168499 ], [ 110.646141030975528, -66.217422512968724 ], [ 110.646087640578202, -66.217414855168499 ], [ 110.646041854430038, -66.217414855168499 ], [ 110.6460037260821, -66.217414855168499 ], [ 110.64597320198331, -66.217414855168499 ], [ 110.645935073635371, -66.217399593119126 ], [ 110.645881683238045, -66.217391988869949 ], [ 110.645851105588207, -66.217384331069724 ], [ 110.645820635040494, -66.217376726820561 ], [ 110.645782506692541, -66.217376726820561 ], [ 110.645736720544377, -66.217376726820561 ], [ 110.645706142894554, -66.217376726820561 ], [ 110.64564514824805, -66.217376726820561 ], [ 110.645614624149275, -66.217361464771173 ], [ 110.645561180200886, -66.21736906902035 ], [ 110.645515447603785, -66.21736906902035 ], [ 110.645469661455607, -66.21736906902035 ], [ 110.645416217507233, -66.217376726820561 ], [ 110.645385746959505, -66.217376726820561 ], [ 110.645347618611567, -66.217376726820561 ], [ 110.645317094512791, -66.217338598472622 ], [ 110.645324698761954, -66.217300416573622 ] ] ] ] } },
{ "type": "Feature", "properties": { "FEAT_TYPE": "Penguin", "UFI": 885472, "Q_INFO": 480, "DATASET_ID": 170, "COMMENTS": null, "COMMON_NAM": "Adelie Penguin", "SPECIES": null, "STATUS": null, "DB_DATE_CR": "2009-11-27", "DISPLAY": "50000, Heli op maps", "COUNT_NO": 0, "DATE_CAPTU": null, "DATE_FLAG": null }, "geometry": { "type": "MultiPolygon", "coordinates": [ [ [ [ 110.644836420283639, -66.217407197368289 ], [ 110.644798238384638, -66.217437775018112 ], [ 110.644767767836925, -66.217407197368289 ], [ 110.644805896184863, -66.217391988869949 ], [ 110.644836420283639, -66.217407197368289 ] ] ] ] } },
{ "type": "Feature", "properties": { "FEAT_TYPE": "Penguin", "UFI": 885481, "Q_INFO": 480, "DATASET_ID": 170, "COMMENTS": null, "COMMON_NAM": "Adelie Penguin", "SPECIES": null, "STATUS": null, "DB_DATE_CR": "2009-11-27", "DISPLAY": "50000, Heli op maps", "COUNT_NO": 0, "DATE_CAPTU": null, "DATE_FLAG": null }, "geometry": { "type": "MultiPolygon", "coordinates": [ [ [ [ 110.587539688022289, -66.239402755844168 ], [ 110.587493901874126, -66.239425622142718 ], [ 110.58744816927701, -66.239425622142718 ], [ 110.587394725328636, -66.239425622142718 ], [ 110.58736420122986, -66.239410413644379 ], [ 110.58733367713107, -66.239379889545603 ], [ 110.587371805479023, -66.239364627496215 ], [ 110.587417591627187, -66.239364627496215 ], [ 110.58746337777535, -66.239372231745392 ], [ 110.587501506123289, -66.239387493794766 ], [ 110.587539688022289, -66.239402755844168 ] ] ] ] } },
{ "type": "Feature", "properties": { "FEAT_TYPE": "Penguin", "UFI": 885487, "Q_INFO": 480, "DATASET_ID": 170, "COMMENTS": null, "COMMON_NAM": "Adelie Penguin", "SPECIES": null, "STATUS": null, "DB_DATE_CR": "2009-11-27", "DISPLAY": "50000, Heli op maps", "COUNT_NO": 0, "DATE_CAPTU": null, "DATE_FLAG": null }, "geometry": { "type": "MultiPolygon", "coordinates": [ [ [ [ 110.587242158385806, -66.239913954172081 ], [ 110.587173452388029, -66.239913954172081 ], [ 110.587112457741526, -66.239913954172081 ], [ 110.587043751743749, -66.239906296371856 ], [ 110.587013281196036, -66.239898638571646 ], [ 110.587005623395811, -66.239868168023918 ], [ 110.587043751743749, -66.239837643925142 ], [ 110.587013281196036, -66.239814724075529 ], [ 110.586975099297035, -66.239784253527802 ], [ 110.586997965595586, -66.239753675877978 ], [ 110.586982703546198, -66.239715547530039 ], [ 110.586959837247647, -66.239692681231475 ], [ 110.586952232998485, -66.239662157132699 ], [ 110.586914051099484, -66.239639290834148 ], [ 110.586883527000708, -66.239646948634373 ], [ 110.586853002901933, -66.239639290834148 ], [ 110.586799612504592, -66.239654552883536 ], [ 110.586753826356428, -66.239654552883536 ], [ 110.586723355808715, -66.239677419182101 ], [ 110.586692778158877, -66.239685076982312 ], [ 110.586654649810939, -66.239685076982312 ], [ 110.586624179263211, -66.239685076982312 ], [ 110.58658599736421, -66.239707943280877 ], [ 110.586547815465224, -66.239707943280877 ], [ 110.586517344917496, -66.239707943280877 ], [ 110.586479216569558, -66.239707943280877 ], [ 110.586418168372006, -66.239692681231475 ], [ 110.586372382223843, -66.239669814932924 ], [ 110.586387644273231, -66.239631633033923 ], [ 110.586418168372006, -66.239639290834148 ], [ 110.586456296719945, -66.239639290834148 ], [ 110.58648682081872, -66.239639290834148 ], [ 110.586517344917496, -66.239646948634373 ], [ 110.58656313106566, -66.239646948634373 ], [ 110.586608863662775, -66.239631633033923 ], [ 110.586639387761551, -66.23961637098455 ], [ 110.586677569660552, -66.23961637098455 ], [ 110.586723355808715, -66.239601162486196 ], [ 110.586761484156654, -66.239593504685985 ], [ 110.586807270304817, -66.239585900436822 ], [ 110.58684539865277, -66.239585900436822 ], [ 110.586914051099484, -66.239593504685985 ], [ 110.58694457519826, -66.239608766735373 ], [ 110.586990361346423, -66.239608766735373 ], [ 110.587020831894151, -66.23961637098455 ], [ 110.587051409543975, -66.23962402878476 ], [ 110.587097195692138, -66.239608766735373 ], [ 110.587127666239866, -66.239608766735373 ], [ 110.587158243889689, -66.23961637098455 ], [ 110.587219238536193, -66.239631633033923 ], [ 110.587249762634968, -66.239654552883536 ], [ 110.587249762634968, -66.239685076982312 ], [ 110.587203976486805, -66.239692681231475 ], [ 110.587158243889689, -66.239685076982312 ], [ 110.587142928289254, -66.23972320533025 ], [ 110.587150586089479, -66.239761333678203 ], [ 110.587158243889689, -66.239791911328027 ], [ 110.587173452388029, -66.239860510223707 ], [ 110.587211580735968, -66.239860510223707 ], [ 110.587249762634968, -66.23985290597453 ], [ 110.587287890982907, -66.239860510223707 ], [ 110.58733367713107, -66.239860510223707 ], [ 110.587356543429635, -66.239891087873531 ], [ 110.587303206583357, -66.239906296371856 ], [ 110.587242158385806, -66.239913954172081 ] ] ] ] } },
{ "type": "Feature", "properties": { "FEAT_TYPE": "Penguin", "UFI": 885494, "Q_INFO": 480, "DATASET_ID": 170, "COMMENTS": null, "COMMON_NAM": "Adelie Penguin", "SPECIES": null, "STATUS": null, "DB_DATE_CR": "2009-11-27", "DISPLAY": "50000, Heli op maps", "COUNT_NO": 0, "DATE_CAPTU": null, "DATE_FLAG": null }, "geometry": { "type": "MultiPolygon", "coordinates": [ [ [ [ 110.579986580106748, -66.240013130717585 ], [ 110.579956056007973, -66.240013130717585 ], [ 110.579917874108972, -66.24000547291736 ], [ 110.579879745761033, -66.24000547291736 ], [ 110.579864537262694, -66.239975002369633 ], [ 110.579902665610646, -66.239952082520034 ], [ 110.57993313615836, -66.239952082520034 ], [ 110.579978922306523, -66.239952082520034 ], [ 110.580032366254912, -66.239967344569408 ], [ 110.58007049460285, -66.239967344569408 ], [ 110.58010101870164, -66.239936820470632 ], [ 110.580154462650015, -66.239959686769197 ], [ 110.580192590997967, -66.239997868668183 ], [ 110.580154462650015, -66.24000547291736 ], [ 110.580093414452463, -66.24000547291736 ], [ 110.580032366254912, -66.239997868668183 ], [ 110.579986580106748, -66.240013130717585 ] ] ] ] } },
{ "type": "Feature", "properties": { "FEAT_TYPE": "Penguin", "UFI": 885495, "Q_INFO": 480, "DATASET_ID": 170, "COMMENTS": null, "COMMON_NAM": "Adelie Penguin", "SPECIES": null, "STATUS": null, "DB_DATE_CR": "2009-11-27", "DISPLAY": "50000, Heli op maps", "COUNT_NO": 0, "DATE_CAPTU": null, "DATE_FLAG": null }, "geometry": { "type": "MultiPolygon", "coordinates": [ [ [ [ 110.582260089955057, -66.240066521114912 ], [ 110.58230587610322, -66.240074178915137 ], [ 110.582336453753044, -66.240089387413462 ], [ 110.582382186350159, -66.240119965063286 ], [ 110.58240505264871, -66.240180959709789 ], [ 110.582336453753044, -66.240165697660416 ], [ 110.582298325405105, -66.240127569312463 ], [ 110.582260089955057, -66.240066521114912 ] ] ] ] } },
{ "type": "Feature", "properties": { "FEAT_TYPE": "Penguin", "UFI": 885496, "Q_INFO": 480, "DATASET_ID": 170, "COMMENTS": null, "COMMON_NAM": "Adelie Penguin", "SPECIES": null, "STATUS": null, "DB_DATE_CR": "2009-11-27", "DISPLAY": "50000, Heli op maps", "COUNT_NO": 0, "DATE_CAPTU": null, "DATE_FLAG": null }, "geometry": { "type": "MultiPolygon", "coordinates": [ [ [ [ 110.582229619407329, -66.240257269956743 ], [ 110.58229066760488, -66.240287794055519 ], [ 110.582260089955057, -66.240318318154294 ], [ 110.582237277207554, -66.240341184452845 ], [ 110.582183833259165, -66.24033352665262 ], [ 110.582122785061614, -66.240318318154294 ], [ 110.582084656713675, -66.240310660354069 ], [ 110.582038870565498, -66.240310660354069 ], [ 110.582000742217559, -66.240325922403457 ], [ 110.581954956069396, -66.240318318154294 ], [ 110.58192443197062, -66.240310660354069 ], [ 110.581939694020008, -66.240280136255294 ], [ 110.581977822367946, -66.240257269956743 ], [ 110.582015950715899, -66.24023435010713 ], [ 110.582054132614886, -66.240226745857967 ], [ 110.582092314513886, -66.240196221759192 ], [ 110.582153362711438, -66.240211483808565 ], [ 110.582214357357941, -66.24021914160879 ], [ 110.582229619407329, -66.240257269956743 ] ] ] ] } },
{ "type": "Feature", "properties": { "FEAT_TYPE": "Penguin", "UFI": 885499, "Q_INFO": 480, "DATASET_ID": 170, "COMMENTS": null, "COMMON_NAM": "Adelie Penguin", "SPECIES": null, "STATUS": null, "DB_DATE_CR": "2009-11-27", "DISPLAY": "50000, Heli op maps", "COUNT_NO": 0, "DATE_CAPTU": null, "DATE_FLAG": null }, "geometry": { "type": "MultiPolygon", "coordinates": [ [ [ [ 110.58386233738554, -66.240646371889554 ], [ 110.583808893437151, -66.240661580387894 ], [ 110.583778369338376, -66.240661580387894 ], [ 110.5837478452396, -66.240623452039955 ], [ 110.583816551237376, -66.240615847790778 ], [ 110.58386233738554, -66.240646371889554 ] ] ] ] } },
{ "type": "Feature", "properties": { "FEAT_TYPE": "Penguin", "UFI": 885502, "Q_INFO": 480, "DATASET_ID": 170, "COMMENTS": null, "COMMON_NAM": "Adelie Penguin", "SPECIES": null, "STATUS": null, "DB_DATE_CR": "2009-11-27", "DISPLAY": "50000, Heli op maps", "COUNT_NO": 0, "DATE_CAPTU": null, "DATE_FLAG": null }, "geometry": { "type": "MultiPolygon", "coordinates": [ [ [ [ 110.583824155486539, -66.241226222664196 ], [ 110.583869941634717, -66.241249088962746 ], [ 110.583900465733493, -66.241256693211923 ], [ 110.583938594081431, -66.241241431162535 ], [ 110.583969118180207, -66.241218564863971 ], [ 110.583999642278982, -66.241218564863971 ], [ 110.584030166377758, -66.241233826913373 ], [ 110.584083556775084, -66.241249088962746 ], [ 110.584068294725697, -66.241279559510474 ], [ 110.584037770626921, -66.241287217310699 ], [ 110.583991984478757, -66.241294875110924 ], [ 110.583961513931044, -66.241294875110924 ], [ 110.583938594081431, -66.241317741409475 ], [ 110.583900465733493, -66.241333003458863 ], [ 110.583869941634717, -66.241325345658652 ], [ 110.583839417535941, -66.241325345658652 ], [ 110.583808893437151, -66.241333003458863 ], [ 110.583778369338376, -66.241333003458863 ], [ 110.5837478452396, -66.241310137160298 ], [ 110.583740240990437, -66.241272008812359 ], [ 110.583770765089213, -66.241256693211923 ], [ 110.583801289187988, -66.241256693211923 ], [ 110.583824155486539, -66.241226222664196 ] ] ] ] } },
{ "type": "Feature", "properties": { "FEAT_TYPE": "Penguin", "UFI": 885511, "Q_INFO": 480, "DATASET_ID": 170, "COMMENTS": null, "COMMON_NAM": "Adelie Penguin", "SPECIES": null, "STATUS": null, "DB_DATE_CR": "2009-11-27", "DISPLAY": "50000, Heli op maps", "COUNT_NO": 0, "DATE_CAPTU": null, "DATE_FLAG": null }, "geometry": { "type": "MultiPolygon", "coordinates": [ [ [ [ 110.540397680811111, -66.249366785603542 ], [ 110.540344236862722, -66.249366785603542 ], [ 110.540298504265607, -66.249366785603542 ], [ 110.540260268815558, -66.249359127803331 ], [ 110.540176407870504, -66.249343865753943 ], [ 110.540229798267845, -66.249320999455392 ], [ 110.540267926615783, -66.249313341655167 ], [ 110.540306054963722, -66.249313341655167 ], [ 110.540351841111885, -66.249320999455392 ], [ 110.540382365210661, -66.249336207953718 ], [ 110.540397680811111, -66.249366785603542 ] ] ] ] } },
{ "type": "Feature", "properties": { "FEAT_TYPE": "Penguin", "UFI": 885522, "Q_INFO": 480, "DATASET_ID": 170, "COMMENTS": null, "COMMON_NAM": "Adelie Penguin", "SPECIES": null, "STATUS": null, "DB_DATE_CR": "2009-11-27", "DISPLAY": "50000, Heli op maps", "COUNT_NO": 0, "DATE_CAPTU": null, "DATE_FLAG": null }, "geometry": { "type": "MultiPolygon", "coordinates": [ [ [ [ 110.538093593312979, -66.250228903965294 ], [ 110.538040149364591, -66.250228903965294 ], [ 110.537986758967264, -66.250228903965294 ], [ 110.537940972819086, -66.250228903965294 ], [ 110.537902844471148, -66.250228903965294 ], [ 110.537910448720311, -66.25019832631547 ], [ 110.537940972819086, -66.250190722066293 ], [ 110.537971496917876, -66.250152593718354 ], [ 110.538009678816863, -66.250137331668967 ], [ 110.538063069214203, -66.250137331668967 ], [ 110.538093593312979, -66.250137331668967 ], [ 110.538131721660918, -66.250137331668967 ], [ 110.538185112058244, -66.25012972741979 ], [ 110.53821563615702, -66.250122069619579 ], [ 110.538261422305197, -66.250106807570191 ], [ 110.538307154902299, -66.250114411819368 ], [ 110.538337732552137, -66.250122069619579 ], [ 110.53836820309985, -66.250137331668967 ], [ 110.53836820309985, -66.250175460016919 ], [ 110.538337732552137, -66.250190722066293 ], [ 110.538291946403973, -66.25018311781713 ], [ 110.538261422305197, -66.25019832631547 ], [ 110.538230898206422, -66.250221246165069 ], [ 110.538177507809081, -66.250213641915906 ], [ 110.53813932591008, -66.250213641915906 ], [ 110.538093593312979, -66.250228903965294 ] ] ] ] } },
{ "type": "Feature", "properties": { "FEAT_TYPE": "Penguin", "UFI": 885529, "Q_INFO": 480, "DATASET_ID": 170, "COMMENTS": null, "COMMON_NAM": "Adelie Penguin", "SPECIES": null, "STATUS": null, "DB_DATE_CR": "2009-11-27", "DISPLAY": "50000, Heli op maps", "COUNT_NO": 0, "DATE_CAPTU": null, "DATE_FLAG": null }, "geometry": { "type": "MultiPolygon", "coordinates": [ [ [ [ 110.532508861360085, -66.251396156212707 ], [ 110.532546989708024, -66.251388551963529 ], [ 110.5325775138068, -66.251388551963529 ], [ 110.532623299954963, -66.251403814012917 ], [ 110.532676743903352, -66.251388551963529 ], [ 110.53273008074963, -66.251380947714352 ], [ 110.532791128947181, -66.251388551963529 ], [ 110.532791128947181, -66.25142673386253 ], [ 110.53273008074963, -66.25142673386253 ], [ 110.532691952401677, -66.251441942360856 ], [ 110.532653824053739, -66.251441942360856 ], [ 110.532623299954963, -66.251441942360856 ], [ 110.532585118055962, -66.251434284560645 ], [ 110.532554647508249, -66.25142673386253 ], [ 110.532524123409473, -66.25142673386253 ], [ 110.532508861360085, -66.251396156212707 ] ] ] ] } },
{ "type": "Feature", "properties": { "FEAT_TYPE": "Penguin", "UFI": 885531, "Q_INFO": 480, "DATASET_ID": 170, "COMMENTS": null, "COMMON_NAM": "Adelie Penguin", "SPECIES": null, "STATUS": null, "DB_DATE_CR": "2009-11-27", "DISPLAY": "50000, Heli op maps", "COUNT_NO": 0, "DATE_CAPTU": null, "DATE_FLAG": null }, "geometry": { "type": "MultiPolygon", "coordinates": [ [ [ [ 110.533630381010369, -66.251457204410258 ], [ 110.533576990613042, -66.251464862210469 ], [ 110.533531204464879, -66.251441942360856 ], [ 110.533569332812817, -66.25142673386253 ], [ 110.533630381010369, -66.251457204410258 ] ] ] ] } },
{ "type": "Feature", "properties": { "FEAT_TYPE": "Penguin", "UFI": 885536, "Q_INFO": 480, "DATASET_ID": 170, "COMMENTS": null, "COMMON_NAM": "Adelie Penguin", "SPECIES": null, "STATUS": null, "DB_DATE_CR": "2009-11-27", "DISPLAY": "50000, Heli op maps", "COUNT_NO": 0, "DATE_CAPTU": null, "DATE_FLAG": null }, "geometry": { "type": "MultiPolygon", "coordinates": [ [ [ [ 110.533721953306696, -66.251564038755959 ], [ 110.533676167158532, -66.251602167103911 ], [ 110.533653247308919, -66.251625033402462 ], [ 110.533653247308919, -66.251655611052286 ], [ 110.533645643059756, -66.251686081600013 ], [ 110.533622776761206, -66.251709001449626 ], [ 110.533599856911593, -66.251731867748191 ], [ 110.533592199111368, -66.251769996096129 ], [ 110.533561728563654, -66.251800573745953 ], [ 110.533531204464879, -66.251808177995116 ], [ 110.533485418316715, -66.251800573745953 ], [ 110.533432027919375, -66.251769996096129 ], [ 110.533454894217925, -66.251739525548402 ], [ 110.533409108069762, -66.251739525548402 ], [ 110.533378637522048, -66.251731867748191 ], [ 110.53334805987221, -66.251716605698789 ], [ 110.53334805987221, -66.25167847735085 ], [ 110.533378637522048, -66.25167081955064 ], [ 110.533393846020374, -66.251640295451864 ], [ 110.533416765869987, -66.251617429153299 ], [ 110.533432027919375, -66.251586905054523 ], [ 110.533409108069762, -66.251556380955748 ], [ 110.5334396857196, -66.251533514657183 ], [ 110.533454894217925, -66.251502990558407 ], [ 110.533493022565878, -66.251480070708809 ], [ 110.533515942415491, -66.251510648358632 ], [ 110.533554070763429, -66.251502990558407 ], [ 110.533607461160756, -66.251510648358632 ], [ 110.533660905109144, -66.251518252607809 ], [ 110.533691375656872, -66.251525856856972 ], [ 110.533676167158532, -66.251556380955748 ], [ 110.533721953306696, -66.251564038755959 ] ] ] ] } },
{ "type": "Feature", "properties": { "FEAT_TYPE": "Penguin", "UFI": 885539, "Q_INFO": 480, "DATASET_ID": 170, "COMMENTS": null, "COMMON_NAM": "Adelie Penguin", "SPECIES": null, "STATUS": null, "DB_DATE_CR": "2009-11-27", "DISPLAY": "50000, Heli op maps", "COUNT_NO": 0, "DATE_CAPTU": null, "DATE_FLAG": null }, "geometry": { "type": "MultiPolygon", "coordinates": [ [ [ [ 110.531280507364073, -66.251731867748191 ], [ 110.531257641065523, -66.251762391846967 ], [ 110.531219459166522, -66.251769996096129 ], [ 110.531181330818569, -66.251731867748191 ], [ 110.531227116966747, -66.251724209947966 ], [ 110.531257641065523, -66.251709001449626 ], [ 110.531280507364073, -66.251731867748191 ] ] ] ] } },
{ "type": "Feature", "properties": { "FEAT_TYPE": "Penguin", "UFI": 885541, "Q_INFO": 480, "DATASET_ID": 170, "COMMENTS": null, "COMMON_NAM": "Adelie Penguin", "SPECIES": null, "STATUS": null, "DB_DATE_CR": "2009-11-27", "DISPLAY": "50000, Heli op maps", "COUNT_NO": 0, "DATE_CAPTU": null, "DATE_FLAG": null }, "geometry": { "type": "MultiPolygon", "coordinates": [ [ [ [ 110.529449436294868, -66.251892092491232 ], [ 110.529403703697753, -66.251892092491232 ], [ 110.529373179598977, -66.251892092491232 ], [ 110.529335051251039, -66.251892092491232 ], [ 110.529312131401426, -66.251869172641619 ], [ 110.529350259749364, -66.251853964143294 ], [ 110.529403703697753, -66.251846306343069 ], [ 110.529441832045691, -66.251853964143294 ], [ 110.529480013944692, -66.251869172641619 ], [ 110.529449436294868, -66.251892092491232 ] ] ] ] } },
{ "type": "Feature", "properties": { "FEAT_TYPE": "Penguin", "UFI": 885545, "Q_INFO": 480, "DATASET_ID": 170, "COMMENTS": null, "COMMON_NAM": "Adelie Penguin", "SPECIES": null, "STATUS": null, "DB_DATE_CR": "2009-11-27", "DISPLAY": "50000, Heli op maps", "COUNT_NO": 0, "DATE_CAPTU": null, "DATE_FLAG": null }, "geometry": { "type": "MultiPolygon", "coordinates": [ [ [ [ 110.483123761297264, -66.307342545185037 ], [ 110.483108499247876, -66.307380673532975 ], [ 110.483070370899924, -66.307380673532975 ], [ 110.483032242551985, -66.3073883313332 ], [ 110.48300171845321, -66.307395935582377 ], [ 110.482971194354434, -66.307395935582377 ], [ 110.482910199707931, -66.30740353983154 ], [ 110.482864360008719, -66.30740353983154 ], [ 110.482826231660766, -66.30740353983154 ], [ 110.482795707561991, -66.307395935582377 ], [ 110.482765237014277, -66.307395935582377 ], [ 110.482719450866114, -66.307395935582377 ], [ 110.482681268967113, -66.307395935582377 ], [ 110.482650744868337, -66.307395935582377 ], [ 110.482658402668562, -66.307357753683377 ], [ 110.482696531016501, -66.3073501494342 ], [ 110.482734659364439, -66.307342545185037 ], [ 110.482780445512603, -66.307334887384826 ], [ 110.482826231660766, -66.307334887384826 ], [ 110.482864360008719, -66.307327283135649 ], [ 110.482910199707931, -66.307327283135649 ], [ 110.482940670255658, -66.307319625335424 ], [ 110.482986456403822, -66.307296759036873 ], [ 110.483039846801148, -66.307319625335424 ], [ 110.483123761297264, -66.307342545185037 ] ] ] ] } },
{ "type": "Feature", "properties": { "FEAT_TYPE": "Penguin", "UFI": 885555, "Q_INFO": 480, "DATASET_ID": 170, "COMMENTS": null, "COMMON_NAM": "Adelie Penguin", "SPECIES": null, "STATUS": null, "DB_DATE_CR": "2009-11-27", "DISPLAY": "50000, Heli op maps", "COUNT_NO": 0, "DATE_CAPTU": null, "DATE_FLAG": null }, "geometry": { "type": "MultiPolygon", "coordinates": [ [ [ [ 110.483169547445428, -66.308090224951897 ], [ 110.483131419097489, -66.308120695499625 ], [ 110.483131419097489, -66.308151273149448 ], [ 110.483108499247876, -66.308174139447999 ], [ 110.483070370899924, -66.308189401497401 ], [ 110.483032242551985, -66.308166481647788 ], [ 110.483055108850536, -66.30812835329985 ], [ 110.483009322702372, -66.308136011100061 ], [ 110.482978798603597, -66.308136011100061 ], [ 110.482948328055883, -66.308136011100061 ], [ 110.482933066006495, -66.308105487001285 ], [ 110.482948328055883, -66.308067305102298 ], [ 110.482978798603597, -66.308052096603944 ], [ 110.483009322702372, -66.308044438803734 ], [ 110.483047504601373, -66.308029176754346 ], [ 110.483093290749537, -66.308052096603944 ], [ 110.483116157048102, -66.308074962902509 ], [ 110.483169547445428, -66.308090224951897 ] ] ] ] } },
{ "type": "Feature", "properties": { "FEAT_TYPE": "Penguin", "UFI": 885559, "Q_INFO": 480, "DATASET_ID": 170, "COMMENTS": null, "COMMON_NAM": "Adelie Penguin", "SPECIES": null, "STATUS": null, "DB_DATE_CR": "2009-11-27", "DISPLAY": "50000, Heli op maps", "COUNT_NO": 0, "DATE_CAPTU": null, "DATE_FLAG": null }, "geometry": { "type": "MultiPolygon", "coordinates": [ [ [ [ 110.483802788617396, -66.308433540736559 ], [ 110.483764660269458, -66.308456407035109 ], [ 110.483718874121294, -66.308456407035109 ], [ 110.483680692222293, -66.308448749234884 ], [ 110.48365022167458, -66.308448749234884 ], [ 110.483604435526416, -66.308441198536769 ], [ 110.483596777726191, -66.308410620886946 ], [ 110.483589173477029, -66.308372492539007 ], [ 110.483634959625192, -66.308357230489605 ], [ 110.483665483723968, -66.30836488828983 ], [ 110.483665483723968, -66.308395358837558 ], [ 110.483718874121294, -66.308418278687157 ], [ 110.48374939822007, -66.308418278687157 ], [ 110.483802788617396, -66.308433540736559 ] ] ] ] } },
{ "type": "Feature", "properties": { "FEAT_TYPE": "Penguin", "UFI": 885576, "Q_INFO": 480, "DATASET_ID": 170, "COMMENTS": null, "COMMON_NAM": "Adelie Penguin", "SPECIES": null, "STATUS": null, "DB_DATE_CR": "2009-11-27", "DISPLAY": "50000, Heli op maps", "COUNT_NO": 0, "DATE_CAPTU": null, "DATE_FLAG": null }, "geometry": { "type": "MultiPolygon", "coordinates": [ [ [ [ 110.404602016625461, -66.316955547808504 ], [ 110.404563888277508, -66.316955547808504 ], [ 110.404533417729795, -66.316955547808504 ], [ 110.404487631581631, -66.316955547808504 ], [ 110.404464711732018, -66.316925077260777 ], [ 110.404518102129344, -66.316902157411164 ], [ 110.40454862622812, -66.316902157411164 ], [ 110.404594412376284, -66.316917419460566 ], [ 110.404624936475059, -66.31693268150994 ], [ 110.404602016625461, -66.316955547808504 ] ] ] ] } },
{ "type": "Feature", "properties": { "FEAT_TYPE": "Penguin", "UFI": 885602, "Q_INFO": 480, "DATASET_ID": 170, "COMMENTS": null, "COMMON_NAM": "Adelie Penguin", "SPECIES": null, "STATUS": null, "DB_DATE_CR": "2009-11-27", "DISPLAY": "50000, Heli op maps", "COUNT_NO": 0, "DATE_CAPTU": null, "DATE_FLAG": null }, "geometry": { "type": "MultiPolygon", "coordinates": [ [ [ [ 110.404052743500642, -66.326522817834856 ], [ 110.404083267599418, -66.326507609336517 ], [ 110.404129000196534, -66.326507609336517 ], [ 110.404159577846357, -66.326522817834856 ], [ 110.404212914692636, -66.326530475635082 ], [ 110.404205363994521, -66.326560946182809 ], [ 110.404174786344697, -66.326583866032408 ], [ 110.404167182095534, -66.326621994380361 ], [ 110.404136657996759, -66.326621994380361 ], [ 110.404106133897969, -66.326621994380361 ], [ 110.404045085700417, -66.326621994380361 ], [ 110.404014615152704, -66.326637256429734 ], [ 110.403984037502866, -66.326637256429734 ], [ 110.403945909154928, -66.326591523832633 ], [ 110.404006957352479, -66.326576208232183 ], [ 110.404052743500642, -66.326522817834856 ] ] ] ] } },
{ "type": "Feature", "properties": { "FEAT_TYPE": "Penguin", "UFI": 885623, "Q_INFO": 480, "DATASET_ID": 170, "COMMENTS": null, "COMMON_NAM": "Adelie Penguin", "SPECIES": null, "STATUS": null, "DB_DATE_CR": "2009-12-01", "DISPLAY": "50000, Heli op maps", "COUNT_NO": 0, "DATE_CAPTU": null, "DATE_FLAG": null }, "geometry": { "type": "MultiPolygon", "coordinates": [ [ [ [ 110.410293582924069, -66.328239450309184 ], [ 110.410308844973457, -66.328208926210408 ], [ 110.410263058825294, -66.328201268410183 ], [ 110.410224876926293, -66.328208926210408 ], [ 110.410186748578354, -66.328254712358557 ], [ 110.410232534726518, -66.328254712358557 ], [ 110.410270663074456, -66.328269974407959 ], [ 110.410308095258756, -66.32827072412266 ], [ 110.410270663074456, -66.328323364805286 ], [ 110.410232534726518, -66.328330969054463 ], [ 110.410224876926293, -66.328300498506735 ], [ 110.410186748578354, -66.328285182906285 ], [ 110.410156278030627, -66.328285182906285 ], [ 110.410125700380803, -66.328277578657122 ], [ 110.410072363534525, -66.328262316607734 ], [ 110.410102834082238, -66.328239450309184 ], [ 110.410125700380803, -66.328216584010619 ], [ 110.410095229833075, -66.328201268410183 ], [ 110.410041785884687, -66.328186006360795 ], [ 110.410018919586136, -66.328155535813067 ], [ 110.410057101485137, -66.328155535813067 ], [ 110.410110491882463, -66.328147878012857 ], [ 110.410186748578354, -66.328132615963455 ], [ 110.410156278030627, -66.328102091864679 ], [ 110.410118149682688, -66.328079225566128 ], [ 110.410156278030627, -66.32806396351674 ], [ 110.410202010627742, -66.32806396351674 ], [ 110.410240192526743, -66.328086829815305 ], [ 110.410263058825294, -66.328109749664904 ], [ 110.410301240724294, -66.328125011714292 ], [ 110.410331711272008, -66.328125011714292 ], [ 110.41036983961996, -66.328147878012857 ], [ 110.410400417269784, -66.328170797862455 ], [ 110.410392759469559, -66.328201268410183 ], [ 110.410362235370783, -66.328239450309184 ], [ 110.410346973321396, -66.328277578657122 ], [ 110.410308844973457, -66.328269974407959 ], [ 110.410293582924069, -66.328239450309184 ] ] ] ] } },
{ "type": "Feature", "properties": { "FEAT_TYPE": "Penguin", "UFI": 885639, "Q_INFO": 480, "DATASET_ID": 170, "COMMENTS": null, "COMMON_NAM": "Adelie Penguin", "SPECIES": null, "STATUS": null, "DB_DATE_CR": "2009-11-27", "DISPLAY": "50000, Heli op maps", "COUNT_NO": 0, "DATE_CAPTU": null, "DATE_FLAG": null }, "geometry": { "type": "MultiPolygon", "coordinates": [ [ [ [ 110.410362235370783, -66.330055205777938 ], [ 110.410308844973457, -66.330047601528776 ], [ 110.410247796775906, -66.330047601528776 ], [ 110.410202010627742, -66.330055205777938 ], [ 110.410171486528967, -66.330047601528776 ], [ 110.410133358181014, -66.330055205777938 ], [ 110.410079914232639, -66.330047601528776 ], [ 110.410034181635524, -66.330039943728565 ], [ 110.4100647057343, -66.330009473180837 ], [ 110.410102834082238, -66.330001815380612 ], [ 110.410125700380803, -66.329978949082061 ], [ 110.410171486528967, -66.329971344832884 ], [ 110.410209668427967, -66.329963687032659 ], [ 110.410247796775906, -66.329956029232449 ], [ 110.410278320874681, -66.329956029232449 ], [ 110.41031644922262, -66.329986606882272 ], [ 110.410346973321396, -66.329986606882272 ], [ 110.410408021518961, -66.330001815380612 ], [ 110.410415625768124, -66.330032393030436 ], [ 110.410362235370783, -66.330055205777938 ] ] ] ] } },
{ "type": "Feature", "properties": { "FEAT_TYPE": "Penguin", "UFI": 885656, "Q_INFO": 480, "DATASET_ID": 170, "COMMENTS": null, "COMMON_NAM": "Adelie Penguin", "SPECIES": null, "STATUS": null, "DB_DATE_CR": "2009-11-27", "DISPLAY": "50000, Heli op maps", "COUNT_NO": 0, "DATE_CAPTU": null, "DATE_FLAG": null }, "geometry": { "type": "MultiPolygon", "coordinates": [ [ [ [ 110.415092453211102, -66.406814585378314 ], [ 110.41512303086094, -66.406791665528715 ], [ 110.415176367707218, -66.406784061279538 ], [ 110.415214549606219, -66.406799323328926 ], [ 110.415245073704995, -66.406799323328926 ], [ 110.415275544252708, -66.406829847427701 ], [ 110.415321330400872, -66.406837451676864 ], [ 110.415351854499647, -66.406837451676864 ], [ 110.415382378598423, -66.40686797577564 ], [ 110.415412902697199, -66.406875633575865 ], [ 110.415412902697199, -66.406906157674641 ], [ 110.415367116549035, -66.406936628222368 ], [ 110.415328988201097, -66.406944286022593 ], [ 110.415298464102321, -66.406944286022593 ], [ 110.415267993554593, -66.406936628222368 ], [ 110.415229758104545, -66.406928970422143 ], [ 110.415184025507443, -66.406921419724029 ], [ 110.415161159208878, -66.406890842074205 ], [ 110.415130581559055, -66.406875633575865 ], [ 110.415100111011327, -66.406852713726266 ], [ 110.415092453211102, -66.406814585378314 ] ] ] ] } },
{ "type": "Feature", "properties": { "FEAT_TYPE": "Penguin", "UFI": 885664, "Q_INFO": 480, "DATASET_ID": 170, "COMMENTS": null, "COMMON_NAM": "Adelie Penguin", "SPECIES": null, "STATUS": null, "DB_DATE_CR": "2009-11-27", "DISPLAY": "50000, Heli op maps", "COUNT_NO": 0, "DATE_CAPTU": null, "DATE_FLAG": null }, "geometry": { "type": "MultiPolygon", "coordinates": [ [ [ [ 110.416519160298108, -66.408050543623489 ], [ 110.416458165651605, -66.408065805672877 ], [ 110.416427588001781, -66.408042885823278 ], [ 110.416389459653828, -66.408035281574101 ], [ 110.41636653980423, -66.40801241527555 ], [ 110.416336069256502, -66.407997153226148 ], [ 110.416297940908564, -66.407989495425937 ], [ 110.416267416809788, -66.407966629127372 ], [ 110.416328411456277, -66.407951367077999 ], [ 110.416374197604441, -66.407958971327162 ], [ 110.416412379503441, -66.407981837625726 ], [ 110.416442903602217, -66.407997153226148 ], [ 110.41648103195017, -66.408020019524713 ], [ 110.416519160298108, -66.408050543623489 ] ] ] ] } },
{ "type": "Feature", "properties": { "FEAT_TYPE": "Penguin", "UFI": 885671, "Q_INFO": 480, "DATASET_ID": 170, "COMMENTS": null, "COMMON_NAM": "Adelie Penguin", "SPECIES": null, "STATUS": null, "DB_DATE_CR": "2009-11-27", "DISPLAY": "50000, Heli op maps", "COUNT_NO": 0, "DATE_CAPTU": null, "DATE_FLAG": null }, "geometry": { "type": "MultiPolygon", "coordinates": [ [ [ [ 110.425216707713545, -66.408538822101804 ], [ 110.425186130063722, -66.408538822101804 ], [ 110.425148001715769, -66.408523560052416 ], [ 110.42510987336783, -66.408485431704463 ], [ 110.425140343915558, -66.408454854054639 ], [ 110.425170921565382, -66.408454854054639 ], [ 110.425209049913335, -66.408470169655089 ], [ 110.42523957401211, -66.408485431704463 ], [ 110.425254836061498, -66.408523560052416 ], [ 110.425216707713545, -66.408538822101804 ] ] ] ] } },
{ "type": "Feature", "properties": { "FEAT_TYPE": "Penguin", "UFI": 885684, "Q_INFO": 480, "DATASET_ID": 170, "COMMENTS": null, "COMMON_NAM": "Adelie Penguin", "SPECIES": null, "STATUS": null, "DB_DATE_CR": "2009-11-27", "DISPLAY": "50000, Heli op maps", "COUNT_NO": 0, "DATE_CAPTU": null, "DATE_FLAG": null }, "geometry": { "type": "MultiPolygon", "coordinates": [ [ [ [ 110.435142555573947, -66.412338269133656 ], [ 110.435111977924109, -66.412361135432207 ], [ 110.435012801378619, -66.412300140785703 ], [ 110.434936544682728, -66.412277220936105 ], [ 110.434906020583952, -66.412261958886717 ], [ 110.434844972386401, -66.412216226289601 ], [ 110.434806844038462, -66.412208568489376 ], [ 110.434799186238237, -66.4121780443906 ], [ 110.434768662139462, -66.412147520291825 ], [ 110.434715271742135, -66.412139862491614 ], [ 110.43466953914502, -66.412147520291825 ], [ 110.43457791329763, -66.412162782341227 ], [ 110.434493998801528, -66.41217038659039 ], [ 110.434448212653365, -66.412162782341227 ], [ 110.434394822256024, -66.41215517809205 ], [ 110.434356693908086, -66.412147520291825 ], [ 110.434295645710534, -66.412139862491614 ], [ 110.434257517362596, -66.412109391943886 ], [ 110.434211731214432, -66.412086472094273 ], [ 110.434242201762146, -66.412048343746335 ], [ 110.434242201762146, -66.412017819647559 ], [ 110.434280437212195, -66.412010215398396 ], [ 110.434310907759922, -66.412017819647559 ], [ 110.434402480056249, -66.412048343746335 ], [ 110.434417742105637, -66.412086472094273 ], [ 110.434471132502978, -66.412078814294063 ], [ 110.434539784949692, -66.412055947995498 ], [ 110.43457791329763, -66.412055947995498 ], [ 110.434616095196631, -66.412078814294063 ], [ 110.434661881344795, -66.412063605795723 ], [ 110.434684747643345, -66.412040685946124 ], [ 110.434829710337013, -66.412063605795723 ], [ 110.434860234435789, -66.412078814294063 ], [ 110.434898416334789, -66.412086472094273 ], [ 110.434959410981278, -66.412048343746335 ], [ 110.435020459178844, -66.412078814294063 ], [ 110.43507384957617, -66.412071263595948 ], [ 110.435134897773722, -66.412063605795723 ], [ 110.435157764072272, -66.412094129894498 ], [ 110.435111977924109, -66.412101734143675 ], [ 110.43507384957617, -66.412124600442226 ], [ 110.435035721228232, -66.41215517809205 ], [ 110.435005143578394, -66.412193306440003 ], [ 110.435058587526783, -66.412269563135879 ], [ 110.435081507376395, -66.412292482985492 ], [ 110.435142555573947, -66.412338269133656 ] ] ] ] } },
{ "type": "Feature", "properties": { "FEAT_TYPE": "Penguin", "UFI": 885689, "Q_INFO": 480, "DATASET_ID": 170, "COMMENTS": null, "COMMON_NAM": "Adelie Penguin", "SPECIES": null, "STATUS": null, "DB_DATE_CR": "2009-11-27", "DISPLAY": "50000, Heli op maps", "COUNT_NO": 0, "DATE_CAPTU": null, "DATE_FLAG": null }, "geometry": { "type": "MultiPolygon", "coordinates": [ [ [ [ 110.433746319034668, -66.412368739681384 ], [ 110.433700586437553, -66.412361135432207 ], [ 110.433654800289389, -66.412353531183044 ], [ 110.433609014141226, -66.412345873382833 ], [ 110.433563227993062, -66.412330611333431 ], [ 110.433525099645124, -66.412315349284057 ], [ 110.433547965943674, -66.412292482985492 ], [ 110.433601409892063, -66.412269563135879 ], [ 110.433654800289389, -66.412254354637554 ], [ 110.433662458089614, -66.412223776987716 ], [ 110.433624222639565, -66.412223776987716 ], [ 110.433586094291613, -66.412216226289601 ], [ 110.433547965943674, -66.412216226289601 ], [ 110.433517495395947, -66.412200910689165 ], [ 110.433517495395947, -66.41217038659039 ], [ 110.433555623743899, -66.4121780443906 ], [ 110.433609014141226, -66.4121780443906 ], [ 110.433662458089614, -66.412185648639777 ], [ 110.433723452736118, -66.412193306440003 ], [ 110.433769185333219, -66.412193306440003 ], [ 110.433837891330995, -66.412208568489376 ], [ 110.43380736723222, -66.412239092588152 ], [ 110.433860757629546, -66.412239092588152 ], [ 110.433914148026886, -66.412239092588152 ], [ 110.433975196224438, -66.412231434787941 ], [ 110.434028640172826, -66.412254354637554 ], [ 110.434082030570153, -66.412284825185282 ], [ 110.434089688370378, -66.412315349284057 ], [ 110.43405911072054, -66.412323007084268 ], [ 110.434005720323213, -66.412353531183044 ], [ 110.433975196224438, -66.412345873382833 ], [ 110.433921805827097, -66.412338269133656 ], [ 110.433868415429771, -66.412338269133656 ], [ 110.43380736723222, -66.412353531183044 ], [ 110.433746319034668, -66.412368739681384 ] ] ] ] } },
{ "type": "Feature", "properties": { "FEAT_TYPE": "Penguin", "UFI": 885694, "Q_INFO": 480, "DATASET_ID": 170, "COMMENTS": null, "COMMON_NAM": "Adelie Penguin", "SPECIES": null, "STATUS": null, "DB_DATE_CR": "2009-11-27", "DISPLAY": "50000, Heli op maps", "COUNT_NO": 0, "DATE_CAPTU": null, "DATE_FLAG": null }, "geometry": { "type": "MultiPolygon", "coordinates": [ [ [ [ 110.467582710936256, -66.412467969777936 ], [ 110.467544582588303, -66.412498493876711 ], [ 110.46749879644014, -66.412498493876711 ], [ 110.467460668092201, -66.412498493876711 ], [ 110.4674224861932, -66.412490836076486 ], [ 110.467369095795874, -66.412498493876711 ], [ 110.467338571697098, -66.412521360175262 ], [ 110.467376700045037, -66.412544280024861 ], [ 110.4673843042942, -66.412574750572588 ], [ 110.467353833746486, -66.412597670422201 ], [ 110.467346175946261, -66.412628194520977 ], [ 110.467308047598323, -66.412628194520977 ], [ 110.467246999400757, -66.412628194520977 ], [ 110.467216528853044, -66.412628194520977 ], [ 110.467178346954043, -66.412612878920541 ], [ 110.467185951203206, -66.412582408372813 ], [ 110.467224133102206, -66.412574750572588 ], [ 110.467254657200982, -66.412559488523215 ], [ 110.46726991925037, -66.412529017975487 ], [ 110.46726991925037, -66.412498493876711 ], [ 110.467308047598323, -66.412483231827309 ], [ 110.467262261450145, -66.412460311977711 ], [ 110.467308047598323, -66.412429787878935 ], [ 110.467338571697098, -66.412429787878935 ], [ 110.4673843042942, -66.412422183629758 ], [ 110.467414881944038, -66.412414525829547 ], [ 110.4674224861932, -66.412460311977711 ], [ 110.467483534390752, -66.412460311977711 ], [ 110.467514004938479, -66.412452707728534 ], [ 110.467559844637691, -66.412445103479371 ], [ 110.467582710936256, -66.412467969777936 ] ] ] ] } },
{ "type": "Feature", "properties": { "FEAT_TYPE": "Penguin", "UFI": 885696, "Q_INFO": 480, "DATASET_ID": 170, "COMMENTS": null, "COMMON_NAM": "Adelie Penguin", "SPECIES": null, "STATUS": null, "DB_DATE_CR": "2009-11-27", "DISPLAY": "50000, Heli op maps", "COUNT_NO": 0, "DATE_CAPTU": null, "DATE_FLAG": null }, "geometry": { "type": "MultiPolygon", "coordinates": [ [ [ [ 110.467536924788078, -66.412612878920541 ], [ 110.467597972985644, -66.412597670422201 ], [ 110.467636101333582, -66.412582408372813 ], [ 110.467674229681521, -66.412567146323426 ], [ 110.467712411580521, -66.41255183072299 ], [ 110.467735277879072, -66.412574750572588 ], [ 110.467704753780296, -66.412590066173038 ], [ 110.467666625432358, -66.412605274671364 ], [ 110.467643759133807, -66.412628194520977 ], [ 110.467613181483969, -66.41263579877014 ], [ 110.467575053136031, -66.41263579877014 ], [ 110.467536924788078, -66.412612878920541 ] ] ] ] } },
{ "type": "Feature", "properties": { "FEAT_TYPE": "Penguin", "UFI": 885706, "Q_INFO": 480, "DATASET_ID": 170, "COMMENTS": null, "COMMON_NAM": "Adelie Penguin", "SPECIES": null, "STATUS": null, "DB_DATE_CR": "2009-11-27", "DISPLAY": "50000, Heli op maps", "COUNT_NO": 0, "DATE_CAPTU": null, "DATE_FLAG": null }, "geometry": { "type": "MultiPolygon", "coordinates": [ [ [ [ 110.434280437212195, -66.41389462331388 ], [ 110.434249859562371, -66.41387941481554 ], [ 110.434257517362596, -66.413848890716764 ], [ 110.43419646916503, -66.413833628667376 ], [ 110.434158340817092, -66.413810708817778 ], [ 110.434120158918091, -66.413795446768376 ], [ 110.434158340817092, -66.413772580469825 ], [ 110.43419646916503, -66.413772580469825 ], [ 110.43417360286648, -66.413734452121872 ], [ 110.434211731214432, -66.413719190072499 ], [ 110.434265121611759, -66.413719190072499 ], [ 110.434295645710534, -66.413742109922097 ], [ 110.434265121611759, -66.413787842519213 ], [ 110.434280437212195, -66.413818366617988 ], [ 110.43432616980931, -66.413841232916553 ], [ 110.434356693908086, -66.413871757015329 ], [ 110.434310907759922, -66.41387941481554 ], [ 110.434280437212195, -66.41389462331388 ] ] ] ] } },
{ "type": "Feature", "properties": { "FEAT_TYPE": "Penguin", "UFI": 885717, "Q_INFO": 480, "DATASET_ID": 170, "COMMENTS": null, "COMMON_NAM": "Adelie Penguin", "SPECIES": null, "STATUS": null, "DB_DATE_CR": "2009-11-27", "DISPLAY": "50000, Heli op maps", "COUNT_NO": 0, "DATE_CAPTU": null, "DATE_FLAG": null }, "geometry": { "type": "MultiPolygon", "coordinates": [ [ [ [ 110.486061089967365, -66.44884487706554 ], [ 110.486099271866365, -66.448837272816363 ], [ 110.486129742414093, -66.448837272816363 ], [ 110.486160266512869, -66.448837272816363 ], [ 110.486213656910195, -66.448837272816363 ], [ 110.486251785258148, -66.448837272816363 ], [ 110.486305229206522, -66.448837272816363 ], [ 110.486335753305298, -66.448837272816363 ], [ 110.486343357554475, -66.448867796915138 ], [ 110.486381539453475, -66.448883058964526 ], [ 110.48643498340185, -66.448875401164315 ], [ 110.486480715998965, -66.448867796915138 ], [ 110.486518844346904, -66.448875401164315 ], [ 110.486488320248128, -66.448928791561642 ], [ 110.486457796149352, -66.448944107162077 ], [ 110.48643498340185, -66.448982235510016 ], [ 110.486389197253686, -66.448989839759193 ], [ 110.486305229206522, -66.448989839759193 ], [ 110.486259443058358, -66.448974577709805 ], [ 110.486290020708196, -66.448936449361867 ], [ 110.48632049125591, -66.448898321013914 ], [ 110.486282362907971, -66.448898321013914 ], [ 110.486251785258148, -66.448898321013914 ], [ 110.486213656910195, -66.448898321013914 ], [ 110.486175528562256, -66.448898321013914 ], [ 110.48612213816493, -66.448890663213689 ], [ 110.486084009816977, -66.448890663213689 ], [ 110.486061089967365, -66.44884487706554 ] ] ] ] } },
{ "type": "Feature", "properties": { "FEAT_TYPE": "Penguin", "UFI": 885719, "Q_INFO": 480, "DATASET_ID": 170, "COMMENTS": null, "COMMON_NAM": "Adelie Penguin", "SPECIES": null, "STATUS": null, "DB_DATE_CR": "2009-11-27", "DISPLAY": "50000, Heli op maps", "COUNT_NO": 0, "DATE_CAPTU": null, "DATE_FLAG": null }, "geometry": { "type": "MultiPolygon", "coordinates": [ [ [ [ 110.487571711550473, -66.449356075393453 ], [ 110.487548845251922, -66.449394257292454 ], [ 110.487518321153146, -66.449401807990569 ], [ 110.487487797054371, -66.449409465790779 ], [ 110.487457272955595, -66.449417123591004 ], [ 110.487403882558269, -66.449424727840182 ], [ 110.487358096410105, -66.449440043440617 ], [ 110.487312310261927, -66.449440043440617 ], [ 110.487258919864601, -66.449440043440617 ], [ 110.487213133716438, -66.449447594138732 ], [ 110.487159689768049, -66.449447594138732 ], [ 110.487113957170948, -66.449455251938957 ], [ 110.487075775271947, -66.449455251938957 ], [ 110.487037646923994, -66.44946285618812 ], [ 110.486991914326893, -66.44946285618812 ], [ 110.486953732427892, -66.44946285618812 ], [ 110.486923208329117, -66.449447594138732 ], [ 110.48694612817873, -66.449417123591004 ], [ 110.486915550528892, -66.449378995243052 ], [ 110.486953732427892, -66.449378995243052 ], [ 110.486991914326893, -66.449378995243052 ], [ 110.487045304724219, -66.449371337442841 ], [ 110.487052962524444, -66.449340813344065 ], [ 110.487083433072158, -66.449340813344065 ], [ 110.487144481269723, -66.449340813344065 ], [ 110.487175005368499, -66.449340813344065 ], [ 110.4872207379656, -66.449340813344065 ], [ 110.487251262064376, -66.449348471144276 ], [ 110.487281786163152, -66.44936367964263 ], [ 110.487319968062152, -66.449371337442841 ], [ 110.48735043860988, -66.449371337442841 ], [ 110.487381016259704, -66.449356075393453 ], [ 110.48735043860988, -66.449333209094902 ], [ 110.48735043860988, -66.449302684996127 ], [ 110.487396224758044, -66.449279765146514 ], [ 110.487426748856819, -66.449256898847949 ], [ 110.487480192805208, -66.449272160897351 ], [ 110.487510663352921, -66.449302684996127 ], [ 110.487533583202534, -66.449333209094902 ], [ 110.487571711550473, -66.449356075393453 ] ] ] ] } },
{ "type": "Feature", "properties": { "FEAT_TYPE": "Penguin", "UFI": 885721, "Q_INFO": 480, "DATASET_ID": 170, "COMMENTS": null, "COMMON_NAM": "Adelie Penguin", "SPECIES": null, "STATUS": null, "DB_DATE_CR": "2009-11-27", "DISPLAY": "50000, Heli op maps", "COUNT_NO": 0, "DATE_CAPTU": null, "DATE_FLAG": null }, "geometry": { "type": "MultiPolygon", "coordinates": [ [ [ [ 110.511390683295332, -66.449630738731386 ], [ 110.511344897147168, -66.449623134482209 ], [ 110.511291506749842, -66.449607818881788 ], [ 110.511276244700454, -66.44957734833406 ], [ 110.511276244700454, -66.449546770684222 ], [ 110.51132197729757, -66.449554428484447 ], [ 110.511360159196556, -66.449554428484447 ], [ 110.511390683295332, -66.449569690533835 ], [ 110.511421207394122, -66.44957734833406 ], [ 110.511451731492897, -66.449607818881788 ], [ 110.511421207394122, -66.449623134482209 ], [ 110.511390683295332, -66.449630738731386 ] ] ] ] } },
{ "type": "Feature", "properties": { "FEAT_TYPE": "Penguin", "UFI": 885740, "Q_INFO": 480, "DATASET_ID": 170, "COMMENTS": null, "COMMON_NAM": "Adelie Penguin", "SPECIES": null, "STATUS": null, "DB_DATE_CR": "2009-11-27", "DISPLAY": "50000, Heli op maps", "COUNT_NO": 0, "DATE_CAPTU": null, "DATE_FLAG": null }, "geometry": { "type": "MultiPolygon", "coordinates": [ [ [ [ 110.483245804141319, -66.459701495734393 ], [ 110.483215333593591, -66.459648158888115 ], [ 110.483261119741755, -66.45964050108789 ], [ 110.483291643840531, -66.459632896838713 ], [ 110.483329772188469, -66.459625239038502 ], [ 110.483360296287259, -66.45964050108789 ], [ 110.483314510139081, -66.459671025186665 ], [ 110.483276381791143, -66.459693945036264 ], [ 110.483245804141319, -66.459701495734393 ] ] ] ] } },
{ "type": "Feature", "properties": { "FEAT_TYPE": "Penguin", "UFI": 885761, "Q_INFO": 480, "DATASET_ID": 170, "COMMENTS": null, "COMMON_NAM": "Adelie Penguin", "SPECIES": null, "STATUS": null, "DB_DATE_CR": "2009-11-27", "DISPLAY": "50000, Heli op maps", "COUNT_NO": 0, "DATE_CAPTU": null, "DATE_FLAG": null }, "geometry": { "type": "MultiPolygon", "coordinates": [ [ [ [ 110.480628924957301, -66.460723892390234 ], [ 110.480674711105465, -66.460723892390234 ], [ 110.480705288755303, -66.460723892390234 ], [ 110.480743417103241, -66.460739154439622 ], [ 110.48078154545118, -66.460739154439622 ], [ 110.480804465300793, -66.460708630340847 ], [ 110.480842593648745, -66.460693368291459 ], [ 110.480888379796909, -66.460708630340847 ], [ 110.480895984046072, -66.460739154439622 ], [ 110.480918850344622, -66.460769678538398 ], [ 110.480972294293011, -66.460784940587786 ], [ 110.481018080441174, -66.460792544836949 ], [ 110.481056208789113, -66.460807806886351 ], [ 110.481109599186453, -66.460823068935724 ], [ 110.481071470838501, -66.4608535930345 ], [ 110.481018080441174, -66.460876459333065 ], [ 110.480972294293011, -66.460876459333065 ], [ 110.480934165945072, -66.460876459333065 ], [ 110.480888379796909, -66.460845935234289 ], [ 110.480857855698133, -66.460838330985126 ], [ 110.480812069549955, -66.460861197283677 ], [ 110.48083493584852, -66.460891721382453 ], [ 110.480789203251405, -66.460891721382453 ], [ 110.480758679152629, -66.460884117133276 ], [ 110.480735759303016, -66.460830726735949 ], [ 110.48078154545118, -66.460807806886351 ], [ 110.480827331599357, -66.460792544836949 ], [ 110.480796807500568, -66.460769678538398 ], [ 110.480758679152629, -66.460777282787575 ], [ 110.480728155053853, -66.460777282787575 ], [ 110.480697630955078, -66.460769678538398 ], [ 110.48066716040735, -66.460769678538398 ], [ 110.480636582757526, -66.460784940587786 ], [ 110.480628924957301, -66.460723892390234 ] ] ] ] } },
{ "type": "Feature", "properties": { "FEAT_TYPE": "Penguin", "UFI": 885773, "Q_INFO": 480, "DATASET_ID": 170, "COMMENTS": null, "COMMON_NAM": "Adelie Penguin", "SPECIES": null, "STATUS": null, "DB_DATE_CR": "2009-11-27", "DISPLAY": "50000, Heli op maps", "COUNT_NO": 0, "DATE_CAPTU": null, "DATE_FLAG": null }, "geometry": { "type": "MultiPolygon", "coordinates": [ [ [ [ 110.502258301349968, -66.465530366926444 ], [ 110.502304087498132, -66.465568548825445 ], [ 110.502326953796683, -66.465614281422546 ], [ 110.502258301349968, -66.465606730724431 ], [ 110.502258301349968, -66.465576153074608 ], [ 110.502258301349968, -66.465530366926444 ] ] ] ] } },
{ "type": "Feature", "properties": { "FEAT_TYPE": "Penguin", "UFI": 885775, "Q_INFO": 480, "DATASET_ID": 170, "COMMENTS": null, "COMMON_NAM": "Adelie Penguin", "SPECIES": null, "STATUS": null, "DB_DATE_CR": "2009-11-27", "DISPLAY": "50000, Heli op maps", "COUNT_NO": 0, "DATE_CAPTU": null, "DATE_FLAG": null }, "geometry": { "type": "MultiPolygon", "coordinates": [ [ [ [ 110.501564011980435, -66.465591415123995 ], [ 110.501533541432721, -66.465614281422546 ], [ 110.50149535953372, -66.465576153074608 ], [ 110.501541145681884, -66.465568548825445 ], [ 110.501564011980435, -66.465591415123995 ] ] ] ] } },
{ "type": "Feature", "properties": { "FEAT_TYPE": "Penguin", "UFI": 885781, "Q_INFO": 480, "DATASET_ID": 170, "COMMENTS": null, "COMMON_NAM": "Adelie Penguin", "SPECIES": null, "STATUS": null, "DB_DATE_CR": "2009-11-27", "DISPLAY": "50000, Heli op maps", "COUNT_NO": 0, "DATE_CAPTU": null, "DATE_FLAG": null }, "geometry": { "type": "MultiPolygon", "coordinates": [ [ [ [ 110.496643045298299, -66.467788721827461 ], [ 110.496650703098524, -66.467834507975624 ], [ 110.49670409349585, -66.467849716473964 ], [ 110.496711751296075, -66.46788024057274 ], [ 110.496673569397075, -66.467895502622127 ], [ 110.496635441049136, -66.467895502622127 ], [ 110.496582050651796, -66.467895502622127 ], [ 110.496543922303857, -66.467895502622127 ], [ 110.496505740404857, -66.467887898372965 ], [ 110.496452296456468, -66.467895502622127 ], [ 110.496429430157917, -66.467872636323563 ], [ 110.496490478355469, -66.467834507975624 ], [ 110.496543922303857, -66.467826850175413 ], [ 110.496643045298299, -66.467788721827461 ] ] ] ] } },
{ "type": "Feature", "properties": { "FEAT_TYPE": "Penguin", "UFI": 885784, "Q_INFO": 480, "DATASET_ID": 170, "COMMENTS": null, "COMMON_NAM": "Adelie Penguin", "SPECIES": null, "STATUS": null, "DB_DATE_CR": "2009-11-27", "DISPLAY": "50000, Heli op maps", "COUNT_NO": 0, "DATE_CAPTU": null, "DATE_FLAG": null }, "geometry": { "type": "MultiPolygon", "coordinates": [ [ [ [ 110.494186390857337, -66.468261738256388 ], [ 110.494140604709173, -66.468208294307999 ], [ 110.494194048657562, -66.468193032258625 ], [ 110.4942321770055, -66.468193032258625 ], [ 110.494293225203052, -66.468200690058836 ], [ 110.494323749301827, -66.468208294307999 ], [ 110.49436187764978, -66.468223609908449 ], [ 110.494377139699168, -66.46826934250555 ], [ 110.49433135355099, -66.468276946754727 ], [ 110.494270305353439, -66.468292208804115 ], [ 110.494239834805725, -66.468238818406775 ], [ 110.494186390857337, -66.468261738256388 ] ] ] ] } },
{ "type": "Feature", "properties": { "FEAT_TYPE": "Penguin", "UFI": 885788, "Q_INFO": 480, "DATASET_ID": 170, "COMMENTS": null, "COMMON_NAM": "Adelie Penguin", "SPECIES": null, "STATUS": null, "DB_DATE_CR": "2009-11-27", "DISPLAY": "50000, Heli op maps", "COUNT_NO": 0, "DATE_CAPTU": null, "DATE_FLAG": null }, "geometry": { "type": "MultiPolygon", "coordinates": [ [ [ [ 110.49484249832787, -66.470138541922708 ], [ 110.494834894078693, -66.470169066021484 ], [ 110.494789107930529, -66.470176723821709 ], [ 110.494743321782366, -66.470176723821709 ], [ 110.494712851234652, -66.470169066021484 ], [ 110.494659407286264, -66.470153803972096 ], [ 110.494667065086489, -66.47012327987332 ], [ 110.494689931385039, -66.470100413574755 ], [ 110.494720455483815, -66.470100413574755 ], [ 110.494766241631979, -66.470108017823932 ], [ 110.494789107930529, -66.470130937673531 ], [ 110.49484249832787, -66.470138541922708 ] ] ] ] } },
{ "type": "Feature", "properties": { "FEAT_TYPE": "Penguin", "UFI": 885798, "Q_INFO": 480, "DATASET_ID": 170, "COMMENTS": null, "COMMON_NAM": "Adelie Penguin", "SPECIES": null, "STATUS": null, "DB_DATE_CR": "2009-11-27", "DISPLAY": "50000, Heli op maps", "COUNT_NO": 0, "DATE_CAPTU": null, "DATE_FLAG": null }, "geometry": { "type": "MultiPolygon", "coordinates": [ [ [ [ 110.495910681131875, -66.470565772203472 ], [ 110.495903023331664, -66.470619162600798 ], [ 110.495857237183486, -66.470626820401023 ], [ 110.495826766635773, -66.470626820401023 ], [ 110.49580384678616, -66.470596296302247 ], [ 110.495849632934323, -66.470581034252859 ], [ 110.495910681131875, -66.470565772203472 ] ] ] ] } }
]
}
