{
"type": "FeatureCollection",
"name": "lakes_ponds",
"crs": { "type": "name", "properties": { "name": "urn:ogc:def:crs:OGC:1.3:CRS84" } },
"features": [
{ "type": "Feature", "properties": { "AREA": 3.01171875, "PERIMETER": 8.3126608304899996, "LKPG1_": 2, "LKPG1_ID": 9, "FEATURE": "LAKE", "DQI": 20, "SAMP_NO": null, "WSAMP_NO": null, "D18O": 0.0, "W_DATE": null, "CDSAMP_NO": null, "CD_METHOD": null, "CD_DATE": 0, "CD_ERROR": 0, "REMARKS": null, "COLL_BY": null }, "geometry": { "type": "MultiPolygon", "coordinates": [ [ [ [ 110.404231870285486, -66.185405088946737 ], [ 110.404211810665529, -66.185402768880408 ], [ 110.404256618886606, -66.185384997766775 ], [ 110.404287722210938, -66.185389603218795 ], [ 110.404231870285486, -66.185405088946737 ] ] ] ] } },
{ "type": "Feature", "properties": { "AREA": 2.5, "PERIMETER": 7.1166727360199999, "LKPG1_": 3, "LKPG1_ID": 5, "FEATURE": "LAKE", "DQI": 20, "SAMP_NO": null, "WSAMP_NO": null, "D18O": 0.0, "W_DATE": null, "CDSAMP_NO": null, "CD_METHOD": null, "CD_DATE": 0, "CD_ERROR": 0, "REMARKS": null, "COLL_BY": null }, "geometry": { "type": "MultiPolygon", "coordinates": [ [ [ [ 110.401114616182454, -66.185444657791052 ], [ 110.401103838023758, -66.185431158557762 ], [ 110.401137445866411, -66.185417830899254 ], [ 110.401137021422997, -66.185435772684642 ], [ 110.401114616182454, -66.185444657791052 ] ] ] ] } },
{ "type": "Feature", "properties": { "AREA": 3.375, "PERIMETER": 7.5811388300799996, "LKPG1_": 4, "LKPG1_ID": 6, "FEATURE": "LAKE", "DQI": 20, "SAMP_NO": null, "WSAMP_NO": null, "D18O": 0.0, "W_DATE": null, "CDSAMP_NO": null, "CD_METHOD": null, "CD_DATE": 0, "CD_ERROR": 0, "REMARKS": null, "COLL_BY": null }, "geometry": { "type": "MultiPolygon", "coordinates": [ [ [ [ 110.400923852555309, -66.185533637402159 ], [ 110.400890456756741, -66.185537994121802 ], [ 110.400890669066925, -66.185529023229634 ], [ 110.400890987531881, -66.185515566891354 ], [ 110.400924277151759, -66.185515695617696 ], [ 110.400923852555309, -66.185533637402159 ] ] ] ] } },
{ "type": "Feature", "properties": { "AREA": 17.5, "PERIMETER": 18.554687039400001, "LKPG1_": 5, "LKPG1_ID": 7, "FEATURE": "LAKE", "DQI": 20, "SAMP_NO": null, "WSAMP_NO": null, "D18O": 0.0, "W_DATE": null, "CDSAMP_NO": null, "CD_METHOD": null, "CD_DATE": 0, "CD_ERROR": 0, "REMARKS": null, "COLL_BY": null }, "geometry": { "type": "MultiPolygon", "coordinates": [ [ [ [ 110.402310180037517, -66.185570392776739 ], [ 110.402288410534382, -66.185552365369617 ], [ 110.402388703124657, -66.185534808837303 ], [ 110.40245528243355, -66.185535065639257 ], [ 110.402443762362338, -66.185552964630304 ], [ 110.402388067785992, -66.185561721521111 ], [ 110.402310180037517, -66.185570392776739 ] ] ] ] } },
{ "type": "Feature", "properties": { "AREA": 9.65625, "PERIMETER": 14.1627408279, "LKPG1_": 6, "LKPG1_ID": 8, "FEATURE": "LAKE", "DQI": 20, "SAMP_NO": null, "WSAMP_NO": null, "D18O": 0.0, "W_DATE": null, "CDSAMP_NO": null, "CD_METHOD": null, "CD_DATE": 0, "CD_ERROR": 0, "REMARKS": null, "COLL_BY": null }, "geometry": { "type": "MultiPolygon", "coordinates": [ [ [ [ 110.404403738245136, -66.185735460070489 ], [ 110.404372634474953, -66.185730854641605 ], [ 110.4044041603793, -66.185717518275126 ], [ 110.404459749080999, -66.185713246108406 ], [ 110.404514915708774, -66.185726915717467 ], [ 110.404492616911327, -66.185731315863791 ], [ 110.404403738245136, -66.185735460070489 ] ] ] ] } },
{ "type": "Feature", "properties": { "AREA": 10.03125, "PERIMETER": 16.140807066299999, "LKPG1_": 7, "LKPG1_ID": 4, "FEATURE": "LAKE", "DQI": 20, "SAMP_NO": null, "WSAMP_NO": null, "D18O": 0.0, "W_DATE": null, "CDSAMP_NO": null, "CD_METHOD": null, "CD_DATE": 0, "CD_ERROR": 0, "REMARKS": null, "COLL_BY": null }, "geometry": { "type": "MultiPolygon", "coordinates": [ [ [ [ 110.398431735889872, -66.186264147479449 ], [ 110.398343067597025, -66.186259317319667 ], [ 110.398387774846881, -66.186246033353257 ], [ 110.398465452832951, -66.186246334960231 ], [ 110.398511654464414, -66.186257728976486 ], [ 110.398431735889872, -66.186264147479449 ] ] ] ] } },
{ "type": "Feature", "properties": { "AREA": 13.5234375, "PERIMETER": 16.122738658599999, "LKPG1_": 8, "LKPG1_ID": 2, "FEATURE": "LAKE", "DQI": 20, "SAMP_NO": null, "WSAMP_NO": null, "D18O": 0.0, "W_DATE": null, "CDSAMP_NO": null, "CD_METHOD": null, "CD_DATE": 0, "CD_ERROR": 0, "REMARKS": null, "COLL_BY": null }, "geometry": { "type": "MultiPolygon", "coordinates": [ [ [ [ 110.391144296213156, -66.186477917283071 ], [ 110.391113841309391, -66.186446396569139 ], [ 110.391136358829399, -66.186433027476085 ], [ 110.391203263991201, -66.186419832802486 ], [ 110.391191411927849, -66.186451187260843 ], [ 110.391144296213156, -66.186477917283071 ] ] ] ] } },
{ "type": "Feature", "properties": { "AREA": 5.75, "PERIMETER": 10.609357251500001, "LKPG1_": 9, "LKPG1_ID": 3, "FEATURE": "LAKE", "DQI": 20, "SAMP_NO": null, "WSAMP_NO": null, "D18O": 0.0, "W_DATE": null, "CDSAMP_NO": null, "CD_METHOD": null, "CD_DATE": 0, "CD_ERROR": 0, "REMARKS": null, "COLL_BY": null }, "geometry": { "type": "MultiPolygon", "coordinates": [ [ [ [ 110.391162960829007, -66.186711255421145 ], [ 110.391107583503171, -66.186706551938457 ], [ 110.391129993368139, -66.186697668284282 ], [ 110.391174597286039, -66.186688871840943 ], [ 110.391207780512758, -66.186693488093525 ], [ 110.391162960829007, -66.186711255421145 ] ] ] ] } },
{ "type": "Feature", "properties": { "AREA": 95.6875, "PERIMETER": 40.617394213200001, "LKPG1_": 10, "LKPG1_ID": 10, "FEATURE": "LAKE", "DQI": 20, "SAMP_NO": null, "WSAMP_NO": null, "D18O": 0.0, "W_DATE": null, "CDSAMP_NO": null, "CD_METHOD": null, "CD_DATE": 0, "CD_ERROR": 0, "REMARKS": null, "COLL_BY": null }, "geometry": { "type": "MultiPolygon", "coordinates": [ [ [ [ 110.4032240912872, -66.187287512294034 ], [ 110.403135630015754, -66.187273713980346 ], [ 110.403137216501037, -66.187206432276511 ], [ 110.403237620811382, -66.187184389755942 ], [ 110.403315301745693, -66.18718468893357 ], [ 110.403403234213613, -66.187220914380461 ], [ 110.403359762799766, -66.18727009138243 ], [ 110.403324707308997, -66.187256498823459 ], [ 110.403269220769644, -66.187256285132378 ], [ 110.4032240912872, -66.187287512294034 ] ] ] ] } },
{ "type": "Feature", "properties": { "AREA": 14.5, "PERIMETER": 15.6123904586, "LKPG1_": 11, "LKPG1_ID": 11, "FEATURE": "LAKE", "DQI": 20, "SAMP_NO": null, "WSAMP_NO": null, "D18O": 0.0, "W_DATE": null, "CDSAMP_NO": null, "CD_METHOD": null, "CD_DATE": 0, "CD_ERROR": 0, "REMARKS": null, "COLL_BY": null }, "geometry": { "type": "MultiPolygon", "coordinates": [ [ [ [ 110.393280178863364, -66.187742336840856 ], [ 110.393225013934696, -66.187728663236541 ], [ 110.393269941495006, -66.187706409876498 ], [ 110.393292351489364, -66.187697525910821 ], [ 110.393325751438695, -66.187693170833356 ], [ 110.3933248913862, -66.187729054342 ], [ 110.393280178863364, -66.187742336840856 ] ] ] ] } },
{ "type": "Feature", "properties": { "AREA": 2.203125, "PERIMETER": 7.0102313938799998, "LKPG1_": 12, "LKPG1_ID": 1, "FEATURE": "LAKE", "DQI": 20, "SAMP_NO": null, "WSAMP_NO": null, "D18O": 0.0, "W_DATE": null, "CDSAMP_NO": null, "CD_METHOD": null, "CD_DATE": 0, "CD_ERROR": 0, "REMARKS": null, "COLL_BY": null }, "geometry": { "type": "MultiPolygon", "coordinates": [ [ [ [ 110.385536382887835, -66.195476846538 ], [ 110.385500998843924, -66.195476706242559 ], [ 110.385523636312683, -66.195458852561856 ], [ 110.385545838050106, -66.195458940588068 ], [ 110.385532437913895, -66.195467859177981 ], [ 110.385536382887835, -66.195476846538 ] ] ] ] } },
{ "type": "Feature", "properties": { "AREA": 6.75, "PERIMETER": 11.1133088195, "LKPG1_": 13, "LKPG1_ID": 62, "FEATURE": "LAKE", "DQI": 20, "SAMP_NO": null, "WSAMP_NO": null, "D18O": 0.0, "W_DATE": null, "CDSAMP_NO": null, "CD_METHOD": null, "CD_DATE": 0, "CD_ERROR": 0, "REMARKS": null, "COLL_BY": null }, "geometry": { "type": "MultiPolygon", "coordinates": [ [ [ [ 110.385847186479481, -66.196307962422622 ], [ 110.385825855032905, -66.196271991020524 ], [ 110.385870151065774, -66.196276652411612 ], [ 110.385891809183192, -66.196299167525552 ], [ 110.385847186479481, -66.196307962422622 ] ] ] ] } },
{ "type": "Feature", "properties": { "AREA": 211.0625, "PERIMETER": 66.057279011399999, "LKPG1_": 14, "LKPG1_ID": 292, "FEATURE": "LAKE", "DQI": 20, "SAMP_NO": null, "WSAMP_NO": null, "D18O": 0.0, "W_DATE": null, "CDSAMP_NO": null, "CD_METHOD": null, "CD_DATE": 0, "CD_ERROR": 0, "REMARKS": null, "COLL_BY": null }, "geometry": { "type": "MultiPolygon", "coordinates": [ [ [ [ 110.589082635167216, -66.224401472950646 ], [ 110.588849388502013, -66.224391883427344 ], [ 110.588749582135563, -66.224378161624799 ], [ 110.588725598959101, -66.224357912181588 ], [ 110.588750166160438, -66.224342277199824 ], [ 110.58890612576387, -66.22432026184994 ], [ 110.589117289857569, -66.22432082130743 ], [ 110.589339422065379, -66.224330381006467 ], [ 110.589383586121343, -66.22434844090067 ], [ 110.5893832945588, -66.224366383114599 ], [ 110.589271717893723, -66.224393002209979 ], [ 110.589082635167216, -66.224401472950646 ] ] ] ] } },
{ "type": "Feature", "properties": { "AREA": 191.0, "PERIMETER": 75.860449721999998, "LKPG1_": 15, "LKPG1_ID": 293, "FEATURE": "LAKE", "DQI": 20, "SAMP_NO": null, "WSAMP_NO": null, "D18O": 0.0, "W_DATE": null, "CDSAMP_NO": null, "CD_METHOD": null, "CD_DATE": 0, "CD_ERROR": 0, "REMARKS": null, "COLL_BY": null }, "geometry": { "type": "MultiPolygon", "coordinates": [ [ [ [ 110.587947624140298, -66.224483691421469 ], [ 110.587881232952043, -66.224465572068482 ], [ 110.587903680336893, -66.224452174461419 ], [ 110.587992884537158, -66.224434468421734 ], [ 110.588215382804734, -66.224421601967123 ], [ 110.588526792348873, -66.224408971057869 ], [ 110.588637931729181, -66.224409265816988 ], [ 110.588671054491996, -66.224422810888328 ], [ 110.588648461497044, -66.224445179712703 ], [ 110.58834787322651, -66.224475782570366 ], [ 110.587947624140298, -66.224483691421469 ] ] ] ] } },
{ "type": "Feature", "properties": { "AREA": 1443.1796875, "PERIMETER": 158.50932299900001, "LKPG1_": 16, "LKPG1_ID": 310, "FEATURE": "LAKE", "DQI": 20, "SAMP_NO": null, "WSAMP_NO": null, "D18O": 0.0, "W_DATE": null, "CDSAMP_NO": null, "CD_METHOD": null, "CD_DATE": 0, "CD_ERROR": 0, "REMARKS": null, "COLL_BY": null }, "geometry": { "type": "MultiPolygon", "coordinates": [ [ [ [ 110.592063812231785, -66.224934173431819 ], [ 110.591819445335446, -66.224924559144824 ], [ 110.591275649200412, -66.224873784131162 ], [ 110.591109372527541, -66.224846431470809 ], [ 110.590936331430512, -66.224807846430181 ], [ 110.590899148090926, -66.224787562520007 ], [ 110.590899293336975, -66.224778591411862 ], [ 110.591055326364085, -66.224752088348779 ], [ 110.591267509928514, -66.224689847122093 ], [ 110.59159032533222, -66.224659297129975 ], [ 110.591768222640027, -66.224655279640871 ], [ 110.591968130691882, -66.224664777080335 ], [ 110.592112178967639, -66.224692070376122 ], [ 110.592234144167506, -66.224710334001372 ], [ 110.592367151265449, -66.22473311229092 ], [ 110.59241131819104, -66.224751171323646 ], [ 110.592423828830704, -66.224793818771914 ], [ 110.592388004623743, -66.224818396242313 ], [ 110.592253477021714, -66.224889814621434 ], [ 110.592063812231785, -66.224934173431819 ] ] ] ] } },
{ "type": "Feature", "properties": { "AREA": 89.0546875, "PERIMETER": 38.591423129900001, "LKPG1_": 17, "LKPG1_ID": 291, "FEATURE": "LAKE", "DQI": 20, "SAMP_NO": null, "WSAMP_NO": null, "D18O": 0.0, "W_DATE": null, "CDSAMP_NO": null, "CD_METHOD": null, "CD_DATE": 0, "CD_ERROR": 0, "REMARKS": null, "COLL_BY": null }, "geometry": { "type": "MultiPolygon", "coordinates": [ [ [ [ 110.581947105771732, -66.225077698391203 ], [ 110.581947922115162, -66.225028357353736 ], [ 110.581992527329618, -66.225019506055006 ], [ 110.58207756984379, -66.225001792190824 ], [ 110.582170577009222, -66.225006528476769 ], [ 110.58227030811419, -66.225024740059453 ], [ 110.582272095405372, -66.22504268786723 ], [ 110.582225332169244, -66.225056019183199 ], [ 110.582136195922388, -66.225069236352638 ], [ 110.581947105771732, -66.225077698391203 ] ] ] ] } },
{ "type": "Feature", "properties": { "AREA": 3.2265625, "PERIMETER": 8.3649928885399998, "LKPG1_": 18, "LKPG1_ID": 88, "FEATURE": "LAKE", "DQI": 20, "SAMP_NO": null, "WSAMP_NO": null, "D18O": 0.0, "W_DATE": null, "CDSAMP_NO": null, "CD_METHOD": null, "CD_DATE": 0, "CD_ERROR": 0, "REMARKS": null, "COLL_BY": null }, "geometry": { "type": "MultiPolygon", "coordinates": [ [ [ [ 110.151541461853341, -66.224738206401099 ], [ 110.15148634796877, -66.224724446931418 ], [ 110.151495829260597, -66.224711040793451 ], [ 110.151541763078598, -66.224729236047978 ], [ 110.151541461853341, -66.224738206401099 ] ] ] ] } },
{ "type": "Feature", "properties": { "AREA": 13.8046875, "PERIMETER": 23.946588811600002, "LKPG1_": 19, "LKPG1_ID": 87, "FEATURE": "LAKE", "DQI": 20, "SAMP_NO": null, "WSAMP_NO": null, "D18O": 0.0, "W_DATE": null, "CDSAMP_NO": null, "CD_METHOD": null, "CD_DATE": 0, "CD_ERROR": 0, "REMARKS": null, "COLL_BY": null }, "geometry": { "type": "MultiPolygon", "coordinates": [ [ [ [ 110.15165063564811, -66.224797121518492 ], [ 110.151528842553304, -66.224782997380004 ], [ 110.151484691119137, -66.224773783872806 ], [ 110.15142942655541, -66.224764509559364 ], [ 110.151540558176151, -66.224765117460407 ], [ 110.151562633891885, -66.224769724207633 ], [ 110.15159552157553, -66.224783362087507 ], [ 110.151606935948877, -66.224774452516073 ], [ 110.151651087429016, -66.224783665988525 ], [ 110.151659966288364, -66.224788200547252 ], [ 110.15165063564811, -66.224797121518492 ] ] ] ] } },
{ "type": "Feature", "properties": { "AREA": 2.34375, "PERIMETER": 8.1258604446200007, "LKPG1_": 20, "LKPG1_ID": 2267, "FEATURE": "LAKE", "DQI": 20, "SAMP_NO": null, "WSAMP_NO": null, "D18O": 0.0, "W_DATE": null, "CDSAMP_NO": null, "CD_METHOD": null, "CD_DATE": 0, "CD_ERROR": 0, "REMARKS": null, "COLL_BY": null }, "geometry": { "type": "MultiPolygon", "coordinates": [ [ [ [ 110.15221811384059, -66.224903402028147 ], [ 110.152180606706111, -66.224903197034038 ], [ 110.152169794485843, -66.224894165938906 ], [ 110.152225661575926, -66.224885499279949 ], [ 110.15220313414892, -66.224894348158642 ], [ 110.15221811384059, -66.224903402028147 ] ] ] ] } },
{ "type": "Feature", "properties": { "AREA": 2.15625, "PERIMETER": 9.1868661962899996, "LKPG1_": 21, "LKPG1_ID": 2268, "FEATURE": "LAKE", "DQI": 20, "SAMP_NO": null, "WSAMP_NO": null, "D18O": 0.0, "W_DATE": null, "CDSAMP_NO": null, "CD_METHOD": null, "CD_DATE": 0, "CD_ERROR": 0, "REMARKS": null, "COLL_BY": null }, "geometry": { "type": "MultiPolygon", "coordinates": [ [ [ [ 110.15221811384059, -66.224903402028147 ], [ 110.152292039919629, -66.224894834042914 ], [ 110.152313965409533, -66.224903925860758 ], [ 110.15221811384059, -66.224903402028147 ] ] ] ] } },
{ "type": "Feature", "properties": { "AREA": 3.0, "PERIMETER": 7.4049183472899998, "LKPG1_": 22, "LKPG1_ID": 101, "FEATURE": "LAKE", "DQI": 20, "SAMP_NO": null, "WSAMP_NO": null, "D18O": 0.0, "W_DATE": null, "CDSAMP_NO": null, "CD_METHOD": null, "CD_DATE": 0, "CD_ERROR": 0, "REMARKS": null, "COLL_BY": null }, "geometry": { "type": "MultiPolygon", "coordinates": [ [ [ [ 110.150379209295807, -66.224924742878926 ], [ 110.150368548533194, -66.22491122648384 ], [ 110.150402340651553, -66.224897953565289 ], [ 110.150413001426699, -66.224911469958073 ], [ 110.150379209295807, -66.224924742878926 ] ] ] ] } },
{ "type": "Feature", "properties": { "AREA": 0.453125, "PERIMETER": 3.25580143011, "LKPG1_": 23, "LKPG1_ID": 94, "FEATURE": "LAKE", "DQI": 20, "SAMP_NO": null, "WSAMP_NO": null, "D18O": 0.0, "W_DATE": null, "CDSAMP_NO": null, "CD_METHOD": null, "CD_DATE": 0, "CD_ERROR": 0, "REMARKS": null, "COLL_BY": null }, "geometry": { "type": "MultiPolygon", "coordinates": [ [ [ [ 110.152235848710831, -66.224975274949799 ], [ 110.152256292463832, -66.224966414678732 ], [ 110.152255991488857, -66.224975385033233 ], [ 110.152235848710831, -66.224975274949799 ] ] ] ] } },
{ "type": "Feature", "properties": { "AREA": 4.5, "PERIMETER": 9.1380440353499992, "LKPG1_": 24, "LKPG1_ID": 99, "FEATURE": "LAKE", "DQI": 20, "SAMP_NO": null, "WSAMP_NO": null, "D18O": 0.0, "W_DATE": null, "CDSAMP_NO": null, "CD_METHOD": null, "CD_DATE": 0, "CD_ERROR": 0, "REMARKS": null, "COLL_BY": null }, "geometry": { "type": "MultiPolygon", "coordinates": [ [ [ [ 110.150532381819986, -66.224997357776601 ], [ 110.150466003862221, -66.224988022261243 ], [ 110.15048853197969, -66.224979173635646 ], [ 110.150533135787484, -66.224974931900391 ], [ 110.150532381819986, -66.224997357776601 ] ] ] ] } },
{ "type": "Feature", "properties": { "AREA": 6.75, "PERIMETER": 10.935396262399999, "LKPG1_": 25, "LKPG1_ID": 89, "FEATURE": "LAKE", "DQI": 20, "SAMP_NO": null, "WSAMP_NO": null, "D18O": 0.0, "W_DATE": null, "CDSAMP_NO": null, "CD_METHOD": null, "CD_DATE": 0, "CD_ERROR": 0, "REMARKS": null, "COLL_BY": null }, "geometry": { "type": "MultiPolygon", "coordinates": [ [ [ [ 110.151754690375526, -66.225008532566861 ], [ 110.151732764996865, -66.224999440670231 ], [ 110.151755443258608, -66.224986106683588 ], [ 110.151833085518589, -66.224991017236647 ], [ 110.151799294024997, -66.225004290467382 ], [ 110.151754690375526, -66.225008532566861 ] ] ] ] } },
{ "type": "Feature", "properties": { "AREA": 3.5, "PERIMETER": 8.0776872304600005, "LKPG1_": 26, "LKPG1_ID": 100, "FEATURE": "LAKE", "DQI": 20, "SAMP_NO": null, "WSAMP_NO": null, "D18O": 0.0, "W_DATE": null, "CDSAMP_NO": null, "CD_METHOD": null, "CD_DATE": 0, "CD_ERROR": 0, "REMARKS": null, "COLL_BY": null }, "geometry": { "type": "MultiPolygon", "coordinates": [ [ [ [ 110.150754194801053, -66.225012030312968 ], [ 110.150710043251138, -66.225002816585416 ], [ 110.150743684557327, -66.224994028768066 ], [ 110.150787836104243, -66.225003242486011 ], [ 110.150754194801053, -66.225012030312968 ] ] ] ] } },
{ "type": "Feature", "properties": { "AREA": 3.0, "PERIMETER": 7.4823624392900001, "LKPG1_": 27, "LKPG1_ID": 102, "FEATURE": "LAKE", "DQI": 20, "SAMP_NO": null, "WSAMP_NO": null, "D18O": 0.0, "W_DATE": null, "CDSAMP_NO": null, "CD_METHOD": null, "CD_DATE": 0, "CD_ERROR": 0, "REMARKS": null, "COLL_BY": null }, "geometry": { "type": "MultiPolygon", "coordinates": [ [ [ [ 110.149886454570719, -66.225034193217525 ], [ 110.149875944936483, -66.225016191614529 ], [ 110.149931511277231, -66.225016496132014 ], [ 110.149908832027336, -66.225029829850911 ], [ 110.149886454570719, -66.225034193217525 ] ] ] ] } },
{ "type": "Feature", "properties": { "AREA": 0.5, "PERIMETER": 3.2360679775, "LKPG1_": 28, "LKPG1_ID": 95, "FEATURE": "LAKE", "DQI": 20, "SAMP_NO": null, "WSAMP_NO": null, "D18O": 0.0, "W_DATE": null, "CDSAMP_NO": null, "CD_METHOD": null, "CD_DATE": 0, "CD_ERROR": 0, "REMARKS": null, "COLL_BY": null }, "geometry": { "type": "MultiPolygon", "coordinates": [ [ [ [ 110.152263643562108, -66.225078604844128 ], [ 110.15225283123749, -66.225069573754865 ], [ 110.152275057834231, -66.225069695223766 ], [ 110.152263643562108, -66.225078604844128 ] ] ] ] } },
{ "type": "Feature", "properties": { "AREA": 10.5703125, "PERIMETER": 12.5594139735, "LKPG1_": 29, "LKPG1_ID": 98, "FEATURE": "LAKE", "DQI": 20, "SAMP_NO": null, "WSAMP_NO": null, "D18O": 0.0, "W_DATE": null, "CDSAMP_NO": null, "CD_METHOD": null, "CD_DATE": 0, "CD_ERROR": 0, "REMARKS": null, "COLL_BY": null }, "geometry": { "type": "MultiPolygon", "coordinates": [ [ [ [ 110.150549481459507, -66.225149975449298 ], [ 110.150525171052934, -66.225149842322054 ], [ 110.150494367220745, -66.225136215627515 ], [ 110.150539423685004, -66.225118518365434 ], [ 110.150583876945149, -66.22511876179108 ], [ 110.150582972231874, -66.225145672842402 ], [ 110.150549481459507, -66.225149975449298 ] ] ] ] } },
{ "type": "Feature", "properties": { "AREA": 3.69921875, "PERIMETER": 9.1991052174900005, "LKPG1_": 30, "LKPG1_ID": 90, "FEATURE": "LAKE", "DQI": 20, "SAMP_NO": null, "WSAMP_NO": null, "D18O": 0.0, "W_DATE": null, "CDSAMP_NO": null, "CD_METHOD": null, "CD_DATE": 0, "CD_ERROR": 0, "REMARKS": null, "COLL_BY": null }, "geometry": { "type": "MultiPolygon", "coordinates": [ [ [ [ 110.152081489199219, -66.22514489925517 ], [ 110.15199466630294, -66.225144424640646 ], [ 110.1520171940263, -66.225135575792862 ], [ 110.152046592297779, -66.22512900749912 ], [ 110.152081489199219, -66.22514489925517 ] ] ] ] } },
{ "type": "Feature", "properties": { "AREA": 11.140625, "PERIMETER": 15.4035343367, "LKPG1_": 31, "LKPG1_ID": 92, "FEATURE": "LAKE", "DQI": 20, "SAMP_NO": null, "WSAMP_NO": null, "D18O": 0.0, "W_DATE": null, "CDSAMP_NO": null, "CD_METHOD": null, "CD_DATE": 0, "CD_ERROR": 0, "REMARKS": null, "COLL_BY": null }, "geometry": { "type": "MultiPolygon", "coordinates": [ [ [ [ 110.152236751712593, -66.225217523864643 ], [ 110.152223705088659, -66.225212966562466 ], [ 110.152215427964734, -66.225190491327709 ], [ 110.152260182347419, -66.225181763918982 ], [ 110.152326411004978, -66.225195583844851 ], [ 110.152325959574881, -66.225209039376438 ], [ 110.152292920460837, -66.225199886828349 ], [ 110.152236751712593, -66.225217523864643 ] ] ] ] } },
{ "type": "Feature", "properties": { "AREA": 4.375, "PERIMETER": 9.5787742095400006, "LKPG1_": 32, "LKPG1_ID": 91, "FEATURE": "LAKE", "DQI": 20, "SAMP_NO": null, "WSAMP_NO": null, "D18O": 0.0, "W_DATE": null, "CDSAMP_NO": null, "CD_METHOD": null, "CD_DATE": 0, "CD_ERROR": 0, "REMARKS": null, "COLL_BY": null }, "geometry": { "type": "MultiPolygon", "coordinates": [ [ [ [ 110.151836670670335, -66.225215336836243 ], [ 110.151837122361115, -66.225201881306361 ], [ 110.151892839692039, -66.225197699945099 ], [ 110.151892613861591, -66.225204427710153 ], [ 110.15191476530002, -66.225206791819133 ], [ 110.151903501390592, -66.225211216235934 ], [ 110.151836670670335, -66.225215336836243 ] ] ] ] } },
{ "type": "Feature", "properties": { "AREA": 8.515625, "PERIMETER": 13.3855332777, "LKPG1_": 33, "LKPG1_ID": 96, "FEATURE": "LAKE", "DQI": 20, "SAMP_NO": null, "WSAMP_NO": null, "D18O": 0.0, "W_DATE": null, "CDSAMP_NO": null, "CD_METHOD": null, "CD_DATE": 0, "CD_ERROR": 0, "REMARKS": null, "COLL_BY": null }, "geometry": { "type": "MultiPolygon", "coordinates": [ [ [ [ 110.152201455136094, -66.225275648953087 ], [ 110.152188859993274, -66.225257636116922 ], [ 110.152213471508205, -66.225248798629494 ], [ 110.152225337359852, -66.225226433481922 ], [ 110.15224711262168, -66.225240010486161 ], [ 110.152257473549085, -66.225262497106939 ], [ 110.152201455136094, -66.225275648953087 ] ] ] ] } },
{ "type": "Feature", "properties": { "AREA": 0.875, "PERIMETER": 4.5019484565700001, "LKPG1_": 34, "LKPG1_ID": 97, "FEATURE": "LAKE", "DQI": 20, "SAMP_NO": null, "WSAMP_NO": null, "D18O": 0.0, "W_DATE": null, "CDSAMP_NO": null, "CD_METHOD": null, "CD_DATE": 0, "CD_ERROR": 0, "REMARKS": null, "COLL_BY": null }, "geometry": { "type": "MultiPolygon", "coordinates": [ [ [ [ 110.150557126609073, -66.225253195334659 ], [ 110.150579805718721, -66.225239861521246 ], [ 110.150590617517082, -66.225248892726327 ], [ 110.150557126609073, -66.225253195334659 ] ] ] ] } },
{ "type": "Feature", "properties": { "AREA": 1252.3125, "PERIMETER": 139.406544008, "LKPG1_": 35, "LKPG1_ID": 297, "FEATURE": "LAKE", "DQI": 20, "SAMP_NO": null, "WSAMP_NO": null, "D18O": 0.0, "W_DATE": null, "CDSAMP_NO": null, "CD_METHOD": null, "CD_DATE": 0, "CD_ERROR": 0, "REMARKS": null, "COLL_BY": null }, "geometry": { "type": "MultiPolygon", "coordinates": [ [ [ [ 110.61492978328836, -66.227643687965411 ], [ 110.614928826155278, -66.227706485881427 ], [ 110.614906185082091, -66.227733344094105 ], [ 110.614861518202389, -66.227746690421128 ], [ 110.614738906342538, -66.227768814666774 ], [ 110.614561127558858, -66.227763887357042 ], [ 110.614494434866458, -66.227763721650319 ], [ 110.614449493907159, -66.227795010119053 ], [ 110.614371617205251, -66.227799302300809 ], [ 110.613927684109385, -66.227753340855926 ], [ 110.613772547910997, -66.227721554573463 ], [ 110.613739613091695, -66.227694558165524 ], [ 110.613740367447306, -66.227645216952652 ], [ 110.613807676912046, -66.227605012899545 ], [ 110.613910210731987, -66.227578353688386 ], [ 110.614086383561414, -66.227551877603844 ], [ 110.614431370304587, -66.227525820960096 ], [ 110.614620331154853, -66.227526290463985 ], [ 110.614786787757339, -66.22754464680277 ], [ 110.614886210567278, -66.227585265252415 ], [ 110.614938222383103, -66.227636980308716 ], [ 110.61492978328836, -66.227643687965411 ] ] ] ] } },
{ "type": "Feature", "properties": { "AREA": 125.69140625, "PERIMETER": 48.064134044600003, "LKPG1_": 36, "LKPG1_ID": 296, "FEATURE": "LAKE", "DQI": 20, "SAMP_NO": null, "WSAMP_NO": null, "D18O": 0.0, "W_DATE": null, "CDSAMP_NO": null, "CD_METHOD": null, "CD_DATE": 0, "CD_ERROR": 0, "REMARKS": null, "COLL_BY": null }, "geometry": { "type": "MultiPolygon", "coordinates": [ [ [ [ 110.605810408240032, -66.227925815396091 ], [ 110.605550723301334, -66.227916183892248 ], [ 110.605490562921986, -66.227898087970289 ], [ 110.605511024936078, -66.22787795417851 ], [ 110.605633610374767, -66.227858080010719 ], [ 110.605867035428545, -66.227858673190866 ], [ 110.605935567581582, -66.227874547362035 ], [ 110.605944144157519, -66.227903726444808 ], [ 110.605921633293107, -66.227921612219603 ], [ 110.605810408240032, -66.227925815396091 ] ] ] ] } },
{ "type": "Feature", "properties": { "AREA": 1861.78125, "PERIMETER": 228.196136545, "LKPG1_": 37, "LKPG1_ID": 295, "FEATURE": "LAKE", "DQI": 20, "SAMP_NO": null, "WSAMP_NO": null, "D18O": 0.0, "W_DATE": null, "CDSAMP_NO": null, "CD_METHOD": null, "CD_DATE": 0, "CD_ERROR": 0, "REMARKS": null, "COLL_BY": null }, "geometry": { "type": "MultiPolygon", "coordinates": [ [ [ [ 110.602495129518431, -66.228805532845115 ], [ 110.602317345873672, -66.228800591503585 ], [ 110.601939829733084, -66.228772708939928 ], [ 110.601673473061354, -66.228745110887374 ], [ 110.60147374131985, -66.228722169269147 ], [ 110.601351183814614, -66.228739797365293 ], [ 110.601284417858494, -66.228744111536216 ], [ 110.60110720148046, -66.228703284348313 ], [ 110.601043157319651, -66.228667233757207 ], [ 110.601074987224138, -66.228631429687312 ], [ 110.601064438062863, -66.228595516645456 ], [ 110.60102517045442, -66.228530372445249 ], [ 110.601043552334104, -66.228510233886652 ], [ 110.601143806619035, -66.228497034438007 ], [ 110.601443861211479, -66.228502291280336 ], [ 110.601521459256517, -66.228515947821592 ], [ 110.601640941152027, -66.228561112047814 ], [ 110.601765016142352, -66.228579373534586 ], [ 110.601887572581248, -66.228561745110625 ], [ 110.601976357507823, -66.228570944389674 ], [ 110.602031371167726, -66.228606971429798 ], [ 110.602052896215497, -66.228651884034605 ], [ 110.60208581978344, -66.228678882914139 ], [ 110.60213021248066, -66.228683482503357 ], [ 110.602208517738987, -66.228652283121036 ], [ 110.602253545995282, -66.228616512652337 ], [ 110.602365268876099, -66.22858091312078 ], [ 110.602498799536548, -66.228572283819148 ], [ 110.602720833163303, -66.228590795489083 ], [ 110.602854011187844, -66.228604593673609 ], [ 110.60292035349832, -66.228627192177626 ], [ 110.602997036378753, -66.228699160240922 ], [ 110.60299640198096, -66.228739530266921 ], [ 110.602884749794683, -66.228770644693952 ], [ 110.602495129518431, -66.228805532845115 ] ] ] ] } },
{ "type": "Feature", "properties": { "AREA": 34.62890625, "PERIMETER": 30.378276701200001, "LKPG1_": 38, "LKPG1_ID": 106, "FEATURE": "LAKE", "DQI": 20, "SAMP_NO": null, "WSAMP_NO": null, "D18O": 0.0, "W_DATE": null, "CDSAMP_NO": null, "CD_METHOD": null, "CD_DATE": 0, "CD_ERROR": 0, "REMARKS": null, "COLL_BY": null }, "geometry": { "type": "MultiPolygon", "coordinates": [ [ [ [ 110.163466280553081, -66.227456436836462 ], [ 110.163544553112729, -66.227463587876699 ], [ 110.163599828048291, -66.22747285788148 ], [ 110.163621611360995, -66.227486433293393 ], [ 110.163598937098172, -66.227499769014514 ], [ 110.163510467425724, -66.227485834034624 ], [ 110.163455043977564, -66.227481049186707 ], [ 110.163333379835763, -66.227462449112252 ], [ 110.16332958329086, -66.227451213662391 ], [ 110.163343624799609, -66.227446803401691 ], [ 110.163367317114179, -66.22744468818189 ], [ 110.163445515349736, -66.227454081866341 ], [ 110.163466280553081, -66.227456436836462 ] ] ] ] } },
{ "type": "Feature", "properties": { "AREA": 1380.5625, "PERIMETER": 213.57515839600001, "LKPG1_": 39, "LKPG1_ID": 294, "FEATURE": "LAKE", "DQI": 20, "SAMP_NO": null, "WSAMP_NO": null, "D18O": 0.0, "W_DATE": null, "CDSAMP_NO": null, "CD_METHOD": null, "CD_DATE": 0, "CD_ERROR": 0, "REMARKS": null, "COLL_BY": null }, "geometry": { "type": "MultiPolygon", "coordinates": [ [ [ [ 110.595863820603384, -66.229178660491456 ], [ 110.596152694405617, -66.229188384168552 ], [ 110.596630398140547, -66.229207569838394 ], [ 110.596952477640158, -66.229226349833638 ], [ 110.597963468940577, -66.229264858813295 ], [ 110.597994376042351, -66.229287367600776 ], [ 110.597873683443751, -66.229318455012603 ], [ 110.597673307715127, -66.229335878500592 ], [ 110.597217403869408, -66.229343667088273 ], [ 110.597117072645119, -66.229361349550402 ], [ 110.597060919645784, -66.229397089651286 ], [ 110.596967535694802, -66.229414790059749 ], [ 110.596505255765777, -66.229386674068479 ], [ 110.59581813641735, -66.22925479908578 ], [ 110.595796119564696, -66.229241284504454 ], [ 110.59579669371476, -66.229205400070768 ], [ 110.595863820603384, -66.229178660491456 ] ] ] ] } },
{ "type": "Feature", "properties": { "AREA": 52.9765625, "PERIMETER": 31.286689924299999, "LKPG1_": 40, "LKPG1_ID": 105, "FEATURE": "LAKE", "DQI": 20, "SAMP_NO": null, "WSAMP_NO": null, "D18O": 0.0, "W_DATE": null, "CDSAMP_NO": null, "CD_METHOD": null, "CD_DATE": 0, "CD_ERROR": 0, "REMARKS": null, "COLL_BY": null }, "geometry": { "type": "MultiPolygon", "coordinates": [ [ [ [ 110.165462156696478, -66.227630925085919 ], [ 110.165384651811308, -66.227621536154061 ], [ 110.165385392689103, -66.227599110200046 ], [ 110.165519951285859, -66.227563946161993 ], [ 110.165609459295538, -66.227546483659623 ], [ 110.165608866753985, -66.227564424424003 ], [ 110.165574634603459, -66.227591156227987 ], [ 110.165581210780346, -66.22760240656919 ], [ 110.165555536613539, -66.227622455418143 ], [ 110.165462156696478, -66.227630925085919 ] ] ] ] } },
{ "type": "Feature", "properties": { "AREA": 4.16015625, "PERIMETER": 8.1303096535999995, "LKPG1_": 41, "LKPG1_ID": 107, "FEATURE": "LAKE", "DQI": 20, "SAMP_NO": null, "WSAMP_NO": null, "D18O": 0.0, "W_DATE": null, "CDSAMP_NO": null, "CD_METHOD": null, "CD_DATE": 0, "CD_ERROR": 0, "REMARKS": null, "COLL_BY": null }, "geometry": { "type": "MultiPolygon", "coordinates": [ [ [ [ 110.167342140782822, -66.227865326361382 ], [ 110.167319985557839, -66.227862964452285 ], [ 110.16730423011856, -66.227856150905097 ], [ 110.167315640354545, -66.227847240177226 ], [ 110.167329533558316, -66.22784731474836 ], [ 110.167348836215155, -66.227851904338777 ], [ 110.167370917520813, -66.227856508840219 ], [ 110.167368537889132, -66.227865468041017 ], [ 110.167342140782822, -66.227865326361382 ] ] ] ] } },
{ "type": "Feature", "properties": { "AREA": 6.703125, "PERIMETER": 10.930554606299999, "LKPG1_": 42, "LKPG1_ID": 108, "FEATURE": "LAKE", "DQI": 20, "SAMP_NO": null, "WSAMP_NO": null, "D18O": 0.0, "W_DATE": null, "CDSAMP_NO": null, "CD_METHOD": null, "CD_DATE": 0, "CD_ERROR": 0, "REMARKS": null, "COLL_BY": null }, "geometry": { "type": "MultiPolygon", "coordinates": [ [ [ [ 110.168172632436978, -66.227963987356731 ], [ 110.16814137257758, -66.2279638197396 ], [ 110.168121301181245, -66.227961469119492 ], [ 110.168106092432453, -66.22795914457221 ], [ 110.168090189023133, -66.227956816298345 ], [ 110.168079295959302, -66.227950028905454 ], [ 110.168097504897588, -66.227945640565181 ], [ 110.168128764734149, -66.227945808191123 ], [ 110.16815300409742, -66.227948181159363 ], [ 110.168170991496666, -66.227950520601112 ], [ 110.168183968575477, -66.227957319161717 ], [ 110.168172632436978, -66.227963987356731 ] ] ] ] } },
{ "type": "Feature", "properties": { "AREA": 190.8359375, "PERIMETER": 122.53023480100001, "LKPG1_": 43, "LKPG1_ID": 109, "FEATURE": "LAKE", "DQI": 20, "SAMP_NO": null, "WSAMP_NO": null, "D18O": 0.0, "W_DATE": null, "CDSAMP_NO": null, "CD_METHOD": null, "CD_DATE": 0, "CD_ERROR": 0, "REMARKS": null, "COLL_BY": null }, "geometry": { "type": "MultiPolygon", "coordinates": [ [ [ [ 110.1821818388472, -66.230660523298909 ], [ 110.182060736211227, -66.230666613857593 ], [ 110.182007386455126, -66.230661846616826 ], [ 110.18205034655665, -66.230644129215605 ], [ 110.182206403878922, -66.230631493956423 ], [ 110.182528472655406, -66.230642163202958 ], [ 110.182828745325835, -66.230639259061945 ], [ 110.183006743757005, -66.230635710507926 ], [ 110.183084119431285, -66.230649575857271 ], [ 110.183250712012722, -66.230654938912039 ], [ 110.183339058720449, -66.230673347860304 ], [ 110.183294450299101, -66.230677599020126 ], [ 110.183238580981026, -66.230686276858734 ], [ 110.183005002936923, -66.230689533014854 ], [ 110.182938743035123, -66.23067572616587 ], [ 110.18265280015035, -66.230665248094354 ], [ 110.182629946286283, -66.230662884708579 ], [ 110.182583326115889, -66.23066488207931 ], [ 110.182494399354965, -66.230664413534669 ], [ 110.182305502596407, -66.230661175104046 ], [ 110.182205532617445, -66.230658405204622 ], [ 110.1821818388472, -66.230660523298909 ] ] ] ] } },
{ "type": "Feature", "properties": { "AREA": 117.5, "PERIMETER": 45.792927935199998, "LKPG1_": 44, "LKPG1_ID": 276, "FEATURE": "LAKE", "DQI": 20, "SAMP_NO": null, "WSAMP_NO": null, "D18O": 0.0, "W_DATE": null, "CDSAMP_NO": null, "CD_METHOD": null, "CD_DATE": 0, "CD_ERROR": 0, "REMARKS": null, "COLL_BY": null }, "geometry": { "type": "MultiPolygon", "coordinates": [ [ [ [ 110.579476862087901, -66.2392684068069 ], [ 110.579387898369461, -66.239268165728248 ], [ 110.579188851303996, -66.239200340029711 ], [ 110.579155938551921, -66.239173336335242 ], [ 110.579145191931246, -66.239150878485091 ], [ 110.579178777432475, -66.239137512330487 ], [ 110.579267740688238, -66.239137753528766 ], [ 110.579378421728634, -66.239169453729062 ], [ 110.579455218803261, -66.239232462228784 ], [ 110.579476862087901, -66.2392684068069 ] ] ] ] } },
{ "type": "Feature", "properties": { "AREA": 1312.2578125, "PERIMETER": 171.55851937, "LKPG1_": 45, "LKPG1_ID": 275, "FEATURE": "LAKE", "DQI": 20, "SAMP_NO": "S87/59", "WSAMP_NO": "W87/6", "D18O": 0.0, "W_DATE": null, "CDSAMP_NO": null, "CD_METHOD": null, "CD_DATE": 0, "CD_ERROR": 0, "REMARKS": "Blakeney Pond, Pond in closed bedrock depression 12m elev, sample collected from 30cm deep black organic mud", "COLL_BY": "Goodwin" }, "geometry": { "type": "MultiPolygon", "coordinates": [ [ [ [ 110.58307613910803, -66.240852612188462 ], [ 110.582853863973725, -66.240843043466612 ], [ 110.582631885596271, -66.240815532266282 ], [ 110.582010957623609, -66.240701717791225 ], [ 110.581933629818764, -66.240670109340797 ], [ 110.581923102910451, -66.240634195066491 ], [ 110.582023712320165, -66.2406030658655 ], [ 110.582257254509912, -66.240603694628462 ], [ 110.583034913748676, -66.240655128911428 ], [ 110.583201655917605, -66.24066006251752 ], [ 110.58357947684874, -66.240679019632083 ], [ 110.583612544236487, -66.240697051305276 ], [ 110.583602731616679, -66.240744125240568 ], [ 110.583533290798329, -66.240782067708011 ], [ 110.583321248952231, -66.240826355983373 ], [ 110.58307613910803, -66.240852612188462 ] ] ] ] } },
{ "type": "Feature", "properties": { "AREA": 1061.609375, "PERIMETER": 126.57227411, "LKPG1_": 46, "LKPG1_ID": 281, "FEATURE": "LAKE", "DQI": 20, "SAMP_NO": null, "WSAMP_NO": null, "D18O": 0.0, "W_DATE": null, "CDSAMP_NO": null, "CD_METHOD": null, "CD_DATE": 0, "CD_ERROR": 0, "REMARKS": null, "COLL_BY": null }, "geometry": { "type": "MultiPolygon", "coordinates": [ [ [ [ 110.621461498738867, -66.244256956137804 ], [ 110.621306453544676, -66.244211720727108 ], [ 110.621293413562938, -66.244200474605378 ], [ 110.621131317723624, -66.244022892975778 ], [ 110.621132327483934, -66.24395560958844 ], [ 110.621210589405933, -66.243928886249023 ], [ 110.621277392143568, -66.243924563529276 ], [ 110.621466072333078, -66.243951938108111 ], [ 110.621666009974277, -66.243970368448927 ], [ 110.621988162196303, -66.243998067652228 ], [ 110.622076807295997, -66.244020712117745 ], [ 110.622075531449781, -66.244105937750177 ], [ 110.621717858999347, -66.244221695313627 ], [ 110.621583915889232, -66.244252768898718 ], [ 110.621461498738867, -66.244256956137804 ] ] ] ] } },
{ "type": "Feature", "properties": { "AREA": 4093.796875, "PERIMETER": 233.54129938099999, "LKPG1_": 47, "LKPG1_ID": 283, "FEATURE": "LAKE", "DQI": 20, "SAMP_NO": "S87/119", "WSAMP_NO": null, "D18O": 0.0, "W_DATE": null, "CDSAMP_NO": null, "CD_METHOD": null, "CD_DATE": 0, "CD_ERROR": 0, "REMARKS": "Sample collected at 15.5m elev at shoreline of Cauldron Lake. Red-brown fine sand 40-45cm deep below subrounded pebble pavement. Pit dug on frost crack", "COLL_BY": "Goodwin" }, "geometry": { "type": "MultiPolygon", "coordinates": [ [ [ [ 110.611511940254758, -66.245335862471734 ], [ 110.611521544791643, -66.245434572481571 ], [ 110.61138654691257, -66.245532920551355 ], [ 110.611230475751029, -66.245554958386393 ], [ 110.610896086018116, -66.245598977823249 ], [ 110.6107069208025, -66.245602989271262 ], [ 110.610473816059184, -66.245571004425955 ], [ 110.610075802899161, -66.245413004741323 ], [ 110.609988133927928, -66.245327555694587 ], [ 110.609989797161504, -66.245219902433334 ], [ 110.610080514313609, -66.245107987164019 ], [ 110.610226568777918, -66.245014153708766 ], [ 110.610338491545278, -66.244969577435782 ], [ 110.610494905914308, -66.244925112729433 ], [ 110.610729111423979, -66.244885328692448 ], [ 110.610896025297009, -66.244881261452818 ], [ 110.610991788199982, -66.244892715785184 ], [ 110.611117448418113, -66.244949102225704 ], [ 110.611359116154574, -66.245147079429302 ], [ 110.611511940254758, -66.245335862471734 ] ] ] ] } },
{ "type": "Feature", "properties": { "AREA": 273.0, "PERIMETER": 96.036493301299998, "LKPG1_": 48, "LKPG1_ID": 269, "FEATURE": "LAKE", "DQI": 20, "SAMP_NO": null, "WSAMP_NO": null, "D18O": 0.0, "W_DATE": null, "CDSAMP_NO": null, "CD_METHOD": null, "CD_DATE": 0, "CD_ERROR": 0, "REMARKS": null, "COLL_BY": null }, "geometry": { "type": "MultiPolygon", "coordinates": [ [ [ [ 110.572718931416944, -66.244969270361494 ], [ 110.572352025515556, -66.244959288497256 ], [ 110.572107624494194, -66.244940672021841 ], [ 110.57190771561244, -66.244922177869356 ], [ 110.571908019879018, -66.244904235743448 ], [ 110.572008354456187, -66.24489105519396 ], [ 110.57227538080933, -66.24488730546652 ], [ 110.572842194859632, -66.244915780718188 ], [ 110.572919676027482, -66.244938422617281 ], [ 110.572897126557365, -66.244956303538245 ], [ 110.572718931416944, -66.244969270361494 ] ] ] ] } },
{ "type": "Feature", "properties": { "AREA": 2538.77734375, "PERIMETER": 226.986527094, "LKPG1_": 49, "LKPG1_ID": 282, "FEATURE": "LAKE", "DQI": 20, "SAMP_NO": "S87/125", "WSAMP_NO": null, "D18O": 0.0, "W_DATE": null, "CDSAMP_NO": null, "CD_METHOD": null, "CD_DATE": 0, "CD_ERROR": 0, "REMARKS": "Beach terrace along shoreline of Horseshoe Lake which occupies a shallow depression in the beach depression. Red-brown medium sand 35cm deep beneath a frost cracked rounded gravel & pebble pavement", "COLL_BY": "Goodwin" }, "geometry": { "type": "MultiPolygon", "coordinates": [ [ [ [ 110.618246471891283, -66.245435556514963 ], [ 110.618262851646151, -66.245363825217879 ], [ 110.61849335235712, -66.245292620308888 ], [ 110.618916048711156, -66.245246558492624 ], [ 110.619327518930845, -66.245207196583522 ], [ 110.619637523210301, -66.245165342132807 ], [ 110.619734005867031, -66.245221650057601 ], [ 110.619717920147366, -66.245320296562284 ], [ 110.619415415217375, -66.245510198429287 ], [ 110.61908865371872, -66.24555649704844 ], [ 110.61847443165297, -66.245624517348702 ], [ 110.618028939498956, -66.245614450338579 ], [ 110.61785330758137, -66.245551217938001 ], [ 110.617722271462739, -66.245481366580591 ], [ 110.618246471891283, -66.245435556514963 ] ] ] ] } },
{ "type": "Feature", "properties": { "AREA": 530.5, "PERIMETER": 104.932262048, "LKPG1_": 50, "LKPG1_ID": 307, "FEATURE": "LAKE", "DQI": 20, "SAMP_NO": null, "WSAMP_NO": null, "D18O": 0.0, "W_DATE": null, "CDSAMP_NO": null, "CD_METHOD": null, "CD_DATE": 0, "CD_ERROR": 0, "REMARKS": null, "COLL_BY": null }, "geometry": { "type": "MultiPolygon", "coordinates": [ [ [ [ 110.593399101838259, -66.245558619329259 ], [ 110.59327681830284, -66.245553813247483 ], [ 110.593265911871285, -66.245540327472995 ], [ 110.593422648776766, -66.245477937817554 ], [ 110.593612537850021, -66.245429091997636 ], [ 110.593790942111724, -66.245402644556194 ], [ 110.594091268175816, -66.245403430164572 ], [ 110.594291053016192, -66.245430866844288 ], [ 110.594301743680276, -66.245457809178973 ], [ 110.594201130020309, -66.245488946316655 ], [ 110.594056023155034, -66.245519967041631 ], [ 110.59384417641769, -66.245550813023556 ], [ 110.593399101838259, -66.245558619329259 ] ] ] ] } },
{ "type": "Feature", "properties": { "AREA": 5949.4140625, "PERIMETER": 412.72193975099998, "LKPG1_": 51, "LKPG1_ID": 290, "FEATURE": "LAKE", "DQI": 20, "SAMP_NO": null, "WSAMP_NO": null, "D18O": 0.0, "W_DATE": null, "CDSAMP_NO": null, "CD_METHOD": null, "CD_DATE": 0, "CD_ERROR": 0, "REMARKS": null, "COLL_BY": null }, "geometry": { "type": "MultiPolygon", "coordinates": [ [ [ [ 110.599377028224339, -66.246677651971282 ], [ 110.599588308451587, -66.246682682813585 ], [ 110.599610413669396, -66.246691711288705 ], [ 110.599609986767007, -66.246718624565389 ], [ 110.599542603655166, -66.246758822321397 ], [ 110.5992817661066, -66.246809735123435 ], [ 110.598873108980044, -66.246887179978742 ], [ 110.598738767131834, -66.246940661545196 ], [ 110.598537824028256, -66.246984999312858 ], [ 110.598192126581779, -66.247037933676992 ], [ 110.598136221359255, -66.247055731885681 ], [ 110.597712154070408, -66.247139862400331 ], [ 110.597506606934289, -66.247211101288798 ], [ 110.597421142647434, -66.247251251250532 ], [ 110.597354112394697, -66.247269020328503 ], [ 110.597187252180149, -66.247268587452012 ], [ 110.596931614748229, -66.247254466726758 ], [ 110.596653156180281, -66.24727617213037 ], [ 110.596430675851764, -66.247275593917266 ], [ 110.596230802329842, -66.247252645533209 ], [ 110.596131116902015, -66.247225471841119 ], [ 110.596129677088982, -66.247185096519686 ], [ 110.596221472184141, -66.247140478000802 ], [ 110.596277307198434, -66.247127166026672 ], [ 110.596389263946861, -66.247082599841562 ], [ 110.596489952976427, -66.247046975749726 ], [ 110.597137216259313, -66.246918570646898 ], [ 110.597260008130974, -66.246891974877542 ], [ 110.597461668059495, -66.246802783315488 ], [ 110.597607850724756, -66.246704476238847 ], [ 110.597799813634069, -66.246525544497388 ], [ 110.597934369599344, -66.246458607104501 ], [ 110.598023644591507, -66.246440895383031 ], [ 110.598268364908833, -66.246441528884702 ], [ 110.598368192288945, -66.246459730115589 ], [ 110.598600719204725, -66.24652761749698 ], [ 110.598711599553511, -66.246550332815346 ], [ 110.598755523938223, -66.246586332194894 ], [ 110.598754525709282, -66.246649129834623 ], [ 110.59866453730848, -66.246711697431863 ], [ 110.598664180715815, -66.24673412515979 ], [ 110.598730923399756, -66.246734297696221 ], [ 110.598876102799196, -66.246698787061106 ], [ 110.598977071842342, -66.24664521916884 ], [ 110.599032975562849, -66.246627420655656 ], [ 110.599143999205808, -66.246641164573646 ], [ 110.599377028224339, -66.246677651971282 ] ] ] ] } },
{ "type": "Feature", "properties": { "AREA": 565.0546875, "PERIMETER": 98.541373131100002, "LKPG1_": 52, "LKPG1_ID": 288, "FEATURE": "LAKE", "DQI": 20, "SAMP_NO": null, "WSAMP_NO": null, "D18O": 0.0, "W_DATE": null, "CDSAMP_NO": null, "CD_METHOD": null, "CD_DATE": 0, "CD_ERROR": 0, "REMARKS": null, "COLL_BY": null }, "geometry": { "type": "MultiPolygon", "coordinates": [ [ [ [ 110.590467417537553, -66.246623002877129 ], [ 110.590189543010368, -66.24660881236062 ], [ 110.59013428861185, -66.246586237817539 ], [ 110.590123820429525, -66.246545838579038 ], [ 110.590191582074453, -66.246483217212884 ], [ 110.590314743133746, -66.24643419923315 ], [ 110.590415001434138, -66.24642549232864 ], [ 110.590770521390496, -66.246453344352673 ], [ 110.590904223234247, -66.246440239559263 ], [ 110.59097096507719, -66.246440415431579 ], [ 110.590983738305908, -66.246467363485166 ], [ 110.590925525509121, -66.246498610225345 ], [ 110.590601265938659, -66.246600927263245 ], [ 110.590467417537553, -66.246623002877129 ] ] ] ] } },
{ "type": "Feature", "properties": { "AREA": 2231.56640625, "PERIMETER": 194.04935602699999, "LKPG1_": 53, "LKPG1_ID": 270, "FEATURE": "LAKE", "DQI": 20, "SAMP_NO": null, "WSAMP_NO": null, "D18O": 0.0, "W_DATE": null, "CDSAMP_NO": null, "CD_METHOD": null, "CD_DATE": 0, "CD_ERROR": 0, "REMARKS": null, "COLL_BY": null }, "geometry": { "type": "MultiPolygon", "coordinates": [ [ [ [ 110.568210525879309, -66.246834078098473 ], [ 110.56817078230101, -66.246840696159538 ], [ 110.568114856388547, -66.246858483544486 ], [ 110.567991957289124, -66.246889541769747 ], [ 110.567369562375589, -66.246856408271512 ], [ 110.567269678958198, -66.246842672648057 ], [ 110.567236769028042, -66.246815666454552 ], [ 110.567281802385352, -66.246784391796339 ], [ 110.567305280161918, -66.246712685365992 ], [ 110.567328142710963, -66.246676863153468 ], [ 110.567395346226931, -66.246650135995424 ], [ 110.567674130147523, -66.246610540970238 ], [ 110.567808459150825, -66.246561571852396 ], [ 110.568020422821149, -66.246526275901374 ], [ 110.568332345159476, -66.246500229136174 ], [ 110.568710395474938, -66.246510251415842 ], [ 110.56886589659419, -66.246524140590708 ], [ 110.568943379120768, -66.246546784470539 ], [ 110.568953966594847, -66.246578214059639 ], [ 110.568919829548946, -66.246622976681437 ], [ 110.568892529786879, -66.246674486895927 ], [ 110.568820154672821, -66.246719143299941 ], [ 110.568650408152493, -66.24676577200978 ], [ 110.568449797179255, -66.2467876431582 ], [ 110.568210525879309, -66.246834078098473 ] ] ] ] } },
{ "type": "Feature", "properties": { "AREA": 312.25, "PERIMETER": 68.552513986199997, "LKPG1_": 54, "LKPG1_ID": 303, "FEATURE": "LAKE", "DQI": 20, "SAMP_NO": null, "WSAMP_NO": null, "D18O": 0.0, "W_DATE": null, "CDSAMP_NO": null, "CD_METHOD": null, "CD_DATE": 0, "CD_ERROR": 0, "REMARKS": null, "COLL_BY": null }, "geometry": { "type": "MultiPolygon", "coordinates": [ [ [ [ 110.564714071443134, -66.246669555239379 ], [ 110.564447102556144, -66.246668806421937 ], [ 110.564347221477433, -66.24665506891904 ], [ 110.564336639708486, -66.246623639019219 ], [ 110.564370475231243, -66.246596819513996 ], [ 110.564460083772829, -66.246561185005746 ], [ 110.564593954506449, -66.246539131829394 ], [ 110.564783133837054, -66.24653517658345 ], [ 110.56487204567425, -66.246539911573763 ], [ 110.564916231003238, -66.246557978392218 ], [ 110.564926581527004, -66.246602864832312 ], [ 110.564870421889907, -66.24663410762706 ], [ 110.564714071443134, -66.246669555239379 ] ] ] ] } },
{ "type": "Feature", "properties": { "AREA": 116.125, "PERIMETER": 45.768814156700003, "LKPG1_": 55, "LKPG1_ID": 271, "FEATURE": "LAKE", "DQI": 20, "SAMP_NO": null, "WSAMP_NO": null, "D18O": 0.0, "W_DATE": null, "CDSAMP_NO": null, "CD_METHOD": null, "CD_DATE": 0, "CD_ERROR": 0, "REMARKS": null, "COLL_BY": null }, "geometry": { "type": "MultiPolygon", "coordinates": [ [ [ [ 110.566049533050304, -66.24663740822389 ], [ 110.565849306602999, -66.246636848376454 ], [ 110.56581616699539, -66.246623298462779 ], [ 110.565805660567293, -66.246587383135079 ], [ 110.565883911969252, -66.246565173271236 ], [ 110.566184019523291, -66.246579469459533 ], [ 110.566228282943655, -66.246593050377882 ], [ 110.566228051697706, -66.24660650695931 ], [ 110.566049533050304, -66.24663740822389 ] ] ] ] } },
{ "type": "Feature", "properties": { "AREA": 1543.625, "PERIMETER": 155.92755437400001, "LKPG1_": 56, "LKPG1_ID": 289, "FEATURE": "LAKE", "DQI": 20, "SAMP_NO": null, "WSAMP_NO": null, "D18O": 0.0, "W_DATE": null, "CDSAMP_NO": null, "CD_METHOD": null, "CD_DATE": 0, "CD_ERROR": 0, "REMARKS": null, "COLL_BY": null }, "geometry": { "type": "MultiPolygon", "coordinates": [ [ [ [ 110.595374397779196, -66.247241444246711 ], [ 110.595318705866461, -66.247245784808669 ], [ 110.595074121757122, -66.247236175566599 ], [ 110.594641006250853, -66.247190187912537 ], [ 110.594508022951089, -66.247158440491788 ], [ 110.594453123825446, -66.247113439769763 ], [ 110.594453916573954, -66.24706409879623 ], [ 110.594543772559632, -66.247010504734973 ], [ 110.594677691490119, -66.246983940063529 ], [ 110.594922848877289, -66.246957665582187 ], [ 110.595123150561932, -66.246953702388382 ], [ 110.595712572156074, -66.246964210005601 ], [ 110.595812399754053, -66.246982412878921 ], [ 110.595856320751352, -66.247018413075011 ], [ 110.595822015325126, -66.247076638262044 ], [ 110.595676542060033, -66.247130088210753 ], [ 110.595374397779196, -66.247241444246711 ] ] ] ] } },
{ "type": "Feature", "properties": { "AREA": 112.421875, "PERIMETER": 49.840432036599999, "LKPG1_": 57, "LKPG1_ID": 287, "FEATURE": "LAKE", "DQI": 20, "SAMP_NO": null, "WSAMP_NO": null, "D18O": 0.0, "W_DATE": null, "CDSAMP_NO": null, "CD_METHOD": null, "CD_DATE": 0, "CD_ERROR": 0, "REMARKS": null, "COLL_BY": null }, "geometry": { "type": "MultiPolygon", "coordinates": [ [ [ [ 110.590153948127281, -66.248115924602729 ], [ 110.589987155328075, -66.24811099844446 ], [ 110.589920627707158, -66.24809736552713 ], [ 110.589913930050088, -66.2480816477714 ], [ 110.58996563526793, -66.248066084282144 ], [ 110.590366330481672, -66.248053684899148 ], [ 110.590410682305134, -66.248062773386593 ], [ 110.590376872465896, -66.248089598573713 ], [ 110.590332156588289, -66.248102937777446 ], [ 110.590153948127281, -66.248115924602729 ] ] ] ] } },
{ "type": "Feature", "properties": { "AREA": 217.484375, "PERIMETER": 64.397644435499998, "LKPG1_": 58, "LKPG1_ID": 279, "FEATURE": "LAKE", "DQI": 20, "SAMP_NO": null, "WSAMP_NO": null, "D18O": 0.0, "W_DATE": null, "CDSAMP_NO": null, "CD_METHOD": null, "CD_DATE": 0, "CD_ERROR": 0, "REMARKS": null, "COLL_BY": null }, "geometry": { "type": "MultiPolygon", "coordinates": [ [ [ [ 110.588737424912154, -66.24834095086409 ], [ 110.588492832731134, -66.248331331250341 ], [ 110.588437356662013, -66.248322212724162 ], [ 110.588460044418994, -66.248295358471893 ], [ 110.588594122783419, -66.248259827981769 ], [ 110.588772552302302, -66.248233386330583 ], [ 110.589028195038438, -66.248247520492342 ], [ 110.589061422280906, -66.248256579915292 ], [ 110.589012351149051, -66.248281121543783 ], [ 110.588983039903923, -66.248287772542653 ], [ 110.588949228246221, -66.248314597417135 ], [ 110.588737424912154, -66.24834095086409 ] ] ] ] } },
{ "type": "Feature", "properties": { "AREA": 22.875, "PERIMETER": 19.2103955382, "LKPG1_": 59, "LKPG1_ID": 219, "FEATURE": "LAKE", "DQI": 20, "SAMP_NO": null, "WSAMP_NO": null, "D18O": 0.0, "W_DATE": null, "CDSAMP_NO": null, "CD_METHOD": null, "CD_DATE": 0, "CD_ERROR": 0, "REMARKS": null, "COLL_BY": null }, "geometry": { "type": "MultiPolygon", "coordinates": [ [ [ [ 110.539650884400871, -66.248512670485141 ], [ 110.539562052231858, -66.248503435539902 ], [ 110.539506593537595, -66.248494299541065 ], [ 110.539529169812155, -66.248476423496271 ], [ 110.539618329145199, -66.248467716421089 ], [ 110.539662581549308, -66.248481304903606 ], [ 110.539650884400871, -66.248512670485141 ] ] ] ] } },
{ "type": "Feature", "properties": { "AREA": 23.3828125, "PERIMETER": 19.456875254300002, "LKPG1_": 60, "LKPG1_ID": 218, "FEATURE": "LAKE", "DQI": 20, "SAMP_NO": null, "WSAMP_NO": null, "D18O": 0.0, "W_DATE": null, "CDSAMP_NO": null, "CD_METHOD": null, "CD_DATE": 0, "CD_ERROR": 0, "REMARKS": null, "COLL_BY": null }, "geometry": { "type": "MultiPolygon", "coordinates": [ [ [ [ 110.536153010344535, -66.249973585929922 ], [ 110.536052884295685, -66.249973286750773 ], [ 110.5360196738729, -66.249964215996741 ], [ 110.536010923345387, -66.249948489709126 ], [ 110.536053543952477, -66.249937402697341 ], [ 110.53614246231696, -66.249942154143838 ], [ 110.536184382169196, -66.249969193903425 ], [ 110.536153010344535, -66.249973585929922 ] ] ] ] } },
{ "type": "Feature", "properties": { "AREA": 215.0546875, "PERIMETER": 112.38111669200001, "LKPG1_": 61, "LKPG1_ID": 210, "FEATURE": "LAKE", "DQI": 20, "SAMP_NO": null, "WSAMP_NO": null, "D18O": 0.0, "W_DATE": null, "CDSAMP_NO": null, "CD_METHOD": null, "CD_DATE": 0, "CD_ERROR": 0, "REMARKS": null, "COLL_BY": null }, "geometry": { "type": "MultiPolygon", "coordinates": [ [ [ [ 110.53774365588842, -66.249991787413521 ], [ 110.537821531779642, -66.249992019265932 ], [ 110.537943743940787, -66.250001354542206 ], [ 110.538065135195097, -66.250055544801441 ], [ 110.538098346474641, -66.250064615118291 ], [ 110.538198472914715, -66.250064912978502 ], [ 110.53831626746647, -66.250087692076121 ], [ 110.538387190428267, -66.250087902967593 ], [ 110.538394020597494, -66.250094651903595 ], [ 110.538389071291576, -66.250099122939986 ], [ 110.53836465292332, -66.250103536087266 ], [ 110.538335367280581, -66.250107934757295 ], [ 110.538308821894546, -66.250114584446877 ], [ 110.538286448438939, -66.250121246539095 ], [ 110.538268287949109, -66.250125678281762 ], [ 110.53824174252675, -66.250132327959818 ], [ 110.538217365137257, -66.250134498329885 ], [ 110.538193028782345, -66.250134425942164 ], [ 110.538150655035224, -66.250132057017666 ], [ 110.538081817924734, -66.250131852224413 ], [ 110.538054741326519, -66.250129528785976 ], [ 110.538030446030135, -66.250127213618839 ], [ 110.538009345196784, -66.250064350299454 ], [ 110.537912208127239, -66.250014717940033 ], [ 110.537820956778091, -66.25002341782033 ], [ 110.537754205931066, -66.250023219091773 ], [ 110.537699885625173, -66.250065671997049 ], [ 110.537618731940569, -66.250130473731005 ], [ 110.537552227386371, -66.250116818392769 ], [ 110.537552638342532, -66.25009439085504 ], [ 110.537575546183433, -66.250058573069438 ], [ 110.537575792744121, -66.250045116546673 ], [ 110.537542746063764, -66.250027075102963 ], [ 110.537531867505066, -66.250013585440868 ], [ 110.537587411003216, -66.250018236637246 ], [ 110.537654079662673, -66.250022920945156 ], [ 110.53774365588842, -66.249991787413521 ] ] ] ] } },
{ "type": "Feature", "properties": { "AREA": 1898.828125, "PERIMETER": 162.403926918, "LKPG1_": 62, "LKPG1_ID": 2260, "FEATURE": "LAKE", "DQI": 20, "SAMP_NO": null, "WSAMP_NO": null, "D18O": 0.0, "W_DATE": null, "CDSAMP_NO": null, "CD_METHOD": null, "CD_DATE": 0, "CD_ERROR": 0, "REMARKS": null, "COLL_BY": null }, "geometry": { "type": "MultiPolygon", "coordinates": [ [ [ [ 110.578444359717793, -66.250237722806204 ], [ 110.578503858533281, -66.250255827292136 ], [ 110.57864683995605, -66.250354901584387 ], [ 110.578790870585962, -66.250391178292674 ], [ 110.578834623492341, -66.250436154342509 ], [ 110.578844476364225, -66.250512438570709 ], [ 110.578877403530541, -66.250539442299143 ], [ 110.578899055636228, -66.25057538690983 ], [ 110.578809528045866, -66.25060654420453 ], [ 110.578764502127896, -66.250637822194861 ], [ 110.5786635491163, -66.25068689134757 ], [ 110.578540943948681, -66.250700015777468 ], [ 110.578144523032634, -66.250703424881593 ], [ 110.578084723462794, -66.250703262385329 ], [ 110.577940392009708, -66.250684927149479 ], [ 110.577852213406487, -66.250635344321893 ], [ 110.577826428212987, -66.250597145455856 ], [ 110.577845514814399, -66.250370667702654 ], [ 110.577868065630994, -66.250352786076149 ], [ 110.578046746134675, -66.250312900178358 ], [ 110.578201709819155, -66.250277435379019 ], [ 110.578321756619559, -66.250250847064848 ], [ 110.578370579691395, -66.250242008191975 ], [ 110.578444359717793, -66.250237722806204 ] ] ] ] } },
{ "type": "Feature", "properties": { "AREA": 553.59375, "PERIMETER": 90.713401511599997, "LKPG1_": 63, "LKPG1_ID": 280, "FEATURE": "LAKE", "DQI": 20, "SAMP_NO": null, "WSAMP_NO": null, "D18O": 0.0, "W_DATE": null, "CDSAMP_NO": null, "CD_METHOD": null, "CD_DATE": 0, "CD_ERROR": 0, "REMARKS": null, "COLL_BY": null }, "geometry": { "type": "MultiPolygon", "coordinates": [ [ [ [ 110.585015253190733, -66.25046625491126 ], [ 110.585020194312307, -66.250461782385472 ], [ 110.585221409965826, -66.25040400555477 ], [ 110.585374093911938, -66.25037974185912 ], [ 110.585422182592652, -66.25037314167885 ], [ 110.5855667386965, -66.250378013353512 ], [ 110.58566642516827, -66.250405193818509 ], [ 110.585743640187005, -66.250445771459553 ], [ 110.585720505810187, -66.250499538521908 ], [ 110.585597536937243, -66.250535096207656 ], [ 110.585385564092419, -66.25057041613465 ], [ 110.585107501515523, -66.25056518757944 ], [ 110.584963239496119, -66.250542373333957 ], [ 110.584952335361464, -66.25052888698535 ], [ 110.585015253190733, -66.25046625491126 ] ] ] ] } },
{ "type": "Feature", "properties": { "AREA": 16.375, "PERIMETER": 15.3064446532, "LKPG1_": 64, "LKPG1_ID": 227, "FEATURE": "LAKE", "DQI": 20, "SAMP_NO": null, "WSAMP_NO": null, "D18O": 0.0, "W_DATE": null, "CDSAMP_NO": null, "CD_METHOD": null, "CD_DATE": 0, "CD_ERROR": 0, "REMARKS": null, "COLL_BY": null }, "geometry": { "type": "MultiPolygon", "coordinates": [ [ [ [ 110.532595460293663, -66.250429434726257 ], [ 110.532539833734006, -66.250429267248407 ], [ 110.532528874592828, -66.250420262742111 ], [ 110.532540332233694, -66.25040235422334 ], [ 110.532562832071278, -66.250388964704186 ], [ 110.532629500769303, -66.250393651169517 ], [ 110.532640376869495, -66.250407141172985 ], [ 110.532595460293663, -66.250429434726257 ] ] ] ] } },
{ "type": "Feature", "properties": { "AREA": 1454.234375, "PERIMETER": 225.179108703, "LKPG1_": 65, "LKPG1_ID": 214, "FEATURE": "LAKE", "DQI": 20, "SAMP_NO": null, "WSAMP_NO": null, "D18O": 0.0, "W_DATE": null, "CDSAMP_NO": null, "CD_METHOD": null, "CD_DATE": 0, "CD_ERROR": 0, "REMARKS": null, "COLL_BY": null }, "geometry": { "type": "MultiPolygon", "coordinates": [ [ [ [ 110.548617254394969, -66.251647622758099 ], [ 110.548539533766544, -66.251638425290963 ], [ 110.54850687840846, -66.251597958611754 ], [ 110.548485429242589, -66.251553038767653 ], [ 110.548430361926435, -66.251521478387062 ], [ 110.548341596219913, -66.251507762947881 ], [ 110.548207845570801, -66.251520831044388 ], [ 110.548019670713742, -66.251466454393139 ], [ 110.547853024916279, -66.251452511935227 ], [ 110.5477839467178, -66.251349138562588 ], [ 110.547721846755891, -66.251322043190285 ], [ 110.547622438850581, -66.251281381850788 ], [ 110.547568016530576, -66.251213937058807 ], [ 110.54754604663583, -66.251198172919445 ], [ 110.547346146551661, -66.251177404377543 ], [ 110.547257221705209, -66.251172659344874 ], [ 110.54723537275207, -66.251150166892103 ], [ 110.547291886121798, -66.251100988462213 ], [ 110.547336790926295, -66.251078690652975 ], [ 110.547437082394808, -66.251070011531112 ], [ 110.547593243095307, -66.251048037909825 ], [ 110.547682167566563, -66.251052782749895 ], [ 110.5478149515544, -66.251093541264936 ], [ 110.547870418974853, -66.251102674297556 ], [ 110.547925966786906, -66.251107321796965 ], [ 110.547981193253122, -66.251129911330366 ], [ 110.548035134503451, -66.251224269059477 ], [ 110.548033929513593, -66.25129155176073 ], [ 110.548088513892864, -66.251350025362768 ], [ 110.548198968276296, -66.251395204293587 ], [ 110.548254436498851, -66.251404337189129 ], [ 110.548387945695296, -66.251404725592593 ], [ 110.548532741152499, -66.251396175206153 ], [ 110.548665768984876, -66.251423476452615 ], [ 110.548754053339152, -66.251464104789051 ], [ 110.548820567518277, -66.251477755331749 ], [ 110.548797273346253, -66.251536002346469 ], [ 110.548819043830733, -66.251562980093027 ], [ 110.548818241885385, -66.251607835230161 ], [ 110.548739799428347, -66.251639007486389 ], [ 110.548617254394969, -66.251647622758099 ] ] ] ] } },
{ "type": "Feature", "properties": { "AREA": 958.25, "PERIMETER": 124.490525616, "LKPG1_": 66, "LKPG1_ID": 215, "FEATURE": "LAKE", "DQI": 20, "SAMP_NO": null, "WSAMP_NO": null, "D18O": 0.0, "W_DATE": null, "CDSAMP_NO": null, "CD_METHOD": null, "CD_DATE": 0, "CD_ERROR": 0, "REMARKS": null, "COLL_BY": null }, "geometry": { "type": "MultiPolygon", "coordinates": [ [ [ [ 110.54604927619927, -66.251523506295428 ], [ 110.545949466679573, -66.251505271447186 ], [ 110.545938502284727, -66.251496267885884 ], [ 110.54590528629943, -66.251487199245219 ], [ 110.54592834497636, -66.251442409203861 ], [ 110.545973493691591, -66.25140665525484 ], [ 110.546030897675436, -66.25130813665416 ], [ 110.546131835870085, -66.251263574279051 ], [ 110.546231967179153, -66.251263866961011 ], [ 110.546353946736772, -66.251286652157532 ], [ 110.54649890341021, -66.251269132642989 ], [ 110.546554854312774, -66.251251353070529 ], [ 110.54668836266859, -66.251251742934983 ], [ 110.546739657889702, -66.251260864189845 ], [ 110.54684283371131, -66.25132396583443 ], [ 110.546886048032931, -66.251395863921928 ], [ 110.546806959440445, -66.25146291930227 ], [ 110.546751169368818, -66.251471727939929 ], [ 110.546461656907113, -66.25148433974104 ], [ 110.546350398921675, -66.251484014698917 ], [ 110.54611611176648, -66.251519215947724 ], [ 110.54604927619927, -66.251523506295428 ] ] ] ] } },
{ "type": "Feature", "properties": { "AREA": 148.125, "PERIMETER": 47.520892273000001, "LKPG1_": 67, "LKPG1_ID": 213, "FEATURE": "LAKE", "DQI": 20, "SAMP_NO": null, "WSAMP_NO": null, "D18O": 0.0, "W_DATE": null, "CDSAMP_NO": null, "CD_METHOD": null, "CD_DATE": 0, "CD_ERROR": 0, "REMARKS": null, "COLL_BY": null }, "geometry": { "type": "MultiPolygon", "coordinates": [ [ [ [ 110.545580254833112, -66.252854401341523 ], [ 110.545825439328169, -66.25283268999479 ], [ 110.545936622540111, -66.252837500927583 ], [ 110.545957584003375, -66.252909334181439 ], [ 110.545912674718352, -66.252931631583962 ], [ 110.545745778182635, -66.252931143395486 ], [ 110.545645882555405, -66.25291739386337 ], [ 110.545580093283093, -66.252863372363436 ], [ 110.545580254833112, -66.252854401341523 ] ] ] ] } },
{ "type": "Feature", "properties": { "AREA": 61.25, "PERIMETER": 32.405094207799998, "LKPG1_": 68, "LKPG1_ID": 220, "FEATURE": "LAKE", "DQI": 20, "SAMP_NO": null, "WSAMP_NO": null, "D18O": 0.0, "W_DATE": null, "CDSAMP_NO": null, "CD_METHOD": null, "CD_DATE": 0, "CD_ERROR": 0, "REMARKS": null, "COLL_BY": null }, "geometry": { "type": "MultiPolygon", "coordinates": [ [ [ [ 110.535650119123645, -66.254327747810464 ], [ 110.535516759838004, -66.254318377437428 ], [ 110.535395023225192, -66.254282127221899 ], [ 110.535428652025516, -66.254268770588808 ], [ 110.535573468266577, -66.254260232303537 ], [ 110.535628855647431, -66.254273855210997 ], [ 110.535694874879781, -66.254314424395048 ], [ 110.535650119123645, -66.254327747810464 ] ] ] ] } },
{ "type": "Feature", "properties": { "AREA": 74.375, "PERIMETER": 37.193243718399998, "LKPG1_": 69, "LKPG1_ID": 221, "FEATURE": "LAKE", "DQI": 20, "SAMP_NO": null, "WSAMP_NO": null, "D18O": 0.0, "W_DATE": null, "CDSAMP_NO": null, "CD_METHOD": null, "CD_DATE": 0, "CD_ERROR": 0, "REMARKS": null, "COLL_BY": null }, "geometry": { "type": "MultiPolygon", "coordinates": [ [ [ [ 110.535370291332598, -66.254416625743019 ], [ 110.535281522573968, -66.254402902840795 ], [ 110.535204789851221, -66.254339872656587 ], [ 110.53516503275516, -66.254308353386364 ], [ 110.535249958948242, -66.254304121851561 ], [ 110.535338396937547, -66.254335786786527 ], [ 110.535426504805955, -66.254385393685936 ], [ 110.535426091876616, -66.25440782120441 ], [ 110.535370291332598, -66.254416625743019 ] ] ] ] } },
{ "type": "Feature", "properties": { "AREA": 188.3359375, "PERIMETER": 94.357682437500003, "LKPG1_": 70, "LKPG1_ID": 222, "FEATURE": "LAKE", "DQI": 20, "SAMP_NO": null, "WSAMP_NO": null, "D18O": 0.0, "W_DATE": null, "CDSAMP_NO": null, "CD_METHOD": null, "CD_DATE": 0, "CD_ERROR": 0, "REMARKS": null, "COLL_BY": null }, "geometry": { "type": "MultiPolygon", "coordinates": [ [ [ [ 110.537598161127463, -66.256338691199588 ], [ 110.537761482289199, -66.256307777208406 ], [ 110.537905408578439, -66.256310448446683 ], [ 110.538117493378081, -66.256313322300102 ], [ 110.538139667097383, -66.256317874001496 ], [ 110.538005639284904, -66.256344389796084 ], [ 110.537726783602963, -66.256379445894481 ], [ 110.537658460555079, -66.256388213982291 ], [ 110.537559453379714, -66.256401376413649 ], [ 110.537147554562679, -66.256409120718473 ], [ 110.537136508896538, -66.256404602045578 ], [ 110.537214569125723, -66.256395863206464 ], [ 110.537370607174282, -66.256382870914123 ], [ 110.537388772329066, -66.256378439282756 ], [ 110.537482297762551, -66.256360774883987 ], [ 110.537598161127463, -66.256338691199588 ] ] ] ] } },
{ "type": "Feature", "properties": { "AREA": 82.765625, "PERIMETER": 60.9397960772, "LKPG1_": 71, "LKPG1_ID": 209, "FEATURE": "LAKE", "DQI": 20, "SAMP_NO": null, "WSAMP_NO": null, "D18O": 0.0, "W_DATE": null, "CDSAMP_NO": null, "CD_METHOD": null, "CD_DATE": 0, "CD_ERROR": 0, "REMARKS": null, "COLL_BY": null }, "geometry": { "type": "MultiPolygon", "coordinates": [ [ [ [ 110.528777916714347, -66.25646020571412 ], [ 110.528688892994452, -66.256459935539255 ], [ 110.528689479535601, -66.256428537051903 ], [ 110.528721112041339, -66.256410690048014 ], [ 110.528745621979994, -66.256401792927448 ], [ 110.528912959831402, -66.256379871910454 ], [ 110.52903536706232, -66.256380243210884 ], [ 110.529135183587755, -66.256398488924432 ], [ 110.529159023705887, -66.25642547572653 ], [ 110.52909000207282, -66.256434237933576 ], [ 110.529078957840937, -66.256429718688423 ], [ 110.528967427094827, -66.256442837672793 ], [ 110.528968180772594, -66.256402468187346 ], [ 110.528957262192066, -66.256391220685927 ], [ 110.528890452704985, -66.256393260885957 ], [ 110.52883456172988, -66.256406548567981 ], [ 110.528811970768373, -66.256424423030367 ], [ 110.528778419369047, -66.256433292724637 ], [ 110.528777916714347, -66.25646020571412 ] ] ] ] } },
{ "type": "Feature", "properties": { "AREA": 85.0078125, "PERIMETER": 57.105525904499999, "LKPG1_": 72, "LKPG1_ID": 232, "FEATURE": "LAKE", "DQI": 20, "SAMP_NO": null, "WSAMP_NO": null, "D18O": 0.0, "W_DATE": null, "CDSAMP_NO": null, "CD_METHOD": null, "CD_DATE": 0, "CD_ERROR": 0, "REMARKS": null, "COLL_BY": null }, "geometry": { "type": "MultiPolygon", "coordinates": [ [ [ [ 110.526781131888384, -66.25671430716632 ], [ 110.526692107297478, -66.256714035846215 ], [ 110.526651936340116, -66.256704941894029 ], [ 110.526632840930162, -66.256684697795691 ], [ 110.526603756015902, -66.256677880501471 ], [ 110.526340855663236, -66.256677078812004 ], [ 110.526294341143668, -66.256672451170658 ], [ 110.526283255199047, -66.256670174475317 ], [ 110.526288207941903, -66.256665703830748 ], [ 110.526316807788888, -66.25666130532116 ], [ 110.52637249014083, -66.256659232288314 ], [ 110.526441387040961, -66.256657199535255 ], [ 110.526730716306844, -66.256658081605778 ], [ 110.526757882994559, -66.25665592152383 ], [ 110.526815609745057, -66.256656097439247 ], [ 110.526850828041631, -66.256669662011873 ], [ 110.526825980680243, -66.256696500819885 ], [ 110.526781131888384, -66.25671430716632 ] ] ] ] } },
{ "type": "Feature", "properties": { "AREA": 55.45703125, "PERIMETER": 38.449847389299997, "LKPG1_": 73, "LKPG1_ID": 233, "FEATURE": "LAKE", "DQI": 20, "SAMP_NO": null, "WSAMP_NO": null, "D18O": 0.0, "W_DATE": null, "CDSAMP_NO": null, "CD_METHOD": null, "CD_DATE": 0, "CD_ERROR": 0, "REMARKS": null, "COLL_BY": null }, "geometry": { "type": "MultiPolygon", "coordinates": [ [ [ [ 110.52252409217445, -66.257392082104957 ], [ 110.522490876871018, -66.257383008462952 ], [ 110.522486178008904, -66.257374022504607 ], [ 110.522502387261667, -66.257362857960601 ], [ 110.522533075122695, -66.25735846656508 ], [ 110.522584628628195, -66.257354139313748 ], [ 110.522620142679315, -66.257352005615857 ], [ 110.522673740289477, -66.257349927496151 ], [ 110.522709381614661, -66.257341065537204 ], [ 110.522727677311082, -66.25732990738274 ], [ 110.522734191563231, -66.25731647014004 ], [ 110.522750400669281, -66.257305305569957 ], [ 110.522772657325689, -66.257305373970013 ], [ 110.522792572890623, -66.257318892436402 ], [ 110.522798450787974, -66.257339096394901 ], [ 110.522789154476882, -66.257352525090781 ], [ 110.522755472454364, -66.25736812172137 ], [ 110.522715615543504, -66.257379213611571 ], [ 110.522626588658838, -66.257378939959395 ], [ 110.522604247060869, -66.257383357032097 ], [ 110.522574907786236, -66.257389995465161 ], [ 110.52252409217445, -66.257392082104957 ] ] ] ] } },
{ "type": "Feature", "properties": { "AREA": 31.3359375, "PERIMETER": 24.532018754100001, "LKPG1_": 74, "LKPG1_ID": 225, "FEATURE": "LAKE", "DQI": 20, "SAMP_NO": null, "WSAMP_NO": null, "D18O": 0.0, "W_DATE": null, "CDSAMP_NO": null, "CD_METHOD": null, "CD_DATE": 0, "CD_ERROR": 0, "REMARKS": null, "COLL_BY": null }, "geometry": { "type": "MultiPolygon", "coordinates": [ [ [ [ 110.520624803819842, -66.257413145165287 ], [ 110.520625059507239, -66.257399688688125 ], [ 110.52065878549881, -66.257381849774276 ], [ 110.520703980653025, -66.257346103231043 ], [ 110.520770921116579, -66.257337338316518 ], [ 110.520795051361887, -66.257348627170572 ], [ 110.52077015428911, -66.257377707749171 ], [ 110.520714086439156, -66.257399963487785 ], [ 110.520624803819842, -66.257413145165287 ] ] ] ] } },
{ "type": "Feature", "properties": { "AREA": 35.3828125, "PERIMETER": 31.861694420500001, "LKPG1_": 75, "LKPG1_ID": 231, "FEATURE": "LAKE", "DQI": 20, "SAMP_NO": null, "WSAMP_NO": null, "D18O": 0.0, "W_DATE": null, "CDSAMP_NO": null, "CD_METHOD": null, "CD_DATE": 0, "CD_ERROR": 0, "REMARKS": null, "COLL_BY": null }, "geometry": { "type": "MultiPolygon", "coordinates": [ [ [ [ 110.524938813958812, -66.257628261450108 ], [ 110.524918896999267, -66.257614743258685 ], [ 110.524972621666677, -66.257605936103246 ], [ 110.52500617596192, -66.257597067234329 ], [ 110.525062156028881, -66.257579295439868 ], [ 110.525106754273196, -66.257574946079188 ], [ 110.525162312105039, -66.257579601724643 ], [ 110.525239958049212, -66.257593296387341 ], [ 110.524938813958812, -66.257628261450108 ] ] ] ] } },
{ "type": "Feature", "properties": { "AREA": 22.890625, "PERIMETER": 20.069961273800001, "LKPG1_": 76, "LKPG1_ID": 228, "FEATURE": "LAKE", "DQI": 20, "SAMP_NO": null, "WSAMP_NO": null, "D18O": 0.0, "W_DATE": null, "CDSAMP_NO": null, "CD_METHOD": null, "CD_DATE": 0, "CD_ERROR": 0, "REMARKS": null, "COLL_BY": null }, "geometry": { "type": "MultiPolygon", "coordinates": [ [ [ [ 110.522611011411129, -66.257724295171613 ], [ 110.522604353165377, -66.257708574562358 ], [ 110.52262256430015, -66.257701901914544 ], [ 110.522622818925512, -66.257688445433956 ], [ 110.522656459023793, -66.25767509157987 ], [ 110.522722975399546, -66.2576887532922 ], [ 110.522764978546576, -66.257711311153017 ], [ 110.522611011411129, -66.257724295171613 ] ] ] ] } },
{ "type": "Feature", "properties": { "AREA": 48.4453125, "PERIMETER": 32.262897483499998, "LKPG1_": 77, "LKPG1_ID": 229, "FEATURE": "LAKE", "DQI": 20, "SAMP_NO": null, "WSAMP_NO": null, "D18O": 0.0, "W_DATE": null, "CDSAMP_NO": null, "CD_METHOD": null, "CD_DATE": 0, "CD_ERROR": 0, "REMARKS": null, "COLL_BY": null }, "geometry": { "type": "MultiPolygon", "coordinates": [ [ [ [ 110.522486475285575, -66.257836056138103 ], [ 110.522364061107169, -66.257835679671274 ], [ 110.522297544539285, -66.257822017805353 ], [ 110.522309182682804, -66.25779513907878 ], [ 110.522442640299886, -66.257800035305507 ], [ 110.522509496471528, -66.25779575513576 ], [ 110.522520709909301, -66.257791303860174 ], [ 110.522567480450576, -66.257782476151675 ], [ 110.522585309679087, -66.257795988228821 ], [ 110.5225648845351, -66.257809382697133 ], [ 110.522553543765227, -66.25782056221604 ], [ 110.522486475285575, -66.257836056138103 ] ] ] ] } },
{ "type": "Feature", "properties": { "AREA": 85.921875, "PERIMETER": 41.168494253600002, "LKPG1_": 78, "LKPG1_ID": 226, "FEATURE": "LAKE", "DQI": 20, "SAMP_NO": null, "WSAMP_NO": null, "D18O": 0.0, "W_DATE": null, "CDSAMP_NO": null, "CD_METHOD": null, "CD_DATE": 0, "CD_ERROR": 0, "REMARKS": null, "COLL_BY": null }, "geometry": { "type": "MultiPolygon", "coordinates": [ [ [ [ 110.519480654148325, -66.257885099093059 ], [ 110.519391625520527, -66.257884823585272 ], [ 110.519392480022233, -66.257839968672087 ], [ 110.519537578407281, -66.25781798888822 ], [ 110.519693378097898, -66.257818470846672 ], [ 110.519766848589384, -66.257832155336573 ], [ 110.519737294576046, -66.25785000696132 ], [ 110.519480654148325, -66.257885099093059 ] ] ] ] } },
{ "type": "Feature", "properties": { "AREA": 13.34375, "PERIMETER": 14.923242612499999, "LKPG1_": 79, "LKPG1_ID": 230, "FEATURE": "LAKE", "DQI": 20, "SAMP_NO": null, "WSAMP_NO": null, "D18O": 0.0, "W_DATE": null, "CDSAMP_NO": null, "CD_METHOD": null, "CD_DATE": 0, "CD_ERROR": 0, "REMARKS": null, "COLL_BY": null }, "geometry": { "type": "MultiPolygon", "coordinates": [ [ [ [ 110.523020052657387, -66.257869096229072 ], [ 110.522940235647667, -66.257859879540632 ], [ 110.522942491892977, -66.25785091496347 ], [ 110.522953790095883, -66.257841978162944 ], [ 110.523009517729335, -66.257837663591204 ], [ 110.523075949929961, -66.257855810646149 ], [ 110.523020052657387, -66.257869096229072 ] ] ] ] } },
{ "type": "Feature", "properties": { "AREA": 99.9609375, "PERIMETER": 62.227545404899999, "LKPG1_": 80, "LKPG1_ID": 216, "FEATURE": "LAKE", "DQI": 20, "SAMP_NO": null, "WSAMP_NO": null, "D18O": 0.0, "W_DATE": null, "CDSAMP_NO": null, "CD_METHOD": null, "CD_DATE": 0, "CD_ERROR": 0, "REMARKS": null, "COLL_BY": null }, "geometry": { "type": "MultiPolygon", "coordinates": [ [ [ [ 110.537701254893875, -66.258380013541313 ], [ 110.537411905427575, -66.258379151899561 ], [ 110.537456585209569, -66.258370313489593 ], [ 110.537746509898355, -66.258339776528061 ], [ 110.537947321372386, -66.258313459656904 ], [ 110.53802530509175, -66.25830920591865 ], [ 110.538060490662147, -66.258325010702208 ], [ 110.538024565838882, -66.25834957544609 ], [ 110.537935288869235, -66.258362767077287 ], [ 110.537701254893875, -66.258380013541313 ] ] ] ] } },
{ "type": "Feature", "properties": { "AREA": 5289.7578125, "PERIMETER": 318.422889371, "LKPG1_": 81, "LKPG1_ID": 2280, "FEATURE": "LAKE", "DQI": 28, "SAMP_NO": null, "WSAMP_NO": null, "D18O": 0.0, "W_DATE": null, "CDSAMP_NO": null, "CD_METHOD": null, "CD_DATE": 0, "CD_ERROR": 0, "REMARKS": null, "COLL_BY": null }, "geometry": { "type": "MultiPolygon", "coordinates": [ [ [ [ 110.568029617693014, -66.260573389367551 ], [ 110.567868815373984, -66.260579670625106 ], [ 110.567746002796028, -66.260601757524341 ], [ 110.567517575159144, -66.260657193258623 ], [ 110.567470776523308, -66.260668277265353 ], [ 110.567048311192636, -66.260761300532252 ], [ 110.566564009412289, -66.260849664358432 ], [ 110.566067607391105, -66.260913321334471 ], [ 110.565858301720141, -66.26090825065269 ], [ 110.565776256001229, -66.260865406805053 ], [ 110.56568304199935, -66.260824774548595 ], [ 110.565683814305928, -66.260779919363131 ], [ 110.565809023003695, -66.260618783017293 ], [ 110.565821388147114, -66.260547045832794 ], [ 110.565834371628966, -66.26047979611009 ], [ 110.565898907397695, -66.260408204756672 ], [ 110.566124748022531, -66.260381921446026 ], [ 110.566344986357663, -66.260398236642558 ], [ 110.566564604483162, -66.260369692451107 ], [ 110.566807331250118, -66.2603322409405 ], [ 110.567044104779939, -66.260276829518546 ], [ 110.567274809187424, -66.260210186491605 ], [ 110.567500220176299, -66.260168199920642 ], [ 110.567759714944216, -66.260126307889848 ], [ 110.567883958887052, -66.260142353705561 ], [ 110.567895753900089, -66.26022537260252 ], [ 110.567823111494363, -66.260323856618513 ], [ 110.56791447488672, -66.260391396844057 ], [ 110.568078297603307, -66.260452409948755 ], [ 110.568124797299077, -66.260540011070844 ], [ 110.568099678392642, -66.260544426951427 ], [ 110.568029617693014, -66.260573389367551 ] ] ] ] } },
{ "type": "Feature", "properties": { "AREA": 127.9375, "PERIMETER": 56.941460857700001, "LKPG1_": 82, "LKPG1_ID": 223, "FEATURE": "LAKE", "DQI": 20, "SAMP_NO": null, "WSAMP_NO": null, "D18O": 0.0, "W_DATE": null, "CDSAMP_NO": null, "CD_METHOD": null, "CD_DATE": 0, "CD_ERROR": 0, "REMARKS": null, "COLL_BY": null }, "geometry": { "type": "MultiPolygon", "coordinates": [ [ [ [ 110.538063290023075, -66.260489391840181 ], [ 110.538041359087458, -66.2604713836228 ], [ 110.538153067204945, -66.260449287131991 ], [ 110.538409543699515, -66.260423135158945 ], [ 110.538531888657815, -66.260427984486824 ], [ 110.538629559212765, -66.260450703402256 ], [ 110.538609140426487, -66.260464099979529 ], [ 110.538430654103479, -66.260485998345175 ], [ 110.538063290023075, -66.260489391840181 ] ] ] ] } },
{ "type": "Feature", "properties": { "AREA": 151.4921875, "PERIMETER": 46.1856690953, "LKPG1_": 83, "LKPG1_ID": 217, "FEATURE": "LAKE", "DQI": 20, "SAMP_NO": null, "WSAMP_NO": null, "D18O": 0.0, "W_DATE": null, "CDSAMP_NO": null, "CD_METHOD": null, "CD_DATE": 0, "CD_ERROR": 0, "REMARKS": null, "COLL_BY": null }, "geometry": { "type": "MultiPolygon", "coordinates": [ [ [ [ 110.534997564164343, -66.260753873491709 ], [ 110.534985738678472, -66.260753838084469 ], [ 110.534841663285846, -66.260757892376517 ], [ 110.534752872513494, -66.26074416917055 ], [ 110.534719979337993, -66.260717156144906 ], [ 110.534742983631446, -66.260676853334871 ], [ 110.534787668418389, -66.260668015698329 ], [ 110.534876872482428, -66.260659311385936 ], [ 110.535010513094932, -66.260655225820798 ], [ 110.53507679601401, -66.260682338743905 ], [ 110.535075721267759, -66.260740650241218 ], [ 110.534997564164343, -66.260753873491709 ] ] ] ] } },
{ "type": "Feature", "properties": { "AREA": 210.875, "PERIMETER": 69.717075681799997, "LKPG1_": 84, "LKPG1_ID": 224, "FEATURE": "LAKE", "DQI": 20, "SAMP_NO": null, "WSAMP_NO": null, "D18O": 0.0, "W_DATE": null, "CDSAMP_NO": null, "CD_METHOD": null, "CD_DATE": 0, "CD_ERROR": 0, "REMARKS": null, "COLL_BY": null }, "geometry": { "type": "MultiPolygon", "coordinates": [ [ [ [ 110.538942992519111, -66.261685214209365 ], [ 110.538764743902519, -66.261693656445757 ], [ 110.538631508606656, -66.261675317730649 ], [ 110.538587315690307, -66.261657243463006 ], [ 110.538621280832984, -66.26162594415004 ], [ 110.538588792623599, -66.261576504436235 ], [ 110.53861113514661, -66.261572085066916 ], [ 110.538845034116747, -66.261563808258828 ], [ 110.538889391050802, -66.261572911449974 ], [ 110.538855180299336, -66.261617667327016 ], [ 110.538910585597534, -66.261631289061185 ], [ 110.539122142545082, -66.261627431248499 ], [ 110.539133026941144, -66.261640920782227 ], [ 110.538942992519111, -66.261685214209365 ] ] ] ] } },
{ "type": "Feature", "properties": { "AREA": 126.0, "PERIMETER": 41.856464863399999, "LKPG1_": 85, "LKPG1_ID": 268, "FEATURE": "LAKE", "DQI": 20, "SAMP_NO": null, "WSAMP_NO": null, "D18O": 0.0, "W_DATE": null, "CDSAMP_NO": null, "CD_METHOD": null, "CD_DATE": 0, "CD_ERROR": 0, "REMARKS": null, "COLL_BY": null }, "geometry": { "type": "MultiPolygon", "coordinates": [ [ [ [ 110.561214334550584, -66.264333515658564 ], [ 110.561169964687792, -66.26432441884009 ], [ 110.561126453450242, -66.26426598135717 ], [ 110.561171291469449, -66.264248165105087 ], [ 110.561249367691971, -66.264239414202109 ], [ 110.561316390436644, -66.264226146307493 ], [ 110.561394310528982, -66.264226366359466 ], [ 110.561438212311259, -66.264262376197991 ], [ 110.561415169371529, -66.264307168475966 ], [ 110.561347990434101, -66.264329407440783 ], [ 110.561214334550584, -66.264333515658564 ] ] ] ] } },
{ "type": "Feature", "properties": { "AREA": 116.0390625, "PERIMETER": 43.8755763837, "LKPG1_": 86, "LKPG1_ID": 23, "FEATURE": "LAKE", "DQI": 20, "SAMP_NO": null, "WSAMP_NO": null, "D18O": 0.0, "W_DATE": null, "CDSAMP_NO": null, "CD_METHOD": null, "CD_DATE": 0, "CD_ERROR": 0, "REMARKS": null, "COLL_BY": null }, "geometry": { "type": "MultiPolygon", "coordinates": [ [ [ [ 110.509016756795788, -66.275842489327204 ], [ 110.50900148780984, -66.275840198203369 ], [ 110.508981390301514, -66.275835648944422 ], [ 110.508957768959547, -66.275833331421751 ], [ 110.508896518295273, -66.275833137841985 ], [ 110.508899433501284, -66.275826418430768 ], [ 110.508922577265793, -66.275817520077766 ], [ 110.508933801127071, -66.275813069800094 ], [ 110.508940892498018, -66.275806363586454 ], [ 110.508943286423801, -66.275790671026783 ], [ 110.508952465872667, -66.275783971411684 ], [ 110.508967257235355, -66.275775046655838 ], [ 110.509002929440484, -66.27576618788288 ], [ 110.509090457129716, -66.27573954994287 ], [ 110.509101637249827, -66.275737342390016 ], [ 110.509135221272231, -66.275728476989613 ], [ 110.50917428614774, -66.275724114645428 ], [ 110.509189598748122, -66.275724163015227 ], [ 110.509211696953614, -66.275733204316893 ], [ 110.509215742118968, -66.275739945719025 ], [ 110.509216784841968, -66.27575789201255 ], [ 110.509189462388875, -66.275802663209461 ], [ 110.509176671837096, -66.275816080056529 ], [ 110.509161184494261, -66.275825002633539 ], [ 110.509145088456407, -66.27582943753616 ], [ 110.509130384473522, -66.275833876834852 ], [ 110.509100367815876, -66.275838267755006 ], [ 110.509040421834243, -66.275842564103954 ], [ 110.509016756795788, -66.275842489327204 ] ] ] ] } },
{ "type": "Feature", "properties": { "AREA": 107.74609375, "PERIMETER": 53.035856977599998, "LKPG1_": 87, "LKPG1_ID": 26, "FEATURE": "LAKE", "DQI": 20, "SAMP_NO": null, "WSAMP_NO": null, "D18O": 0.0, "W_DATE": null, "CDSAMP_NO": null, "CD_METHOD": null, "CD_DATE": 0, "CD_ERROR": 0, "REMARKS": null, "COLL_BY": null }, "geometry": { "type": "MultiPolygon", "coordinates": [ [ [ [ 110.540132136726825, -66.277888989302951 ], [ 110.540034806887633, -66.277881972629942 ], [ 110.540014661208616, -66.277879670128911 ], [ 110.53999435180377, -66.277886338611054 ], [ 110.539962986813975, -66.277888488625592 ], [ 110.539923391552435, -66.277883885663229 ], [ 110.53986303644065, -66.27787249261614 ], [ 110.53983187619113, -66.277863428872166 ], [ 110.539805465741054, -66.277861107791594 ], [ 110.539794410211101, -66.277856589314652 ], [ 110.539776434745477, -66.277849807474539 ], [ 110.539768163581485, -66.277845297242166 ], [ 110.539776639503955, -66.277838593742572 ], [ 110.53979273144607, -66.277834155666071 ], [ 110.539805998079387, -66.277831952088391 ], [ 110.539819428501787, -66.277820777523928 ], [ 110.539830606861074, -66.277818567759851 ], [ 110.539850834364458, -66.27781638479189 ], [ 110.539933013705792, -66.277814385254871 ], [ 110.53996916935327, -66.277816735164578 ], [ 110.539982272228713, -66.277823502557652 ], [ 110.540010729990286, -66.277828072536366 ], [ 110.540028705503573, -66.277834854349422 ], [ 110.540046762881815, -66.277837150667423 ], [ 110.540099420089561, -66.277850763728054 ], [ 110.540126526645253, -66.277853086818737 ], [ 110.540166162812781, -66.277855446982812 ], [ 110.54017529380576, -66.277850988267815 ], [ 110.54018028917713, -66.277844274446991 ], [ 110.540188764989722, -66.277837570924859 ], [ 110.540231226405339, -66.277837696564859 ], [ 110.540244370272163, -66.277842221189346 ], [ 110.540242118364375, -66.277851185996923 ], [ 110.540255180421909, -66.277860196113565 ], [ 110.540250922066434, -66.277864669249752 ], [ 110.540193023891717, -66.277871226540924 ], [ 110.540179716355567, -66.27787567289819 ], [ 110.540172632707751, -66.277882380539438 ], [ 110.540159284244382, -66.277889069641432 ], [ 110.540132136726825, -66.277888989302951 ] ] ] ] } },
{ "type": "Feature", "properties": { "AREA": 1298.86328125, "PERIMETER": 311.21382419700001, "LKPG1_": 88, "LKPG1_ID": 28, "FEATURE": "LAKE", "DQI": 20, "SAMP_NO": null, "WSAMP_NO": null, "D18O": 0.0, "W_DATE": null, "CDSAMP_NO": null, "CD_METHOD": null, "CD_DATE": 0, "CD_ERROR": 0, "REMARKS": null, "COLL_BY": null }, "geometry": { "type": "MultiPolygon", "coordinates": [ [ [ [ 110.539185397401013, -66.278498487504365 ], [ 110.53916111567392, -66.278493929760927 ], [ 110.539129872888864, -66.278489351368634 ], [ 110.539105591180629, -66.278484793616499 ], [ 110.53908536307641, -66.278486976486946 ], [ 110.53907426638618, -66.278484700705022 ], [ 110.539056945756656, -66.278480163592846 ], [ 110.539014647348552, -66.278471066647469 ], [ 110.53898819531463, -66.278470988173837 ], [ 110.538972102824147, -66.278475426166366 ], [ 110.53894958126439, -66.278488816553164 ], [ 110.538936314210503, -66.278491020057288 ], [ 110.538903024180996, -66.278484192677297 ], [ 110.538862650003651, -66.27848407287091 ], [ 110.538818140225956, -66.278481697912682 ], [ 110.538803072121794, -66.278468195986335 ], [ 110.538778913618202, -66.27845690994549 ], [ 110.538772157772044, -66.278445675554906 ], [ 110.538761143214771, -66.278438914258857 ], [ 110.538729900570814, -66.278434335786216 ], [ 110.538718639748055, -66.278441030962469 ], [ 110.538705372699212, -66.278443234446911 ], [ 110.538676914481002, -66.278438664229256 ], [ 110.538663238687889, -66.278425166422437 ], [ 110.538625649025846, -66.278425054820943 ], [ 110.538607632413473, -66.278420515591947 ], [ 110.538570042758664, -66.278420403976995 ], [ 110.538496337792978, -66.278415699362924 ], [ 110.538456741972709, -66.278411096026858 ], [ 110.538452074594829, -66.278399867824973 ], [ 110.538457070534335, -66.278393154060353 ], [ 110.53847934586085, -66.278393220219812 ], [ 110.538490401389737, -66.278397738790005 ], [ 110.538512594589946, -66.278402290436347 ], [ 110.53852794994647, -66.278400093170006 ], [ 110.538532945865811, -66.278393379402928 ], [ 110.538539292927211, -66.278388912515865 ], [ 110.538561650371946, -66.278384493171828 ], [ 110.538611114793028, -66.278382397179698 ], [ 110.538630728859914, -66.278375726812442 ], [ 110.5386377720029, -66.278371261988084 ], [ 110.538644856196811, -66.278364554417493 ], [ 110.538627003844113, -66.278351044207199 ], [ 110.538611812751384, -66.278344270499829 ], [ 110.538591790007885, -66.278335239576705 ], [ 110.538585034277588, -66.278324005177865 ], [ 110.538592200588184, -66.278312812117889 ], [ 110.538601332025252, -66.278308353495902 ], [ 110.538627865996659, -66.278303946543517 ], [ 110.538650059139215, -66.278308498170247 ], [ 110.538663285070257, -66.278308537436374 ], [ 110.538730069782076, -66.278310978562317 ], [ 110.538761435402023, -66.278308828797122 ], [ 110.538792924136999, -66.278299950787755 ], [ 110.538835386323271, -66.278300076809614 ], [ 110.53884664705194, -66.278293381624707 ], [ 110.538871051628362, -66.278291211179365 ], [ 110.538913554829733, -66.278289094433859 ], [ 110.538926534581904, -66.278302590153501 ], [ 110.53893546081909, -66.27830934524178 ], [ 110.538948686751112, -66.278309384483606 ], [ 110.538968914724521, -66.278307201630852 ], [ 110.538980093374036, -66.278304991928266 ], [ 110.538991395088956, -66.278296053986836 ], [ 110.538982714980619, -66.278275842425671 ], [ 110.538986973630784, -66.278271369324628 ], [ 110.539016291898122, -66.278266970566449 ], [ 110.539089546508137, -66.278258216392786 ], [ 110.539109815440156, -66.278253790775594 ], [ 110.539143474301227, -66.278240433396689 ], [ 110.539156864227863, -66.278231501636455 ], [ 110.539157110273251, -66.278218045159946 ], [ 110.539135327213074, -66.2781910661447 ], [ 110.539124517721177, -66.278173091143728 ], [ 110.539100359355885, -66.278161805152493 ], [ 110.539091515153075, -66.278150564581395 ], [ 110.539085619401149, -66.278130361284283 ], [ 110.539087953772537, -66.27811691100186 ], [ 110.539101343653073, -66.278107979246229 ], [ 110.539114651501933, -66.278103532981675 ], [ 110.53915097151858, -66.278096912097411 ], [ 110.539166367640007, -66.27809247202164 ], [ 110.539173574632144, -66.278079036188203 ], [ 110.539182009786416, -66.278074575467528 ], [ 110.539195972694728, -66.278072374006399 ], [ 110.539278111925029, -66.27807261756243 ], [ 110.53929629238948, -66.278068185729126 ], [ 110.539304809506618, -66.278059239509417 ], [ 110.53930783984876, -66.278045791287212 ], [ 110.539308003823862, -66.278036820302475 ], [ 110.539279054842169, -66.278021034400382 ], [ 110.539275001269644, -66.278014293778696 ], [ 110.539283477380152, -66.278007590306274 ], [ 110.539315088534053, -66.27799198395185 ], [ 110.539342400121896, -66.277983093448285 ], [ 110.539348746936369, -66.277978626527769 ], [ 110.539366927320586, -66.277974194686095 ], [ 110.539393419820556, -66.277972030348749 ], [ 110.539406440652044, -66.27798328328268 ], [ 110.539433424338412, -66.277992334732971 ], [ 110.53946180023064, -66.278001390304624 ], [ 110.539495048797633, -66.278010460311322 ], [ 110.539503934107827, -66.278019458113491 ], [ 110.539492550744271, -66.278032881585176 ], [ 110.539488210268772, -66.27804184019277 ], [ 110.539480880519761, -66.278062004279661 ], [ 110.539474451749626, -66.278070956698002 ], [ 110.5394631503071, -66.27807989467496 ], [ 110.539451930818672, -66.278084347158668 ], [ 110.539404309426587, -66.278099906085984 ], [ 110.539379700143542, -66.278113290346241 ], [ 110.539375400601926, -66.278120006204347 ], [ 110.539375154674246, -66.278133462681467 ], [ 110.539397183858028, -66.278146985186311 ], [ 110.539436656488562, -66.278158316521356 ], [ 110.539447753068004, -66.278160592277402 ], [ 110.539472689644569, -66.278167394785285 ], [ 110.539476702315454, -66.278176378147933 ], [ 110.53947236180943, -66.278185336754888 ], [ 110.539461142275627, -66.278189789239178 ], [ 110.539433912471111, -66.27819419427091 ], [ 110.539389403150835, -66.278191819476476 ], [ 110.539371877723681, -66.278198496130159 ], [ 110.539360699155665, -66.278200705860996 ], [ 110.539368806408362, -66.278214187099493 ], [ 110.539377773720858, -66.278218699416357 ], [ 110.539384611751203, -66.278225448288737 ], [ 110.539386536100878, -66.278234425463481 ], [ 110.539372900323656, -66.278256813720404 ], [ 110.539374701706706, -66.278272519133679 ], [ 110.539383628053486, -66.278279274196322 ], [ 110.539400907618059, -66.278286054018295 ], [ 110.539430143863783, -66.278286140674311 ], [ 110.539465767960223, -66.278279517653559 ], [ 110.539499221781341, -66.278277373928404 ], [ 110.539534763899212, -66.278275236384161 ], [ 110.53954876786085, -66.278270792145221 ], [ 110.539548931751938, -66.278261821160427 ], [ 110.539528826788583, -66.278257275850166 ], [ 110.539448775254471, -66.278257038615592 ], [ 110.539441978180648, -66.278248046999906 ], [ 110.539440053810196, -66.278239069825858 ], [ 110.539451437295213, -66.278225646358436 ], [ 110.539455900758497, -66.278209959513546 ], [ 110.539474163249508, -66.278201042167197 ], [ 110.539485341807747, -66.278198832428174 ], [ 110.539507657942067, -66.278196655693947 ], [ 110.539543199945371, -66.2781945181477 ], [ 110.539567645337385, -66.278190104846601 ], [ 110.539608019047847, -66.278190224469554 ], [ 110.539643438141027, -66.278194815139088 ], [ 110.53969679197597, -66.278208430398024 ], [ 110.539716815015339, -66.278217461179096 ], [ 110.539722875122351, -66.278228693467284 ], [ 110.539716405437602, -66.278239888641735 ], [ 110.539677587449944, -66.278268930934203 ], [ 110.53967529434037, -66.278280138479175 ], [ 110.539684261731225, -66.278284650778346 ], [ 110.539701664258132, -66.278284702328236 ], [ 110.539719844801397, -66.278280270445563 ], [ 110.539735240934917, -66.278275830313532 ], [ 110.539764559077355, -66.278271431414097 ], [ 110.539800019263694, -66.278273779301699 ], [ 110.539835397562058, -66.278280612673797 ], [ 110.53993338404689, -66.278289874279423 ], [ 110.540027153064599, -66.278301366206691 ], [ 110.540031247814184, -66.27830586406229 ], [ 110.540020028325245, -66.278310316586868 ], [ 110.539964340180319, -66.278310151734431 ], [ 110.539919830604788, -66.278307777091825 ], [ 110.539853127675968, -66.278300850984607 ], [ 110.539773198858441, -66.278293885678238 ], [ 110.539746009951045, -66.278296048018319 ], [ 110.539708256641262, -66.278304907663795 ], [ 110.539676973029174, -66.2783025721277 ], [ 110.539652609474331, -66.27830249995344 ], [ 110.539629965533649, -66.278322618678075 ], [ 110.539611580107476, -66.278338264281189 ], [ 110.539586806822953, -66.278360619558484 ], [ 110.539588649315945, -66.278374082222982 ], [ 110.539582302444117, -66.278378549153032 ], [ 110.539552861227392, -66.278389676256424 ], [ 110.539543729928951, -66.278394134934359 ], [ 110.539541518695657, -66.278400856984817 ], [ 110.539548356819125, -66.278407605849878 ], [ 110.539557119370883, -66.278423331887097 ], [ 110.539552123718281, -66.27843004568723 ], [ 110.539542992405046, -66.278434504365094 ], [ 110.539516581383509, -66.278432183235267 ], [ 110.53948525665264, -66.278432090406667 ], [ 110.539451966551795, -66.278425263144172 ], [ 110.539425801452538, -66.278409485522189 ], [ 110.539419127299709, -66.278393765667289 ], [ 110.539401806670398, -66.278389228593483 ], [ 110.539379490356438, -66.278391405312377 ], [ 110.539361350662944, -66.278393594408982 ], [ 110.539348165676842, -66.278391312456179 ], [ 110.539341286619944, -66.278386806328399 ], [ 110.539339731199306, -66.278357644438358 ], [ 110.539326587226697, -66.278353119737602 ], [ 110.539317660869145, -66.278346364671748 ], [ 110.539306564219743, -66.278344088906422 ], [ 110.539291208964968, -66.278346286249757 ], [ 110.539279948330602, -66.278352981466895 ], [ 110.539276999930365, -66.278361944195822 ], [ 110.539281708665641, -66.278370929627087 ], [ 110.539276384972226, -66.278395585387003 ], [ 110.539258818374449, -66.278404504773718 ], [ 110.539240637660626, -66.278408936602276 ], [ 110.53920501332216, -66.278415559571187 ], [ 110.539193465600974, -66.278437954004232 ], [ 110.539184293215953, -66.278444655407014 ], [ 110.539175038813255, -66.278455842301284 ], [ 110.539186053489047, -66.278462603568059 ], [ 110.539204070235883, -66.278467142730037 ], [ 110.539252797660964, -66.278467287215562 ], [ 110.539261765042554, -66.27847179953902 ], [ 110.539263689366976, -66.278480776714972 ], [ 110.539241167957186, -66.278494167144132 ], [ 110.539218810533896, -66.27849858658584 ], [ 110.539185397401013, -66.278498487504365 ] ] ] ] } },
{ "type": "Feature", "properties": { "AREA": 22.46484375, "PERIMETER": 19.757126619600001, "LKPG1_": 89, "LKPG1_ID": 27, "FEATURE": "LAKE", "DQI": 20, "SAMP_NO": null, "WSAMP_NO": null, "D18O": 0.0, "W_DATE": null, "CDSAMP_NO": null, "CD_METHOD": null, "CD_DATE": 0, "CD_ERROR": 0, "REMARKS": null, "COLL_BY": null }, "geometry": { "type": "MultiPolygon", "coordinates": [ [ [ [ 110.540105361981162, -66.278288140484761 ], [ 110.540087263349676, -66.278288086919858 ], [ 110.540078336811078, -66.27828133189756 ], [ 110.540076453137289, -66.278270111984924 ], [ 110.540067649387737, -66.2782566287229 ], [ 110.5400636364935, -66.278247645375487 ], [ 110.54006584757397, -66.278240923317384 ], [ 110.540079196248769, -66.278234234223859 ], [ 110.540097294841573, -66.278234287789672 ], [ 110.540134843306305, -66.278236641781419 ], [ 110.540161991198318, -66.27823672211963 ], [ 110.540173046960746, -66.278241240570338 ], [ 110.540184020894714, -66.27825024451306 ], [ 110.540174807924288, -66.278259188721037 ], [ 110.540156709313422, -66.278259135164234 ], [ 110.540145489867442, -66.278263587697936 ], [ 110.540141231424087, -66.27826806083084 ], [ 110.540149994297678, -66.27828378683509 ], [ 110.540124893736731, -66.278285955421325 ], [ 110.540105361981162, -66.278288140484761 ] ] ] ] } },
{ "type": "Feature", "properties": { "AREA": 5.13671875, "PERIMETER": 8.9844493391700002, "LKPG1_": 90, "LKPG1_ID": 25, "FEATURE": "LAKE", "DQI": 20, "SAMP_NO": null, "WSAMP_NO": null, "D18O": 0.0, "W_DATE": null, "CDSAMP_NO": null, "CD_METHOD": null, "CD_DATE": 0, "CD_ERROR": 0, "REMARKS": null, "COLL_BY": null }, "geometry": { "type": "MultiPolygon", "coordinates": [ [ [ [ 110.541166020248085, -66.278378747760698 ], [ 110.541162047772403, -66.278367521694889 ], [ 110.541166346880559, -66.278360805787287 ], [ 110.541179613671574, -66.278358602092581 ], [ 110.541197671530227, -66.278360898276958 ], [ 110.541224123456786, -66.278360976374444 ], [ 110.541233091153941, -66.278365488584356 ], [ 110.541199433231498, -66.278378846416217 ], [ 110.541166020248085, -66.278378747760698 ] ] ] ] } },
{ "type": "Feature", "properties": { "AREA": 20.921875, "PERIMETER": 19.9167141225, "LKPG1_": 91, "LKPG1_ID": 22, "FEATURE": "LAKE", "DQI": 20, "SAMP_NO": null, "WSAMP_NO": null, "D18O": 0.0, "W_DATE": null, "CDSAMP_NO": null, "CD_METHOD": null, "CD_DATE": 0, "CD_ERROR": 0, "REMARKS": null, "COLL_BY": null }, "geometry": { "type": "MultiPolygon", "coordinates": [ [ [ [ 110.503997885448769, -66.278363241788782 ], [ 110.503985399792995, -66.278360959059654 ], [ 110.503992493199135, -66.278354253075335 ], [ 110.50403173956451, -66.278340921090361 ], [ 110.504058323719946, -66.278334277310535 ], [ 110.504073030054712, -66.278329838494727 ], [ 110.504089128581469, -66.278325404120508 ], [ 110.504110011539268, -66.27832547076359 ], [ 110.504147468494665, -66.278332318917933 ], [ 110.504161346348695, -66.278334606076356 ], [ 110.504172439809594, -66.278336884349144 ], [ 110.50417230744722, -66.278343612553002 ], [ 110.504156208923419, -66.278348046935832 ], [ 110.504129624779168, -66.278354690732428 ], [ 110.504084986160379, -66.278359034031837 ], [ 110.504042435825141, -66.278363383983532 ], [ 110.503997885448769, -66.278363241788782 ] ] ] ] } },
{ "type": "Feature", "properties": { "AREA": 32.90234375, "PERIMETER": 25.425088573899998, "LKPG1_": 92, "LKPG1_ID": 29, "FEATURE": "LAKE", "DQI": 20, "SAMP_NO": null, "WSAMP_NO": null, "D18O": 0.0, "W_DATE": null, "CDSAMP_NO": null, "CD_METHOD": null, "CD_DATE": 0, "CD_ERROR": 0, "REMARKS": null, "COLL_BY": null }, "geometry": { "type": "MultiPolygon", "coordinates": [ [ [ [ 110.540071501052836, -66.27854148428986 ], [ 110.540056227600488, -66.27853919621613 ], [ 110.54002498459613, -66.278534618003704 ], [ 110.539998041050367, -66.278523323910065 ], [ 110.539982726681046, -66.278523278575392 ], [ 110.539971507086619, -66.278527731096275 ], [ 110.539958362911818, -66.278523206448952 ], [ 110.539949518199947, -66.278511965926896 ], [ 110.539953817655856, -66.278505250053186 ], [ 110.539971998314115, -66.278500818141168 ], [ 110.539996239261484, -66.278507618504293 ], [ 110.540012249728591, -66.278507665898189 ], [ 110.540038865523357, -66.278498773212405 ], [ 110.540076578081596, -66.278492156233241 ], [ 110.540090622993503, -66.278485469199296 ], [ 110.54011703412408, -66.278487790231608 ], [ 110.540135091978001, -66.278490086539449 ], [ 110.540143363418906, -66.278494596752068 ], [ 110.54014315881723, -66.278505810483637 ], [ 110.540127435240663, -66.278528192626339 ], [ 110.540118222148223, -66.278537136830593 ], [ 110.540093858365125, -66.278537064725384 ], [ 110.540071501052836, -66.27854148428986 ] ] ] ] } },
{ "type": "Feature", "properties": { "AREA": 18.25390625, "PERIMETER": 21.414852143400001, "LKPG1_": 93, "LKPG1_ID": 34, "FEATURE": "LAKE", "DQI": 20, "SAMP_NO": null, "WSAMP_NO": null, "D18O": 0.0, "W_DATE": null, "CDSAMP_NO": null, "CD_METHOD": null, "CD_DATE": 0, "CD_ERROR": 0, "REMARKS": null, "COLL_BY": null }, "geometry": { "type": "MultiPolygon", "coordinates": [ [ [ [ 110.534760357001986, -66.278554831171604 ], [ 110.534667244154775, -66.278545580896562 ], [ 110.534613726680305, -66.278540934890771 ], [ 110.534576261114452, -66.278534094075994 ], [ 110.534565289062044, -66.278525089738736 ], [ 110.53457855651466, -66.278522886607988 ], [ 110.534636374819243, -66.278520816900155 ], [ 110.534676666217749, -66.278525423293786 ], [ 110.534756470152075, -66.278539119454763 ], [ 110.534773790046188, -66.278543657045802 ], [ 110.534778538607043, -66.278550399867811 ], [ 110.534760357001986, -66.278554831171604 ] ] ] ] } },
{ "type": "Feature", "properties": { "AREA": 15.30078125, "PERIMETER": 20.447874780100001, "LKPG1_": 94, "LKPG1_ID": 33, "FEATURE": "LAKE", "DQI": 20, "SAMP_NO": null, "WSAMP_NO": null, "D18O": 0.0, "W_DATE": null, "CDSAMP_NO": null, "CD_METHOD": null, "CD_DATE": 0, "CD_ERROR": 0, "REMARKS": null, "COLL_BY": null }, "geometry": { "type": "MultiPolygon", "coordinates": [ [ [ [ 110.534451401845018, -66.278773706996802 ], [ 110.534460575607525, -66.278767005874499 ], [ 110.534485022442226, -66.27876259337414 ], [ 110.534505292586516, -66.278758168358536 ], [ 110.534522778269618, -66.278753734999654 ], [ 110.534558528566151, -66.278740384872009 ], [ 110.534598985957871, -66.278736020307903 ], [ 110.534636658883912, -66.278731647394665 ], [ 110.534634404901198, -66.278740612118725 ], [ 110.534594436548645, -66.27875619249933 ], [ 110.534583174484311, -66.278762887374938 ], [ 110.534544722550351, -66.278771743679016 ], [ 110.534482768402782, -66.278771558095926 ], [ 110.534451401845018, -66.278773706996802 ] ] ] ] } },
{ "type": "Feature", "properties": { "AREA": 17.23046875, "PERIMETER": 17.626774921700001, "LKPG1_": 95, "LKPG1_ID": 35, "FEATURE": "LAKE", "DQI": 20, "SAMP_NO": null, "WSAMP_NO": null, "D18O": 0.0, "W_DATE": null, "CDSAMP_NO": null, "CD_METHOD": null, "CD_DATE": 0, "CD_ERROR": 0, "REMARKS": null, "COLL_BY": null }, "geometry": { "type": "MultiPolygon", "coordinates": [ [ [ [ 110.536331095359486, -66.278920627677778 ], [ 110.536295593325775, -66.278920521743416 ], [ 110.536264474333677, -66.27890921454032 ], [ 110.536275859813117, -66.27889579130786 ], [ 110.5363408875685, -66.278880285269352 ], [ 110.536349323492246, -66.278875824703363 ], [ 110.536356202146891, -66.278880330963048 ], [ 110.536376348289508, -66.278882633938338 ], [ 110.53640075364801, -66.278880463881563 ], [ 110.536407632313129, -66.278884970139003 ], [ 110.536402676983926, -66.278889441091906 ], [ 110.536355707049566, -66.278907243903134 ], [ 110.536346533739376, -66.278913945137447 ], [ 110.536331095359486, -66.278920627677778 ] ] ] ] } },
{ "type": "Feature", "properties": { "AREA": 15.7265625, "PERIMETER": 17.345012910299999, "LKPG1_": 96, "LKPG1_ID": 36, "FEATURE": "LAKE", "DQI": 20, "SAMP_NO": null, "WSAMP_NO": null, "D18O": 0.0, "W_DATE": null, "CDSAMP_NO": null, "CD_METHOD": null, "CD_DATE": 0, "CD_ERROR": 0, "REMARKS": null, "COLL_BY": null }, "geometry": { "type": "MultiPolygon", "coordinates": [ [ [ [ 110.536854164226938, -66.278944616200278 ], [ 110.536838194704671, -66.278942325735713 ], [ 110.536827139233878, -66.278937807048322 ], [ 110.536830047357242, -66.278931087112241 ], [ 110.536841350115594, -66.278922149328523 ], [ 110.536854658792862, -66.278917703258458 ], [ 110.536870138244709, -66.278908777920876 ], [ 110.536897534107922, -66.278895402358785 ], [ 110.536935248082003, -66.278888786143128 ], [ 110.536941920815195, -66.278904506102876 ], [ 110.536930659307416, -66.278911201148773 ], [ 110.536910307047009, -66.278920111971203 ], [ 110.536900969040744, -66.278935784219016 ], [ 110.53689183707553, -66.278940242740404 ], [ 110.536854164226938, -66.278944616200278 ] ] ] ] } },
{ "type": "Feature", "properties": { "AREA": 5.4296875, "PERIMETER": 9.6371542688399998, "LKPG1_": 97, "LKPG1_ID": 31, "FEATURE": "LAKE", "DQI": 20, "SAMP_NO": null, "WSAMP_NO": null, "D18O": 0.0, "W_DATE": null, "CDSAMP_NO": null, "CD_METHOD": null, "CD_DATE": 0, "CD_ERROR": 0, "REMARKS": null, "COLL_BY": null }, "geometry": { "type": "MultiPolygon", "coordinates": [ [ [ [ 110.538383741214759, -66.278976081854324 ], [ 110.538366707927736, -66.278955845446006 ], [ 110.538366831165618, -66.278949117209123 ], [ 110.538378051230978, -66.278944664804598 ], [ 110.538408639399293, -66.278946998534622 ], [ 110.538413430083736, -66.278951498500149 ], [ 110.538406386738529, -66.278955963313891 ], [ 110.5384194076358, -66.278967216329136 ], [ 110.538383741214759, -66.278976081854324 ] ] ] ] } },
{ "type": "Feature", "properties": { "AREA": 4.55859375, "PERIMETER": 9.1551520126600003, "LKPG1_": 98, "LKPG1_ID": 37, "FEATURE": "LAKE", "DQI": 20, "SAMP_NO": null, "WSAMP_NO": null, "D18O": 0.0, "W_DATE": null, "CDSAMP_NO": null, "CD_METHOD": null, "CD_DATE": 0, "CD_ERROR": 0, "REMARKS": null, "COLL_BY": null }, "geometry": { "type": "MultiPolygon", "coordinates": [ [ [ [ 110.53640699792922, -66.279032997539389 ], [ 110.536395901241306, -66.279030721566386 ], [ 110.536368752508423, -66.279030640569744 ], [ 110.536407327959679, -66.279015055579521 ], [ 110.536416460037671, -66.279010597086696 ], [ 110.536435951420259, -66.279010655232611 ], [ 110.536442830127129, -66.279015161488431 ], [ 110.536440576761066, -66.279024126238696 ], [ 110.536427267954608, -66.279028572273162 ], [ 110.53640699792922, -66.279032997539389 ] ] ] ] } },
{ "type": "Feature", "properties": { "AREA": 4.546875, "PERIMETER": 9.82391253698, "LKPG1_": 99, "LKPG1_ID": 32, "FEATURE": "LAKE", "DQI": 20, "SAMP_NO": null, "WSAMP_NO": null, "D18O": 0.0, "W_DATE": null, "CDSAMP_NO": null, "CD_METHOD": null, "CD_DATE": 0, "CD_ERROR": 0, "REMARKS": null, "COLL_BY": null }, "geometry": { "type": "MultiPolygon", "coordinates": [ [ [ [ 110.534028375644453, -66.279099897894667 ], [ 110.534004052806068, -66.279097582090159 ], [ 110.533988903977331, -66.279088565187806 ], [ 110.534013309739521, -66.279086395506255 ], [ 110.534031367463413, -66.279088692523118 ], [ 110.534050941827019, -66.27908426547981 ], [ 110.53408427279102, -66.279088851154171 ], [ 110.534070922073568, -66.279095539730761 ], [ 110.534050693045316, -66.279097721945107 ], [ 110.534028375644453, -66.279099897894667 ] ] ] ] } },
{ "type": "Feature", "properties": { "AREA": 930.578125, "PERIMETER": 113.484967936, "LKPG1_": 100, "LKPG1_ID": 2, "FEATURE": "LAKE", "DQI": 20, "SAMP_NO": null, "WSAMP_NO": null, "D18O": 0.0, "W_DATE": null, "CDSAMP_NO": null, "CD_METHOD": null, "CD_DATE": 0, "CD_ERROR": 0, "REMARKS": null, "COLL_BY": null }, "geometry": { "type": "MultiPolygon", "coordinates": [ [ [ [ 110.56471216046431, -66.279473719686607 ], [ 110.564689767889291, -66.279480385547586 ], [ 110.564652756432636, -66.279487010451717 ], [ 110.564635971667528, -66.279491449152914 ], [ 110.564619109408071, -66.279500373359326 ], [ 110.564595981901263, -66.279509280009918 ], [ 110.564571500851599, -66.279515940002398 ], [ 110.564353532300728, -66.279519814828248 ], [ 110.56429366447324, -66.279519646983772 ], [ 110.564265161610649, -66.279517324203368 ], [ 110.564219332878253, -66.279510467108267 ], [ 110.564143647850059, -66.279499040538866 ], [ 110.564091631535675, -66.279487680326895 ], [ 110.564067421927177, -66.279478640966431 ], [ 110.564032151750979, -66.279465084848127 ], [ 110.563994174669773, -66.279447035402541 ], [ 110.563936977496908, -66.27941323198003 ], [ 110.563890840997573, -66.279383945301333 ], [ 110.563861875060482, -66.279368163973444 ], [ 110.563855803920333, -66.279356932622974 ], [ 110.563856153227064, -66.279336747843033 ], [ 110.563859131814567, -66.279325541891424 ], [ 110.563866481244602, -66.279303133895425 ], [ 110.563872205537962, -66.279294178511748 ], [ 110.563879979410672, -66.27928747174218 ], [ 110.563901714704684, -66.279278561290809 ], [ 110.563938146334436, -66.279265206351809 ], [ 110.563980069365073, -66.279256352536791 ], [ 110.564014296138907, -66.279249719980385 ], [ 110.5640589260491, -66.279245359463104 ], [ 110.564103633523132, -66.279236513426127 ], [ 110.564136429191876, -66.279232119690874 ], [ 110.564158705338102, -66.279232182169736 ], [ 110.564183804785202, -66.279230009701166 ], [ 110.56422974933335, -66.279230138546311 ], [ 110.564341091289791, -66.27923269359529 ], [ 110.564396704131269, -66.279237335220159 ], [ 110.564433482726614, -66.27924416689784 ], [ 110.564474360609324, -66.27925549577995 ], [ 110.564488901833741, -66.279260022257347 ], [ 110.564514426138885, -66.279273550961122 ], [ 110.564527458863239, -66.279284801793921 ], [ 110.564544513385457, -66.279305035343953 ], [ 110.564562419062995, -66.279316299828508 ], [ 110.5645913853797, -66.279332081026155 ], [ 110.564614086537375, -66.279347844665111 ], [ 110.564643749055904, -66.27936362780332 ], [ 110.564671206992386, -66.279386133346208 ], [ 110.56468145530809, -66.279397376365466 ], [ 110.564686598263108, -66.279422062255122 ], [ 110.564692051129228, -66.279428806116101 ], [ 110.564723840933027, -66.279442352335465 ], [ 110.564734128028917, -66.279451352597633 ], [ 110.564732580821371, -66.279460319712186 ], [ 110.564726895530271, -66.279467032373972 ], [ 110.56471216046431, -66.279473719686607 ] ] ] ] } },
{ "type": "Feature", "properties": { "AREA": 2.203125, "PERIMETER": 7.2527558792400004, "LKPG1_": 101, "LKPG1_ID": 2263, "FEATURE": "LAKE", "DQI": 20, "SAMP_NO": null, "WSAMP_NO": null, "D18O": 0.0, "W_DATE": null, "CDSAMP_NO": null, "CD_METHOD": null, "CD_DATE": 0, "CD_ERROR": 0, "REMARKS": null, "COLL_BY": null }, "geometry": { "type": "MultiPolygon", "coordinates": [ [ [ [ 110.539685238971288, -66.279184043516878 ], [ 110.53972577810984, -66.279175192126218 ], [ 110.539746006711468, -66.279173009172936 ], [ 110.539750101551931, -66.279177507035484 ], [ 110.53972774361101, -66.27918192654974 ], [ 110.539705303741002, -66.279190831552754 ], [ 110.539685238971288, -66.279184043516878 ] ] ] ] } },
{ "type": "Feature", "properties": { "AREA": 2.5703125, "PERIMETER": 9.0428920954900001, "LKPG1_": 102, "LKPG1_ID": 38, "FEATURE": "LAKE", "DQI": 20, "SAMP_NO": null, "WSAMP_NO": null, "D18O": 0.0, "W_DATE": null, "CDSAMP_NO": null, "CD_METHOD": null, "CD_DATE": 0, "CD_ERROR": 0, "REMARKS": null, "COLL_BY": null }, "geometry": { "type": "MultiPolygon", "coordinates": [ [ [ [ 110.53960268641643, -66.279206227633438 ], [ 110.539587371633019, -66.279206182259557 ], [ 110.539595889032881, -66.279197236025368 ], [ 110.53962307892553, -66.279195073712373 ], [ 110.539645436896407, -66.279190654213167 ], [ 110.539671930651707, -66.279188489829409 ], [ 110.539654404605301, -66.279195166513745 ], [ 110.53960268641643, -66.279206227633438 ] ] ] ] } },
{ "type": "Feature", "properties": { "AREA": 1.859375, "PERIMETER": 7.9287188178800001, "LKPG1_": 103, "LKPG1_ID": 30, "FEATURE": "LAKE", "DQI": 20, "SAMP_NO": null, "WSAMP_NO": null, "D18O": 0.0, "W_DATE": null, "CDSAMP_NO": null, "CD_METHOD": null, "CD_DATE": 0, "CD_ERROR": 0, "REMARKS": null, "COLL_BY": null }, "geometry": { "type": "MultiPolygon", "coordinates": [ [ [ [ 110.539401546180386, -66.279241517462836 ], [ 110.539392619488922, -66.27923476240187 ], [ 110.539426074584469, -66.279232618693456 ], [ 110.539472756090717, -66.279230514175339 ], [ 110.539442003542533, -66.279237151638114 ], [ 110.539401546180386, -66.279241517462836 ] ] ] ] } },
{ "type": "Feature", "properties": { "AREA": 139.05078125, "PERIMETER": 50.879476603599997, "LKPG1_": 104, "LKPG1_ID": 1, "FEATURE": "LAKE", "DQI": 20, "SAMP_NO": null, "WSAMP_NO": null, "D18O": 0.0, "W_DATE": null, "CDSAMP_NO": null, "CD_METHOD": null, "CD_DATE": 0, "CD_ERROR": 0, "REMARKS": null, "COLL_BY": null }, "geometry": { "type": "MultiPolygon", "coordinates": [ [ [ [ 110.563868370068946, -66.280038797985583 ], [ 110.563880127028014, -66.280043316704749 ], [ 110.563925956636254, -66.280050173899895 ], [ 110.563951753070285, -66.280048003422976 ], [ 110.563968421917238, -66.280050293055709 ], [ 110.564029528116151, -66.280059435944864 ], [ 110.564052501145724, -66.280059500392341 ], [ 110.564079728676433, -66.280055091046805 ], [ 110.564091602057644, -66.280052881490406 ], [ 110.564127685607033, -66.280059711287606 ], [ 110.56414640414792, -66.280064249512165 ], [ 110.56417278037506, -66.280068809210647 ], [ 110.564209676467328, -66.280068912681557 ], [ 110.564238876101214, -66.280071237424366 ], [ 110.564251986669717, -66.280078002772782 ], [ 110.56425747833832, -66.28008250389523 ], [ 110.564255969699332, -66.280089228250944 ], [ 110.564230056909309, -66.28009812703803 ], [ 110.564185347950058, -66.280106973109582 ], [ 110.564130892803803, -66.280115791832827 ], [ 110.564090360703773, -66.280124649592267 ], [ 110.56406526035741, -66.280126822044977 ], [ 110.564015794605183, -66.28012892613819 ], [ 110.563915548383264, -66.280128644864092 ], [ 110.563885691369322, -66.280124075353783 ], [ 110.563851038915303, -66.280115006654938 ], [ 110.563832359205392, -66.280108225641754 ], [ 110.563806060634207, -66.280099180379338 ], [ 110.56379155786793, -66.280092411085221 ], [ 110.563795890062011, -66.280083451797211 ], [ 110.563813604424169, -66.280065558622724 ], [ 110.563823544640314, -66.28005437221249 ], [ 110.563828534152861, -66.280047657630561 ], [ 110.563839015248519, -66.28004544418566 ], [ 110.563844662092848, -66.280040974310168 ], [ 110.563856535487957, -66.280038764771774 ], [ 110.563868370068946, -66.280038797985583 ] ] ] ] } },
{ "type": "Feature", "properties": { "AREA": 366.87890625, "PERIMETER": 95.432814052799998, "LKPG1_": 105, "LKPG1_ID": 39, "FEATURE": "LAKE", "DQI": 20, "SAMP_NO": null, "WSAMP_NO": null, "D18O": 0.0, "W_DATE": null, "CDSAMP_NO": null, "CD_METHOD": null, "CD_DATE": 0, "CD_ERROR": 0, "REMARKS": null, "COLL_BY": null }, "geometry": { "type": "MultiPolygon", "coordinates": [ [ [ [ 110.535830256056087, -66.280222238796412 ], [ 110.53578156657322, -66.280219850491321 ], [ 110.535725998192419, -66.280212955884352 ], [ 110.535618790485969, -66.280212635558854 ], [ 110.535581976987075, -66.2802080398111 ], [ 110.535569446218744, -66.280208002362656 ], [ 110.535541027912828, -66.280201188826567 ], [ 110.535531364430469, -66.280196674208796 ], [ 110.535521004798213, -66.280192157509731 ], [ 110.535532225919766, -66.280187705311988 ], [ 110.535555936461535, -66.280185533308384 ], [ 110.535566420090049, -66.280183321772 ], [ 110.535615233461385, -66.280178981911263 ], [ 110.535677969873646, -66.280174683636019 ], [ 110.535684317890386, -66.28017021686712 ], [ 110.535669781325723, -66.280165687698002 ], [ 110.535657988053629, -66.280163409592333 ], [ 110.535617776509753, -66.280154317963692 ], [ 110.535605411077526, -66.280145309540544 ], [ 110.535597139908887, -66.280140799087519 ], [ 110.53559587158955, -66.280134066693549 ], [ 110.5356092224539, -66.280127377986929 ], [ 110.53563362908379, -66.2801252080517 ], [ 110.535674088514256, -66.280120843209659 ], [ 110.535702754677587, -66.280114200254815 ], [ 110.535715491986963, -66.280103023970213 ], [ 110.535721143828155, -66.28009855511992 ], [ 110.535745591735349, -66.280094142422641 ], [ 110.535802021249594, -66.280092068124119 ], [ 110.535821554774898, -66.280089883603097 ], [ 110.535839737302211, -66.28008545217655 ], [ 110.535875323581067, -66.280081072726958 ], [ 110.535899688842321, -66.280081145494407 ], [ 110.535959599066331, -66.280079081533671 ], [ 110.536126633854565, -66.280081823087727 ], [ 110.53614882810858, -66.280086375071278 ], [ 110.53620443760056, -66.2800910267825 ], [ 110.536224502152351, -66.28009781526687 ], [ 110.536229210121078, -66.28010680078819 ], [ 110.536222042248454, -66.280117993735686 ], [ 110.536235104039534, -66.28012700418742 ], [ 110.536288295049488, -66.280149591592959 ], [ 110.536303362807601, -66.280163093760009 ], [ 110.536299062094869, -66.280169809530548 ], [ 110.536236201985972, -66.280180836290398 ], [ 110.53621670969892, -66.280180778118904 ], [ 110.536196603808477, -66.280176232378139 ], [ 110.5361654420348, -66.280167167900771 ], [ 110.536116711344278, -66.280167022445269 ], [ 110.536102747006822, -66.28016922362832 ], [ 110.536100328281663, -66.28018715935039 ], [ 110.536093980334329, -66.2801916261363 ], [ 110.536080015981256, -66.280193827317277 ], [ 110.53599995833487, -66.280193588302581 ], [ 110.535982430617238, -66.280200264570908 ], [ 110.535968301069019, -66.280211436719867 ], [ 110.535930502264264, -66.280222538187417 ], [ 110.535912195753284, -66.280233697857881 ], [ 110.535878780335565, -66.280233598064129 ], [ 110.535830256056087, -66.280222238796412 ] ] ] ] } },
{ "type": "Feature", "properties": { "AREA": 53.2734375, "PERIMETER": 36.491764316500003, "LKPG1_": 106, "LKPG1_ID": 41, "FEATURE": "LAKE", "DQI": 20, "SAMP_NO": null, "WSAMP_NO": null, "D18O": 0.0, "W_DATE": null, "CDSAMP_NO": null, "CD_METHOD": null, "CD_DATE": 0, "CD_ERROR": 0, "REMARKS": null, "COLL_BY": null }, "geometry": { "type": "MultiPolygon", "coordinates": [ [ [ [ 110.53755320043409, -66.280191489592028 ], [ 110.537537188902817, -66.280191441944154 ], [ 110.537528262375886, -66.280184686777034 ], [ 110.537531211613455, -66.280175724083875 ], [ 110.537535553154598, -66.280166765534048 ], [ 110.537524785118222, -66.280146547681554 ], [ 110.537522820131514, -66.280139813231287 ], [ 110.537529250124976, -66.28013086089679 ], [ 110.537551856217277, -66.280112985229906 ], [ 110.537581300331993, -66.280101858509781 ], [ 110.537612709427123, -66.280097466233258 ], [ 110.537630072053659, -66.280099760760905 ], [ 110.537638998577904, -66.280106515922256 ], [ 110.537643665906842, -66.28011774414604 ], [ 110.537643295593341, -66.280137928851531 ], [ 110.537649478671057, -66.280142432982359 ], [ 110.537673843997723, -66.280142505471673 ], [ 110.537689978923723, -66.280135824870257 ], [ 110.537701158496716, -66.280133615260723 ], [ 110.537725523815041, -66.280133687741937 ], [ 110.537738668427238, -66.280138212577441 ], [ 110.537740551196833, -66.280149432515159 ], [ 110.537732032815725, -66.280158378645993 ], [ 110.537702670982853, -66.280165019904473 ], [ 110.537671385249723, -66.280162683963951 ], [ 110.537640181815007, -66.280155862527067 ], [ 110.537626913768946, -66.280158065918357 ], [ 110.537620566099292, -66.280162532766781 ], [ 110.537617575746737, -66.280173738206713 ], [ 110.537606354999269, -66.280178190555233 ], [ 110.537586739257236, -66.280184860790669 ], [ 110.537575518499366, -66.280189313136944 ], [ 110.53755320043409, -66.280191489592028 ] ] ] ] } },
{ "type": "Feature", "properties": { "AREA": 26.80078125, "PERIMETER": 21.407365885600001, "LKPG1_": 107, "LKPG1_ID": 18, "FEATURE": "LAKE", "DQI": 20, "SAMP_NO": null, "WSAMP_NO": null, "D18O": 0.0, "W_DATE": null, "CDSAMP_NO": null, "CD_METHOD": null, "CD_DATE": 0, "CD_ERROR": 0, "REMARKS": null, "COLL_BY": null }, "geometry": { "type": "MultiPolygon", "coordinates": [ [ [ [ 110.501292886869678, -66.28014664187134 ], [ 110.501293020012071, -66.280139913672016 ], [ 110.501297418804512, -66.280128713410605 ], [ 110.501298988621627, -66.280119746946156 ], [ 110.501290116223487, -66.280110746971246 ], [ 110.501283376655323, -66.280099510964959 ], [ 110.501286338769674, -66.280090548968744 ], [ 110.501294085148388, -66.280086088077056 ], [ 110.501307356319415, -66.280083887789999 ], [ 110.501381147888139, -66.280084124573719 ], [ 110.501394330307264, -66.280086409745536 ], [ 110.50140594295226, -66.280097661381845 ], [ 110.501408372577828, -66.280115612181262 ], [ 110.501366426215981, -66.280124449096917 ], [ 110.501319429273437, -66.28014224129636 ], [ 110.501310290584698, -66.280146697721364 ], [ 110.501292886869678, -66.28014664187134 ] ] ] ] } },
{ "type": "Feature", "properties": { "AREA": 32.421875, "PERIMETER": 23.243561583999998, "LKPG1_": 108, "LKPG1_ID": 40, "FEATURE": "LAKE", "DQI": 20, "SAMP_NO": null, "WSAMP_NO": null, "D18O": 0.0, "W_DATE": null, "CDSAMP_NO": null, "CD_METHOD": null, "CD_DATE": 0, "CD_ERROR": 0, "REMARKS": null, "COLL_BY": null }, "geometry": { "type": "MultiPolygon", "coordinates": [ [ [ [ 110.536321446786204, -66.280277533972836 ], [ 110.536310432088172, -66.280270772504593 ], [ 110.536290408642287, -66.280261741286736 ], [ 110.536273087294859, -66.28025720386492 ], [ 110.536273293635503, -66.280245990141992 ], [ 110.536290780041497, -66.280241556585437 ], [ 110.536317930078539, -66.280241637596447 ], [ 110.536360478042127, -66.28023727880722 ], [ 110.536373746240258, -66.28023507552416 ], [ 110.536391026333035, -66.280241855679421 ], [ 110.53642423549077, -66.280253169086208 ], [ 110.536462441520371, -66.280257768787536 ], [ 110.536468541914687, -66.280266758454474 ], [ 110.536464117474623, -66.280280202463416 ], [ 110.536450111852204, -66.28028464642226 ], [ 110.536438277200247, -66.280284611120408 ], [ 110.536351995118764, -66.280282110852696 ], [ 110.536321446786204, -66.280277533972836 ] ] ] ] } },
{ "type": "Feature", "properties": { "AREA": 50.68359375, "PERIMETER": 41.396433921700002, "LKPG1_": 109, "LKPG1_ID": 17, "FEATURE": "LAKE", "DQI": 20, "SAMP_NO": null, "WSAMP_NO": null, "D18O": 0.0, "W_DATE": null, "CDSAMP_NO": null, "CD_METHOD": null, "CD_DATE": 0, "CD_ERROR": 0, "REMARKS": null, "COLL_BY": null }, "geometry": { "type": "MultiPolygon", "coordinates": [ [ [ [ 110.500466735486285, -66.28024043209372 ], [ 110.500467565000747, -66.280233706133046 ], [ 110.500493589297491, -66.280220332530334 ], [ 110.50051613281569, -66.28020694773565 ], [ 110.500529581913497, -66.280195776583781 ], [ 110.500545726702882, -66.280189099845984 ], [ 110.500557605694013, -66.280186895148276 ], [ 110.500575794473946, -66.2801824678522 ], [ 110.500612912605305, -66.280171372757849 ], [ 110.500628227887972, -66.280171421972994 ], [ 110.500635100501313, -66.280175929808777 ], [ 110.500639188519258, -66.280180428696397 ], [ 110.500648105147505, -66.280187185975379 ], [ 110.500669078509929, -66.280182767616054 ], [ 110.500674129300435, -66.280173812342241 ], [ 110.500675003193123, -66.280164843647484 ], [ 110.500677921095985, -66.280158124395982 ], [ 110.500734531306009, -66.280147091901526 ], [ 110.50075828921365, -66.280142682476239 ], [ 110.500780610389981, -66.280140511307593 ], [ 110.500785957447434, -66.280151742862884 ], [ 110.50076889445937, -66.28016963105398 ], [ 110.500742870360995, -66.280183004703005 ], [ 110.5007093218845, -66.28018962554593 ], [ 110.500665849544902, -66.280205185997531 ], [ 110.500644180012983, -66.280209602119456 ], [ 110.500576386769211, -66.280222841518054 ], [ 110.500526826727508, -66.280229410863882 ], [ 110.500489797377696, -66.280236020471875 ], [ 110.500466735486285, -66.28024043209372 ] ] ] ] } },
{ "type": "Feature", "properties": { "AREA": 42.109375, "PERIMETER": 30.5536165772, "LKPG1_": 110, "LKPG1_ID": 42, "FEATURE": "LAKE", "DQI": 20, "SAMP_NO": null, "WSAMP_NO": null, "D18O": 0.0, "W_DATE": null, "CDSAMP_NO": null, "CD_METHOD": null, "CD_DATE": 0, "CD_ERROR": 0, "REMARKS": null, "COLL_BY": null }, "geometry": { "type": "MultiPolygon", "coordinates": [ [ [ [ 110.535631737590052, -66.280416775221667 ], [ 110.535679896564332, -66.280410190516449 ], [ 110.535726580560905, -66.280408087125423 ], [ 110.535862331634178, -66.28040849262635 ], [ 110.535884526127788, -66.280413044647602 ], [ 110.535893493596717, -66.280417557164327 ], [ 110.535926785360573, -66.28042438518834 ], [ 110.535939847204418, -66.280433395664573 ], [ 110.535935546348483, -66.280440111424738 ], [ 110.535922278004151, -66.280442314670239 ], [ 110.535835216659848, -66.280444297525278 ], [ 110.535799629860932, -66.280448676965179 ], [ 110.535766255472325, -66.280446334402697 ], [ 110.53572813191866, -66.280437249041512 ], [ 110.535648321447553, -66.280423553379094 ], [ 110.535631737590052, -66.280416775221667 ] ] ] ] } },
{ "type": "Feature", "properties": { "AREA": 37.7421875, "PERIMETER": 26.458744379500001, "LKPG1_": 111, "LKPG1_ID": 16, "FEATURE": "LAKE", "DQI": 20, "SAMP_NO": null, "WSAMP_NO": null, "D18O": 0.0, "W_DATE": null, "CDSAMP_NO": null, "CD_METHOD": null, "CD_DATE": 0, "CD_ERROR": 0, "REMARKS": null, "COLL_BY": null }, "geometry": { "type": "MultiPolygon", "coordinates": [ [ [ [ 110.50047024468347, -66.280379501665976 ], [ 110.500442398485788, -66.280379412154318 ], [ 110.500425735225761, -66.280377115712199 ], [ 110.500400807032435, -66.280370306946537 ], [ 110.500386276708028, -66.280365774481538 ], [ 110.500385062247148, -66.280356799074355 ], [ 110.500397726407456, -66.280350111161582 ], [ 110.50040547302325, -66.280345650314487 ], [ 110.500429275633664, -66.280338998207014 ], [ 110.500437022240448, -66.280334537358314 ], [ 110.500452426533855, -66.280330101125315 ], [ 110.500463653901107, -66.280325651464281 ], [ 110.500477014178173, -66.280318965782755 ], [ 110.500552198732464, -66.28031920743588 ], [ 110.500565381199038, -66.280321492677984 ], [ 110.500574994010776, -66.280328252198359 ], [ 110.500565158969323, -66.280332706342051 ], [ 110.500543444862188, -66.28033936518257 ], [ 110.500524515359686, -66.280346032970016 ], [ 110.500525729869722, -66.280355008376148 ], [ 110.500531906360251, -66.280359513978922 ], [ 110.500551309788975, -66.280364062091962 ], [ 110.500556790131654, -66.280368565456385 ], [ 110.500539949075204, -66.280375239957664 ], [ 110.50047024468347, -66.280379501665976 ] ] ] ] } },
{ "type": "Feature", "properties": { "AREA": 489.21875, "PERIMETER": 92.715736430099994, "LKPG1_": 112, "LKPG1_ID": 2282, "FEATURE": "LAKE", "DQI": 28, "SAMP_NO": "S87/31", "WSAMP_NO": "W87/10", "D18O": 0.0, "W_DATE": null, "CDSAMP_NO": "CDANU6399", "CD_METHOD": "C14", "CD_DATE": 0, "CD_ERROR": 0, "REMARKS": "S87/31 (Dry pond eastern end Bailey Pond (bedrock depression 32m elev) top 5-7cm sandy algal mat), S87/32 (Bottom 5cm of 30cm deep pond dated ANU 6399), S87/33 (surface algal mat covering shoreline)", "COLL_BY": "Goodwin" }, "geometry": { "type": "MultiPolygon", "coordinates": [ [ [ [ 110.517698212109636, -66.280788298136656 ], [ 110.517632428890778, -66.280806036937307 ], [ 110.517561987068405, -66.280812546890004 ], [ 110.517365710455792, -66.280809694577101 ], [ 110.517156017524002, -66.280743999923132 ], [ 110.517053406146289, -66.280685366408974 ], [ 110.51693486946516, -66.280622197579788 ], [ 110.517047072221587, -66.280579931749386 ], [ 110.517222204353189, -66.28059617601437 ], [ 110.517398084808988, -66.280646065481491 ], [ 110.517578967917714, -66.280689241662131 ], [ 110.517644803132768, -66.280705146121036 ], [ 110.517686229691819, -66.280723217670939 ], [ 110.517708120720499, -66.280743471455011 ], [ 110.517703471581527, -66.280768128614653 ], [ 110.51768737388339, -66.280772564398291 ], [ 110.517683068107232, -66.280779279649849 ], [ 110.517687159267552, -66.280783778090424 ], [ 110.517698212109636, -66.280788298136656 ] ] ] ] } },
{ "type": "Feature", "properties": { "AREA": 292.34375, "PERIMETER": 94.315619292600005, "LKPG1_": 113, "LKPG1_ID": 21, "FEATURE": "LAKE", "DQI": 20, "SAMP_NO": null, "WSAMP_NO": null, "D18O": 0.0, "W_DATE": null, "CDSAMP_NO": null, "CD_METHOD": null, "CD_DATE": 0, "CD_ERROR": 0, "REMARKS": null, "COLL_BY": null }, "geometry": { "type": "MultiPolygon", "coordinates": [ [ [ [ 110.500247185490338, -66.28084978838686 ], [ 110.500209814816643, -66.280838453827869 ], [ 110.500193329194971, -66.280827186430585 ], [ 110.500185982720083, -66.280811462673896 ], [ 110.500201476308078, -66.280802541001165 ], [ 110.500233722354139, -66.280791430326289 ], [ 110.5002665755908, -66.280784807348468 ], [ 110.500307782801499, -66.280778211225524 ], [ 110.500337806871357, -66.280773822011327 ], [ 110.500387501421329, -66.280760524529072 ], [ 110.500404298314791, -66.280756092777452 ], [ 110.500427449607514, -66.280747195700201 ], [ 110.500444290942653, -66.28074052121157 ], [ 110.500471574739862, -66.280733880287414 ], [ 110.500485586942332, -66.280729439576035 ], [ 110.500494725988446, -66.280724983200074 ], [ 110.500498384621807, -66.280716023457472 ], [ 110.500499910308022, -66.280709299734653 ], [ 110.500486209295786, -66.280698041318615 ], [ 110.500489823474808, -66.280691324308847 ], [ 110.50051789227193, -66.280680200148751 ], [ 110.500547264473667, -66.280673565923735 ], [ 110.500575199888374, -66.280669169951352 ], [ 110.500612926015521, -66.280662562560863 ], [ 110.500652000009197, -66.280658202367775 ], [ 110.500675713976605, -66.280656035688466 ], [ 110.500691073989387, -66.280653842164824 ], [ 110.500720268383603, -66.280656178838115 ], [ 110.500755772677081, -66.280656292901355 ], [ 110.500805807535684, -66.280660939383566 ], [ 110.500853798345091, -66.28066333640885 ], [ 110.500891346720238, -66.280665699881951 ], [ 110.500942729535637, -66.280672593524613 ], [ 110.50097113899082, -66.280679413380852 ], [ 110.500987017518895, -66.280686192994864 ], [ 110.50099249800931, -66.280690696343811 ], [ 110.500994453274572, -66.280697431248541 ], [ 110.500985225508018, -66.280706373119642 ], [ 110.500968384338762, -66.280713047667021 ], [ 110.500943929765356, -66.280717454888162 ], [ 110.500882489630698, -66.280726229073395 ], [ 110.500851117804018, -66.280728371188104 ], [ 110.500836453924336, -66.280730566963584 ], [ 110.500819701547883, -66.280732756029195 ], [ 110.500770792302433, -66.280741570420759 ], [ 110.500744204740684, -66.280748213634027 ], [ 110.500730148141088, -66.28075489710146 ], [ 110.500714565902243, -66.280768304292579 ], [ 110.500689889051998, -66.2807839251373 ], [ 110.50067657302138, -66.280788368103885 ], [ 110.500656295322258, -66.280792788700467 ], [ 110.500640239055286, -66.280794979983582 ], [ 110.500622790452525, -66.280797166790947 ], [ 110.50060403840061, -66.280794863656723 ], [ 110.500591507404849, -66.280794823387751 ], [ 110.500414251731755, -66.280780796406503 ], [ 110.500400372872875, -66.280778508913542 ], [ 110.500382183631615, -66.280782936188444 ], [ 110.500365386716368, -66.280787367937648 ], [ 110.500350589362128, -66.280796291865073 ], [ 110.500331392658467, -66.280816416023939 ], [ 110.500314417834744, -66.280829818697939 ], [ 110.50028556366955, -66.280845426047478 ], [ 110.500272988176221, -66.280847628485404 ], [ 110.500247185490338, -66.28084978838686 ] ] ] ] } },
{ "type": "Feature", "properties": { "AREA": 315.53515625, "PERIMETER": 103.35230246499999, "LKPG1_": 114, "LKPG1_ID": 12, "FEATURE": "LAKE", "DQI": 20, "SAMP_NO": null, "WSAMP_NO": null, "D18O": 0.0, "W_DATE": null, "CDSAMP_NO": null, "CD_METHOD": null, "CD_DATE": 0, "CD_ERROR": 0, "REMARKS": null, "COLL_BY": null }, "geometry": { "type": "MultiPolygon", "coordinates": [ [ [ [ 110.52590351071369, -66.280800089473587 ], [ 110.525950027485962, -66.280806959984929 ], [ 110.525972347092207, -66.28080478519729 ], [ 110.525974182485697, -66.280818248014512 ], [ 110.525996375548502, -66.280822801446831 ], [ 110.526012345272136, -66.280825093025101 ], [ 110.526034538347858, -66.280829646451963 ], [ 110.526054157644467, -66.280822977677445 ], [ 110.526064684547478, -66.280818524041749 ], [ 110.526083396777693, -66.280823066846196 ], [ 110.526112509390742, -66.280829884232944 ], [ 110.526152106742913, -66.280834490713772 ], [ 110.526192273780651, -66.280845827530626 ], [ 110.526223559288809, -66.280848165781734 ], [ 110.526267903405738, -66.280859515313225 ], [ 110.526271953952872, -66.280866256269803 ], [ 110.52626973896102, -66.280872978126936 ], [ 110.526258515900039, -66.280877429654268 ], [ 110.526242503958784, -66.280877380842455 ], [ 110.526200691511789, -66.280879496240743 ], [ 110.526164237584638, -66.280892842314771 ], [ 110.526077785755135, -66.280899307306939 ], [ 110.526061689444091, -66.28090374395876 ], [ 110.526033188570096, -66.280901414167985 ], [ 110.525944205120851, -66.280894414146218 ], [ 110.525905915672126, -66.280894297342144 ], [ 110.525863280409908, -66.280903138749025 ], [ 110.525818472201351, -66.280916459253703 ], [ 110.525789971335627, -66.280914129418335 ], [ 110.525760774302924, -66.2809117974533 ], [ 110.525712000035739, -66.280913891475393 ], [ 110.525678710401621, -66.280907061264855 ], [ 110.525656897249803, -66.280882323118291 ], [ 110.525632742331041, -66.280871035039496 ], [ 110.525594579578538, -66.280864189935741 ], [ 110.525554940058996, -66.280861826053865 ], [ 110.525488065427979, -66.280863864745115 ], [ 110.525434586970036, -66.280856972836688 ], [ 110.525365581590052, -66.280861247838416 ], [ 110.525325330413281, -66.280854396289939 ], [ 110.525312229905566, -66.280847627665167 ], [ 110.525323579851303, -66.280836447983546 ], [ 110.525343895510957, -66.280829781425211 ], [ 110.525385707946526, -66.280827666257437 ], [ 110.525450493980046, -66.28082562123268 ], [ 110.525474944385238, -66.280821210153093 ], [ 110.525517410738956, -66.280821339816541 ], [ 110.525573273204159, -66.280812538885428 ], [ 110.525640105476697, -66.280812742898419 ], [ 110.525660378819978, -66.280808319039664 ], [ 110.52567582118354, -66.280801637563499 ], [ 110.525720418221468, -66.280799530804899 ], [ 110.525751661422504, -66.280804111891982 ], [ 110.525767631111961, -66.280806403495419 ], [ 110.52590351071369, -66.280800089473587 ] ], [ [ 110.525849568111909, -66.280817867859994 ], [ 110.525858702709783, -66.280813409990174 ], [ 110.525847648391007, -66.280808890523502 ], [ 110.525818367075587, -66.280811044051489 ], [ 110.525818240476681, -66.280817772274688 ], [ 110.525849568111909, -66.280817867859994 ] ] ] ] } },
{ "type": "Feature", "properties": { "AREA": 117.7421875, "PERIMETER": 63.228198465600002, "LKPG1_": 116, "LKPG1_ID": 5, "FEATURE": "LAKE", "DQI": 20, "SAMP_NO": null, "WSAMP_NO": null, "D18O": 0.0, "W_DATE": null, "CDSAMP_NO": null, "CD_METHOD": null, "CD_DATE": 0, "CD_ERROR": 0, "REMARKS": null, "COLL_BY": null }, "geometry": { "type": "MultiPolygon", "coordinates": [ [ [ [ 110.517827084491529, -66.280929998949262 ], [ 110.517826912847326, -66.280938969902962 ], [ 110.517813556838689, -66.280945657077879 ], [ 110.517802375167207, -66.280947865255143 ], [ 110.51778640611559, -66.280945572833659 ], [ 110.517751030077633, -66.280938734445797 ], [ 110.51769755358697, -66.280931839876189 ], [ 110.517680149287116, -66.280931785861043 ], [ 110.517637511084175, -66.28094062500935 ], [ 110.517622152365803, -66.280942820208566 ], [ 110.517588779028216, -66.280940473743186 ], [ 110.517510936557571, -66.280933503470578 ], [ 110.517499840745373, -66.28093122614942 ], [ 110.517470816236909, -66.280919921674112 ], [ 110.517428908070599, -66.280890634213876 ], [ 110.517402625374032, -66.280881581111146 ], [ 110.517393746954511, -66.280872582053163 ], [ 110.517378603010627, -66.280863563536855 ], [ 110.51731428875928, -66.280840935075062 ], [ 110.517307412979008, -66.280836427975515 ], [ 110.517285307397046, -66.280827387826804 ], [ 110.517265247376571, -66.280820596900739 ], [ 110.517279256673291, -66.280816154673587 ], [ 110.517301491116015, -66.280818466608309 ], [ 110.517352182581305, -66.280825352665687 ], [ 110.517401524684601, -66.28082999164441 ], [ 110.517438946037529, -66.280839079335308 ], [ 110.517487506132085, -66.280848201601685 ], [ 110.51755682255471, -66.280864116905263 ], [ 110.51758310528858, -66.280873169981916 ], [ 110.517573840406598, -66.280884355579417 ], [ 110.517600819338583, -66.280893410814187 ], [ 110.517704987447786, -66.280907191359447 ], [ 110.517795928408731, -66.280920930793044 ], [ 110.517827084491529, -66.280929998949262 ] ] ] ] } },
{ "type": "Feature", "properties": { "AREA": 751.05859375, "PERIMETER": 238.397387412, "LKPG1_": 117, "LKPG1_ID": 20, "FEATURE": "LAKE", "DQI": 20, "SAMP_NO": null, "WSAMP_NO": null, "D18O": 0.0, "W_DATE": null, "CDSAMP_NO": null, "CD_METHOD": null, "CD_DATE": 0, "CD_ERROR": 0, "REMARKS": null, "COLL_BY": null }, "geometry": { "type": "MultiPolygon", "coordinates": [ [ [ [ 110.499686964204116, -66.281188902917805 ], [ 110.499675869895512, -66.28118662432513 ], [ 110.499668345529514, -66.281179871473853 ], [ 110.49966713128623, -66.281170896062164 ], [ 110.499665532561679, -66.281146219283244 ], [ 110.499647743689906, -66.281130461881347 ], [ 110.499631213598519, -66.281121437157168 ], [ 110.499625170676737, -66.281110203322243 ], [ 110.49960403458185, -66.281087706510831 ], [ 110.499596554798273, -66.281078710923765 ], [ 110.499585638685133, -66.28106746139558 ], [ 110.499540743694212, -66.281049373820323 ], [ 110.499520643747957, -66.2810448233393 ], [ 110.499492930447815, -66.281038005460331 ], [ 110.499457514715417, -66.281033405643811 ], [ 110.499419269755521, -66.281031039581691 ], [ 110.499328026558288, -66.281032988526448 ], [ 110.499304445799865, -66.281028426803189 ], [ 110.499291263078504, -66.281026141454191 ], [ 110.499254365926546, -66.281026022569691 ], [ 110.499229170011375, -66.281032670009409 ], [ 110.499216460630137, -66.281041600558098 ], [ 110.499199663337805, -66.281046032180939 ], [ 110.499159285291171, -66.281045902056661 ], [ 110.499140577762915, -66.281041356013745 ], [ 110.499131705812886, -66.281032355916949 ], [ 110.499129099422476, -66.281023376013522 ], [ 110.499118701409785, -66.281021099624837 ], [ 110.499095727716551, -66.281021025577928 ], [ 110.499037160058563, -66.281025322543798 ], [ 110.498960625660018, -66.281022832935335 ], [ 110.49897885991227, -66.281016163095131 ], [ 110.499010973013014, -66.281011780870998 ], [ 110.499070325976902, -66.281003000694824 ], [ 110.499109400764056, -66.28099864089026 ], [ 110.499148386390843, -66.280998766540151 ], [ 110.499191504479967, -66.281001148373264 ], [ 110.499206168659896, -66.280998952753237 ], [ 110.499225099001706, -66.280992285127454 ], [ 110.499275446177947, -66.280981232977283 ], [ 110.499329318723056, -66.280967949292844 ], [ 110.499344723598639, -66.280963513170377 ], [ 110.499413393851, -66.280941305625518 ], [ 110.499431627924537, -66.280934635732009 ], [ 110.499458216028287, -66.280927992743813 ], [ 110.499489766392486, -66.280916879981504 ], [ 110.499512177445169, -66.280910223531222 ], [ 110.499556954978146, -66.280899153353218 ], [ 110.499580017631558, -66.280894741867257 ], [ 110.49959951036594, -66.280894804634343 ], [ 110.499611300708395, -66.280897085474052 ], [ 110.499612247727143, -66.280919517280395 ], [ 110.499612676705127, -66.280932975915846 ], [ 110.499608366087159, -66.280939690663232 ], [ 110.499593568375488, -66.280948614518167 ], [ 110.49958155533659, -66.280957547338588 ], [ 110.499576503999833, -66.280966502575637 ], [ 110.499574103738169, -66.280982194976389 ], [ 110.499577879950408, -66.281002393017388 ], [ 110.499572043359436, -66.281015831477049 ], [ 110.499573302097289, -66.281022564157368 ], [ 110.499578737872611, -66.281029310288162 ], [ 110.499609932051442, -66.281036139359841 ], [ 110.499620937224904, -66.281042903421778 ], [ 110.499621321677907, -66.28105860478928 ], [ 110.499626802004826, -66.281063108186075 ], [ 110.49964137712368, -66.281065397989565 ], [ 110.499663003039444, -66.281063224740819 ], [ 110.499682584956474, -66.281058802032987 ], [ 110.499726933638073, -66.28103427317123 ], [ 110.499764616015099, -66.281029908719788 ], [ 110.499772362952271, -66.281025447904824 ], [ 110.499788552990864, -66.281016528514542 ], [ 110.499809616223558, -66.281007624807515 ], [ 110.499855563590742, -66.281007772686834 ], [ 110.499885454489089, -66.281010111757524 ], [ 110.499902029105172, -66.281016893722395 ], [ 110.499905376449263, -66.281023633120938 ], [ 110.499903850585113, -66.281030356837533 ], [ 110.499907197931478, -66.281037096236048 ], [ 110.499929430965125, -66.281039410655197 ], [ 110.499942702757195, -66.281037210485351 ], [ 110.499987569325043, -66.281021654718657 ], [ 110.500054891319351, -66.28099719967804 ], [ 110.50013330743802, -66.280975023168921 ], [ 110.500162635601512, -66.280970631749625 ], [ 110.50020171015052, -66.280966271670266 ], [ 110.500228253607915, -66.280961871282756 ], [ 110.500259759201185, -66.280953001096535 ], [ 110.500306669464322, -66.280939694685912 ], [ 110.50034021904554, -66.280933073931251 ], [ 110.500369502659638, -66.280930925205382 ], [ 110.500390432227462, -66.28092874961709 ], [ 110.500465189166491, -66.280915532679828 ], [ 110.500539249857837, -66.280902313469099 ], [ 110.500593728849438, -66.280893517048412 ], [ 110.500641334994569, -66.280880212773681 ], [ 110.500683282868863, -66.280871376055529 ], [ 110.50074198318471, -66.280860350270714 ], [ 110.500776228714287, -66.28085373165824 ], [ 110.500817480329474, -66.280844892667417 ], [ 110.500843327384104, -66.28084048993847 ], [ 110.500863560668463, -66.280838312050307 ], [ 110.500874654931565, -66.280840590558242 ], [ 110.500881483352174, -66.28084734111566 ], [ 110.500878565423051, -66.280854060370373 ], [ 110.50087286281925, -66.280860770681272 ], [ 110.50085880619082, -66.280867454160258 ], [ 110.500828041507418, -66.280874083971639 ], [ 110.500792448052977, -66.280878455390194 ], [ 110.500754721649315, -66.280885062823927 ], [ 110.500728874533522, -66.280889465538067 ], [ 110.500696628579774, -66.280900576315616 ], [ 110.500654458465334, -66.28092062670062 ], [ 110.500643186426004, -66.280927319107633 ], [ 110.500626300576656, -66.280936236350243 ], [ 110.500573865569223, -66.280947282226734 ], [ 110.500539530960353, -66.28095838625967 ], [ 110.500508810534399, -66.280962773275022 ], [ 110.500487792040119, -66.280969434344442 ], [ 110.500452242849576, -66.280971562952303 ], [ 110.500424351537944, -66.280973716169626 ], [ 110.500395067878742, -66.28097586490577 ], [ 110.500369220607141, -66.280980267559954 ], [ 110.50034963887137, -66.280984690354458 ], [ 110.500331405004118, -66.28099136035577 ], [ 110.500303246836339, -66.281006969946546 ], [ 110.500259639410757, -66.281029258479407 ], [ 110.500223171554467, -66.281042598458583 ], [ 110.50020911465235, -66.281049281878495 ], [ 110.500182955902574, -66.281069383628889 ], [ 110.500170335805805, -66.281073828790809 ], [ 110.500136697021247, -66.281084934973421 ], [ 110.500082869140812, -66.281095976205251 ], [ 110.50005841404122, -66.2811003832865 ], [ 110.500040876188194, -66.281107055493095 ], [ 110.500021116312269, -66.28112044917566 ], [ 110.500014672747554, -66.281129399947332 ], [ 110.500004052123089, -66.281138337279785 ], [ 110.499987076907928, -66.281151739917235 ], [ 110.499973716058705, -66.28115842555556 ], [ 110.499960444205442, -66.281160625727992 ], [ 110.499901046672093, -66.281171648976269 ], [ 110.499859883222115, -66.281176002258277 ], [ 110.499735000432651, -66.281189057556716 ], [ 110.499719032879455, -66.281186763279791 ], [ 110.499686964204116, -66.281188902917805 ] ] ] ] } },
{ "type": "Feature", "properties": { "AREA": 26.703125, "PERIMETER": 33.405653259600001, "LKPG1_": 118, "LKPG1_ID": 13, "FEATURE": "LAKE", "DQI": 20, "SAMP_NO": null, "WSAMP_NO": null, "D18O": 0.0, "W_DATE": null, "CDSAMP_NO": null, "CD_METHOD": null, "CD_DATE": 0, "CD_ERROR": 0, "REMARKS": null, "COLL_BY": null }, "geometry": { "type": "MultiPolygon", "coordinates": [ [ [ [ 110.524657487663433, -66.280937584046086 ], [ 110.524633521648965, -66.280953210829566 ], [ 110.524610505623031, -66.280955383295108 ], [ 110.524572046845748, -66.280964237124891 ], [ 110.524536626620858, -66.280959643021205 ], [ 110.524521226174087, -66.280964081643177 ], [ 110.524483590482234, -66.280966209359192 ], [ 110.524433865892462, -66.280981757293418 ], [ 110.524416334566808, -66.280988432254333 ], [ 110.524389014462756, -66.28099732012582 ], [ 110.524371525443158, -66.281001752341126 ], [ 110.524355555757452, -66.280999460594316 ], [ 110.524351590362883, -66.280988234107099 ], [ 110.524385176036148, -66.280979365417778 ], [ 110.524425027249507, -66.280970515895191 ], [ 110.524481017382442, -66.280954987135544 ], [ 110.524514645281826, -66.280943875677551 ], [ 110.524530741890302, -66.28093943918617 ], [ 110.524568335227102, -66.280939554199307 ], [ 110.524588566550776, -66.280937373221249 ], [ 110.524606751660286, -66.280932943111054 ], [ 110.524637340955479, -66.280935279551812 ], [ 110.524657487663433, -66.280937584046086 ] ] ] ] } },
{ "type": "Feature", "properties": { "AREA": 9.01171875, "PERIMETER": 14.299282489699999, "LKPG1_": 119, "LKPG1_ID": 11, "FEATURE": "LAKE", "DQI": 20, "SAMP_NO": null, "WSAMP_NO": null, "D18O": 0.0, "W_DATE": null, "CDSAMP_NO": null, "CD_METHOD": null, "CD_DATE": 0, "CD_ERROR": 0, "REMARKS": null, "COLL_BY": null }, "geometry": { "type": "MultiPolygon", "coordinates": [ [ [ [ 110.527062241255209, -66.281009964093258 ], [ 110.526995450541193, -66.281007517950158 ], [ 110.526966949462931, -66.281005188330525 ], [ 110.526951063736462, -66.28099841136752 ], [ 110.526956063256137, -66.280991697977115 ], [ 110.527018022794948, -66.280991886564081 ], [ 110.52708399103301, -66.281001058803227 ], [ 110.527089392084321, -66.281010046717 ], [ 110.527062241255209, -66.281009964093258 ] ] ] ] } },
{ "type": "Feature", "properties": { "AREA": 72.7734375, "PERIMETER": 40.3601470694, "LKPG1_": 120, "LKPG1_ID": 19, "FEATURE": "LAKE", "DQI": 20, "SAMP_NO": null, "WSAMP_NO": null, "D18O": 0.0, "W_DATE": null, "CDSAMP_NO": null, "CD_METHOD": null, "CD_DATE": 0, "CD_ERROR": 0, "REMARKS": null, "COLL_BY": null }, "geometry": { "type": "MultiPolygon", "coordinates": [ [ [ [ 110.501189992838349, -66.281018790179985 ], [ 110.501121812314182, -66.281016328449709 ], [ 110.501108629433759, -66.281014043254757 ], [ 110.501087092486003, -66.28101173123919 ], [ 110.501073302243043, -66.281004958340688 ], [ 110.50108735889151, -66.280998274842432 ], [ 110.501151628701379, -66.280987266782816 ], [ 110.501187311031515, -66.280978409816456 ], [ 110.501250884575924, -66.28096739948117 ], [ 110.501299882856429, -66.280954099473192 ], [ 110.501319508782217, -66.280947433825929 ], [ 110.501327255419042, -66.280942972933218 ], [ 110.501346273913967, -66.280931819582847 ], [ 110.5013595455261, -66.280929619291854 ], [ 110.501375601816648, -66.280927427934458 ], [ 110.501397879262356, -66.280927499410694 ], [ 110.501414498603452, -66.280932038481623 ], [ 110.501422763905353, -66.280936550749374 ], [ 110.501427503986918, -66.280943294582372 ], [ 110.501423890021329, -66.280950011613854 ], [ 110.501416054656346, -66.280958957977219 ], [ 110.50139342219417, -66.280976828366832 ], [ 110.501384194466397, -66.280985770261324 ], [ 110.501376403451317, -66.280992473889739 ], [ 110.501357473677558, -66.280999141777912 ], [ 110.501340721167537, -66.281001330899542 ], [ 110.501309349036902, -66.281003473106466 ], [ 110.501189992838349, -66.281018790179985 ] ] ] ] } },
{ "type": "Feature", "properties": { "AREA": 4.5703125, "PERIMETER": 9.1705910569599993, "LKPG1_": 121, "LKPG1_ID": 10, "FEATURE": "LAKE", "DQI": 20, "SAMP_NO": null, "WSAMP_NO": null, "D18O": 0.0, "W_DATE": null, "CDSAMP_NO": null, "CD_METHOD": null, "CD_DATE": 0, "CD_ERROR": 0, "REMARKS": null, "COLL_BY": null }, "geometry": { "type": "MultiPolygon", "coordinates": [ [ [ [ 110.527059479296682, -66.281045841599962 ], [ 110.52707044975952, -66.281054846463292 ], [ 110.527077285258741, -66.281061595873169 ], [ 110.52705914257929, -66.281063783531181 ], [ 110.527010410218338, -66.281063635219226 ], [ 110.52699452444341, -66.281056858260683 ], [ 110.527059479296682, -66.281045841599962 ] ] ] ] } },
{ "type": "Feature", "properties": { "AREA": 68.9921875, "PERIMETER": 55.894668035800002, "LKPG1_": 122, "LKPG1_ID": 311, "FEATURE": "LAKE", "DQI": 20, "SAMP_NO": null, "WSAMP_NO": null, "D18O": 0.0, "W_DATE": null, "CDSAMP_NO": null, "CD_METHOD": null, "CD_DATE": 0, "CD_ERROR": 0, "REMARKS": null, "COLL_BY": null }, "geometry": { "type": "MultiPolygon", "coordinates": [ [ [ [ 110.527145533423564, -66.281097689457269 ], [ 110.527158718715839, -66.281099972444821 ], [ 110.52719601776316, -66.281115786012407 ], [ 110.527214034240174, -66.281120326562757 ], [ 110.527209773018342, -66.281124799337931 ], [ 110.527195807374895, -66.281126999719547 ], [ 110.527191546148714, -66.281131472494209 ], [ 110.527202600850131, -66.281135991865327 ], [ 110.527249244816517, -66.281136133763752 ], [ 110.527269391925032, -66.28113843791958 ], [ 110.527313989427526, -66.281136330704044 ], [ 110.527360759584312, -66.281129744344597 ], [ 110.527379112592016, -66.281116342943974 ], [ 110.527405735594755, -66.281107452429353 ], [ 110.527425924751896, -66.281107513823386 ], [ 110.52745024892117, -66.281109830657655 ], [ 110.527472400454982, -66.281116626620843 ], [ 110.527481282561197, -66.281125625104835 ], [ 110.527454491347171, -66.281143486598424 ], [ 110.527436432753902, -66.281141188817415 ], [ 110.527408669720884, -66.281136618654187 ], [ 110.52732069881425, -66.281149808327569 ], [ 110.527211398714101, -66.281149475847499 ], [ 110.527171020333952, -66.281149353001013 ], [ 110.527139776446077, -66.28114477219907 ], [ 110.527104271325683, -66.281144664163079 ], [ 110.527081951515399, -66.281146839113049 ], [ 110.527048534929023, -66.281146737419917 ], [ 110.526975604536574, -66.281137543975746 ], [ 110.526968853239822, -66.281126309078743 ], [ 110.526980118383364, -66.281119614758879 ], [ 110.527045073404778, -66.281108598104353 ], [ 110.527129479256786, -66.281099883478191 ], [ 110.527145533423564, -66.281097689457269 ] ] ] ] } },
{ "type": "Feature", "properties": { "AREA": 57.26953125, "PERIMETER": 36.225841542200001, "LKPG1_": 123, "LKPG1_ID": 14, "FEATURE": "LAKE", "DQI": 20, "SAMP_NO": null, "WSAMP_NO": null, "D18O": 0.0, "W_DATE": null, "CDSAMP_NO": null, "CD_METHOD": null, "CD_DATE": 0, "CD_ERROR": 0, "REMARKS": null, "COLL_BY": null }, "geometry": { "type": "MultiPolygon", "coordinates": [ [ [ [ 110.523840628769193, -66.28113245594426 ], [ 110.523780799829311, -66.28113002974996 ], [ 110.523769745745042, -66.281125510135823 ], [ 110.523769915275238, -66.281116539174562 ], [ 110.523765126797159, -66.28111203876027 ], [ 110.523774261870116, -66.28110758101343 ], [ 110.523803586082948, -66.281103185130661 ], [ 110.523846052901547, -66.281103315251102 ], [ 110.523890481137386, -66.281110179979493 ], [ 110.523903750881502, -66.281107977762318 ], [ 110.523932463630999, -66.281099094241696 ], [ 110.523975099900454, -66.281090253365363 ], [ 110.524010604928137, -66.281090362116188 ], [ 110.524032797874568, -66.281094915828675 ], [ 110.52404872523357, -66.28109945034906 ], [ 110.5240661296654, -66.281099503651049 ], [ 110.52408222645218, -66.281095067206323 ], [ 110.524097499996245, -66.281097356849315 ], [ 110.524097161169252, -66.281115298772733 ], [ 110.524085852908172, -66.281124235623594 ], [ 110.524071148459555, -66.281128676332713 ], [ 110.524048701330017, -66.281137579068115 ], [ 110.524007584447645, -66.281139696008012 ], [ 110.523937270432, -66.281139480629406 ], [ 110.523905984776121, -66.281137141918052 ], [ 110.523864952630845, -66.281134773339502 ], [ 110.523840628769193, -66.28113245594426 ] ] ] ] } },
{ "type": "Feature", "properties": { "AREA": 117.765625, "PERIMETER": 52.225197325400003, "LKPG1_": 124, "LKPG1_ID": 1, "FEATURE": "LAKE", "DQI": 20, "SAMP_NO": null, "WSAMP_NO": null, "D18O": 0.0, "W_DATE": null, "CDSAMP_NO": null, "CD_METHOD": null, "CD_DATE": 0, "CD_ERROR": 0, "REMARKS": null, "COLL_BY": null }, "geometry": { "type": "MultiPolygon", "coordinates": [ [ [ [ 110.523067658863269, -66.281141300036097 ], [ 110.523076581848699, -66.281148056030773 ], [ 110.523082635236534, -66.28115928895933 ], [ 110.523073500022591, -66.281163746665413 ], [ 110.522993354540802, -66.281167986428699 ], [ 110.522950930074018, -66.281165613335148 ], [ 110.522931394605124, -66.2811677962369 ], [ 110.522911078035619, -66.281174462479015 ], [ 110.522837113175427, -66.281183206876534 ], [ 110.522786249604778, -66.281185293567205 ], [ 110.522761102197393, -66.281189702085214 ], [ 110.522727600624194, -66.281194084942882 ], [ 110.522692095456989, -66.281193975898859 ], [ 110.52266359456867, -66.28119164549021 ], [ 110.522582965191773, -66.281184669203739 ], [ 110.522567691732959, -66.281182379411987 ], [ 110.52256372710653, -66.281171152879878 ], [ 110.522581216560994, -66.281166720868384 ], [ 110.522648304638523, -66.281153469728991 ], [ 110.522668621260465, -66.281146803521224 ], [ 110.522686849336893, -66.281140130896148 ], [ 110.522711258052794, -66.281137962991991 ], [ 110.522744886975531, -66.281126851917833 ], [ 110.522789527300802, -66.281122503260903 ], [ 110.522880769052932, -66.281120540540684 ], [ 110.522934332282091, -66.281122947847521 ], [ 110.523001080450342, -66.281127638475979 ], [ 110.523034412095797, -66.281132226519517 ], [ 110.523067658863269, -66.281141300036097 ] ] ] ] } },
{ "type": "Feature", "properties": { "AREA": 49.73046875, "PERIMETER": 63.527449439000002, "LKPG1_": 125, "LKPG1_ID": 2, "FEATURE": "LAKE", "DQI": 20, "SAMP_NO": null, "WSAMP_NO": null, "D18O": 0.0, "W_DATE": null, "CDSAMP_NO": null, "CD_METHOD": null, "CD_DATE": 0, "CD_ERROR": 0, "REMARKS": null, "COLL_BY": null }, "geometry": { "type": "MultiPolygon", "coordinates": [ [ [ [ 110.523173495178384, -66.281177510728071 ], [ 110.523240455684899, -66.281170987553253 ], [ 110.523282965040252, -66.281168875087502 ], [ 110.523323597963127, -66.281155542503228 ], [ 110.523318809557409, -66.281151042075251 ], [ 110.523330033258887, -66.281146590760756 ], [ 110.523406043961216, -66.281140095273614 ], [ 110.523428321667836, -66.281140163591971 ], [ 110.523441506644403, -66.281142446894691 ], [ 110.523441336997067, -66.281151417855511 ], [ 110.523430155725919, -66.28115362643787 ], [ 110.523385557872203, -66.281155732538636 ], [ 110.523358933402676, -66.281164622363647 ], [ 110.523351801933288, -66.281173571972047 ], [ 110.523347540017326, -66.281178044640853 ], [ 110.523338404843372, -66.281182502362526 ], [ 110.523298595338588, -66.281189108865661 ], [ 110.523260178172649, -66.281195719629892 ], [ 110.523157669987171, -66.281204376615605 ], [ 110.523119906500796, -66.281213232221305 ], [ 110.5229923356965, -66.281221812189699 ], [ 110.522963749839761, -66.281223967316123 ], [ 110.522938644881464, -66.281226133122786 ], [ 110.522918981989122, -66.281235044242976 ], [ 110.522900838825578, -66.28123723141519 ], [ 110.522852106158552, -66.281237081799119 ], [ 110.522822127910587, -66.2812392326245 ], [ 110.522838267470902, -66.281232553568898 ], [ 110.522883035352507, -66.281221476665337 ], [ 110.52291440593514, -66.281219330102587 ], [ 110.523001513396977, -66.281215111748409 ], [ 110.523075435849577, -66.281208610012754 ], [ 110.523113114462305, -66.281204239898031 ], [ 110.523139823937825, -66.281190864635079 ], [ 110.523173495178384, -66.281177510728071 ] ] ] ] } },
{ "type": "Feature", "properties": { "AREA": 206.48046875, "PERIMETER": 103.644202511, "LKPG1_": 126, "LKPG1_ID": 3, "FEATURE": "LAKE", "DQI": 20, "SAMP_NO": null, "WSAMP_NO": null, "D18O": 0.0, "W_DATE": null, "CDSAMP_NO": null, "CD_METHOD": null, "CD_DATE": 0, "CD_ERROR": 0, "REMARKS": null, "COLL_BY": null }, "geometry": { "type": "MultiPolygon", "coordinates": [ [ [ [ 110.522171570484744, -66.281291062625627 ], [ 110.522202287554165, -66.281286671326455 ], [ 110.52222038829288, -66.281286726975623 ], [ 110.522242708644072, -66.281284552724244 ], [ 110.522262855411, -66.281286857528869 ], [ 110.522275997842456, -66.281291383670194 ], [ 110.522329433842899, -66.281300519404994 ], [ 110.522357892314631, -66.281305092614772 ], [ 110.522333355874309, -66.281313988682641 ], [ 110.522299939089265, -66.281313885968331 ], [ 110.522286499037193, -66.281325059007472 ], [ 110.522288460042788, -66.281331793646828 ], [ 110.522364301538332, -66.281334269628971 ], [ 110.522341726093046, -66.28134990033648 ], [ 110.522308309260339, -66.28134979762396 ], [ 110.522297042773943, -66.281356491604186 ], [ 110.522285818796632, -66.281360942843776 ], [ 110.52226123975916, -66.281372081639901 ], [ 110.522243011402225, -66.281378754214686 ], [ 110.522247799658828, -66.281383254675603 ], [ 110.522236405582689, -66.281396676870585 ], [ 110.522211087781045, -66.281410056258181 ], [ 110.52213790323006, -66.281414316983046 ], [ 110.522077207466651, -66.281420858950767 ], [ 110.522043790541147, -66.281420756181291 ], [ 110.52201516183888, -66.281425153872661 ], [ 110.521943327037889, -66.281431661527932 ], [ 110.521879022596039, -66.281444920929275 ], [ 110.521847438873635, -66.281458280980701 ], [ 110.521809106033217, -66.281460405906358 ], [ 110.521739928135901, -66.28147365025481 ], [ 110.521700160320819, -66.281478013608165 ], [ 110.521677924890582, -66.281475702302373 ], [ 110.521706596275777, -66.281469061933691 ], [ 110.521733790142903, -66.281466902753806 ], [ 110.5217624615034, -66.281460262374807 ], [ 110.521807272819501, -66.281446943042383 ], [ 110.521767802987839, -66.28143560723602 ], [ 110.521765316173529, -66.28141989948962 ], [ 110.521754262324308, -66.281415379732451 ], [ 110.521768356284724, -66.28140645162155 ], [ 110.521810340203814, -66.281395366458312 ], [ 110.521869032524037, -66.281384332689868 ], [ 110.521908970356861, -66.281370998334594 ], [ 110.52195856963769, -66.281362179429436 ], [ 110.52199411757914, -66.281360045901522 ], [ 110.522098587751785, -66.281358124325777 ], [ 110.522134220732951, -66.281351505286381 ], [ 110.522143398708749, -66.281344804896051 ], [ 110.522183777372675, -66.281344929048956 ], [ 110.522245950330202, -66.281333905840299 ], [ 110.522241900785673, -66.281327164779782 ], [ 110.522193167949425, -66.281327014956986 ], [ 110.522137303167185, -66.28133581467111 ], [ 110.522121290944241, -66.28133576543452 ], [ 110.52211719890272, -66.281331267110488 ], [ 110.522119415042724, -66.281324545313652 ], [ 110.522139731942403, -66.281317879175347 ], [ 110.522155175550836, -66.281311198050233 ], [ 110.522157476731735, -66.281299990773348 ], [ 110.52216661215698, -66.281295533121337 ], [ 110.522171570484744, -66.281291062625627 ] ] ] ] } },
{ "type": "Feature", "properties": { "AREA": 231.26171875, "PERIMETER": 76.105655713700003, "LKPG1_": 127, "LKPG1_ID": 9, "FEATURE": "LAKE", "DQI": 20, "SAMP_NO": null, "WSAMP_NO": null, "D18O": 0.0, "W_DATE": null, "CDSAMP_NO": null, "CD_METHOD": null, "CD_DATE": 0, "CD_ERROR": 0, "REMARKS": null, "COLL_BY": null }, "geometry": { "type": "MultiPolygon", "coordinates": [ [ [ [ 110.52749781331147, -66.281320804999183 ], [ 110.527508868150818, -66.281325324348472 ], [ 110.52751979684642, -66.281336571921372 ], [ 110.527537033259833, -66.28134559580063 ], [ 110.527552961408944, -66.281350129962192 ], [ 110.527579290289935, -66.281356938608553 ], [ 110.527579164157899, -66.281363666833016 ], [ 110.527554671546952, -66.281370320984735 ], [ 110.527539103188985, -66.281383730871553 ], [ 110.527525137430615, -66.281385931282614 ], [ 110.527511951955518, -66.281383648326141 ], [ 110.527491804628752, -66.281381344201705 ], [ 110.527485454855309, -66.281385810634177 ], [ 110.527472185276693, -66.281388013157212 ], [ 110.527447206707265, -66.28138345146796 ], [ 110.527407355898873, -66.28139230176528 ], [ 110.527384993833834, -66.281396719499995 ], [ 110.527366766813572, -66.281403392676509 ], [ 110.527360417012417, -66.281407859103822 ], [ 110.527310123339532, -66.281416677616477 ], [ 110.527284766138209, -66.281432300573513 ], [ 110.527272930962752, -66.281432264573382 ], [ 110.527219030046794, -66.281447800692078 ], [ 110.527194621415958, -66.281449969304191 ], [ 110.52713892643466, -66.281449799851629 ], [ 110.527100720309051, -66.281445197858829 ], [ 110.527049982831443, -66.281440557720884 ], [ 110.527031839876699, -66.281442745375429 ], [ 110.526960955095291, -66.281435801021772 ], [ 110.526929626686879, -66.281435705660087 ], [ 110.526909521475787, -66.281431158718945 ], [ 110.52686504974119, -66.281426537594314 ], [ 110.526856083532522, -66.281422024557969 ], [ 110.526865218171949, -66.281417566629372 ], [ 110.526905765396322, -66.281408718590555 ], [ 110.526959540123642, -66.281399910804296 ], [ 110.527033018474455, -66.281379948619318 ], [ 110.527075654134734, -66.281371106892337 ], [ 110.527147043756102, -66.281351138297538 ], [ 110.527167317269019, -66.281346714242602 ], [ 110.52721187307192, -66.281346849797998 ], [ 110.527232146570029, -66.281342425734579 ], [ 110.527272651473666, -66.281335820341198 ], [ 110.527317249325264, -66.281333713124965 ], [ 110.527386255671288, -66.281329437257455 ], [ 110.527430811445058, -66.281329572750067 ], [ 110.527476021350168, -66.281331953088142 ], [ 110.52749781331147, -66.281320804999183 ] ] ] ] } },
{ "type": "Feature", "properties": { "AREA": 35.73046875, "PERIMETER": 27.5547413189, "LKPG1_": 128, "LKPG1_ID": 4, "FEATURE": "LAKE", "DQI": 20, "SAMP_NO": null, "WSAMP_NO": null, "D18O": 0.0, "W_DATE": null, "CDSAMP_NO": null, "CD_METHOD": null, "CD_DATE": 0, "CD_ERROR": 0, "REMARKS": null, "COLL_BY": null }, "geometry": { "type": "MultiPolygon", "coordinates": [ [ [ [ 110.520681638159189, -66.281474875580003 ], [ 110.520683940010528, -66.281463668325571 ], [ 110.520704342713628, -66.28145251689692 ], [ 110.520733753168216, -66.281443636115696 ], [ 110.520762382114228, -66.281439238660539 ], [ 110.520800629714884, -66.28144159947162 ], [ 110.520840141763898, -66.281450692784063 ], [ 110.520878389389281, -66.281453053576001 ], [ 110.52088239594886, -66.281462037411004 ], [ 110.520893492301141, -66.281464314490833 ], [ 110.520940008927298, -66.281471186501065 ], [ 110.520928784659517, -66.281475637642416 ], [ 110.520880051545475, -66.28147548740769 ], [ 110.520831233142502, -66.2814798226362 ], [ 110.520786677145736, -66.281479685251369 ], [ 110.520755263407722, -66.281484074123469 ], [ 110.520730854189352, -66.281486241720017 ], [ 110.520716930436961, -66.281486198779632 ], [ 110.520699653716093, -66.281479416884778 ], [ 110.520681638159189, -66.281474875580003 ] ] ] ] } },
{ "type": "Feature", "properties": { "AREA": 140.10546875, "PERIMETER": 55.612117628500002, "LKPG1_": 129, "LKPG1_ID": 7, "FEATURE": "LAKE", "DQI": 20, "SAMP_NO": null, "WSAMP_NO": null, "D18O": 0.0, "W_DATE": null, "CDSAMP_NO": null, "CD_METHOD": null, "CD_DATE": 0, "CD_ERROR": 0, "REMARKS": null, "COLL_BY": null }, "geometry": { "type": "MultiPolygon", "coordinates": [ [ [ [ 110.520765121565091, -66.281661291310755 ], [ 110.520714910397274, -66.281665622208706 ], [ 110.520696070540609, -66.281667806976031 ], [ 110.520670140775223, -66.281676698486066 ], [ 110.520658262835752, -66.281678904721261 ], [ 110.520640772688125, -66.281683336515641 ], [ 110.520604527983977, -66.28168546758603 ], [ 110.520591996507989, -66.281685428929492 ], [ 110.52056558383876, -66.281683104578832 ], [ 110.52053777878848, -66.281680775927981 ], [ 110.520509888395793, -66.281682932750329 ], [ 110.520492483570024, -66.281682879049825 ], [ 110.520472947488173, -66.281685061642051 ], [ 110.520438834027047, -66.281684956379124 ], [ 110.520401282284354, -66.281682597627352 ], [ 110.520367865019935, -66.281682494497318 ], [ 110.520337189838642, -66.281684642694174 ], [ 110.520299198068315, -66.281668825334805 ], [ 110.520286098489606, -66.281662056287615 ], [ 110.520284137993855, -66.281655321623589 ], [ 110.520290489110621, -66.281650855486347 ], [ 110.52032407709379, -66.281641987676849 ], [ 110.520402264001859, -66.281631014628971 ], [ 110.520440682578894, -66.281624404572426 ], [ 110.520458215398975, -66.281617730061441 ], [ 110.520474355827702, -66.281611051252185 ], [ 110.520509946918352, -66.281606675325008 ], [ 110.520534441615183, -66.281600022285019 ], [ 110.520543620106764, -66.281593321989689 ], [ 110.520568114781753, -66.281586668944371 ], [ 110.520592524111336, -66.281584501373459 ], [ 110.520621764104945, -66.281584591570279 ], [ 110.520634949058703, -66.281586875110989 ], [ 110.520619462214711, -66.281595798823602 ], [ 110.5206172029865, -66.281604763337725 ], [ 110.520639225122025, -66.281618288491003 ], [ 110.520694664479819, -66.281631916708051 ], [ 110.520745273206245, -66.281643287137769 ], [ 110.520767508698256, -66.281645598576986 ], [ 110.520780693697162, -66.281647882105318 ], [ 110.520783350517348, -66.281654618909926 ], [ 110.520765121565091, -66.281661291310755 ] ] ] ] } },
{ "type": "Feature", "properties": { "AREA": 562.91015625, "PERIMETER": 91.301316040399996, "LKPG1_": 130, "LKPG1_ID": 2281, "FEATURE": "LAKE", "DQI": 28, "SAMP_NO": "S87/62", "WSAMP_NO": null, "D18O": 0.0, "W_DATE": null, "CDSAMP_NO": null, "CD_METHOD": null, "CD_DATE": 0, "CD_ERROR": 0, "REMARKS": "SSSI 16 lake shoreline,orange weathering stain indicative of high water levels. S87/62 (fine sandy clay 1m above lake at 33m elev) S87/63 (Swelling clay 0.3m above water level on shoreline), S87/64 (Core 40cm depth for TL dating)", "COLL_BY": "Goodwin" }, "geometry": { "type": "MultiPolygon", "coordinates": [ [ [ [ 110.536456043299268, -66.282157458402608 ], [ 110.536568833920597, -66.282119666037488 ], [ 110.5366993496784, -66.282140240977313 ], [ 110.536801398962325, -66.282194373972715 ], [ 110.536891777977374, -66.282239500656331 ], [ 110.536762438476629, -66.282306401200742 ], [ 110.536559304617484, -66.282334952862669 ], [ 110.536390449803847, -66.282354635052243 ], [ 110.536180730075898, -66.282324852029234 ], [ 110.536112754643753, -66.282273063201998 ], [ 110.536191107317819, -66.282214982507924 ], [ 110.536456043299268, -66.282157458402608 ] ] ] ] } },
{ "type": "Feature", "properties": { "AREA": 85.86328125, "PERIMETER": 47.928188878900002, "LKPG1_": 131, "LKPG1_ID": 19, "FEATURE": "LAKE", "DQI": 20, "SAMP_NO": null, "WSAMP_NO": null, "D18O": 0.0, "W_DATE": null, "CDSAMP_NO": null, "CD_METHOD": null, "CD_DATE": 0, "CD_ERROR": 0, "REMARKS": null, "COLL_BY": null }, "geometry": { "type": "MultiPolygon", "coordinates": [ [ [ [ 110.523991021973927, -66.282274537485947 ], [ 110.523957688643378, -66.282269949647258 ], [ 110.523948722656471, -66.282265436443808 ], [ 110.523955412225007, -66.282243028236493 ], [ 110.523958366532511, -66.282234065806477 ], [ 110.523973767855182, -66.282229627241534 ], [ 110.524047608315541, -66.282227610526064 ], [ 110.524076110504112, -66.282229940681361 ], [ 110.524098262109717, -66.282236737124521 ], [ 110.52411153242933, -66.28223453489025 ], [ 110.524145162200924, -66.282223423515148 ], [ 110.524163305967349, -66.282221236198311 ], [ 110.524185542284428, -66.282223547148803 ], [ 110.524225837679992, -66.282228156252259 ], [ 110.524265563903739, -66.282226034993613 ], [ 110.524285880964385, -66.282219368575625 ], [ 110.524321345248865, -66.282221719996542 ], [ 110.524370691376149, -66.282226356764085 ], [ 110.524392885387542, -66.282230910425113 ], [ 110.52440115523315, -66.282235421472436 ], [ 110.524400985918675, -66.282244392433213 ], [ 110.524378622571476, -66.282248809734099 ], [ 110.524367398563314, -66.282253261123486 ], [ 110.524316490621231, -66.282257591053693 ], [ 110.524242692436815, -66.282257365156724 ], [ 110.524225202516249, -66.282261797354309 ], [ 110.524199927245078, -66.282272934324396 ], [ 110.524147057659079, -66.282270529584295 ], [ 110.523991021973927, -66.282274537485947 ] ] ] ] } },
{ "type": "Feature", "properties": { "AREA": 3279.0546875, "PERIMETER": 253.72923204599999, "LKPG1_": 132, "LKPG1_ID": 24, "FEATURE": "LAKE", "DQI": 20, "SAMP_NO": null, "WSAMP_NO": null, "D18O": 0.0, "W_DATE": null, "CDSAMP_NO": null, "CD_METHOD": null, "CD_DATE": 0, "CD_ERROR": 0, "REMARKS": null, "COLL_BY": null }, "geometry": { "type": "MultiPolygon", "coordinates": [ [ [ [ 110.542839604427385, -66.282405139630711 ], [ 110.542852629082404, -66.282416392271571 ], [ 110.542878963218726, -66.28242319832782 ], [ 110.542921391696311, -66.28242556598309 ], [ 110.542963779504987, -66.282430176372841 ], [ 110.542932083671573, -66.282450268950726 ], [ 110.54291640077885, -66.282470408618167 ], [ 110.542914149402122, -66.282479373459381 ], [ 110.542920293314808, -66.282486120126023 ], [ 110.542944579568086, -66.282490677282283 ], [ 110.543029396099698, -66.282497655291593 ], [ 110.543080834882289, -66.282502292261668 ], [ 110.54309799633937, -66.282515799909248 ], [ 110.543171592185317, -66.28252723058381 ], [ 110.543220164871016, -66.282536344814062 ], [ 110.543260423613191, -66.282543191730284 ], [ 110.543277666492841, -66.282552213865785 ], [ 110.543299457743302, -66.282579192289745 ], [ 110.54333746533888, -66.282595004032771 ], [ 110.54337076199981, -66.282601830462909 ], [ 110.543468807221203, -66.28260884709816 ], [ 110.543495263615199, -66.282608924811527 ], [ 110.543513162216669, -66.282620191712127 ], [ 110.543510255445852, -66.282626911770805 ], [ 110.54351291844614, -66.282633648189133 ], [ 110.543526065401664, -66.282638172534973 ], [ 110.543550433161514, -66.282638244104291 ], [ 110.54357259038693, -66.282645037774273 ], [ 110.543592415229597, -66.282665281784475 ], [ 110.543603351686727, -66.282676528228507 ], [ 110.543605318494158, -66.282683262600699 ], [ 110.543618343634648, -66.282694515177269 ], [ 110.543642467747091, -66.282708043209254 ], [ 110.543647260079368, -66.282712543012167 ], [ 110.543633950592039, -66.282716989661296 ], [ 110.543633788120644, -66.282725960646033 ], [ 110.543622567296637, -66.282730413427387 ], [ 110.543617571868822, -66.282737127354622 ], [ 110.543644359069972, -66.282757391802662 ], [ 110.543661561618066, -66.282768656641679 ], [ 110.543677534186543, -66.282770946405648 ], [ 110.543692729307054, -66.282777719616163 ], [ 110.543645879109064, -66.282788796382121 ], [ 110.543605335526109, -66.28279764878873 ], [ 110.543591904121172, -66.282808823672624 ], [ 110.543567211204618, -66.282826694078793 ], [ 110.543524700734949, -66.282828812091765 ], [ 110.543509261854084, -66.282835495341502 ], [ 110.543511025503534, -66.282853443445248 ], [ 110.543503900708316, -66.282862393979869 ], [ 110.543454839683136, -66.282880192791239 ], [ 110.543436697109399, -66.282882382360668 ], [ 110.543405122998337, -66.282895746795546 ], [ 110.543393739500004, -66.282909170544457 ], [ 110.543374041876262, -66.282920326999758 ], [ 110.543335505385855, -66.282933670964454 ], [ 110.543277474408569, -66.282946957632461 ], [ 110.543248314044831, -66.282942386205306 ], [ 110.543230867638584, -66.282944577796798 ], [ 110.543212684343331, -66.282949010086014 ], [ 110.543197163991735, -66.2829601787965 ], [ 110.543201178747907, -66.282969162058578 ], [ 110.543228209786733, -66.282975970101887 ], [ 110.54323644259776, -66.282982722894403 ], [ 110.543229932591146, -66.282996160954355 ], [ 110.543216500913729, -66.28300733580538 ], [ 110.543194140178642, -66.283011755814613 ], [ 110.543171860754782, -66.283011690328706 ], [ 110.543131519962486, -66.28300932888142 ], [ 110.543084831756573, -66.283011434493773 ], [ 110.543020082183162, -66.283011244120985 ], [ 110.542975604691563, -66.283006627604308 ], [ 110.542927071869954, -66.282995270551837 ], [ 110.54288971947588, -66.282981703502728 ], [ 110.542857896280751, -66.282970395573685 ], [ 110.54283164295822, -66.282959104022297 ], [ 110.542820747414154, -66.282945614778626 ], [ 110.542809729806905, -66.282938853771782 ], [ 110.542787816690762, -66.282918603518098 ], [ 110.542776758409659, -66.282914085254717 ], [ 110.542734451218195, -66.28290498932212 ], [ 110.542714545477295, -66.282889230695105 ], [ 110.542681411426869, -66.282873433141162 ], [ 110.542666135112398, -66.282871145323625 ], [ 110.542652947484697, -66.282868863651032 ], [ 110.542608673858766, -66.28285303330027 ], [ 110.542581887389744, -66.282832768674382 ], [ 110.542564644567847, -66.282823746462029 ], [ 110.542537491725014, -66.282823666540793 ], [ 110.542497725362878, -66.2828280352159 ], [ 110.542464795139225, -66.282801023886776 ], [ 110.542429776310001, -66.28277400640124 ], [ 110.542418718156554, -66.282769488112379 ], [ 110.542360153775192, -66.282773801405142 ], [ 110.542289057315685, -66.282778077768469 ], [ 110.54227378109475, -66.282775789912392 ], [ 110.542255760715904, -66.28277125110678 ], [ 110.542237862570076, -66.282759984061869 ], [ 110.542229793070888, -66.282744260233557 ], [ 110.542209806283225, -66.28273298703327 ], [ 110.542200836859465, -66.282728474881281 ], [ 110.542185845903745, -66.28271048779645 ], [ 110.542170158746288, -66.282692498659173 ], [ 110.542181746532847, -66.282667861271122 ], [ 110.542164707709432, -66.282647625285634 ], [ 110.542148857606705, -66.282638607129073 ], [ 110.542117690645966, -66.282629543845232 ], [ 110.542104666209511, -66.282618291143194 ], [ 110.542102822069907, -66.282604828514991 ], [ 110.542093974974861, -66.282593588119596 ], [ 110.542058916073302, -66.282568813295896 ], [ 110.542032704287053, -66.282555278863683 ], [ 110.542016772766715, -66.282550746185066 ], [ 110.541983598834207, -66.282537191227902 ], [ 110.541959475776466, -66.282523662938715 ], [ 110.541928309025991, -66.282514599616874 ], [ 110.541895053644296, -66.282505530132212 ], [ 110.541890998654637, -66.282498789581894 ], [ 110.541902301223928, -66.282489851434093 ], [ 110.541956154568439, -66.282476552967083 ], [ 110.541985025582193, -66.28245869512736 ], [ 110.542003290263679, -66.282449777489944 ], [ 110.542041497332647, -66.282416247091248 ], [ 110.542059721206002, -66.282409572192876 ], [ 110.542093384064231, -66.282396214184487 ], [ 110.542113655800947, -66.282391788179453 ], [ 110.542140152712221, -66.282389623377583 ], [ 110.542160424435437, -66.282385197366423 ], [ 110.542205185890964, -66.282374114895248 ], [ 110.542227505490459, -66.282371937773547 ], [ 110.54227836986712, -66.282369844720833 ], [ 110.542311869617237, -66.28236545764841 ], [ 110.542345287892033, -66.282365556060512 ], [ 110.542363430187905, -66.282363366618171 ], [ 110.542374651070418, -66.282358913927524 ], [ 110.542376861899115, -66.282352191839962 ], [ 110.542406265780002, -66.282343306955084 ], [ 110.542445990669833, -66.282341181048608 ], [ 110.542506439083525, -66.282348087600781 ], [ 110.54256205474644, -66.282352737039076 ], [ 110.542604442366567, -66.282357347526784 ], [ 110.542644167261997, -66.282355221569659 ], [ 110.542671278897672, -66.282357544217973 ], [ 110.542695483580587, -66.282366586905113 ], [ 110.542750977232174, -66.282377964513842 ], [ 110.542804341598583, -66.282391578704434 ], [ 110.542839604427385, -66.282405139630711 ] ] ] ] } },
{ "type": "Feature", "properties": { "AREA": 324.8203125, "PERIMETER": 98.492536608199998, "LKPG1_": 133, "LKPG1_ID": 8, "FEATURE": "LAKE", "DQI": 20, "SAMP_NO": null, "WSAMP_NO": null, "D18O": 0.0, "W_DATE": null, "CDSAMP_NO": null, "CD_METHOD": null, "CD_DATE": 0, "CD_ERROR": 0, "REMARKS": null, "COLL_BY": null }, "geometry": { "type": "MultiPolygon", "coordinates": [ [ [ [ 110.529359728732246, -66.282427703355964 ], [ 110.529417598301222, -66.282423392854653 ], [ 110.529462239779292, -66.282419042282442 ], [ 110.529536122236635, -66.282414780217621 ], [ 110.529629414935286, -66.282415062602453 ], [ 110.52966966977759, -66.282421913036899 ], [ 110.529738636854859, -66.282419878868822 ], [ 110.529841022206313, -66.282417945771002 ], [ 110.529881486317109, -66.282413582441109 ], [ 110.529981782990021, -66.282411642932459 ], [ 110.530041615577687, -66.282414066741239 ], [ 110.530123685213809, -66.282418800628207 ], [ 110.53022651588347, -66.282430325833289 ], [ 110.530277172329789, -66.282439450419147 ], [ 110.530293018054337, -66.282448469783986 ], [ 110.530297069932459, -66.282455210635064 ], [ 110.530312261261386, -66.282461985151727 ], [ 110.530310047205262, -66.282468707065604 ], [ 110.530303655852464, -66.282475416354742 ], [ 110.530270112068592, -66.282482043579378 ], [ 110.53017186196989, -66.282486232330072 ], [ 110.529969263061702, -66.282485619726899 ], [ 110.529935886522651, -66.282483275911659 ], [ 110.529752739841882, -66.282484964728454 ], [ 110.52974626462985, -66.282496159478271 ], [ 110.529719028477516, -66.282500562801459 ], [ 110.529638963575266, -66.28250032050569 ], [ 110.52957904708552, -66.282502382025413 ], [ 110.529560987324274, -66.282500084491019 ], [ 110.529518643737831, -66.28249322770553 ], [ 110.529485309107585, -66.282488641051771 ], [ 110.529359058528385, -66.282463587223788 ], [ 110.529348044746897, -66.282456825264575 ], [ 110.529323802884164, -66.282450023243413 ], [ 110.529303654538651, -66.28244771935357 ], [ 110.529294687530054, -66.282443206458083 ], [ 110.529301733465005, -66.282438742060876 ], [ 110.529359728732246, -66.282427703355964 ] ] ] ] } },
{ "type": "Feature", "properties": { "AREA": 476.4921875, "PERIMETER": 102.419461551, "LKPG1_": 134, "LKPG1_ID": 12, "FEATURE": "LAKE", "DQI": 20, "SAMP_NO": null, "WSAMP_NO": null, "D18O": 0.0, "W_DATE": null, "CDSAMP_NO": null, "CD_METHOD": null, "CD_DATE": 0, "CD_ERROR": 0, "REMARKS": null, "COLL_BY": null }, "geometry": { "type": "MultiPolygon", "coordinates": [ [ [ [ 110.490767589863509, -66.282570702121177 ], [ 110.490786478295377, -66.282566278255672 ], [ 110.490802536544294, -66.282564087992398 ], [ 110.490838179420848, -66.282557476136631 ], [ 110.490861154485643, -66.282557551405091 ], [ 110.490957458559535, -66.282546652482978 ], [ 110.490988833483399, -66.282544512368034 ], [ 110.49105585119085, -66.282535760340977 ], [ 110.491094839147394, -66.282535888012617 ], [ 110.491122732979008, -66.282533736471748 ], [ 110.491170075494395, -66.282533891479957 ], [ 110.491199271175958, -66.282536229942053 ], [ 110.491238123291964, -66.282543085764573 ], [ 110.491269362353975, -66.282547673779817 ], [ 110.491328404714324, -66.282554595668955 ], [ 110.491384662250169, -66.282561508421864 ], [ 110.491456887488027, -66.282570716281512 ], [ 110.491481164477833, -66.282575281472646 ], [ 110.491532503343478, -66.282584420954777 ], [ 110.49154559566631, -66.282591192419616 ], [ 110.491535758146398, -66.282595645988948 ], [ 110.491512041572832, -66.28259781127133 ], [ 110.491477881765306, -66.282599942379747 ], [ 110.491433884409901, -66.282606527043498 ], [ 110.491411469717633, -66.282613182325036 ], [ 110.491355319759052, -66.282635427337055 ], [ 110.491245742121535, -66.28264852593226 ], [ 110.491233906438652, -66.282648487187288 ], [ 110.491176211030961, -66.282643812549921 ], [ 110.491132349391492, -66.282643668941475 ], [ 110.491119075986589, -66.282645868357449 ], [ 110.491058929582081, -66.282659128668598 ], [ 110.49097149472658, -66.282679028212868 ], [ 110.490941466761342, -66.282683415613917 ], [ 110.490921276451772, -66.282683349479456 ], [ 110.49074931071651, -66.282682786090092 ], [ 110.49069574729603, -66.282680367690958 ], [ 110.490672862782503, -66.28267580694056 ], [ 110.490658242218529, -66.282675759025096 ], [ 110.49059154137106, -66.282668811779359 ], [ 110.490543683760478, -66.282659683397824 ], [ 110.490534027411499, -66.282655165988871 ], [ 110.490525157971419, -66.282646165404302 ], [ 110.490525475381929, -66.282630466303573 ], [ 110.490532573573674, -66.28262376094051 ], [ 110.490543849055825, -66.282617069270572 ], [ 110.490561481153748, -66.28260591268193 ], [ 110.490577675466284, -66.282596994255798 ], [ 110.490592386660964, -66.282592556721397 ], [ 110.490656619774143, -66.282583795738645 ], [ 110.490676855333845, -66.2825816191787 ], [ 110.490734822459416, -66.282572837628706 ], [ 110.490767589863509, -66.282570702121177 ] ] ] ] } },
{ "type": "Feature", "properties": { "AREA": 552.91796875, "PERIMETER": 143.44722065900001, "LKPG1_": 135, "LKPG1_ID": 13, "FEATURE": "LAKE", "DQI": 20, "SAMP_NO": "S87/30", "WSAMP_NO": null, "D18O": 0.0, "W_DATE": null, "CDSAMP_NO": "CDANU6398", "CD_METHOD": "C14", "CD_DATE": 0, "CD_ERROR": 0, "REMARKS": "Shirley Island, Shoreline of Shirley Pond at 25.5m elev. Sednt black algal mud 30cm deep. CD ANU 6398", "COLL_BY": "Goodwin" }, "geometry": { "type": "MultiPolygon", "coordinates": [ [ [ [ 110.484626828134466, -66.282864462867437 ], [ 110.484547458840055, -66.282864199650419 ], [ 110.484499465412313, -66.282861797588666 ], [ 110.484447386434951, -66.282854896201911 ], [ 110.484407143250138, -66.282848034063505 ], [ 110.484384213835028, -66.282845715114334 ], [ 110.484352883874678, -66.282845611168838 ], [ 110.484334131794427, -66.282843306072053 ], [ 110.484319511147746, -66.282843257560231 ], [ 110.484275044788944, -66.28283862425333 ], [ 110.484251510979874, -66.282831817521412 ], [ 110.484214282300655, -66.282813750942637 ], [ 110.484192324605175, -66.282797977917284 ], [ 110.484182715252729, -66.28279121738808 ], [ 110.484173756215071, -66.282786701895503 ], [ 110.48415778907362, -66.282784406020511 ], [ 110.484127155410221, -66.282784304340396 ], [ 110.484114807117948, -66.282775291836671 ], [ 110.484116520961933, -66.282759597373982 ], [ 110.484108349997626, -66.282750598735845 ], [ 110.484098832518811, -66.282739352748649 ], [ 110.484101104839269, -66.282730388776358 ], [ 110.4841116858573, -66.282723695263229 ], [ 110.484134056658291, -66.282719283762347 ], [ 110.484153596669017, -66.28271710574127 ], [ 110.484214955645257, -66.282712823632039 ], [ 110.484240761602393, -66.282710666395118 ], [ 110.484268097694425, -66.282701785595222 ], [ 110.484262619759335, -66.282697281659395 ], [ 110.484244609918349, -66.282692736135758 ], [ 110.484215460612276, -66.282688153641089 ], [ 110.484175868064199, -66.282683536479894 ], [ 110.484137622051136, -66.282681166656943 ], [ 110.48412578636605, -66.282681127370651 ], [ 110.484107776561331, -66.282676581831154 ], [ 110.484074404081284, -66.282674228170009 ], [ 110.484038851114548, -66.282676353020406 ], [ 110.484029195926979, -66.282671835208092 ], [ 110.484037734212293, -66.282662892039269 ], [ 110.484058154083684, -66.282651745435928 ], [ 110.484124937395748, -66.282620566823994 ], [ 110.484179884900414, -66.282589348901013 ], [ 110.484212186192266, -66.282575998832883 ], [ 110.484247272303918, -66.282562657999776 ], [ 110.484277530786642, -66.28254705826015 ], [ 110.484290758835215, -66.282547102155334 ], [ 110.484312111955177, -66.282558387404009 ], [ 110.484323763998475, -66.282567397582199 ], [ 110.484358253429519, -66.282583212168845 ], [ 110.484389215940823, -66.282601257925421 ], [ 110.484389774484384, -66.282607988414824 ], [ 110.484385505414252, -66.282612460009034 ], [ 110.484372185547315, -66.28261690157494 ], [ 110.484339371651757, -66.282621278460184 ], [ 110.484317000973675, -66.282625689990752 ], [ 110.484280705980254, -66.282630055312922 ], [ 110.48425907740166, -66.282632226418926 ], [ 110.484242368231335, -66.282632170968739 ], [ 110.484210946724531, -66.282636552447741 ], [ 110.484188530102131, -66.282643206686245 ], [ 110.484176602615975, -66.282647652856753 ], [ 110.484187604344271, -66.282654418007837 ], [ 110.484202178973931, -66.282656709258461 ], [ 110.484238336307513, -66.282659072134095 ], [ 110.484280805494237, -66.282659213067575 ], [ 110.484340121554709, -66.282652681251435 ], [ 110.484388344021795, -66.282643869729554 ], [ 110.484437216784514, -66.282637303228825 ], [ 110.484466457839503, -66.282637400228793 ], [ 110.484483029367524, -66.282644183834577 ], [ 110.484505729207868, -66.282657716401957 ], [ 110.484550057661608, -66.282669077822518 ], [ 110.484563844366292, -66.282675852183317 ], [ 110.48457345377723, -66.282682612689086 ], [ 110.484571135754749, -66.282693819395035 ], [ 110.484560508995855, -66.282702755666108 ], [ 110.484561763804919, -66.28270948846388 ], [ 110.484579636094168, -66.282720762130538 ], [ 110.484582283345404, -66.282727499546041 ], [ 110.484581449506635, -66.282734225416803 ], [ 110.484564327391951, -66.282754354540302 ], [ 110.484562055234051, -66.282763318519429 ], [ 110.484564702485031, -66.282770055935202 ], [ 110.484573661586907, -66.282774571405312 ], [ 110.48461747753889, -66.282776959591416 ], [ 110.484655073390485, -66.282777084261198 ], [ 110.484675309620712, -66.282774908483162 ], [ 110.484692715106263, -66.282774966195305 ], [ 110.48470520119325, -66.28277725047343 ], [ 110.484751526889539, -66.282793104214903 ], [ 110.484791586660762, -66.282808937170699 ], [ 110.484786529696223, -66.282817891921056 ], [ 110.484733479348876, -66.282824444681779 ], [ 110.484715285884548, -66.282828870119005 ], [ 110.484696304465672, -66.282837778698848 ], [ 110.484677973389537, -66.282848932311424 ], [ 110.484662473050903, -66.282857852429601 ], [ 110.484647760659144, -66.282862289401763 ], [ 110.484626828134466, -66.282864462867437 ] ] ] ] } },
{ "type": "Feature", "properties": { "AREA": 33.51171875, "PERIMETER": 24.636085343000001, "LKPG1_": 136, "LKPG1_ID": 6, "FEATURE": "LAKE", "DQI": 20, "SAMP_NO": null, "WSAMP_NO": null, "D18O": 0.0, "W_DATE": null, "CDSAMP_NO": null, "CD_METHOD": null, "CD_DATE": 0, "CD_ERROR": 0, "REMARKS": null, "COLL_BY": null }, "geometry": { "type": "MultiPolygon", "coordinates": [ [ [ [ 110.52241341392498, -66.282857329437391 ], [ 110.522375817738919, -66.282857213901309 ], [ 110.52239126222976, -66.282850532754551 ], [ 110.522395992190411, -66.282821389980143 ], [ 110.522432238378769, -66.282819258493163 ], [ 110.522458822422394, -66.282812611569454 ], [ 110.522485278951223, -66.282812692859423 ], [ 110.522523528799027, -66.28281505324739 ], [ 110.522572222022816, -66.282817445707707 ], [ 110.522581187958949, -66.282821958990183 ], [ 110.52258310666673, -66.282830936364078 ], [ 110.522578759349017, -66.28283989448947 ], [ 110.522513755418643, -66.282853152010333 ], [ 110.522455968697102, -66.282852974460653 ], [ 110.52241341392498, -66.282857329437391 ] ] ] ] } },
{ "type": "Feature", "properties": { "AREA": 686.609375, "PERIMETER": 132.04287795400001, "LKPG1_": 137, "LKPG1_ID": 15, "FEATURE": "LAKE", "DQI": 20, "SAMP_NO": null, "WSAMP_NO": null, "D18O": 0.0, "W_DATE": null, "CDSAMP_NO": null, "CD_METHOD": null, "CD_DATE": 0, "CD_ERROR": 0, "REMARKS": null, "COLL_BY": null }, "geometry": { "type": "MultiPolygon", "coordinates": [ [ [ [ 110.525465661967985, -66.283236752323788 ], [ 110.525429457672089, -66.283236641777648 ], [ 110.525373885488122, -66.283229743469548 ], [ 110.525314262666171, -66.283216104162136 ], [ 110.525278923646368, -66.283207024746602 ], [ 110.525236537786029, -66.283202409535264 ], [ 110.525189890008434, -66.283202267030546 ], [ 110.525143115437913, -66.283208852732301 ], [ 110.52509556006963, -66.283219921772741 ], [ 110.525078069630013, -66.283224354065439 ], [ 110.525028636868569, -66.283224203002092 ], [ 110.524988909134407, -66.283226324454603 ], [ 110.524970849275036, -66.283224026386989 ], [ 110.524946607859064, -66.283217223684034 ], [ 110.524924243743243, -66.283221641062397 ], [ 110.524911057544642, -66.283219357885386 ], [ 110.524913315392368, -66.283210393309929 ], [ 110.524950912119209, -66.283210508232486 ], [ 110.524978149869455, -66.28320610574626 ], [ 110.524987454601998, -66.283192676969207 ], [ 110.525007541059182, -66.283161338188833 ], [ 110.525026065900207, -66.283138966110712 ], [ 110.525044337069545, -66.283130050471215 ], [ 110.525082145026147, -66.283118951661223 ], [ 110.525106597722328, -66.283114540642231 ], [ 110.525225295398727, -66.28309696033557 ], [ 110.525316713111494, -66.283086025228954 ], [ 110.525381547200482, -66.283081737496701 ], [ 110.525472838085861, -66.283077530518952 ], [ 110.525699936389714, -66.283071495133512 ], [ 110.525929735124635, -66.283069953391987 ], [ 110.526003620082136, -66.283065693008311 ], [ 110.526108012673816, -66.283068254222727 ], [ 110.526152487165078, -66.283072875564628 ], [ 110.526165631226704, -66.283077401376929 ], [ 110.526176644423998, -66.283084163560787 ], [ 110.526176307045503, -66.283102105484957 ], [ 110.526164998627095, -66.28311104248472 ], [ 110.526131368558552, -66.283122154295413 ], [ 110.526048875552732, -66.283139845704468 ], [ 110.52597669937542, -66.28316429714404 ], [ 110.525947858410902, -66.283179909260269 ], [ 110.525923194822852, -66.283195534113673 ], [ 110.52590500830992, -66.283199964375797 ], [ 110.525882686575628, -66.283202139151797 ], [ 110.525758018204755, -66.283204001657424 ], [ 110.525635480743389, -66.283203627697858 ], [ 110.525592968149738, -66.283205740804647 ], [ 110.525518787095194, -66.283225700174683 ], [ 110.525499165784097, -66.283232368878345 ], [ 110.525465661967985, -66.283236752323788 ] ] ] ] } },
{ "type": "Feature", "properties": { "AREA": 30.17578125, "PERIMETER": 26.036710780300002, "LKPG1_": 138, "LKPG1_ID": 18, "FEATURE": "LAKE", "DQI": 20, "SAMP_NO": null, "WSAMP_NO": null, "D18O": 0.0, "W_DATE": null, "CDSAMP_NO": null, "CD_METHOD": null, "CD_DATE": 0, "CD_ERROR": 0, "REMARKS": null, "COLL_BY": null }, "geometry": { "type": "MultiPolygon", "coordinates": [ [ [ [ 110.526548941914896, -66.283206413072122 ], [ 110.526524615805869, -66.28320409609627 ], [ 110.526517779875675, -66.283197346663684 ], [ 110.526522083713814, -66.283190631168381 ], [ 110.526540312251896, -66.28318395809336 ], [ 110.526558498641833, -66.283179527756843 ], [ 110.526567022012642, -66.283170582245035 ], [ 110.52656727483874, -66.283157125801239 ], [ 110.526563350260517, -66.283143656632177 ], [ 110.52657470068938, -66.283132476862775 ], [ 110.526586008972245, -66.283123539833184 ], [ 110.526588224079774, -66.283116817973578 ], [ 110.526599448081399, -66.283112366424277 ], [ 110.526612676511093, -66.283112406717493 ], [ 110.526628437080632, -66.28312591193594 ], [ 110.526639239767377, -66.283143887790345 ], [ 110.526636645487798, -66.283170794316547 ], [ 110.526611159698774, -66.283193145380764 ], [ 110.526591538701666, -66.283199814222556 ], [ 110.526548941914896, -66.283206413072122 ] ] ] ] } },
{ "type": "Feature", "properties": { "AREA": 55.5859375, "PERIMETER": 29.810885212500001, "LKPG1_": 139, "LKPG1_ID": 16, "FEATURE": "LAKE", "DQI": 20, "SAMP_NO": null, "WSAMP_NO": null, "D18O": 0.0, "W_DATE": null, "CDSAMP_NO": null, "CD_METHOD": null, "CD_DATE": 0, "CD_ERROR": 0, "REMARKS": null, "COLL_BY": null }, "geometry": { "type": "MultiPolygon", "coordinates": [ [ [ [ 110.52714303785757, -66.283122992722568 ], [ 110.527142869512133, -66.283131963685875 ], [ 110.527141878673106, -66.283147660753329 ], [ 110.527140845746203, -66.28316560056156 ], [ 110.527140635312975, -66.283176814265644 ], [ 110.527139728644258, -66.283188025851388 ], [ 110.527139518210305, -66.283199239555415 ], [ 110.527099220726839, -66.283194631206754 ], [ 110.527072847964803, -66.283190065220438 ], [ 110.527056834552141, -66.283190016491687 ], [ 110.52701223339308, -66.283192123630712 ], [ 110.526994911707831, -66.283187585176307 ], [ 110.526970880288218, -66.283169569084933 ], [ 110.526973179500274, -66.283158361738288 ], [ 110.527002019805494, -66.283142749431363 ], [ 110.527009361030224, -66.283122585953393 ], [ 110.527018496260112, -66.283118128017122 ], [ 110.52704294861762, -66.283113716693293 ], [ 110.527063097287666, -66.283116020876179 ], [ 110.527087381270221, -66.283120580508594 ], [ 110.527129809421325, -66.283122952474486 ], [ 110.52714303785757, -66.283122992722568 ] ] ] ] } },
{ "type": "Feature", "properties": { "AREA": 22.51953125, "PERIMETER": 19.465020881499999, "LKPG1_": 140, "LKPG1_ID": 17, "FEATURE": "LAKE", "DQI": 20, "SAMP_NO": null, "WSAMP_NO": null, "D18O": 0.0, "W_DATE": null, "CDSAMP_NO": null, "CD_METHOD": null, "CD_DATE": 0, "CD_ERROR": 0, "REMARKS": null, "COLL_BY": null }, "geometry": { "type": "MultiPolygon", "coordinates": [ [ [ [ 110.526734670785572, -66.28328996489995 ], [ 110.526725746062255, -66.283283209116163 ], [ 110.526741316029998, -66.283269799315036 ], [ 110.526759544567454, -66.283263126214408 ], [ 110.526788132415945, -66.283260970391524 ], [ 110.526839738201133, -66.28325664177288 ], [ 110.526857882479078, -66.283254454142053 ], [ 110.526873727489914, -66.28326347385412 ], [ 110.526877082345734, -66.283270212673671 ], [ 110.526886049214582, -66.283274725708139 ], [ 110.526885880776447, -66.283283696670907 ], [ 110.526869128955781, -66.283285888544015 ], [ 110.52684680722804, -66.283288063458485 ], [ 110.526832144115318, -66.28329026168646 ], [ 110.526804252475443, -66.283292419637206 ], [ 110.526781234498159, -66.28329459242245 ], [ 110.526760389473182, -66.283292286082968 ], [ 110.526738721845945, -66.28329670584256 ], [ 110.526734670785572, -66.28328996489995 ] ] ] ] } },
{ "type": "Feature", "properties": { "AREA": 14.0703125, "PERIMETER": 18.242349004899999, "LKPG1_": 141, "LKPG1_ID": 14, "FEATURE": "LAKE", "DQI": 20, "SAMP_NO": null, "WSAMP_NO": null, "D18O": 0.0, "W_DATE": null, "CDSAMP_NO": null, "CD_METHOD": null, "CD_DATE": 0, "CD_ERROR": 0, "REMARKS": null, "COLL_BY": null }, "geometry": { "type": "MultiPolygon", "coordinates": [ [ [ [ 110.490065572607165, -66.283577695080496 ], [ 110.490029458794666, -66.28357309083141 ], [ 110.489958442105703, -66.283572857790716 ], [ 110.489950919635717, -66.2835661044723 ], [ 110.489964239023564, -66.283561662428511 ], [ 110.489979601736621, -66.283559469966136 ], [ 110.490010281762594, -66.283557327765081 ], [ 110.490024251985901, -66.283555130729013 ], [ 110.490038176817109, -66.283555176419924 ], [ 110.49005562824432, -66.283552990803571 ], [ 110.490125948636845, -66.283553221515717 ], [ 110.490131382424806, -66.283559967973389 ], [ 110.490086596029101, -66.283571035426078 ], [ 110.490065572607165, -66.283577695080496 ] ] ] ] } },
{ "type": "Feature", "properties": { "AREA": 54.99609375, "PERIMETER": 38.114490444600001, "LKPG1_": 142, "LKPG1_ID": 3, "FEATURE": "LAKE", "DQI": 20, "SAMP_NO": null, "WSAMP_NO": null, "D18O": 0.0, "W_DATE": null, "CDSAMP_NO": null, "CD_METHOD": null, "CD_DATE": 0, "CD_ERROR": 0, "REMARKS": null, "COLL_BY": null }, "geometry": { "type": "MultiPolygon", "coordinates": [ [ [ [ 110.506661082567021, -66.284279449698488 ], [ 110.506598462783927, -66.284277008046615 ], [ 110.506585277700268, -66.284274723315846 ], [ 110.506583320666451, -66.284267988483506 ], [ 110.506605732832881, -66.28426133101388 ], [ 110.506637196402011, -66.284254702273429 ], [ 110.506700688028701, -66.284248175184572 ], [ 110.506806739420981, -66.284237297381893 ], [ 110.506902735824823, -66.284242087718184 ], [ 110.50694725272848, -66.284244471820244 ], [ 110.506961134091725, -66.28424675872904 ], [ 110.506974971573811, -66.284251288370442 ], [ 110.50697692871104, -66.284258023197921 ], [ 110.506965700737439, -66.284262473326862 ], [ 110.506946813866577, -66.284266899158581 ], [ 110.506900816616806, -66.284268996106036 ], [ 110.506817133354886, -66.284275459206441 ], [ 110.506751640706412, -66.284277494246368 ], [ 110.506661082567021, -66.284279449698488 ] ] ] ] } },
{ "type": "Feature", "properties": { "AREA": 312.421875, "PERIMETER": 96.632215526799996, "LKPG1_": 143, "LKPG1_ID": 15, "FEATURE": "LAKE", "DQI": 20, "SAMP_NO": null, "WSAMP_NO": null, "D18O": 0.0, "W_DATE": null, "CDSAMP_NO": null, "CD_METHOD": null, "CD_DATE": 0, "CD_ERROR": 0, "REMARKS": null, "COLL_BY": null }, "geometry": { "type": "MultiPolygon", "coordinates": [ [ [ [ 110.503480266914536, -66.284495850936906 ], [ 110.503474785154111, -66.284491347677118 ], [ 110.503490887726613, -66.284486913370884 ], [ 110.503525137468927, -66.284480294158357 ], [ 110.503547550630756, -66.284473637130532 ], [ 110.503584717970668, -66.284460298602994 ], [ 110.503608612002139, -66.284449160548704 ], [ 110.503639037505152, -66.284424586107306 ], [ 110.503648873603893, -66.284420131772094 ], [ 110.503665804902795, -66.284408971473198 ], [ 110.503680603210555, -66.284400047234868 ], [ 110.503693180181216, -66.284397844523141 ], [ 110.503717682023677, -66.284391194140682 ], [ 110.503739266273527, -66.284391263059902 ], [ 110.50376246390536, -66.284380122758648 ], [ 110.503769514902103, -66.284375659523519 ], [ 110.50377795842752, -66.284371200734043 ], [ 110.503809599538343, -66.284355601635724 ], [ 110.503832012514124, -66.284348944566659 ], [ 110.50388771371189, -66.284349122375545 ], [ 110.503902379433825, -66.284346926314313 ], [ 110.503926925326809, -66.284338033165966 ], [ 110.503943900600987, -66.28432463010374 ], [ 110.503953172801019, -66.284313445328507 ], [ 110.503978934569062, -66.284313527547496 ], [ 110.504012919062987, -66.284320364624023 ], [ 110.504036503754961, -66.284324925633342 ], [ 110.504074234454791, -66.28431831740852 ], [ 110.504116054442079, -66.28431620796907 ], [ 110.504182895795537, -66.284316421215152 ], [ 110.504192511098552, -66.284323180509773 ], [ 110.504177713017157, -66.284332104797073 ], [ 110.504127449558851, -66.284338673062081 ], [ 110.50406395704151, -66.284345199099135 ], [ 110.50404855092529, -66.284349635686709 ], [ 110.504054729022727, -66.284354141148114 ], [ 110.504115259951433, -66.284356577160409 ], [ 110.504127096459982, -66.284356614924903 ], [ 110.50416060545902, -66.284352236083464 ], [ 110.504193329918508, -66.284352340479444 ], [ 110.504199463911561, -66.284359088667998 ], [ 110.504193109260953, -66.284363554143809 ], [ 110.504184665811493, -66.284368012955895 ], [ 110.504163689577311, -66.284372431785513 ], [ 110.504152461056577, -66.284376881710813 ], [ 110.504137707065908, -66.284383563261343 ], [ 110.504131352398176, -66.284388028734583 ], [ 110.50411302878662, -66.28439918464143 ], [ 110.504098230632366, -66.284408108920999 ], [ 110.504069374702183, -66.284423716964767 ], [ 110.504047613845003, -66.284432619022581 ], [ 110.50402097909965, -66.284441505524185 ], [ 110.503999262359002, -66.284448164842388 ], [ 110.503985248704083, -66.284452605867571 ], [ 110.503954524613022, -66.284456993559814 ], [ 110.503931415305175, -66.284463648424122 ], [ 110.503906913448475, -66.284470298840219 ], [ 110.503881019041827, -66.284476944807381 ], [ 110.503864872383204, -66.284483621886793 ], [ 110.503850858684913, -66.284488062899797 ], [ 110.503792372105096, -66.284487876185864 ], [ 110.503671044622607, -66.284496460281915 ], [ 110.503577788760893, -66.284493919577699 ], [ 110.503531790820091, -66.284496015527608 ], [ 110.503480266914536, -66.284495850936906 ] ] ] ] } },
{ "type": "Feature", "properties": { "AREA": 447.3203125, "PERIMETER": 98.896757309700007, "LKPG1_": 144, "LKPG1_ID": 11, "FEATURE": "LAKE", "DQI": 20, "SAMP_NO": null, "WSAMP_NO": null, "D18O": 0.0, "W_DATE": null, "CDSAMP_NO": null, "CD_METHOD": null, "CD_DATE": 0, "CD_ERROR": 0, "REMARKS": null, "COLL_BY": null }, "geometry": { "type": "MultiPolygon", "coordinates": [ [ [ [ 110.510052362055731, -66.28541161329855 ], [ 110.51003913245107, -66.28541157159512 ], [ 110.509996005779726, -66.285409192767858 ], [ 110.509932817434688, -66.285400022059136 ], [ 110.509850045632575, -66.28539527531268 ], [ 110.509809007890482, -66.28539290302092 ], [ 110.509629931375798, -66.285363180807451 ], [ 110.509575838747821, -66.285351795777146 ], [ 110.509559258676958, -66.285345014844552 ], [ 110.509549641544069, -66.285338255881712 ], [ 110.509550512463761, -66.285329287141266 ], [ 110.509561784113288, -66.285322594091838 ], [ 110.509572272155125, -66.285320384313366 ], [ 110.509595337110127, -66.285315971345057 ], [ 110.509624625036579, -66.285313820879125 ], [ 110.509747259750483, -66.285309721999198 ], [ 110.509786992038002, -66.285307604446061 ], [ 110.509805139266135, -66.285305418808491 ], [ 110.509814321961883, -66.285298719152678 ], [ 110.509801919611533, -66.28529195142157 ], [ 110.509796567451829, -66.28528072018095 ], [ 110.509812713052384, -66.285274042485369 ], [ 110.509872724975992, -66.285267503122796 ], [ 110.509924512248574, -66.285254209188125 ], [ 110.509938481682994, -66.285252010362129 ], [ 110.509952407494225, -66.285252054269407 ], [ 110.509983087897155, -66.285249908126502 ], [ 110.509992226908153, -66.285245451194641 ], [ 110.510020427441077, -66.285227597121718 ], [ 110.510046190167259, -66.28522767833563 ], [ 110.510064946383906, -66.285229980331763 ], [ 110.510077392384147, -66.285234505307358 ], [ 110.510090491070642, -66.285241275211305 ], [ 110.510099455629017, -66.285245789211515 ], [ 110.510110552668849, -66.285248067060522 ], [ 110.510136968102486, -66.285250393188647 ], [ 110.510194716618287, -66.285252818056591 ], [ 110.5102106877046, -66.28525511125811 ], [ 110.510222481049354, -66.285257391293285 ], [ 110.510230749346263, -66.285261903091836 ], [ 110.51026021032645, -66.28528666751582 ], [ 110.510267695162497, -66.285295662587728 ], [ 110.510272960350747, -66.285311379281509 ], [ 110.510249024847994, -66.285324761094955 ], [ 110.510259991155579, -66.285333767137175 ], [ 110.510285014107069, -66.285336088852247 ], [ 110.510298896375417, -66.285338375463141 ], [ 110.51034902947066, -66.285338533407412 ], [ 110.510367089504555, -66.285340833173549 ], [ 110.510391372598008, -66.285345395412691 ], [ 110.510404471426497, -66.285352165290135 ], [ 110.510403644390763, -66.285358891300859 ], [ 110.510392982078557, -66.285370072074144 ], [ 110.510387237398461, -66.285379025465787 ], [ 110.510381579879905, -66.285383493387911 ], [ 110.510370352004429, -66.285387943762203 ], [ 110.510357731536047, -66.285392389748637 ], [ 110.510323569518505, -66.285394524997059 ], [ 110.51017800036179, -66.285396309185842 ], [ 110.510143185633297, -66.28539619946568 ], [ 110.510127823547435, -66.2853983939209 ], [ 110.510092834382121, -66.285407255127737 ], [ 110.510078168580065, -66.285409451772736 ], [ 110.510052362055731, -66.28541161329855 ] ] ] ] } },
{ "type": "Feature", "properties": { "AREA": 172.65625, "PERIMETER": 57.216922784899999, "LKPG1_": 145, "LKPG1_ID": 4, "FEATURE": "LAKE", "DQI": 20, "SAMP_NO": null, "WSAMP_NO": null, "D18O": 0.0, "W_DATE": null, "CDSAMP_NO": null, "CD_METHOD": null, "CD_DATE": 0, "CD_ERROR": 0, "REMARKS": null, "COLL_BY": null }, "geometry": { "type": "MultiPolygon", "coordinates": [ [ [ [ 110.504908014914847, -66.285543341573288 ], [ 110.504896177847414, -66.285543303867939 ], [ 110.504853747739759, -66.285540925832066 ], [ 110.504807836150434, -66.285538536692727 ], [ 110.504760620141056, -66.285531657637193 ], [ 110.504725893426937, -66.285527061238085 ], [ 110.504705788972757, -66.285522511427573 ], [ 110.504681594922616, -66.285513462835397 ], [ 110.504663579378629, -66.285508919676275 ], [ 110.50464134196524, -66.285506605933008 ], [ 110.504630157117546, -66.285508813159225 ], [ 110.504598083353102, -66.285510953806309 ], [ 110.504577194438411, -66.2855108872252 ], [ 110.504531282930344, -66.285508498004219 ], [ 110.504513179206228, -66.285508440292972 ], [ 110.504496512183266, -66.285506144286543 ], [ 110.504481978162389, -66.285501612205238 ], [ 110.504471621927337, -66.285497093441947 ], [ 110.504465487585449, -66.285490345264918 ], [ 110.504466360320265, -66.285481376554301 ], [ 110.504484120592181, -66.285463490189954 ], [ 110.504515806745715, -66.28544564821803 ], [ 110.504547360547662, -66.28543453443757 ], [ 110.5045648561251, -66.285430104459962 ], [ 110.504585180974416, -66.285423440625237 ], [ 110.504601239850871, -66.285421248937439 ], [ 110.504622172786867, -66.285419072782574 ], [ 110.504651373068157, -66.285421408719543 ], [ 110.504693018482001, -66.285428270057125 ], [ 110.50470685620364, -66.285432799899922 ], [ 110.504716427985045, -66.285441801894237 ], [ 110.50472882904144, -66.285448570030212 ], [ 110.504760726382372, -66.285455400287063 ], [ 110.504797497811424, -66.285462246066416 ], [ 110.504838447036661, -66.285469105146646 ], [ 110.504859247768437, -66.285473657158192 ], [ 110.504881352955096, -66.285482699068609 ], [ 110.504928392632124, -66.285498549018612 ], [ 110.50494701637993, -66.285507579830437 ], [ 110.504963463118287, -66.285521089452573 ], [ 110.504963939089066, -66.285532305334229 ], [ 110.504956191681316, -66.285536766405087 ], [ 110.504941481290501, -66.285541205297847 ], [ 110.504908014914847, -66.285543341573288 ] ] ] ] } },
{ "type": "Feature", "properties": { "AREA": 53.93359375, "PERIMETER": 48.090542119799998, "LKPG1_": 146, "LKPG1_ID": 10, "FEATURE": "LAKE", "DQI": 20, "SAMP_NO": null, "WSAMP_NO": null, "D18O": 0.0, "W_DATE": null, "CDSAMP_NO": null, "CD_METHOD": null, "CD_DATE": 0, "CD_ERROR": 0, "REMARKS": null, "COLL_BY": null }, "geometry": { "type": "MultiPolygon", "coordinates": [ [ [ [ 110.509471837230691, -66.288583445700581 ], [ 110.50942034859446, -66.28858104034056 ], [ 110.509405811914192, -66.288576508719871 ], [ 110.509397586356542, -66.288569754145399 ], [ 110.509383789747176, -66.288562981987099 ], [ 110.509365031112722, -66.288560679908315 ], [ 110.509340701426638, -66.288558360242334 ], [ 110.509316328060862, -66.288558283305932 ], [ 110.509225579956492, -66.288569211175385 ], [ 110.509169825686058, -66.288571278007183 ], [ 110.509134353893373, -66.288568923126206 ], [ 110.509116335361512, -66.288564380483166 ], [ 110.509124823049618, -66.288557678672618 ], [ 110.509141623613345, -66.288553245983366 ], [ 110.509161122301563, -66.288553307554707 ], [ 110.509193895937813, -66.288551168167757 ], [ 110.509209347415677, -66.288544488340264 ], [ 110.509226800644981, -66.28854230057388 ], [ 110.509245646634, -66.288540117202629 ], [ 110.509265841693733, -66.288540180959373 ], [ 110.509286689448132, -66.288542489645238 ], [ 110.509327775953182, -66.288542619343659 ], [ 110.509395281276895, -66.288545075286436 ], [ 110.509491250922153, -66.288552106764996 ], [ 110.509554447007687, -66.288561277654225 ], [ 110.50960441187668, -66.28857040677633 ], [ 110.509613333872466, -66.288577163536814 ], [ 110.509564499778378, -66.28858149521254 ], [ 110.509471837230691, -66.288583445700581 ] ] ] ] } },
{ "type": "Feature", "properties": { "AREA": 27471.9726563, "PERIMETER": 801.31019866199995, "LKPG1_": 147, "LKPG1_ID": 67, "FEATURE": "LAKE", "DQI": 28, "SAMP_NO": "S87/4", "WSAMP_NO": null, "D18O": 0.0, "W_DATE": null, "CDSAMP_NO": null, "CD_METHOD": null, "CD_DATE": 0, "CD_ERROR": 0, "REMARKS": "Beall Island, fine sednt smaple from beach terrace forming a barrier shoreline of Beall Meltlake", "COLL_BY": "Goodwin" }, "geometry": { "type": "MultiPolygon", "coordinates": [ [ [ [ 110.483565594000524, -66.297002278740791 ], [ 110.48382849983868, -66.297023337612345 ], [ 110.484170926970847, -66.297107460362696 ], [ 110.484411742011218, -66.297186759694469 ], [ 110.484608633682541, -66.297301799054466 ], [ 110.484608358265518, -66.297315255388483 ], [ 110.484619320600345, -66.297324263222677 ], [ 110.484663353610287, -66.297351323662284 ], [ 110.484718899830554, -66.297360479248297 ], [ 110.484808159302801, -66.297356289276593 ], [ 110.484863980868099, -66.297351988476422 ], [ 110.48488618102995, -66.297356547773518 ], [ 110.484964019273733, -66.297365777121087 ], [ 110.485041674117099, -66.297383977319598 ], [ 110.485164004707244, -66.297397839662509 ], [ 110.485410435344534, -66.297441270034312 ], [ 110.485651349104828, -66.297516082002204 ], [ 110.485824599678622, -66.29759515560464 ], [ 110.485940132353761, -66.297703195564054 ], [ 110.486138997768293, -66.297858611205925 ], [ 110.486225121798412, -66.29807645457268 ], [ 110.486226149000203, -66.298094400957837 ], [ 110.486168119109223, -66.298172709790904 ], [ 110.486045804189672, -66.298226134519481 ], [ 110.485778301482867, -66.298258893211468 ], [ 110.485715135580563, -66.298247469935717 ], [ 110.485637202709285, -66.298242726408134 ], [ 110.485359002232727, -66.298219377141393 ], [ 110.48519199048971, -66.298209852787139 ], [ 110.485080710548573, -66.298200512821694 ], [ 110.484846637520235, -66.298199737501321 ], [ 110.484578758247793, -66.29821679276597 ], [ 110.484377756705697, -66.298234069355402 ], [ 110.484288310317169, -66.298247229965355 ], [ 110.484132077570507, -66.298255683216439 ], [ 110.48393144313556, -66.298255017453428 ], [ 110.483831217870701, -66.298250199031258 ], [ 110.483663930573726, -66.298254129366711 ], [ 110.483263582263177, -66.29820794194184 ], [ 110.483118771984039, -66.298202974886706 ], [ 110.482851167886722, -66.298206570845153 ], [ 110.482695487817935, -66.298188109995337 ], [ 110.482618293017126, -66.298147481412627 ], [ 110.482597014246409, -66.29809806736418 ], [ 110.482586236638397, -66.298080088502999 ], [ 110.482553258682032, -66.298057550014278 ], [ 110.482332362057875, -66.297958128260717 ], [ 110.482173887707432, -66.297872371333071 ], [ 110.482011982007336, -66.29781800305868 ], [ 110.481912312582566, -66.297786270745505 ], [ 110.481890204874276, -66.297777225581669 ], [ 110.481856858745999, -66.297772628714966 ], [ 110.481701736043988, -66.297727254216625 ], [ 110.481679720792343, -66.2977137235805 ], [ 110.481669405657343, -66.29767331744344 ], [ 110.48163633671706, -66.297655264202362 ], [ 110.481580975665025, -66.297637136631138 ], [ 110.481447869303693, -66.297605292529724 ], [ 110.481433982908399, -66.297603003343127 ], [ 110.481288056771746, -66.297550930471502 ], [ 110.481131539776143, -66.297471907616128 ], [ 110.480973673520936, -66.297356994090435 ], [ 110.480929644470336, -66.29732993260852 ], [ 110.480854917968799, -66.297305011498892 ], [ 110.480781307393457, -66.297293551331748 ], [ 110.480763287754186, -66.297289005406924 ], [ 110.480629629182971, -66.297284073257259 ], [ 110.480551700260904, -66.297279327182807 ], [ 110.480496155740681, -66.297270170109158 ], [ 110.480473956452315, -66.297265610185804 ], [ 110.480440796356589, -66.297252042132186 ], [ 110.480307971188552, -66.297206740730331 ], [ 110.480130748238054, -66.29715231927355 ], [ 110.480075389376282, -66.297134191166521 ], [ 110.479909127985849, -66.29708877761017 ], [ 110.479542613386045, -66.297024750690966 ], [ 110.479465056355622, -66.297002062307413 ], [ 110.479398552517324, -66.29698389664533 ], [ 110.479365671586478, -66.29695687203899 ], [ 110.479377373776472, -66.29692999671245 ], [ 110.479460176463846, -66.29690111655826 ], [ 110.479646355096619, -66.296859125102301 ], [ 110.480094036552529, -66.296770907659763 ], [ 110.480183387284868, -66.296762234899916 ], [ 110.480339612073422, -66.296753785609539 ], [ 110.480595962869486, -66.296754642172942 ], [ 110.480841075522335, -66.296759946541329 ], [ 110.48117470691858, -66.296796946176187 ], [ 110.481674878877413, -66.296865900615657 ], [ 110.481952784132886, -66.296902712795145 ], [ 110.48208616418421, -66.296921100135904 ], [ 110.482219359971481, -66.296948458248721 ], [ 110.482297195971668, -66.296957688930377 ], [ 110.482441722355148, -66.296976113076752 ], [ 110.482577423405829, -66.29698329334434 ], [ 110.482608909186311, -66.296976669493688 ], [ 110.482620147133744, -66.29697222113829 ], [ 110.482709497716343, -66.29696354692696 ], [ 110.482899068147717, -66.296959691749208 ], [ 110.483044055399716, -66.296955688117578 ], [ 110.483244955595453, -66.296942898687306 ], [ 110.483356321321963, -66.296947754520033 ], [ 110.48342282792656, -66.296965918491154 ], [ 110.483444935475106, -66.296974963437904 ], [ 110.483522496015709, -66.296997649838616 ], [ 110.483543348393567, -66.296999961977349 ], [ 110.483565594000524, -66.297002278740791 ] ], [ [ 110.481302941167044, -66.297335664102093 ], [ 110.481251252563268, -66.297342220289366 ], [ 110.481185354246833, -66.297362186298514 ], [ 110.481184984583933, -66.297380128067374 ], [ 110.481409297138612, -66.29738087636747 ], [ 110.481452764860705, -66.297367564085746 ], [ 110.481444355354938, -66.29733613578675 ], [ 110.481431211915748, -66.297331606201979 ], [ 110.481330898420808, -66.29733127161272 ], [ 110.481302941167044, -66.297335664102093 ] ] ] ] } },
{ "type": "Feature", "properties": { "AREA": 719.59765625, "PERIMETER": 107.753355967, "LKPG1_": 148, "LKPG1_ID": 69, "FEATURE": "LAKE", "DQI": 20, "SAMP_NO": "S87/22", "WSAMP_NO": null, "D18O": 0.0, "W_DATE": null, "CDSAMP_NO": null, "CD_METHOD": null, "CD_DATE": 0, "CD_ERROR": 0, "REMARKS": "Sediment sample from shoreline of small pond, Beall Pond at 32m, Red algal sandy sednt. Evidence of Orange Oxidation stain for a significantly large water volume", "COLL_BY": "Goodwin" }, "geometry": { "type": "MultiPolygon", "coordinates": [ [ [ [ 110.487679690278725, -66.297123546895818 ], [ 110.487554995939874, -66.297123135984549 ], [ 110.487443902516006, -66.297104826817815 ], [ 110.487378123128778, -66.29705078099083 ], [ 110.487480809216962, -66.296934490059385 ], [ 110.4875482315733, -66.296907797798596 ], [ 110.488150285398518, -66.296900809396163 ], [ 110.488250323820381, -66.296914595927291 ], [ 110.48827215960624, -66.296937096531167 ], [ 110.488249321110132, -66.296963935849178 ], [ 110.488115024516276, -66.296990408265813 ], [ 110.487978994762827, -66.297102104062702 ], [ 110.487934228922626, -66.297110928136291 ], [ 110.487822770346938, -66.29711056102856 ], [ 110.487789195917529, -66.29711717905117 ], [ 110.487679690278725, -66.297123546895818 ] ] ] ] } },
{ "type": "Feature", "properties": { "AREA": 221.234375, "PERIMETER": 58.970272692199998, "LKPG1_": 150, "LKPG1_ID": 68, "FEATURE": "LAKE", "DQI": 20, "SAMP_NO": null, "WSAMP_NO": null, "D18O": 0.0, "W_DATE": null, "CDSAMP_NO": null, "CD_METHOD": null, "CD_DATE": 0, "CD_ERROR": 0, "REMARKS": null, "COLL_BY": null }, "geometry": { "type": "MultiPolygon", "coordinates": [ [ [ [ 110.489051720673089, -66.298070068417317 ], [ 110.48898529811504, -66.298047421404746 ], [ 110.488940895093251, -66.298038303976995 ], [ 110.488885618978586, -66.298015693556351 ], [ 110.488920514408491, -66.297944036312344 ], [ 110.488897224568063, -66.297890130800539 ], [ 110.488933026208159, -66.297876791237897 ], [ 110.488981699797662, -66.29788143695751 ], [ 110.489099673140345, -66.297904253363853 ], [ 110.489154767206173, -66.297935834603692 ], [ 110.489165458447744, -66.297958298460316 ], [ 110.489187295953258, -66.297980798933722 ], [ 110.489209224486899, -66.297998813956539 ], [ 110.489187838994653, -66.298057058406457 ], [ 110.489152128232277, -66.29806591258 ], [ 110.489051720673089, -66.298070068417317 ] ] ] ] } },
{ "type": "Feature", "properties": { "AREA": 78.0, "PERIMETER": 34.035704449800001, "LKPG1_": 151, "LKPG1_ID": 66, "FEATURE": "LAKE", "DQI": 20, "SAMP_NO": null, "WSAMP_NO": null, "D18O": 0.0, "W_DATE": null, "CDSAMP_NO": null, "CD_METHOD": null, "CD_DATE": 0, "CD_ERROR": 0, "REMARKS": null, "COLL_BY": null }, "geometry": { "type": "MultiPolygon", "coordinates": [ [ [ [ 110.482267408376103, -66.298406486959522 ], [ 110.482156128659469, -66.298397144901472 ], [ 110.482112096522414, -66.298370083756083 ], [ 110.482123888697458, -66.298338722783981 ], [ 110.482280030400659, -66.298334756993896 ], [ 110.482379794665349, -66.298362003628341 ], [ 110.482390295629358, -66.29839343883063 ], [ 110.482356671959252, -66.298402298398315 ], [ 110.482267408376103, -66.298406486959522 ] ] ] ] } },
{ "type": "Feature", "properties": { "AREA": 3477.75390625, "PERIMETER": 251.039711068, "LKPG1_": 152, "LKPG1_ID": 65, "FEATURE": "LAKE", "DQI": 28, "SAMP_NO": null, "WSAMP_NO": null, "D18O": 0.0, "W_DATE": null, "CDSAMP_NO": null, "CD_METHOD": null, "CD_DATE": 0, "CD_ERROR": 0, "REMARKS": null, "COLL_BY": null }, "geometry": { "type": "MultiPolygon", "coordinates": [ [ [ [ 110.482147056693037, -66.299922269378413 ], [ 110.481979850315355, -66.299921712452502 ], [ 110.481846269837291, -66.299912295899929 ], [ 110.481790626720866, -66.299907624728988 ], [ 110.48129067127617, -66.299825214327228 ], [ 110.481223881410557, -66.299820505769446 ], [ 110.481201772166713, -66.299811460509133 ], [ 110.481112873154572, -66.299797706640263 ], [ 110.481090763970684, -66.299788661364175 ], [ 110.481024159149655, -66.299774981839192 ], [ 110.481002050017594, -66.299765936550514 ], [ 110.480924575708002, -66.299738763456006 ], [ 110.480891597073906, -66.299716224619274 ], [ 110.480907479049847, -66.299689363141511 ], [ 110.480947979345444, -66.299685012586124 ], [ 110.48097027331545, -66.299685087001095 ], [ 110.481170641766639, -66.299699212914646 ], [ 110.481215414574564, -66.299690390795817 ], [ 110.48123807821608, -66.299672523408773 ], [ 110.481238263048766, -66.299663552526965 ], [ 110.481194876657284, -66.299605093038863 ], [ 110.481161990385147, -66.299578068818107 ], [ 110.481151213172879, -66.299560089861131 ], [ 110.481162729820127, -66.299542185290676 ], [ 110.481174154023819, -66.299528766160265 ], [ 110.481207779614834, -66.299519906850804 ], [ 110.481219018946291, -66.299515458599046 ], [ 110.481241405182232, -66.299511047534068 ], [ 110.481308379036832, -66.299506785201842 ], [ 110.481464435734154, -66.299507305677182 ], [ 110.481643155627992, -66.299489958549159 ], [ 110.481676596327674, -66.299490070020767 ], [ 110.481799581491458, -66.29947253692275 ], [ 110.481855500564947, -66.299463751765742 ], [ 110.481990001482885, -66.299428313893614 ], [ 110.482224920866088, -66.299422367678517 ], [ 110.482607224341436, -66.29949989792452 ], [ 110.482986507277317, -66.299554988438373 ], [ 110.483111830306143, -66.299627177044982 ], [ 110.482902749996455, -66.299731896997201 ], [ 110.482485172970158, -66.299844894417461 ], [ 110.482329769756262, -66.299880263136487 ], [ 110.482147056693037, -66.299922269378413 ] ] ] ] } },
{ "type": "Feature", "properties": { "AREA": 2246.625, "PERIMETER": 191.795811305, "LKPG1_": 153, "LKPG1_ID": 63, "FEATURE": "LAKE", "DQI": 20, "SAMP_NO": null, "WSAMP_NO": null, "D18O": 0.0, "W_DATE": null, "CDSAMP_NO": null, "CD_METHOD": null, "CD_DATE": 0, "CD_ERROR": 0, "REMARKS": null, "COLL_BY": null }, "geometry": { "type": "MultiPolygon", "coordinates": [ [ [ [ 110.465710062849382, -66.303311721918419 ], [ 110.465410099423707, -66.303261347781358 ], [ 110.465288227669589, -66.303225042759806 ], [ 110.464935574378316, -66.303030942363364 ], [ 110.464934246733776, -66.302995051753527 ], [ 110.465070975931283, -66.302955150325843 ], [ 110.465138533453285, -66.302923982403556 ], [ 110.465117380305642, -66.302870080587752 ], [ 110.465082750319525, -66.30282734680155 ], [ 110.465118619236307, -66.302811770030672 ], [ 110.46521904959171, -66.30280762966575 ], [ 110.465307664697733, -66.302834848899366 ], [ 110.465496234331383, -66.302880354677058 ], [ 110.465696905035799, -66.302881044250682 ], [ 110.465773991789547, -66.302926166627373 ], [ 110.465840311103392, -66.302953308962245 ], [ 110.465929308028464, -66.302962586130207 ], [ 110.466085100370961, -66.302976578337606 ], [ 110.46632912939414, -66.303035730753919 ], [ 110.466362194395387, -66.303053787234873 ], [ 110.466394308683903, -66.303116697991328 ], [ 110.466247000905355, -66.303228336343423 ], [ 110.466174977884705, -66.303272946679812 ], [ 110.466056048886671, -66.303294967173528 ], [ 110.465710062849382, -66.303311721918419 ] ] ] ] } },
{ "type": "Feature", "properties": { "AREA": 162.0390625, "PERIMETER": 51.586511156999997, "LKPG1_": 154, "LKPG1_ID": 64, "FEATURE": "LAKE", "DQI": 20, "SAMP_NO": null, "WSAMP_NO": null, "D18O": 0.0, "W_DATE": null, "CDSAMP_NO": null, "CD_METHOD": null, "CD_DATE": 0, "CD_ERROR": 0, "REMARKS": null, "COLL_BY": null }, "geometry": { "type": "MultiPolygon", "coordinates": [ [ [ [ 110.464864107022706, -66.303246012707831 ], [ 110.46456452768922, -66.30317769523289 ], [ 110.464576630194543, -66.303132879347316 ], [ 110.46459969032729, -66.303097072695977 ], [ 110.46467095256817, -66.303088346505689 ], [ 110.464766631230248, -66.303111104604767 ], [ 110.464790923153146, -66.303115673962566 ], [ 110.464898792083531, -66.303187817238864 ], [ 110.464908796496118, -66.303241680723389 ], [ 110.464864107022706, -66.303246012707831 ] ] ] ] } },
{ "type": "Feature", "properties": { "AREA": 1157.8046875, "PERIMETER": 157.37238648300001, "LKPG1_": 155, "LKPG1_ID": 211, "FEATURE": "LAKE", "DQI": 20, "SAMP_NO": "S87/42", "WSAMP_NO": "W87/3", "D18O": -14.02, "W_DATE": "15/12/87", "CDSAMP_NO": null, "CD_METHOD": null, "CD_DATE": 0, "CD_ERROR": 0, "REMARKS": "Meltlake D, Lake in bedrock depression ~15m elev surrounded by a gravelly/pebbly beach 2m above present lake level. S87/42 (5cm deep surface algal sednt", "COLL_BY": "Goodwin" }, "geometry": { "type": "MultiPolygon", "coordinates": [ [ [ [ 110.512137472171005, -66.306685050904974 ], [ 110.512282076311379, -66.306703447336915 ], [ 110.51239253503509, -66.306757622435811 ], [ 110.512394278111017, -66.306775570822921 ], [ 110.512436136508683, -66.306809345023495 ], [ 110.512511706269308, -66.306829767684334 ], [ 110.512658575877225, -66.306839199402674 ], [ 110.512680442069026, -66.306861696566969 ], [ 110.512646730864816, -66.3068750481319 ], [ 110.5126019562545, -66.306883879290439 ], [ 110.512534620538545, -66.306906096920486 ], [ 110.512233042608543, -66.306932065836506 ], [ 110.512021622717569, -66.306908974018825 ], [ 110.511854717130575, -66.306890507356854 ], [ 110.511687463702302, -66.30688998234659 ], [ 110.511609325069358, -66.306894222737867 ], [ 110.511464372081633, -66.306893767510658 ], [ 110.511364368334014, -66.306875510444385 ], [ 110.511165058191708, -66.306803112460202 ], [ 110.511143280524152, -66.306776129626186 ], [ 110.511612632401892, -66.306723775346512 ], [ 110.512137472171005, -66.306685050904974 ] ] ] ] } },
{ "type": "Feature", "properties": { "AREA": 399.31640625, "PERIMETER": 75.958641569600005, "LKPG1_": 156, "LKPG1_ID": 2288, "FEATURE": "LAKE", "DQI": 28, "SAMP_NO": null, "WSAMP_NO": null, "D18O": 0.0, "W_DATE": null, "CDSAMP_NO": null, "CD_METHOD": null, "CD_DATE": 0, "CD_ERROR": 0, "REMARKS": null, "COLL_BY": null }, "geometry": { "type": "MultiPolygon", "coordinates": [ [ [ [ 110.486430196086246, -66.30875544703639 ], [ 110.486537982134152, -66.308733374173997 ], [ 110.486673188038139, -66.308733820437538 ], [ 110.486842554902665, -66.308768022347508 ], [ 110.486932893730526, -66.30881542064067 ], [ 110.486977931716027, -66.308862669474919 ], [ 110.486954852374396, -66.308900722152643 ], [ 110.486858491425949, -66.308909375772288 ], [ 110.4867687230456, -66.308902350990692 ], [ 110.48670595249439, -66.308904386733786 ], [ 110.486660982220371, -66.308922181292488 ], [ 110.486514201825997, -66.308908239587751 ], [ 110.48641847099266, -66.308851851764558 ], [ 110.486430196086246, -66.30875544703639 ] ] ] ] } },
{ "type": "Feature", "properties": { "AREA": 1166.08984375, "PERIMETER": 150.96894006799999, "LKPG1_": 157, "LKPG1_ID": 2287, "FEATURE": "LAKE", "DQI": 28, "SAMP_NO": null, "WSAMP_NO": null, "D18O": 0.0, "W_DATE": null, "CDSAMP_NO": null, "CD_METHOD": null, "CD_DATE": 0, "CD_ERROR": 0, "REMARKS": null, "COLL_BY": null }, "geometry": { "type": "MultiPolygon", "coordinates": [ [ [ [ 110.478358349429698, -66.309767036365159 ], [ 110.478353610134192, -66.309760291854502 ], [ 110.478256036910466, -66.309625392259292 ], [ 110.478201210008777, -66.309580350899225 ], [ 110.478177141921336, -66.309564570051933 ], [ 110.478179372307821, -66.309557848916768 ], [ 110.478203765892104, -66.309557930748198 ], [ 110.478228809938116, -66.309560257630196 ], [ 110.478408439597018, -66.309569831564119 ], [ 110.47860619035842, -66.309579466032503 ], [ 110.478746883416861, -66.309584423311293 ], [ 110.478888041665527, -66.309634239467329 ], [ 110.479011962108729, -66.309675026270085 ], [ 110.479164272819062, -66.309724879525007 ], [ 110.479305618292244, -66.309765724435081 ], [ 110.479412348931533, -66.309828882093029 ], [ 110.47945714264857, -66.309887346674699 ], [ 110.479276581324839, -66.309888985201269 ], [ 110.4791072643212, -66.309886175428275 ], [ 110.478926470381509, -66.309865384047256 ], [ 110.478700234480812, -66.309851168787802 ], [ 110.478508336130233, -66.309828096831836 ], [ 110.478418520601068, -66.309789666863381 ], [ 110.478358349429698, -66.309767036365159 ] ] ] ] } },
{ "type": "Feature", "properties": { "AREA": 6190.7421875, "PERIMETER": 395.97171339800002, "LKPG1_": 158, "LKPG1_ID": 86, "FEATURE": "LAKE", "DQI": 28, "SAMP_NO": "S87/38", "WSAMP_NO": "W87/2", "D18O": -15.55, "W_DATE": "15/12/87", "CDSAMP_NO": "CDANU6400", "CD_METHOD": "C14", "CD_DATE": 2410, "CD_ERROR": 70, "REMARKS": "S87/38 (Shallow organic sediment 14cm depth, eastern shoreline Melt Lake B 0-4cm brown sandy gravel. Includes S87/39 (Black organic mud layer 10cm deep), S87/40 (Surface algal mat). Water samples W87/2 and W87/9 (d180 = -14.70/mil, 8/1/88)", "COLL_BY": "Goodwin" }, "geometry": { "type": "MultiPolygon", "coordinates": [ [ [ [ 110.507045484062445, -66.312177473941148 ], [ 110.506925386484653, -66.312116535967888 ], [ 110.506841051654519, -66.312080382793951 ], [ 110.506671371445591, -66.31205965899899 ], [ 110.506559714405896, -66.312066033459388 ], [ 110.506463479993542, -66.312067971040221 ], [ 110.506332305960939, -66.312074283416635 ], [ 110.506211455320667, -66.312087357047275 ], [ 110.506115785778917, -66.312096024801946 ], [ 110.5060347978918, -66.312102496252933 ], [ 110.50598186741199, -66.312100085305346 ], [ 110.505744531591233, -66.312081388494462 ], [ 110.505530074058655, -66.312033606793818 ], [ 110.505292959659812, -66.312003695668068 ], [ 110.505112305204719, -66.311973963805841 ], [ 110.504846525435397, -66.311948446531787 ], [ 110.504558485470483, -66.311920615042354 ], [ 110.504525267982729, -66.311837523217179 ], [ 110.504508779270836, -66.311754484668953 ], [ 110.504576841521938, -66.311696386939161 ], [ 110.504802464993531, -66.311672433813541 ], [ 110.505028608600483, -66.311657453479015 ], [ 110.505283550225059, -66.311631350075984 ], [ 110.505537926509007, -66.311598515862954 ], [ 110.505701329495295, -66.311619220959741 ], [ 110.505831444290735, -66.311666734525389 ], [ 110.506085240662159, -66.311698940670908 ], [ 110.506396075288009, -66.311666284305346 ], [ 110.506560139089615, -66.311653347615376 ], [ 110.50672406444572, -66.311683024752369 ], [ 110.506899098598581, -66.311714979794189 ], [ 110.507051213373884, -66.311778262122345 ], [ 110.507124740696511, -66.31183232386401 ], [ 110.507191912968906, -66.311854965327129 ], [ 110.50731097273389, -66.311862071051564 ], [ 110.507338853794209, -66.31186215935341 ], [ 110.507414088756093, -66.311864640469409 ], [ 110.507497556369231, -66.31187387620848 ], [ 110.507497205212303, -66.311891818016306 ], [ 110.507508006500359, -66.311909795132138 ], [ 110.507641045975745, -66.311950587834332 ], [ 110.507685041538934, -66.311982127184606 ], [ 110.507695579736563, -66.312013560643337 ], [ 110.507650530956951, -66.312035846720008 ], [ 110.507639202926114, -66.312044782326083 ], [ 110.507627787120526, -66.312058203383273 ], [ 110.507627436053383, -66.312076145191028 ], [ 110.507649302277585, -66.312098643047349 ], [ 110.50771542769364, -66.312139223885964 ], [ 110.507759862397222, -66.312148335954788 ], [ 110.507815186487662, -66.312170939653058 ], [ 110.50782346317672, -66.31217545156909 ], [ 110.507847591436928, -66.312224870930606 ], [ 110.507858305391053, -66.312247333473564 ], [ 110.5078243212091, -66.312274140333898 ], [ 110.507701291509903, -66.312291693957448 ], [ 110.507658157828914, -66.312322957556475 ], [ 110.507510819171983, -66.312335948363241 ], [ 110.50743222391533, -66.312362613900746 ], [ 110.50727678951732, -66.312326235825523 ], [ 110.507143221525553, -66.312312355521783 ], [ 110.507077535907712, -66.312249347183865 ], [ 110.507045484062445, -66.312177473941148 ] ] ] ] } },
{ "type": "Feature", "properties": { "AREA": 3517.046875, "PERIMETER": 223.465607355, "LKPG1_": 159, "LKPG1_ID": 83, "FEATURE": "LAKE", "DQI": 20, "SAMP_NO": "S87/23", "WSAMP_NO": "W87/1", "D18O": -13.43, "W_DATE": "15/12/87", "CDSAMP_NO": null, "CD_METHOD": null, "CD_DATE": 0, "CD_ERROR": 0, "REMARKS": "S87/23 (Shoreline of Meltlake A, Shallow 10cm deep, reddish sand over dark grey silt elev ~27-30m). Includes S87/36 (Organic black mud, 25cm deep below 5 - 10cm thick layer of red sandy algal gravel)", "COLL_BY": "Goodwin" }, "geometry": { "type": "MultiPolygon", "coordinates": [ [ [ [ 110.499186473619545, -66.314776525026744 ], [ 110.49930952138925, -66.314758978154174 ], [ 110.499666885620073, -66.31473769919657 ], [ 110.499968213435423, -66.31472969651881 ], [ 110.500057264643559, -66.314738954175056 ], [ 110.500066457561431, -66.314837669812235 ], [ 110.500132667030954, -66.314873768411147 ], [ 110.500108045412247, -66.314884903628453 ], [ 110.500091432601025, -66.31491400750285 ], [ 110.500120176531311, -66.314941014251531 ], [ 110.500141682065077, -66.314981454932706 ], [ 110.500117235647579, -66.315089033940922 ], [ 110.500003379622839, -66.315205297087076 ], [ 110.499890681619135, -66.315263249364904 ], [ 110.49976736424108, -66.315294253028895 ], [ 110.49963289261315, -66.315325220722087 ], [ 110.499531614862263, -66.315369752277064 ], [ 110.499453090913647, -66.315391928317069 ], [ 110.499352526624378, -66.315400576199238 ], [ 110.499062523179589, -66.31539964270479 ], [ 110.498940365397829, -66.315372334937422 ], [ 110.498867855178304, -66.315302572548092 ], [ 110.498824937080158, -66.315217205391875 ], [ 110.498811164125257, -66.315138660713473 ], [ 110.498835794868384, -66.315022111026209 ], [ 110.498916015512506, -66.314914711853817 ], [ 110.499062979153706, -66.314816499024502 ], [ 110.499186473619545, -66.314776525026744 ] ] ] ] } },
{ "type": "Feature", "properties": { "AREA": 217.359375, "PERIMETER": 86.555753416599998, "LKPG1_": 160, "LKPG1_ID": 82, "FEATURE": "LAKE", "DQI": 20, "SAMP_NO": null, "WSAMP_NO": null, "D18O": 0.0, "W_DATE": null, "CDSAMP_NO": null, "CD_METHOD": null, "CD_DATE": 0, "CD_ERROR": 0, "REMARKS": null, "COLL_BY": null }, "geometry": { "type": "MultiPolygon", "coordinates": [ [ [ [ 110.460309852434122, -66.317014995090489 ], [ 110.460245208642419, -66.317005799344145 ], [ 110.460276965933744, -66.316987966514631 ], [ 110.460523136930078, -66.31695293428605 ], [ 110.460746325057315, -66.316949222258671 ], [ 110.460946723378683, -66.316967859699588 ], [ 110.46115818054048, -66.316991020931198 ], [ 110.46116904694621, -66.317004515811718 ], [ 110.461113081672082, -66.317013293478595 ], [ 110.460309852434122, -66.317014995090489 ] ] ] ] } },
{ "type": "Feature", "properties": { "AREA": 2339.921875, "PERIMETER": 175.235972312, "LKPG1_": 161, "LKPG1_ID": 2286, "FEATURE": "LAKE", "DQI": 28, "SAMP_NO": "S87/37", "WSAMP_NO": null, "D18O": 0.0, "W_DATE": null, "CDSAMP_NO": null, "CD_METHOD": null, "CD_DATE": 0, "CD_ERROR": 0, "REMARKS": "Meltlake C closed lake basin, perennial ice cover at ~ 40m elevation. Fine sediment sample from a sorted bench, 1m above present lake level, shoreline. Surface 2-3cm salt crust with algae. Sednt 24cm deep to permafrost", "COLL_BY": "Goodwin" }, "geometry": { "type": "MultiPolygon", "coordinates": [ [ [ [ 110.495723794214513, -66.317207821343516 ], [ 110.495961484021777, -66.317141305558977 ], [ 110.496148078007991, -66.317119481274915 ], [ 110.496374006310504, -66.317117969889892 ], [ 110.496554687312766, -66.317147711896425 ], [ 110.496713217986766, -66.317204296433374 ], [ 110.496791598524553, -66.317294264589947 ], [ 110.496723168362749, -66.317403943682081 ], [ 110.496609914421583, -66.31748880620421 ], [ 110.496451387672636, -66.317571279264882 ], [ 110.496258449679331, -66.317631212100096 ], [ 110.496077564251152, -66.317646326415939 ], [ 110.495784228043206, -66.317566875774247 ], [ 110.495642924137158, -66.317485674610481 ], [ 110.495541765082379, -66.317384417685432 ], [ 110.495723794214513, -66.317207821343516 ] ] ] ] } },
{ "type": "Feature", "properties": { "AREA": 186.09375, "PERIMETER": 52.948066212500002, "LKPG1_": 162, "LKPG1_ID": 81, "FEATURE": "LAKE", "DQI": 20, "SAMP_NO": null, "WSAMP_NO": null, "D18O": 0.0, "W_DATE": null, "CDSAMP_NO": null, "CD_METHOD": null, "CD_DATE": 0, "CD_ERROR": 0, "REMARKS": null, "COLL_BY": null }, "geometry": { "type": "MultiPolygon", "coordinates": [ [ [ [ 110.465755650191042, -66.319550293467884 ], [ 110.465677750428057, -66.319541054490642 ], [ 110.465633794406159, -66.319509503322735 ], [ 110.465610439409673, -66.319460079914251 ], [ 110.465646284116261, -66.319446745779672 ], [ 110.46595864411951, -66.319447818170204 ], [ 110.46599545459398, -66.319454673124014 ], [ 110.466014232259411, -66.31945698043944 ], [ 110.466058569506842, -66.319470589826437 ], [ 110.46602415017199, -66.319515329163337 ], [ 110.46593433282041, -66.3195419353776 ], [ 110.465755650191042, -66.319550293467884 ] ] ] ] } },
{ "type": "Feature", "properties": { "AREA": 5384.5703125, "PERIMETER": 293.17232621300002, "LKPG1_": 163, "LKPG1_ID": 80, "FEATURE": "LAKE", "DQI": 20, "SAMP_NO": null, "WSAMP_NO": null, "D18O": 0.0, "W_DATE": null, "CDSAMP_NO": null, "CD_METHOD": null, "CD_DATE": 0, "CD_ERROR": 0, "REMARKS": null, "COLL_BY": null }, "geometry": { "type": "MultiPolygon", "coordinates": [ [ [ [ 110.470432290630853, -66.31998345440492 ], [ 110.470487881589506, -66.31999261507714 ], [ 110.470509438170978, -66.320028574374575 ], [ 110.470553306807361, -66.32006460958894 ], [ 110.470719891712591, -66.320101062259539 ], [ 110.470897821830633, -66.32012858184369 ], [ 110.471198657354705, -66.320147547472374 ], [ 110.47138774437461, -66.320175104409302 ], [ 110.471520674554469, -66.32022041336522 ], [ 110.47158638600331, -66.320278951176917 ], [ 110.471596788289858, -66.320314872437876 ], [ 110.471562000709412, -66.320377554688363 ], [ 110.471404023836058, -66.320462247206294 ], [ 110.47121523482312, -66.320519920408401 ], [ 110.471022921667156, -66.320546181208158 ], [ 110.470955040985416, -66.320590807853549 ], [ 110.470797910059503, -66.32063513095963 ], [ 110.470495747078289, -66.320678960448049 ], [ 110.470160397634189, -66.320709219127323 ], [ 110.470115772506674, -66.320709067170583 ], [ 110.470048740312677, -66.320713324632138 ], [ 110.46974780434229, -66.32069884219824 ], [ 110.469647303278947, -66.320702985431751 ], [ 110.469524773414804, -66.320693596274708 ], [ 110.469402432880486, -66.320675236180819 ], [ 110.469325001451992, -66.320643571926624 ], [ 110.469259010388328, -66.320598489426061 ], [ 110.469249179199878, -66.320535655491184 ], [ 110.469339848269584, -66.320468678584518 ], [ 110.469496886116744, -66.320428842371285 ], [ 110.469586892048667, -66.320393263262289 ], [ 110.4697002501848, -66.32030842051671 ], [ 110.469756881688838, -66.320268241822802 ], [ 110.469814742075968, -66.320169752637682 ], [ 110.469860878803075, -66.320098137946388 ], [ 110.469973573082811, -66.32004469294354 ], [ 110.47014185773287, -66.320000408654138 ], [ 110.470432290630853, -66.31998345440492 ] ] ] ] } },
{ "type": "Feature", "properties": { "AREA": 175.21875, "PERIMETER": 53.498862434700001, "LKPG1_": 164, "LKPG1_ID": 79, "FEATURE": "LAKE", "DQI": 20, "SAMP_NO": null, "WSAMP_NO": null, "D18O": 0.0, "W_DATE": null, "CDSAMP_NO": null, "CD_METHOD": null, "CD_DATE": 0, "CD_ERROR": 0, "REMARKS": null, "COLL_BY": null }, "geometry": { "type": "MultiPolygon", "coordinates": [ [ [ [ 110.439527884393883, -66.323181209058689 ], [ 110.439278539338389, -66.323166853541238 ], [ 110.439178523587458, -66.32314855010253 ], [ 110.439156359010695, -66.323141741587506 ], [ 110.439135094696667, -66.32309456450335 ], [ 110.43915780935626, -66.323076703342011 ], [ 110.439247367577224, -66.323063568815471 ], [ 110.439380854872766, -66.323081992798592 ], [ 110.43958058644202, -66.323132055541564 ], [ 110.439602301374777, -66.323159048280772 ], [ 110.439527884393883, -66.323181209058689 ] ] ] ] } },
{ "type": "Feature", "properties": { "AREA": 69.3125, "PERIMETER": 33.501389374299997, "LKPG1_": 165, "LKPG1_ID": 76, "FEATURE": "LAKE", "DQI": 20, "SAMP_NO": null, "WSAMP_NO": null, "D18O": 0.0, "W_DATE": null, "CDSAMP_NO": null, "CD_METHOD": null, "CD_DATE": 0, "CD_ERROR": 0, "REMARKS": null, "COLL_BY": null }, "geometry": { "type": "MultiPolygon", "coordinates": [ [ [ [ 110.461577324117229, -66.324510583430339 ], [ 110.461554239924709, -66.324546389518574 ], [ 110.461509415962936, -66.324555205913697 ], [ 110.461454202425429, -66.32452810038609 ], [ 110.461367847450859, -66.32448967269562 ], [ 110.461355317928124, -66.324455986243962 ], [ 110.461411299690965, -66.324447208509369 ], [ 110.461522494769937, -66.3244655362777 ], [ 110.461577324117229, -66.324510583430339 ] ] ] ] } },
{ "type": "Feature", "properties": { "AREA": 838.5, "PERIMETER": 129.64712950200001, "LKPG1_": 166, "LKPG1_ID": 71, "FEATURE": "LAKE", "DQI": 20, "SAMP_NO": null, "WSAMP_NO": null, "D18O": 0.0, "W_DATE": null, "CDSAMP_NO": null, "CD_METHOD": null, "CD_DATE": 0, "CD_ERROR": 0, "REMARKS": null, "COLL_BY": null }, "geometry": { "type": "MultiPolygon", "coordinates": [ [ [ [ 110.393561186908315, -66.326027794610468 ], [ 110.393304974433974, -66.326008852903485 ], [ 110.39315583794972, -66.326003785669826 ], [ 110.393126438686949, -66.326008156810929 ], [ 110.393070646268214, -66.32600793924 ], [ 110.392869685276011, -66.326011641176706 ], [ 110.392646623920513, -66.326006285047384 ], [ 110.392602531698728, -66.325983684067666 ], [ 110.392592023284593, -66.325956728373086 ], [ 110.392682157579301, -66.325921193891389 ], [ 110.392939992896743, -66.325872856256893 ], [ 110.393051901914276, -66.325859835398433 ], [ 110.39332024501789, -66.325838452797143 ], [ 110.393442879328418, -66.325843416587517 ], [ 110.393542764169354, -66.325866234751402 ], [ 110.393776550379584, -66.325889574495278 ], [ 110.3938319100576, -66.325907733246851 ], [ 110.393853686351392, -66.325930246960809 ], [ 110.39383018010929, -66.325979498982022 ], [ 110.393717946532746, -66.326005976474804 ], [ 110.393561186908315, -66.326027794610468 ] ] ] ] } },
{ "type": "Feature", "properties": { "AREA": 27.125, "PERIMETER": 22.702083577500002, "LKPG1_": 167, "LKPG1_ID": 70, "FEATURE": "LAKE", "DQI": 20, "SAMP_NO": null, "WSAMP_NO": null, "D18O": 0.0, "W_DATE": null, "CDSAMP_NO": null, "CD_METHOD": null, "CD_DATE": 0, "CD_ERROR": 0, "REMARKS": null, "COLL_BY": null }, "geometry": { "type": "MultiPolygon", "coordinates": [ [ [ [ 110.392496145643847, -66.326229986736323 ], [ 110.392295291193037, -66.326229202572662 ], [ 110.392295616384317, -66.326215746501617 ], [ 110.392396585449347, -66.326193711830072 ], [ 110.392474478673094, -66.326202987476819 ], [ 110.392496579088842, -66.326212045307585 ], [ 110.392496145643847, -66.326229986736323 ] ] ] ] } },
{ "type": "Feature", "properties": { "AREA": 265.75, "PERIMETER": 66.391262509300006, "LKPG1_": 168, "LKPG1_ID": 72, "FEATURE": "LAKE", "DQI": 20, "SAMP_NO": null, "WSAMP_NO": null, "D18O": 0.0, "W_DATE": null, "CDSAMP_NO": null, "CD_METHOD": null, "CD_DATE": 0, "CD_ERROR": 0, "REMARKS": null, "COLL_BY": null }, "geometry": { "type": "MultiPolygon", "coordinates": [ [ [ [ 110.44219489923627, -66.327008168454896 ], [ 110.442127945088458, -66.327007928473819 ], [ 110.44210622413712, -66.326980936096305 ], [ 110.442151656251696, -66.32694521292278 ], [ 110.442230067711421, -66.326932036696789 ], [ 110.442263843148098, -66.326918700479695 ], [ 110.442320831805176, -66.326865075659569 ], [ 110.442399342389805, -66.326847413951427 ], [ 110.442533349277568, -66.326843408254035 ], [ 110.442600004709618, -66.326857104250507 ], [ 110.44262162666115, -66.32688858195651 ], [ 110.442598215008502, -66.326937841390517 ], [ 110.442575499290982, -66.326955703044391 ], [ 110.44247437212023, -66.326986741083431 ], [ 110.442284370404522, -66.326999517592128 ], [ 110.44219489923627, -66.327008168454896 ] ] ] ] } },
{ "type": "Feature", "properties": { "AREA": 138.4296875, "PERIMETER": 44.929509466200003, "LKPG1_": 169, "LKPG1_ID": 74, "FEATURE": "LAKE", "DQI": 20, "SAMP_NO": null, "WSAMP_NO": null, "D18O": 0.0, "W_DATE": null, "CDSAMP_NO": null, "CD_METHOD": null, "CD_DATE": 0, "CD_ERROR": 0, "REMARKS": null, "COLL_BY": null }, "geometry": { "type": "MultiPolygon", "coordinates": [ [ [ [ 110.416299045728465, -66.331542511694835 ], [ 110.416132255957123, -66.331514971576794 ], [ 110.416132985157205, -66.331483573963311 ], [ 110.416335132076867, -66.331430502910806 ], [ 110.416446741453143, -66.331430921369915 ], [ 110.41646812632753, -66.331471373414985 ], [ 110.416467397546413, -66.331502771030358 ], [ 110.416448896567957, -66.331518401846168 ], [ 110.416384252382869, -66.33153834542361 ], [ 110.416299045728465, -66.331542511694835 ] ] ] ] } },
{ "type": "Feature", "properties": { "AREA": 61.40625, "PERIMETER": 30.082792020799999, "LKPG1_": 170, "LKPG1_ID": 75, "FEATURE": "LAKE", "DQI": 20, "SAMP_NO": null, "WSAMP_NO": null, "D18O": 0.0, "W_DATE": null, "CDSAMP_NO": null, "CD_METHOD": null, "CD_DATE": 0, "CD_ERROR": 0, "REMARKS": null, "COLL_BY": null }, "geometry": { "type": "MultiPolygon", "coordinates": [ [ [ [ 110.41709178791514, -66.331532025085508 ], [ 110.416913212176453, -66.331531356252015 ], [ 110.416880041341344, -66.331517774701126 ], [ 110.416869608644348, -66.331486335272288 ], [ 110.416903403635899, -66.331473004581568 ], [ 110.417024081490382, -66.331473456596555 ], [ 110.4171038848839, -66.331491698513716 ], [ 110.417114525868882, -66.331514167178796 ], [ 110.41709178791514, -66.331532025085508 ] ] ] ] } },
{ "type": "Feature", "properties": { "AREA": 1266.83984375, "PERIMETER": 165.752327202, "LKPG1_": 171, "LKPG1_ID": 2289, "FEATURE": "LAKE", "DQI": 28, "SAMP_NO": null, "WSAMP_NO": null, "D18O": 0.0, "W_DATE": null, "CDSAMP_NO": null, "CD_METHOD": null, "CD_DATE": 0, "CD_ERROR": 0, "REMARKS": null, "COLL_BY": null }, "geometry": { "type": "MultiPolygon", "coordinates": [ [ [ [ 110.603289922653332, -66.333358214423029 ], [ 110.603482559497166, -66.333264505982029 ], [ 110.603646315906275, -66.333320993986845 ], [ 110.603719776735147, -66.333484908252245 ], [ 110.603799295860583, -66.333707151706719 ], [ 110.603951910803801, -66.333851081735403 ], [ 110.603793394591349, -66.333904506502677 ], [ 110.603668904786232, -66.333879518383782 ], [ 110.60348252146045, -66.333753444777244 ], [ 110.603307160658915, -66.333636370386259 ], [ 110.603165985654599, -66.33351938294237 ], [ 110.603171137825967, -66.333413982642014 ], [ 110.603289922653332, -66.333358214423029 ] ] ] ] } },
{ "type": "Feature", "properties": { "AREA": 1629.5625, "PERIMETER": 243.16671776800001, "LKPG1_": 172, "LKPG1_ID": 73, "FEATURE": "LAKE", "DQI": 20, "SAMP_NO": null, "WSAMP_NO": null, "D18O": 0.0, "W_DATE": null, "CDSAMP_NO": null, "CD_METHOD": null, "CD_DATE": 0, "CD_ERROR": 0, "REMARKS": null, "COLL_BY": null }, "geometry": { "type": "MultiPolygon", "coordinates": [ [ [ [ 110.416764776783353, -66.33320847560681 ], [ 110.416818596655588, -66.333204191481769 ], [ 110.417008450024468, -66.333200416861757 ], [ 110.417202177016605, -66.333210113800448 ], [ 110.417286765333344, -66.333232859279377 ], [ 110.417297303239621, -66.333259813300813 ], [ 110.417218547061807, -66.33328643304985 ], [ 110.416715539227113, -66.333315949427003 ], [ 110.416670059450084, -66.333351665109404 ], [ 110.416713561767992, -66.333401171508996 ], [ 110.416944318589415, -66.333559037673638 ], [ 110.417187592184263, -66.333658635437118 ], [ 110.417220246065042, -66.333694643785634 ], [ 110.417141592443826, -66.333716778120262 ], [ 110.416985325090636, -66.333716192942546 ], [ 110.416819456689694, -66.333648285202855 ], [ 110.416642427292345, -66.33358033545835 ], [ 110.416465919461672, -66.333489958650333 ], [ 110.416343555666316, -66.333471556859436 ], [ 110.416142955025791, -66.333457347314024 ], [ 110.416010263420858, -66.333403020418885 ], [ 110.415921385796082, -66.333384743914323 ], [ 110.415832195597872, -66.33337992347515 ], [ 110.415754375730117, -66.333366174133559 ], [ 110.415712446918207, -66.333339102182251 ], [ 110.415745090430462, -66.333285395545346 ], [ 110.415801211948022, -66.333272148883182 ], [ 110.415946627393623, -66.333259237253074 ], [ 110.416304115816956, -66.333247120832908 ], [ 110.416650858510252, -66.333217020272969 ], [ 110.416708864068568, -66.333212751871287 ], [ 110.416764776783353, -66.33320847560681 ] ] ] ] } },
{ "type": "Feature", "properties": { "AREA": 907.75, "PERIMETER": 132.501337705, "LKPG1_": 174, "LKPG1_ID": 41, "FEATURE": "LAKE", "DQI": 20, "SAMP_NO": null, "WSAMP_NO": null, "D18O": 0.0, "W_DATE": null, "CDSAMP_NO": null, "CD_METHOD": null, "CD_DATE": 0, "CD_ERROR": 0, "REMARKS": null, "COLL_BY": null }, "geometry": { "type": "MultiPolygon", "coordinates": [ [ [ [ 110.447265095866172, -66.369483768492756 ], [ 110.446963292078195, -66.369482697823983 ], [ 110.446840829341582, -66.369459834582273 ], [ 110.446718070150737, -66.369450427369657 ], [ 110.446539718334662, -66.369427365467558 ], [ 110.446317249105661, -66.369377232272782 ], [ 110.446306665031088, -66.369350280312005 ], [ 110.44640795838157, -66.369319240065693 ], [ 110.446609950864911, -66.369284071625259 ], [ 110.446822527358094, -66.369275854849647 ], [ 110.447072235891582, -66.369294683884561 ], [ 110.44735787768046, -66.369331582846073 ], [ 110.447513873848862, -66.369354564562457 ], [ 110.447602704337825, -66.369381793797089 ], [ 110.447613092352952, -66.36941771642222 ], [ 110.447552468107318, -66.369442173027096 ], [ 110.447500918446394, -66.369435261698868 ], [ 110.447411198962186, -66.369448400786823 ], [ 110.447265095866172, -66.369483768492756 ] ] ] ] } },
{ "type": "Feature", "properties": { "AREA": 628.73046875, "PERIMETER": 117.630406209, "LKPG1_": 175, "LKPG1_ID": 253, "FEATURE": "LAKE", "DQI": 20, "SAMP_NO": null, "WSAMP_NO": null, "D18O": 0.0, "W_DATE": null, "CDSAMP_NO": null, "CD_METHOD": null, "CD_DATE": 0, "CD_ERROR": 0, "REMARKS": null, "COLL_BY": null }, "geometry": { "type": "MultiPolygon", "coordinates": [ [ [ [ 110.536228038708572, -66.371765533668352 ], [ 110.536172143263784, -66.371765367340089 ], [ 110.536162207900034, -66.37169805253339 ], [ 110.536221419359691, -66.371518801424401 ], [ 110.536289736603536, -66.371451719452352 ], [ 110.536458995200761, -66.371366994959899 ], [ 110.536593970508008, -66.37132253950189 ], [ 110.536683401647139, -66.371322805374547 ], [ 110.536702260766617, -66.371360989737425 ], [ 110.536696588493925, -66.371365458559012 ], [ 110.536694368220509, -66.371372180483078 ], [ 110.536658144998171, -66.371479729185779 ], [ 110.536521760510752, -66.371600437114054 ], [ 110.536329230707381, -66.37173443495665 ], [ 110.536228038708572, -66.371765533668352 ] ] ] ] } },
{ "type": "Feature", "properties": { "AREA": 166.875, "PERIMETER": 50.2059204687, "LKPG1_": 176, "LKPG1_ID": 252, "FEATURE": "LAKE", "DQI": 20, "SAMP_NO": null, "WSAMP_NO": null, "D18O": 0.0, "W_DATE": null, "CDSAMP_NO": null, "CD_METHOD": null, "CD_DATE": 0, "CD_ERROR": 0, "REMARKS": null, "COLL_BY": null }, "geometry": { "type": "MultiPolygon", "coordinates": [ [ [ [ 110.533131599207124, -66.371747318010236 ], [ 110.532975593053521, -66.371719936528194 ], [ 110.532908936154584, -66.371697308363039 ], [ 110.532853625431301, -66.37166574280775 ], [ 110.532865556005746, -66.371625407408231 ], [ 110.532910606073969, -66.371607599685319 ], [ 110.533033575223541, -66.371607968153768 ], [ 110.53313360215833, -66.37163966759411 ], [ 110.533211020934715, -66.371684756314096 ], [ 110.533210520280633, -66.371711668918408 ], [ 110.533165303336645, -66.371738447595817 ], [ 110.533120587048444, -66.371738313656166 ], [ 110.533131599207124, -66.371747318010236 ] ] ] ] } },
{ "type": "Feature", "properties": { "AREA": 2466.75, "PERIMETER": 200.40788093, "LKPG1_": 177, "LKPG1_ID": 249, "FEATURE": "LAKE", "DQI": 20, "SAMP_NO": null, "WSAMP_NO": null, "D18O": 0.0, "W_DATE": null, "CDSAMP_NO": null, "CD_METHOD": null, "CD_DATE": 0, "CD_ERROR": 0, "REMARKS": null, "COLL_BY": null }, "geometry": { "type": "MultiPolygon", "coordinates": [ [ [ [ 110.525098467548929, -66.372660557217785 ], [ 110.524942124820654, -66.372651109413241 ], [ 110.524842189168865, -66.372614919295827 ], [ 110.524765292315806, -66.372542913863114 ], [ 110.524701019720368, -66.372394690204644 ], [ 110.52470399352076, -66.372237700217042 ], [ 110.524749390301039, -66.372201953145421 ], [ 110.524883966148934, -66.3721799349901 ], [ 110.525207400698662, -66.3722212917544 ], [ 110.525363825697411, -66.372226253863204 ], [ 110.525475872949784, -66.372213137966526 ], [ 110.52561095703939, -66.372164206610307 ], [ 110.525790927055624, -66.372106440334036 ], [ 110.525891540075193, -66.372106746412356 ], [ 110.525913559530736, -66.372124756137424 ], [ 110.525908983065051, -66.372366969305659 ], [ 110.525862061977449, -66.372483454435155 ], [ 110.525749165924665, -66.372541424896198 ], [ 110.525580541752134, -66.372590254289818 ], [ 110.52538972769014, -66.372630044562484 ], [ 110.525132090849425, -66.372656173972231 ], [ 110.525098467548929, -66.372660557217785 ] ] ] ] } },
{ "type": "Feature", "properties": { "AREA": 227.03125, "PERIMETER": 72.617072715399999, "LKPG1_": 178, "LKPG1_ID": 254, "FEATURE": "LAKE", "DQI": 20, "SAMP_NO": null, "WSAMP_NO": null, "D18O": 0.0, "W_DATE": null, "CDSAMP_NO": null, "CD_METHOD": null, "CD_DATE": 0, "CD_ERROR": 0, "REMARKS": null, "COLL_BY": null }, "geometry": { "type": "MultiPolygon", "coordinates": [ [ [ [ 110.535309823259709, -66.372449108261492 ], [ 110.535264690300579, -66.372471402110975 ], [ 110.534996301535784, -66.372475087324787 ], [ 110.534894689175118, -66.372528612338698 ], [ 110.534782437501946, -66.37255294859402 ], [ 110.534738010856444, -66.372537116096638 ], [ 110.534738426719329, -66.3725146889239 ], [ 110.53489660149269, -66.372425447341229 ], [ 110.535008727798996, -66.372407839155073 ], [ 110.535109591476925, -66.372394682979376 ], [ 110.535199524956056, -66.372368037096351 ], [ 110.535232979940233, -66.372372622540411 ], [ 110.535258707587161, -66.372379427778284 ], [ 110.535299723802027, -66.372390764276915 ], [ 110.535309823259709, -66.372449108261492 ] ] ] ] } },
{ "type": "Feature", "properties": { "AREA": 3790.0390625, "PERIMETER": 231.029004316, "LKPG1_": 179, "LKPG1_ID": 255, "FEATURE": "LAKE", "DQI": 20, "SAMP_NO": null, "WSAMP_NO": null, "D18O": 0.0, "W_DATE": null, "CDSAMP_NO": null, "CD_METHOD": null, "CD_DATE": 0, "CD_ERROR": 0, "REMARKS": null, "COLL_BY": null }, "geometry": { "type": "MultiPolygon", "coordinates": [ [ [ [ 110.543317618410043, -66.372903401763097 ], [ 110.543520906717646, -66.372906240090046 ], [ 110.543712607612932, -66.372931472625012 ], [ 110.543752889048463, -66.372945047575513 ], [ 110.543863543711979, -66.373008170938164 ], [ 110.543939763055249, -66.37312053593331 ], [ 110.543970448810171, -66.373277624461167 ], [ 110.543924914378209, -66.373322348018689 ], [ 110.543771488606197, -66.373382455680073 ], [ 110.543576382458639, -66.373428984112579 ], [ 110.543255338833688, -66.373484114679215 ], [ 110.543019663004785, -66.373532766372421 ], [ 110.542768736500506, -66.373574644457634 ], [ 110.542645675780577, -66.373578769103318 ], [ 110.542534449193241, -66.373547042953177 ], [ 110.542446564225514, -66.373461557095425 ], [ 110.5423471727768, -66.37339398011818 ], [ 110.542292582864263, -66.373322048961114 ], [ 110.542316087942723, -66.373259318473316 ], [ 110.542395327971832, -66.373205722977687 ], [ 110.542665849216917, -66.373085403608869 ], [ 110.542868145969919, -66.373027683207525 ], [ 110.543193989433874, -66.372938924921854 ], [ 110.543317618410043, -66.372903401763097 ] ] ] ] } },
{ "type": "Feature", "properties": { "AREA": 1422.375, "PERIMETER": 142.18526126699999, "LKPG1_": 180, "LKPG1_ID": 251, "FEATURE": "LAKE", "DQI": 20, "SAMP_NO": null, "WSAMP_NO": null, "D18O": 0.0, "W_DATE": null, "CDSAMP_NO": null, "CD_METHOD": null, "CD_DATE": 0, "CD_ERROR": 0, "REMARKS": null, "COLL_BY": null }, "geometry": { "type": "MultiPolygon", "coordinates": [ [ [ [ 110.531124992591629, -66.373235027422666 ], [ 110.531057243510901, -66.373270709082277 ], [ 110.530966967003309, -66.373315294294414 ], [ 110.530830461270895, -66.373440482623749 ], [ 110.530751615262446, -66.373471645065933 ], [ 110.53056105444054, -66.373497985371358 ], [ 110.530326193592359, -66.373501763544468 ], [ 110.530248270536944, -66.373483585988694 ], [ 110.530204223052294, -66.373447567761602 ], [ 110.53020657466854, -66.373321975689407 ], [ 110.53028676442355, -66.373219046622026 ], [ 110.530456726733149, -66.373098445234973 ], [ 110.530568943072851, -66.373076354816263 ], [ 110.530770344799478, -66.373067989880511 ], [ 110.530959895934444, -66.373095474497546 ], [ 110.53110347137175, -66.373190105842752 ], [ 110.531124992591629, -66.373235027422666 ] ] ] ] } },
{ "type": "Feature", "properties": { "AREA": 4539.171875, "PERIMETER": 329.82070718799997, "LKPG1_": 181, "LKPG1_ID": 250, "FEATURE": "LAKE", "DQI": 20, "SAMP_NO": null, "WSAMP_NO": null, "D18O": 0.0, "W_DATE": null, "CDSAMP_NO": null, "CD_METHOD": null, "CD_DATE": 0, "CD_ERROR": 0, "REMARKS": null, "COLL_BY": null }, "geometry": { "type": "MultiPolygon", "coordinates": [ [ [ [ 110.551642900930602, -66.375627948021517 ], [ 110.551206848427341, -66.375626693211274 ], [ 110.550044122434187, -66.375618855645087 ], [ 110.549865390158189, -66.375609368279584 ], [ 110.549769277550283, -66.375591148010287 ], [ 110.549654081777845, -66.3755459585024 ], [ 110.549654806436266, -66.3755055895232 ], [ 110.549789539209556, -66.375474578988388 ], [ 110.549991195231797, -66.375452732900385 ], [ 110.550148449643629, -66.375412815723109 ], [ 110.550283985354426, -66.375336950334457 ], [ 110.550418636065373, -66.375310424696963 ], [ 110.550720916354948, -66.37528886785141 ], [ 110.551402937985387, -66.375290832086336 ], [ 110.551514985373402, -66.375277697477131 ], [ 110.551615691640365, -66.375273501513846 ], [ 110.552565089260611, -66.375330057617759 ], [ 110.55271011851589, -66.375348416532461 ], [ 110.552921832637125, -66.37538939495083 ], [ 110.553021739969765, -66.375430052521509 ], [ 110.553034377804266, -66.375465974146266 ], [ 110.552998259601978, -66.375492784618942 ], [ 110.552863130968063, -66.37554622514962 ], [ 110.552706119946052, -66.375572688734749 ], [ 110.55211305653647, -66.375597899886401 ], [ 110.551642900930602, -66.375627948021517 ] ] ] ] } },
{ "type": "Feature", "properties": { "AREA": 380.625, "PERIMETER": 89.995132234300002, "LKPG1_": 182, "LKPG1_ID": 234, "FEATURE": "LAKE", "DQI": 20, "SAMP_NO": null, "WSAMP_NO": null, "D18O": 0.0, "W_DATE": null, "CDSAMP_NO": null, "CD_METHOD": null, "CD_DATE": 0, "CD_ERROR": 0, "REMARKS": null, "COLL_BY": null }, "geometry": { "type": "MultiPolygon", "coordinates": [ [ [ [ 110.507499265292481, -66.395527808506586 ], [ 110.507264459228722, -66.395518095583896 ], [ 110.507063398670866, -66.395499517590437 ], [ 110.506717844440956, -66.39543113994884 ], [ 110.506707007963684, -66.395413162950376 ], [ 110.506808332077625, -66.395382083582192 ], [ 110.50700983262918, -66.395378234888454 ], [ 110.507244549099681, -66.395392433597038 ], [ 110.507556006642261, -66.395487616517983 ], [ 110.507600324530301, -66.395510184834279 ], [ 110.507499265292481, -66.395527808506586 ] ] ] ] } },
{ "type": "Feature", "properties": { "AREA": 499.6953125, "PERIMETER": 105.19247018, "LKPG1_": 183, "LKPG1_ID": 238, "FEATURE": "LAKE", "DQI": 20, "SAMP_NO": null, "WSAMP_NO": null, "D18O": 0.0, "W_DATE": null, "CDSAMP_NO": null, "CD_METHOD": null, "CD_DATE": 0, "CD_ERROR": 0, "REMARKS": null, "COLL_BY": null }, "geometry": { "type": "MultiPolygon", "coordinates": [ [ [ [ 110.507125458700557, -66.398034123531943 ], [ 110.506701357709119, -66.397974469133217 ], [ 110.50650089616002, -66.397924492599074 ], [ 110.506301053947581, -66.397843117998988 ], [ 110.506243620948098, -66.3978115364541 ], [ 110.506268277246605, -66.397802643133474 ], [ 110.506514471625451, -66.397803422164927 ], [ 110.506704359588241, -66.397821965483658 ], [ 110.506860322770947, -66.397858344050789 ], [ 110.506982537839264, -66.39790358716462 ], [ 110.507182382749235, -66.397984960892657 ], [ 110.507206289179223, -66.398014193338497 ], [ 110.50718150069649, -66.398029814909819 ], [ 110.507125458700557, -66.398034123531943 ] ] ] ] } },
{ "type": "Feature", "properties": { "AREA": 209.125, "PERIMETER": 53.529164232600003, "LKPG1_": 184, "LKPG1_ID": 239, "FEATURE": "LAKE", "DQI": 20, "SAMP_NO": null, "WSAMP_NO": null, "D18O": 0.0, "W_DATE": null, "CDSAMP_NO": null, "CD_METHOD": null, "CD_DATE": 0, "CD_ERROR": 0, "REMARKS": null, "COLL_BY": null }, "geometry": { "type": "MultiPolygon", "coordinates": [ [ [ [ 110.504692626322097, -66.400515970706749 ], [ 110.504625829842453, -66.400497815899513 ], [ 110.50457075740367, -66.400452784214792 ], [ 110.504571821596244, -66.400398959432181 ], [ 110.504605574378715, -66.400390095256597 ], [ 110.504673523192992, -66.400349939890177 ], [ 110.504729659441892, -66.400341146754883 ], [ 110.50483003095728, -66.400359408091063 ], [ 110.504885369536964, -66.400390983488606 ], [ 110.504872936929885, -66.40045374355158 ], [ 110.504849844196528, -66.400489555699352 ], [ 110.504793441727188, -66.400511805073535 ], [ 110.504692626322097, -66.400515970706749 ] ] ] ] } },
{ "type": "Feature", "properties": { "AREA": 143.6328125, "PERIMETER": 45.381477888500001, "LKPG1_": 185, "LKPG1_ID": 240, "FEATURE": "LAKE", "DQI": 20, "SAMP_NO": null, "WSAMP_NO": null, "D18O": 0.0, "W_DATE": null, "CDSAMP_NO": null, "CD_METHOD": null, "CD_DATE": 0, "CD_ERROR": 0, "REMARKS": null, "COLL_BY": null }, "geometry": { "type": "MultiPolygon", "coordinates": [ [ [ [ 110.505220657155164, -66.401549352553403 ], [ 110.505120103412537, -66.401540062264843 ], [ 110.505087058021957, -66.401513043363494 ], [ 110.505132447363195, -66.401481787589219 ], [ 110.505175826617304, -66.401446039747171 ], [ 110.505211767722258, -66.40143269669997 ], [ 110.505357444361394, -66.401424187284505 ], [ 110.505413140098312, -66.401437820898352 ], [ 110.505423624098199, -66.401473739567848 ], [ 110.505299091986188, -66.401545115603824 ], [ 110.505220657155164, -66.401549352553403 ] ] ] ] } },
{ "type": "Feature", "properties": { "AREA": 444.546875, "PERIMETER": 84.746901935300002, "LKPG1_": 186, "LKPG1_ID": 241, "FEATURE": "LAKE", "DQI": 20, "SAMP_NO": null, "WSAMP_NO": null, "D18O": 0.0, "W_DATE": null, "CDSAMP_NO": null, "CD_METHOD": null, "CD_DATE": 0, "CD_ERROR": 0, "REMARKS": null, "COLL_BY": null }, "geometry": { "type": "MultiPolygon", "coordinates": [ [ [ [ 110.505401871351154, -66.403355412802696 ], [ 110.505319277724467, -66.403357393792575 ], [ 110.505207169238233, -66.403366009657901 ], [ 110.505140276201331, -66.40335234047005 ], [ 110.505085196582186, -66.403307308979151 ], [ 110.50510829159154, -66.403271496810873 ], [ 110.505254776109837, -66.403222618924119 ], [ 110.505276028825349, -66.403209229280804 ], [ 110.505311449967351, -66.403186913202049 ], [ 110.50533481021435, -66.403137644807003 ], [ 110.505380202197529, -66.40310638896878 ], [ 110.50549230946271, -66.403097772978072 ], [ 110.505548097509205, -66.403106921145479 ], [ 110.505603443050063, -66.403138496281343 ], [ 110.505613573994367, -66.403192356521416 ], [ 110.505589683170285, -66.403268537343749 ], [ 110.50552146231567, -66.403322149282744 ], [ 110.505431297592807, -66.403353263244028 ], [ 110.505401871351154, -66.403355412802696 ] ] ] ] } },
{ "type": "Feature", "properties": { "AREA": 131.5625, "PERIMETER": 43.258565153500001, "LKPG1_": 187, "LKPG1_ID": 235, "FEATURE": "LAKE", "DQI": 20, "SAMP_NO": null, "WSAMP_NO": null, "D18O": 0.0, "W_DATE": null, "CDSAMP_NO": null, "CD_METHOD": null, "CD_DATE": 0, "CD_ERROR": 0, "REMARKS": null, "COLL_BY": null }, "geometry": { "type": "MultiPolygon", "coordinates": [ [ [ [ 110.512291034374869, -66.403460084787227 ], [ 110.512235243071729, -66.403450939029383 ], [ 110.512179975809104, -66.403414880840089 ], [ 110.512124490348015, -66.403390036135889 ], [ 110.512125494790439, -66.403338454013792 ], [ 110.512159248870233, -66.403329588208138 ], [ 110.512282460634239, -66.403325487737746 ], [ 110.512360376042139, -66.403348159654101 ], [ 110.512392995220253, -66.403397604024875 ], [ 110.512358455420369, -66.403446838499391 ], [ 110.512291034374869, -66.403460084787227 ] ] ] ] } },
{ "type": "Feature", "properties": { "AREA": 3667.640625, "PERIMETER": 253.599684239, "LKPG1_": 188, "LKPG1_ID": 242, "FEATURE": "LAKE", "DQI": 20, "SAMP_NO": null, "WSAMP_NO": null, "D18O": 0.0, "W_DATE": null, "CDSAMP_NO": null, "CD_METHOD": null, "CD_DATE": 0, "CD_ERROR": 0, "REMARKS": null, "COLL_BY": null }, "geometry": { "type": "MultiPolygon", "coordinates": [ [ [ [ 110.50562312670003, -66.403842810089003 ], [ 110.50581341365374, -66.403843412916004 ], [ 110.505881104533188, -66.403816713238299 ], [ 110.505893447855655, -66.403758438519176 ], [ 110.505916365216819, -66.403731597027985 ], [ 110.505995602739276, -66.403686991155425 ], [ 110.506163944013892, -66.403665095683479 ], [ 110.506522393758914, -66.403652772786913 ], [ 110.506958666373393, -66.403667609075356 ], [ 110.507293758933869, -66.403704553043383 ], [ 110.507490070778317, -66.403754515300363 ], [ 110.507582580573668, -66.403817606769309 ], [ 110.507603733099586, -66.403880473001621 ], [ 110.507573645224937, -66.403916263458825 ], [ 110.507445262266046, -66.403969686339963 ], [ 110.507119329777524, -66.404035942215259 ], [ 110.506906124768321, -66.404062182619413 ], [ 110.506603636625883, -66.404074683388316 ], [ 110.506312341644033, -66.404087218988849 ], [ 110.505875708254962, -66.404090322479021 ], [ 110.505708071828835, -66.404076334459347 ], [ 110.505451773412759, -66.40401720847764 ], [ 110.505295596839517, -66.403989799303091 ], [ 110.505273652869448, -66.403967301335086 ], [ 110.505274804301251, -66.403908991174234 ], [ 110.505365059775841, -66.403873391909855 ], [ 110.50542129222724, -66.403860113137213 ], [ 110.50562312670003, -66.403842810089003 ] ] ] ] } },
{ "type": "Feature", "properties": { "AREA": 195.390625, "PERIMETER": 56.975888900299999, "LKPG1_": 189, "LKPG1_ID": 236, "FEATURE": "LAKE", "DQI": 20, "SAMP_NO": null, "WSAMP_NO": null, "D18O": 0.0, "W_DATE": null, "CDSAMP_NO": null, "CD_METHOD": null, "CD_DATE": 0, "CD_ERROR": 0, "REMARKS": null, "COLL_BY": null }, "geometry": { "type": "MultiPolygon", "coordinates": [ [ [ [ 110.511508472250057, -66.403982460602691 ], [ 110.511273410391894, -66.403981724479337 ], [ 110.511206512393215, -66.403968057890452 ], [ 110.511218230854382, -66.403941180550945 ], [ 110.51119654413931, -66.403905227209748 ], [ 110.511264054459616, -66.403887495995662 ], [ 110.511376075733835, -66.403883361180092 ], [ 110.511409568393972, -66.403887951741225 ], [ 110.511454254448324, -66.403892577344507 ], [ 110.511588487592903, -66.403897483275074 ], [ 110.51167759754307, -66.403920190570304 ], [ 110.511708729287008, -66.403938230702451 ], [ 110.511643143045248, -66.403964939480616 ], [ 110.511508472250057, -66.403982460602691 ] ] ] ] } },
{ "type": "Feature", "properties": { "AREA": 272.484375, "PERIMETER": 60.254039021899999, "LKPG1_": 190, "LKPG1_ID": 208, "FEATURE": "LAKE", "DQI": 20, "SAMP_NO": null, "WSAMP_NO": null, "D18O": 0.0, "W_DATE": null, "CDSAMP_NO": null, "CD_METHOD": null, "CD_DATE": 0, "CD_ERROR": 0, "REMARKS": null, "COLL_BY": null }, "geometry": { "type": "MultiPolygon", "coordinates": [ [ [ [ 110.623804418851094, -66.404443897708362 ], [ 110.623699578091887, -66.404436916450223 ], [ 110.623655072448173, -66.404418866588969 ], [ 110.623624263786184, -66.404373935977361 ], [ 110.623656824309521, -66.404302244441624 ], [ 110.623690809738036, -66.404275412633154 ], [ 110.623870043918672, -66.404266873549815 ], [ 110.623970450740501, -66.404289543712849 ], [ 110.624025813551029, -66.404330047795028 ], [ 110.624014148602271, -66.40436141909332 ], [ 110.623979894117369, -66.404406192841421 ], [ 110.623878813425137, -66.404428377357533 ], [ 110.623804418851094, -66.404443897708362 ] ] ] ] } },
{ "type": "Feature", "properties": { "AREA": 376.5859375, "PERIMETER": 91.984096315299993, "LKPG1_": 191, "LKPG1_ID": 45, "FEATURE": "LAKE", "DQI": 20, "SAMP_NO": null, "WSAMP_NO": null, "D18O": 0.0, "W_DATE": null, "CDSAMP_NO": null, "CD_METHOD": null, "CD_DATE": 0, "CD_ERROR": 0, "REMARKS": null, "COLL_BY": null }, "geometry": { "type": "MultiPolygon", "coordinates": [ [ [ [ 110.398269732576566, -66.403918771985218 ], [ 110.398103020170865, -66.403868785880931 ], [ 110.397968328039127, -66.403796494491374 ], [ 110.397971612340243, -66.403747164106122 ], [ 110.397938356382411, -66.403733578582518 ], [ 110.397725903143069, -66.403723787149218 ], [ 110.397703948266923, -66.403705759466433 ], [ 110.397760344974856, -66.403688034236211 ], [ 110.397883792235476, -66.40367505349424 ], [ 110.397973444605057, -66.403670913722067 ], [ 110.398151995020527, -66.403694031241258 ], [ 110.398241108753851, -66.403712317899704 ], [ 110.398262202194203, -66.403766228042571 ], [ 110.398350669986911, -66.40381142653996 ], [ 110.398372194583644, -66.403847395399779 ], [ 110.398381772647397, -66.403885561057265 ], [ 110.398337107108759, -66.40391006034902 ], [ 110.398269732576566, -66.403918771985218 ] ] ] ] } },
{ "type": "Feature", "properties": { "AREA": 408.421875, "PERIMETER": 86.940954551000004, "LKPG1_": 192, "LKPG1_ID": 206, "FEATURE": "LAKE", "DQI": 20, "SAMP_NO": null, "WSAMP_NO": null, "D18O": 0.0, "W_DATE": null, "CDSAMP_NO": null, "CD_METHOD": null, "CD_DATE": 0, "CD_ERROR": 0, "REMARKS": null, "COLL_BY": null }, "geometry": { "type": "MultiPolygon", "coordinates": [ [ [ [ 110.616653266996167, -66.40477412837852 ], [ 110.6165416709471, -66.404751426000786 ], [ 110.61630804121009, -66.404656653384194 ], [ 110.616203510880069, -66.404629482505541 ], [ 110.616151945416448, -66.404615898761094 ], [ 110.616185939304074, -66.404589068592529 ], [ 110.616331596724777, -66.404580455561018 ], [ 110.616443672521072, -66.404571759845737 ], [ 110.616589055172568, -66.404581088427193 ], [ 110.616711569869096, -66.40462176012332 ], [ 110.616744533904111, -66.404662211784498 ], [ 110.616900288002327, -66.40472539313258 ], [ 110.616899807871917, -66.404756791376926 ], [ 110.616821244586475, -66.404770055356536 ], [ 110.616653266996167, -66.40477412837852 ] ] ] ] } },
{ "type": "Feature", "properties": { "AREA": 513.375, "PERIMETER": 83.348806096700002, "LKPG1_": 193, "LKPG1_ID": 46, "FEATURE": "LAKE", "DQI": 20, "SAMP_NO": null, "WSAMP_NO": null, "D18O": 0.0, "W_DATE": null, "CDSAMP_NO": null, "CD_METHOD": null, "CD_DATE": 0, "CD_ERROR": 0, "REMARKS": null, "COLL_BY": null }, "geometry": { "type": "MultiPolygon", "coordinates": [ [ [ [ 110.395093713982618, -66.403962562400778 ], [ 110.395111848779706, -66.403964875576179 ], [ 110.395245084451545, -66.404010249404138 ], [ 110.395277256668464, -66.404068688643434 ], [ 110.395252379990183, -66.404171764102287 ], [ 110.395139689063299, -66.404202727408673 ], [ 110.395070105590619, -66.404215914839256 ], [ 110.394960162922217, -66.404219974268642 ], [ 110.394870941450321, -66.404206171051797 ], [ 110.394804756772743, -66.404165542737417 ], [ 110.394807790548697, -66.404039953949095 ], [ 110.394842562004882, -66.403990745743229 ], [ 110.394910371235014, -66.40396409433194 ], [ 110.395000133436184, -66.403955470955481 ], [ 110.395093713982618, -66.403962562400778 ] ] ] ] } },
{ "type": "Feature", "properties": { "AREA": 486.9375, "PERIMETER": 85.3368433232, "LKPG1_": 194, "LKPG1_ID": 237, "FEATURE": "LAKE", "DQI": 20, "SAMP_NO": null, "WSAMP_NO": null, "D18O": 0.0, "W_DATE": null, "CDSAMP_NO": null, "CD_METHOD": null, "CD_DATE": 0, "CD_ERROR": 0, "REMARKS": null, "COLL_BY": null }, "geometry": { "type": "MultiPolygon", "coordinates": [ [ [ [ 110.511505410254202, -66.404713616001047 ], [ 110.511404666516029, -66.404713300559266 ], [ 110.511338116450474, -66.404681692424248 ], [ 110.511327710135348, -66.404641288760658 ], [ 110.511306547627768, -66.404578423033485 ], [ 110.511293955096221, -66.404542498194147 ], [ 110.51127908918059, -66.404479652184008 ], [ 110.511353334557981, -66.404475399049048 ], [ 110.511554470323958, -66.404493971536297 ], [ 110.511766013341685, -66.404552947400518 ], [ 110.511843757298109, -66.404584590375251 ], [ 110.511842358921939, -66.404656356791321 ], [ 110.511808515536103, -66.404669707926729 ], [ 110.511505410254202, -66.404713616001047 ] ] ] ] } },
{ "type": "Feature", "properties": { "AREA": 422.5, "PERIMETER": 76.113126423699995, "LKPG1_": 195, "LKPG1_ID": 207, "FEATURE": "LAKE", "DQI": 20, "SAMP_NO": null, "WSAMP_NO": null, "D18O": 0.0, "W_DATE": null, "CDSAMP_NO": null, "CD_METHOD": null, "CD_DATE": 0, "CD_ERROR": 0, "REMARKS": null, "COLL_BY": null }, "geometry": { "type": "MultiPolygon", "coordinates": [ [ [ [ 110.61838456896497, -66.405025082089139 ], [ 110.618205464222996, -66.405024643938916 ], [ 110.617926160335458, -66.404988075206717 ], [ 110.617881794708353, -66.404961052773757 ], [ 110.617882478857041, -66.404916198134984 ], [ 110.617950190062075, -66.404880478892821 ], [ 110.618118646764898, -66.404845006226566 ], [ 110.618375903006452, -66.404859092537848 ], [ 110.618409279963103, -66.404872631062474 ], [ 110.618475624133637, -66.404926620875528 ], [ 110.61848633998973, -66.404958046495864 ], [ 110.618440880773804, -66.4050027916483 ], [ 110.61838456896497, -66.405025082089139 ] ] ] ] } },
{ "type": "Feature", "properties": { "AREA": 1911.875, "PERIMETER": 168.28178063499999, "LKPG1_": 196, "LKPG1_ID": 259, "FEATURE": "LAKE", "DQI": 20, "SAMP_NO": null, "WSAMP_NO": null, "D18O": 0.0, "W_DATE": null, "CDSAMP_NO": null, "CD_METHOD": null, "CD_DATE": 0, "CD_ERROR": 0, "REMARKS": null, "COLL_BY": null }, "geometry": { "type": "MultiPolygon", "coordinates": [ [ [ [ 110.63981392917438, -66.405582897020182 ], [ 110.639657337692142, -66.405573564222536 ], [ 110.639190018814602, -66.405375116860057 ], [ 110.63912362879681, -66.405321135839969 ], [ 110.639057497563513, -66.405249212893594 ], [ 110.639047466665616, -66.405168448457886 ], [ 110.63910427735766, -66.405110266756921 ], [ 110.639216993615165, -66.40505669993648 ], [ 110.63927309322176, -66.405047858394241 ], [ 110.639452263109646, -66.405043786887063 ], [ 110.639541557614052, -66.405061935692913 ], [ 110.639730696081259, -66.405143113746888 ], [ 110.639808345577677, -66.405192634876869 ], [ 110.639941901768864, -66.405246770610233 ], [ 110.640041940394084, -66.405296343284945 ], [ 110.640152400485931, -66.405399767411112 ], [ 110.640162435036729, -66.405480531774998 ], [ 110.640094560535189, -66.405529717089394 ], [ 110.639993296177039, -66.405565368469738 ], [ 110.63981392917438, -66.405582897020182 ] ] ] ] } },
{ "type": "Feature", "properties": { "AREA": 369.4375, "PERIMETER": 70.047172876399998, "LKPG1_": 197, "LKPG1_ID": 243, "FEATURE": "LAKE", "DQI": 20, "SAMP_NO": null, "WSAMP_NO": null, "D18O": 0.0, "W_DATE": null, "CDSAMP_NO": null, "CD_METHOD": null, "CD_DATE": 0, "CD_ERROR": 0, "REMARKS": null, "COLL_BY": null }, "geometry": { "type": "MultiPolygon", "coordinates": [ [ [ [ 110.516059206042186, -66.405414114459248 ], [ 110.515947785351372, -66.405386854809763 ], [ 110.515903789195406, -66.405346347266104 ], [ 110.515893635272121, -66.405292487696101 ], [ 110.515984660607401, -66.405216513659298 ], [ 110.516052084436041, -66.405203265780045 ], [ 110.516197692737251, -66.405199231661115 ], [ 110.516253489383089, -66.405208376003117 ], [ 110.516330981253745, -66.405253472954598 ], [ 110.516340529928826, -66.405338730322029 ], [ 110.516306601411088, -66.405356567836321 ], [ 110.516272846062094, -66.405365434536137 ], [ 110.516250154822217, -66.405381064039517 ], [ 110.516193881368523, -66.405396589415261 ], [ 110.516059206042186, -66.405414114459248 ] ] ] ] } },
{ "type": "Feature", "properties": { "AREA": 1152.875, "PERIMETER": 135.060784738, "LKPG1_": 198, "LKPG1_ID": 43, "FEATURE": "LAKE", "DQI": 20, "SAMP_NO": "S87/137", "WSAMP_NO": "W87/11", "D18O": -5.8, "W_DATE": null, "CDSAMP_NO": "CDANU6401", "CD_METHOD": "C14", "CD_DATE": 8160, "CD_ERROR": 300, "REMARKS": "Holl Pond A, shoreline sednts to 30cm depth, salt encrusted surface at 28m elev S87/137 (bottom 18cm gravelly black mud, C14 = CD ANU 6401), S87/138 (top 2 horizons,m,unit 1,0-3cm depth reddish brown algae).CD ANU 6401 (7460-7710 corr)", "COLL_BY": "Goodwin" }, "geometry": { "type": "MultiPolygon", "coordinates": [ [ [ [ 110.404095279157502, -66.405609821589564 ], [ 110.403861273559897, -66.405564070430742 ], [ 110.403739207908487, -66.405518746729655 ], [ 110.403662558877599, -66.405446682146831 ], [ 110.403663840120089, -66.405392858302292 ], [ 110.403731323511451, -66.405379659019587 ], [ 110.404269161526685, -66.405359284802216 ], [ 110.404616277156947, -66.405356123996384 ], [ 110.404750390069722, -66.405365607147289 ], [ 110.404794526037122, -66.405392689885701 ], [ 110.404771179181637, -66.405432972373504 ], [ 110.40476840829794, -66.40554959072567 ], [ 110.404510201696937, -66.405580005591318 ], [ 110.404285682984366, -66.405606062924889 ], [ 110.404095279157502, -66.405609821589564 ] ] ] ] } },
{ "type": "Feature", "properties": { "AREA": 1376.265625, "PERIMETER": 157.47032040400001, "LKPG1_": 199, "LKPG1_ID": 258, "FEATURE": "LAKE", "DQI": 20, "SAMP_NO": null, "WSAMP_NO": null, "D18O": 0.0, "W_DATE": null, "CDSAMP_NO": null, "CD_METHOD": null, "CD_DATE": 0, "CD_ERROR": 0, "REMARKS": null, "COLL_BY": null }, "geometry": { "type": "MultiPolygon", "coordinates": [ [ [ [ 110.641895902229493, -66.406529669836189 ], [ 110.641905639148405, -66.406484835959077 ], [ 110.641995517489264, -66.406462614083964 ], [ 110.642163438272902, -66.406462999259034 ], [ 110.642486868865078, -66.406548967451087 ], [ 110.64263195279986, -66.40658069914997 ], [ 110.64277729295344, -66.406594488812033 ], [ 110.642877854127804, -66.406608175860825 ], [ 110.642966645261112, -66.406662206510575 ], [ 110.643155870801962, -66.406738894930413 ], [ 110.643157362831673, -66.406781511748676 ], [ 110.643121263846126, -66.406810585732231 ], [ 110.643076036974819, -66.406841881639693 ], [ 110.642963704500303, -66.406868538382994 ], [ 110.642806847968046, -66.4068771506453 ], [ 110.642538938330972, -66.406822709681606 ], [ 110.642415858677268, -66.406817942057955 ], [ 110.64233768665801, -66.40680430603291 ], [ 110.642282032559223, -66.406781750347776 ], [ 110.642215888410007, -66.406709828748006 ], [ 110.6421049013681, -66.406642289895089 ], [ 110.641934635055875, -66.406561158077352 ], [ 110.641895902229493, -66.406529669836189 ] ] ] ] } },
{ "type": "Feature", "properties": { "AREA": 5524.60546875, "PERIMETER": 319.46626428299999, "LKPG1_": 200, "LKPG1_ID": 47, "FEATURE": "LAKE", "DQI": 20, "SAMP_NO": null, "WSAMP_NO": null, "D18O": 0.0, "W_DATE": null, "CDSAMP_NO": null, "CD_METHOD": null, "CD_DATE": 0, "CD_ERROR": 0, "REMARKS": null, "COLL_BY": null }, "geometry": { "type": "MultiPolygon", "coordinates": [ [ [ [ 110.393118423222163, -66.405906186161062 ], [ 110.393137693499511, -66.405890561041701 ], [ 110.393241082061834, -66.405868534450718 ], [ 110.39373280591029, -66.405904088835484 ], [ 110.393958026451145, -66.405936363907813 ], [ 110.394158163889003, -66.405993212796517 ], [ 110.394211818572799, -66.406002392583758 ], [ 110.394456245743214, -66.40607959883134 ], [ 110.394690347288815, -66.406120878769784 ], [ 110.394734690438682, -66.406138993718585 ], [ 110.394755886719224, -66.406188419001936 ], [ 110.394855659271954, -66.406229177577018 ], [ 110.394877289257238, -66.406260661592924 ], [ 110.394842839759875, -66.40629641385199 ], [ 110.39475263563294, -66.406322978379265 ], [ 110.394696664382565, -66.406322761260398 ], [ 110.394528159407599, -66.406317621756088 ], [ 110.394395287122038, -66.406285705973502 ], [ 110.394307349439572, -66.406276393176014 ], [ 110.394261281705511, -66.406271728610534 ], [ 110.394193790938758, -66.406284923790352 ], [ 110.394181945873711, -66.406311792200583 ], [ 110.394214986273923, -66.406334349145553 ], [ 110.394274667339388, -66.406354766637889 ], [ 110.394437136537263, -66.406406983187779 ], [ 110.394412362468501, -66.406505573165276 ], [ 110.39433324302847, -66.406536666206478 ], [ 110.394018716363689, -66.406580302355721 ], [ 110.393704839961686, -66.40659702600091 ], [ 110.393391832065959, -66.406577866524373 ], [ 110.393146751377373, -66.406527570479767 ], [ 110.392913952991208, -66.406432464495481 ], [ 110.392562370092989, -66.406157466410676 ], [ 110.392506834320713, -66.406139307263302 ], [ 110.392463363016276, -66.40608530919647 ], [ 110.392520203862176, -66.406049644629363 ], [ 110.392621277225842, -66.406036580900519 ], [ 110.392723220340173, -66.405987634617787 ], [ 110.392902651982865, -66.405974875657364 ], [ 110.393105558246731, -66.405917350457855 ], [ 110.393118423222163, -66.405906186161062 ] ] ] ] } },
{ "type": "Feature", "properties": { "AREA": 4870.5546875, "PERIMETER": 533.43596688699995, "LKPG1_": 201, "LKPG1_ID": 44, "FEATURE": "LAKE", "DQI": 20, "SAMP_NO": null, "WSAMP_NO": null, "D18O": 0.0, "W_DATE": null, "CDSAMP_NO": null, "CD_METHOD": null, "CD_DATE": 0, "CD_ERROR": 0, "REMARKS": null, "COLL_BY": null }, "geometry": { "type": "MultiPolygon", "coordinates": [ [ [ [ 110.399729818259999, -66.406023718310095 ], [ 110.399864632509505, -66.406033208352355 ], [ 110.400087870661224, -66.40606098119315 ], [ 110.400176886826799, -66.406083752064674 ], [ 110.400198630772351, -66.406110750031104 ], [ 110.400175705448689, -66.406133090553098 ], [ 110.400097023977409, -66.406146245255954 ], [ 110.399278988318883, -66.406178983850722 ], [ 110.399125768101896, -66.406207551134926 ], [ 110.399076309264458, -66.406227546452442 ], [ 110.399074695326249, -66.406294826194497 ], [ 110.399206444543481, -66.406402991065676 ], [ 110.399361121314371, -66.40648881542792 ], [ 110.39968210240211, -66.406642565494934 ], [ 110.39974797909224, -66.406696647687298 ], [ 110.399767573616899, -66.406813352039634 ], [ 110.399664888424326, -66.406893700140685 ], [ 110.399540888632004, -66.406929108856218 ], [ 110.399361238402562, -66.406950846077976 ], [ 110.399126475837861, -66.406936485035189 ], [ 110.398874437338108, -66.406883928377525 ], [ 110.398685261209224, -66.406836099302765 ], [ 110.398603832538711, -66.406788685312833 ], [ 110.398505182507293, -66.406700833319562 ], [ 110.398505613307933, -66.406682892057887 ], [ 110.39868472401308, -66.406683582397463 ], [ 110.398793492770039, -66.406728858824536 ], [ 110.398806678521012, -66.40673339535887 ], [ 110.398928525889048, -66.406787693540721 ], [ 110.399039717320548, -66.406819521934523 ], [ 110.399207634538584, -66.406820168559804 ], [ 110.399252950299783, -66.406797914382864 ], [ 110.39934368913093, -66.406748920673081 ], [ 110.399377917746307, -66.406722138050455 ], [ 110.399356389253711, -66.406686169339821 ], [ 110.399278996355548, -66.406645499834227 ], [ 110.399223992479179, -66.406604916494004 ], [ 110.399102037764251, -66.406555103857769 ], [ 110.398778693065211, -66.406500029546478 ], [ 110.398600014398227, -66.406481398053288 ], [ 110.39849958854029, -66.406467553761843 ], [ 110.398421766853716, -66.406444825093686 ], [ 110.398433499724703, -66.406422441674323 ], [ 110.398523377230347, -66.40640933096374 ], [ 110.398669118427563, -66.406400921231125 ], [ 110.39867019511901, -66.406356068073791 ], [ 110.398559436966991, -66.406306298153908 ], [ 110.398447817588959, -66.406292410680337 ], [ 110.39843694647594, -66.406278911576479 ], [ 110.398460304307093, -66.40623863004906 ], [ 110.398416389137026, -66.406202574894664 ], [ 110.398316072229633, -66.406184245169911 ], [ 110.398147943778426, -66.406192568219126 ], [ 110.397992195103228, -66.406151595808709 ], [ 110.397896991774104, -66.406124314079392 ], [ 110.397758734792603, -66.406083408929121 ], [ 110.39760255599964, -66.406060377390759 ], [ 110.397556112011699, -66.406042255151533 ], [ 110.397537224962193, -66.405983867717765 ], [ 110.397560368231098, -66.405952556954531 ], [ 110.39761687796107, -66.405930346469987 ], [ 110.397829781135201, -66.405922196801484 ], [ 110.398266781142894, -66.405905939762619 ], [ 110.398512835326883, -66.405915859929678 ], [ 110.398679992817051, -66.405947904329594 ], [ 110.398813676061025, -66.40597533384711 ], [ 110.399001069687671, -66.405980541483544 ], [ 110.399149284013362, -66.40598559802801 ], [ 110.399729818259999, -66.406023718310095 ] ] ] ] } },
{ "type": "Feature", "properties": { "AREA": 608.34765625, "PERIMETER": 103.778456725, "LKPG1_": 202, "LKPG1_ID": 256, "FEATURE": "LAKE", "DQI": 20, "SAMP_NO": null, "WSAMP_NO": null, "D18O": 0.0, "W_DATE": null, "CDSAMP_NO": null, "CD_METHOD": null, "CD_DATE": 0, "CD_ERROR": 0, "REMARKS": null, "COLL_BY": null }, "geometry": { "type": "MultiPolygon", "coordinates": [ [ [ [ 110.62696364992803, -66.406862507807219 ], [ 110.627055508333896, -66.406849270498725 ], [ 110.627234626303448, -66.406849698496174 ], [ 110.627334979793176, -66.406876851960206 ], [ 110.627358968173112, -66.406910551451034 ], [ 110.627311522297106, -66.40694856596771 ], [ 110.627153792034264, -66.407015473570283 ], [ 110.626953714066758, -66.407059851645329 ], [ 110.626794551347288, -66.407081899191951 ], [ 110.626581646205835, -66.407094846722686 ], [ 110.62646983015523, -66.407085607845303 ], [ 110.626458902721964, -66.40706763917828 ], [ 110.626504217624571, -66.40703186263147 ], [ 110.626718058023243, -66.406956118664539 ], [ 110.626763238691538, -66.406929312976288 ], [ 110.626830809055903, -66.406902560821251 ], [ 110.626904709801309, -66.406873580959683 ], [ 110.62696364992803, -66.406862507807219 ] ] ] ] } },
{ "type": "Feature", "properties": { "AREA": 301.625, "PERIMETER": 70.173556393400006, "LKPG1_": 203, "LKPG1_ID": 48, "FEATURE": "LAKE", "DQI": 20, "SAMP_NO": null, "WSAMP_NO": null, "D18O": 0.0, "W_DATE": null, "CDSAMP_NO": null, "CD_METHOD": null, "CD_DATE": 0, "CD_ERROR": 0, "REMARKS": null, "COLL_BY": null }, "geometry": { "type": "MultiPolygon", "coordinates": [ [ [ [ 110.38934505240114, -66.406333309149801 ], [ 110.389300822158845, -66.406310707364497 ], [ 110.389269645197899, -66.406211899145902 ], [ 110.389215314667553, -66.406144400440169 ], [ 110.389238140411777, -66.406126546844192 ], [ 110.389305524007241, -66.406117839117371 ], [ 110.389517994199451, -66.406127642025993 ], [ 110.3895843940508, -66.406159301953409 ], [ 110.389617703328184, -66.406170646598156 ], [ 110.389650466220886, -66.406204417777673 ], [ 110.38964948267143, -66.406244785552886 ], [ 110.389525799894656, -66.406266730379215 ], [ 110.389458088020902, -66.406288894125268 ], [ 110.389412327189817, -66.406329086685503 ], [ 110.38934505240114, -66.406333309149801 ] ] ] ] } },
{ "type": "Feature", "properties": { "AREA": 425.4375, "PERIMETER": 112.18665607699999, "LKPG1_": 204, "LKPG1_ID": 257, "FEATURE": "LAKE", "DQI": 20, "SAMP_NO": null, "WSAMP_NO": null, "D18O": 0.0, "W_DATE": null, "CDSAMP_NO": null, "CD_METHOD": null, "CD_DATE": 0, "CD_ERROR": 0, "REMARKS": null, "COLL_BY": null }, "geometry": { "type": "MultiPolygon", "coordinates": [ [ [ [ 110.639002016040763, -66.407545723669671 ], [ 110.638678778665962, -66.407446291846227 ], [ 110.638351054282964, -66.407367034251337 ], [ 110.638132354438468, -66.407297000078287 ], [ 110.638110353067773, -66.407270035316529 ], [ 110.638133002402796, -66.4072521453501 ], [ 110.638274340123317, -66.407252473051528 ], [ 110.638501857048979, -66.407293370903261 ], [ 110.638658070631749, -66.407329617701308 ], [ 110.63886961361186, -66.407410848627961 ], [ 110.639014051552493, -66.40748743841813 ], [ 110.639069445753847, -66.407527937158704 ], [ 110.639069251865308, -66.407541393578086 ], [ 110.639002016040763, -66.407545723669671 ] ] ] ] } },
{ "type": "Feature", "properties": { "AREA": 1214.0078125, "PERIMETER": 158.05453232599999, "LKPG1_": 205, "LKPG1_ID": 205, "FEATURE": "LAKE", "DQI": 20, "SAMP_NO": null, "WSAMP_NO": null, "D18O": 0.0, "W_DATE": null, "CDSAMP_NO": null, "CD_METHOD": null, "CD_DATE": 0, "CD_ERROR": 0, "REMARKS": null, "COLL_BY": null }, "geometry": { "type": "MultiPolygon", "coordinates": [ [ [ [ 110.61718317054499, -66.407457836720852 ], [ 110.616411187297132, -66.407424541516122 ], [ 110.616232890059763, -66.407370275553731 ], [ 110.616208778769831, -66.407345545284969 ], [ 110.616256036096615, -66.407320990539802 ], [ 110.61665988232302, -66.40726815559799 ], [ 110.616962491528682, -66.407246470553233 ], [ 110.617242367471604, -66.40724715731335 ], [ 110.6176113929168, -66.407274975842427 ], [ 110.617778839597506, -66.407306785497724 ], [ 110.61782307239406, -66.407342778878572 ], [ 110.61777781297846, -66.407374067434205 ], [ 110.617665519717178, -66.407396220486007 ], [ 110.617508514287621, -66.407413778235778 ], [ 110.61718317054499, -66.407457836720852 ] ] ] ] } },
{ "type": "Feature", "properties": { "AREA": 743.671875, "PERIMETER": 204.36043014500001, "LKPG1_": 206, "LKPG1_ID": 261, "FEATURE": "LAKE", "DQI": 20, "SAMP_NO": null, "WSAMP_NO": null, "D18O": 0.0, "W_DATE": null, "CDSAMP_NO": null, "CD_METHOD": null, "CD_DATE": 0, "CD_ERROR": 0, "REMARKS": null, "COLL_BY": null }, "geometry": { "type": "MultiPolygon", "coordinates": [ [ [ [ 110.622940786395503, -66.40739111415877 ], [ 110.62287144912483, -66.407395432226807 ], [ 110.622793083344177, -66.407395242811262 ], [ 110.622692665149827, -66.407372571894399 ], [ 110.62267095060048, -66.407327663104397 ], [ 110.622694016372847, -66.407282862594599 ], [ 110.622761524483764, -66.407260597670401 ], [ 110.622877673141531, -66.407260878420416 ], [ 110.622951840358226, -66.407261057649308 ], [ 110.623163804100784, -66.407310911586535 ], [ 110.623410095739942, -66.407311506174494 ], [ 110.623689837852822, -66.407321152301776 ], [ 110.623981044589058, -66.40731288304238 ], [ 110.624126445972209, -66.407322204606047 ], [ 110.624473426237955, -66.407327525647545 ], [ 110.624797747743642, -66.407350733946757 ], [ 110.624808741290423, -66.407364217262867 ], [ 110.624763759318398, -66.407377565984291 ], [ 110.624013552621989, -66.407384731420066 ], [ 110.623409151678743, -66.407374302689377 ], [ 110.623017120584819, -66.407386812963864 ], [ 110.622940786395503, -66.40739111415877 ] ] ] ] } },
{ "type": "Feature", "properties": { "AREA": 1587.5546875, "PERIMETER": 198.13638610199999, "LKPG1_": 207, "LKPG1_ID": 264, "FEATURE": "LAKE", "DQI": 20, "SAMP_NO": null, "WSAMP_NO": null, "D18O": 0.0, "W_DATE": null, "CDSAMP_NO": null, "CD_METHOD": null, "CD_DATE": 0, "CD_ERROR": 0, "REMARKS": null, "COLL_BY": null }, "geometry": { "type": "MultiPolygon", "coordinates": [ [ [ [ 110.611489154334194, -66.408610028183489 ], [ 110.611399728393565, -66.408600834253917 ], [ 110.611400076331151, -66.408578406962192 ], [ 110.611659661949176, -66.408444484228866 ], [ 110.611704791874885, -66.40842216837396 ], [ 110.611714096856161, -66.408408734632388 ], [ 110.611828846623382, -66.408364163799206 ], [ 110.612075773484975, -66.408324407152691 ], [ 110.612211161259765, -66.408257459185634 ], [ 110.612346201226913, -66.408212938395579 ], [ 110.612492505548161, -66.408163959830731 ], [ 110.612705773760666, -66.408128604236524 ], [ 110.613008050273436, -66.408129354166149 ], [ 110.613119658152186, -66.408152059066879 ], [ 110.613141771929705, -66.408170056415983 ], [ 110.613084755437669, -66.408237199524194 ], [ 110.612972315554813, -66.408268320111205 ], [ 110.612837276400043, -66.408312841443148 ], [ 110.612792286354235, -66.408326186707967 ], [ 110.612511010747326, -66.40841520114202 ], [ 110.611994000361278, -66.408543999793167 ], [ 110.611668562729065, -66.408592532221135 ], [ 110.611489154334194, -66.408610028183489 ] ] ] ] } },
{ "type": "Feature", "properties": { "AREA": 742.015625, "PERIMETER": 116.85947107200001, "LKPG1_": 208, "LKPG1_ID": 265, "FEATURE": "LAKE", "DQI": 20, "SAMP_NO": null, "WSAMP_NO": null, "D18O": 0.0, "W_DATE": null, "CDSAMP_NO": null, "CD_METHOD": null, "CD_DATE": 0, "CD_ERROR": 0, "REMARKS": null, "COLL_BY": null }, "geometry": { "type": "MultiPolygon", "coordinates": [ [ [ [ 110.607097229247273, -66.408805371074735 ], [ 110.606951896030168, -66.408791548188404 ], [ 110.606885214518996, -66.408759980789441 ], [ 110.606874933997148, -66.408701641659263 ], [ 110.606920279815299, -66.408665870823469 ], [ 110.607099902858565, -66.40863492374767 ], [ 110.607234531933216, -66.408617320125089 ], [ 110.607234883600384, -66.408594892844505 ], [ 110.607224180320145, -66.408563466472643 ], [ 110.607291775937597, -66.408536722797336 ], [ 110.607343555593602, -66.408536853095882 ], [ 110.607347894569997, -66.408527892747429 ], [ 110.607492945329483, -66.408559657089924 ], [ 110.607715663368154, -66.408636472889455 ], [ 110.607781362297885, -66.408730836323386 ], [ 110.607731994813875, -66.408755383215336 ], [ 110.60762413081062, -66.408761840486306 ], [ 110.607523228926482, -66.408770558009635 ], [ 110.60729952577789, -66.40875653832164 ], [ 110.607209819506039, -66.40876528381591 ], [ 110.607153278201537, -66.408801026551373 ], [ 110.607097229247273, -66.408805371074735 ] ] ] ] } },
{ "type": "Feature", "properties": { "AREA": 528.47265625, "PERIMETER": 86.042083178, "LKPG1_": 209, "LKPG1_ID": 245, "FEATURE": "LAKE", "DQI": 20, "SAMP_NO": null, "WSAMP_NO": null, "D18O": 0.0, "W_DATE": null, "CDSAMP_NO": null, "CD_METHOD": null, "CD_DATE": 0, "CD_ERROR": 0, "REMARKS": null, "COLL_BY": null }, "geometry": { "type": "MultiPolygon", "coordinates": [ [ [ [ 110.517860668840044, -66.408914028524947 ], [ 110.517972807021181, -66.408941288967966 ], [ 110.518028094794246, -66.408977345091643 ], [ 110.518038858923589, -66.408999806682772 ], [ 110.518016036016931, -66.409022164538172 ], [ 110.518037305388106, -66.409080543928653 ], [ 110.517969699522055, -66.409102763458534 ], [ 110.517767917481493, -66.409115597043893 ], [ 110.517714737781574, -66.409115432697462 ], [ 110.517465632881596, -66.409114662622898 ], [ 110.517421022816677, -66.409105553336161 ], [ 110.51741034561654, -66.409078606300909 ], [ 110.517410950556382, -66.409047208486058 ], [ 110.517445574605887, -66.408993487525208 ], [ 110.517558654431468, -66.408935523459789 ], [ 110.517648565104324, -66.408917858723129 ], [ 110.51779834993792, -66.40891607880333 ], [ 110.517860668840044, -66.408914028524947 ] ] ] ] } },
{ "type": "Feature", "properties": { "AREA": 696.8828125, "PERIMETER": 120.112723817, "LKPG1_": 210, "LKPG1_ID": 244, "FEATURE": "LAKE", "DQI": 20, "SAMP_NO": null, "WSAMP_NO": null, "D18O": 0.0, "W_DATE": null, "CDSAMP_NO": null, "CD_METHOD": null, "CD_DATE": 0, "CD_ERROR": 0, "REMARKS": null, "COLL_BY": null }, "geometry": { "type": "MultiPolygon", "coordinates": [ [ [ [ 110.526841595946792, -66.409020017159648 ], [ 110.526905928853665, -66.409022455042049 ], [ 110.527285820797303, -66.409063977273973 ], [ 110.527419661659437, -66.40909129664189 ], [ 110.527419238520224, -66.409113723685039 ], [ 110.527261990209297, -66.409140161388407 ], [ 110.526903302533853, -66.40916150269949 ], [ 110.526436939762362, -66.409178030801513 ], [ 110.526334290697591, -66.409166505098739 ], [ 110.526276339926156, -66.409159600690444 ], [ 110.526220785340541, -66.409137003706576 ], [ 110.526232490133438, -66.409110125249967 ], [ 110.526413148486398, -66.409029931644298 ], [ 110.526480577087113, -66.409016679268163 ], [ 110.526648682067417, -66.409008217945171 ], [ 110.526841595946792, -66.409020017159648 ] ] ] ] } },
{ "type": "Feature", "properties": { "AREA": 645.9375, "PERIMETER": 110.17552501, "LKPG1_": 211, "LKPG1_ID": 42, "FEATURE": "LAKE", "DQI": 20, "SAMP_NO": null, "WSAMP_NO": null, "D18O": 0.0, "W_DATE": null, "CDSAMP_NO": null, "CD_METHOD": null, "CD_DATE": 0, "CD_ERROR": 0, "REMARKS": null, "COLL_BY": null }, "geometry": { "type": "MultiPolygon", "coordinates": [ [ [ [ 110.409149415067731, -66.409186221546321 ], [ 110.408841461037355, -66.409128983689897 ], [ 110.408770671825067, -66.409104044024417 ], [ 110.408733575165897, -66.409074746267081 ], [ 110.40876053506463, -66.409059148383108 ], [ 110.40911910857136, -66.409047049370727 ], [ 110.409433640053606, -66.409003382801913 ], [ 110.409724141128734, -66.409029153412703 ], [ 110.409746056462197, -66.409049422062694 ], [ 110.409766439241011, -66.409134727895847 ], [ 110.409653743854747, -66.409165701661436 ], [ 110.409418425775627, -66.409173782703007 ], [ 110.409328649794347, -66.409182414358455 ], [ 110.409149415067731, -66.409186221546321 ] ] ] ] } },
{ "type": "Feature", "properties": { "AREA": 331.703125, "PERIMETER": 74.8349030543, "LKPG1_": 212, "LKPG1_ID": 262, "FEATURE": "LAKE", "DQI": 20, "SAMP_NO": null, "WSAMP_NO": null, "D18O": 0.0, "W_DATE": null, "CDSAMP_NO": null, "CD_METHOD": null, "CD_DATE": 0, "CD_ERROR": 0, "REMARKS": null, "COLL_BY": null }, "geometry": { "type": "MultiPolygon", "coordinates": [ [ [ [ 110.619721212569218, -66.40989076765662 ], [ 110.619587130399495, -66.409872498354375 ], [ 110.619442124825454, -66.4098362597869 ], [ 110.619382217909575, -66.409818171173953 ], [ 110.619252812241029, -66.409768513591914 ], [ 110.619230965418083, -66.40973257526268 ], [ 110.619320875495021, -66.409710366473362 ], [ 110.619466425339297, -66.409710721458254 ], [ 110.619589242279886, -66.409733449034036 ], [ 110.619801015963588, -66.409796763915722 ], [ 110.619878640426109, -66.409846294920243 ], [ 110.619855771477987, -66.409877638609473 ], [ 110.619721212569218, -66.40989076765662 ] ] ] ] } },
{ "type": "Feature", "properties": { "AREA": 30371.4414063, "PERIMETER": 1055.73763358, "LKPG1_": 213, "LKPG1_ID": 58, "FEATURE": "LAKE", "DQI": 28, "SAMP_NO": "S87/142", "WSAMP_NO": "S87/12", "D18O": -15.1, "W_DATE": null, "CDSAMP_NO": "CDANU6507", "CD_METHOD": "C14", "CD_DATE": 6000, "CD_ERROR": 260, "REMARKS": "Holl Lake, shoreline sediment 30cm deep at 41m elev. S87/142 (Has 3 units 1: 0-2cm depth olive grey algal mat, 2: 2-12cm depth grey algal mud, 3: 12-30cm depth black gravelly mud) S87/143 (Same 3 units CD ANU 6507 corr 5300=5550)", "COLL_BY": "Goodwin" }, "geometry": { "type": "MultiPolygon", "coordinates": [ [ [ [ 110.412493149214853, -66.409447803666623 ], [ 110.41249540621898, -66.409441083581953 ], [ 110.412525215693307, -66.409423252921798 ], [ 110.412637803514798, -66.409396762407184 ], [ 110.412682691331469, -66.40939244563404 ], [ 110.412716383476166, -66.409388086714344 ], [ 110.412873122671897, -66.409388676511952 ], [ 110.412906604508322, -66.409393288202224 ], [ 110.412973778464604, -66.409393540910031 ], [ 110.413040847311223, -66.40939827891458 ], [ 110.413108126381587, -66.409394046238916 ], [ 110.413130517701674, -66.409394130449158 ], [ 110.413164209771125, -66.409389771432714 ], [ 110.413221028693201, -66.409354099325668 ], [ 110.41321077877511, -66.409313689295018 ], [ 110.413178768192338, -66.409246283108345 ], [ 110.413161468606489, -66.409208089423785 ], [ 110.413289307889585, -66.409217541565198 ], [ 110.413444768601735, -66.409242797449892 ], [ 110.413642911992653, -66.409357927979485 ], [ 110.413684282942469, -66.409414154933373 ], [ 110.413706761341629, -66.409470310895813 ], [ 110.413691244294213, -66.409535295545083 ], [ 110.413653038716106, -66.409553094878333 ], [ 110.413640477924673, -66.40961136204939 ], [ 110.413671335998885, -66.409638392318058 ], [ 110.413736096451146, -66.409652092788932 ], [ 110.413765590347481, -66.409647717870072 ], [ 110.41389152532625, -66.409708748140673 ], [ 110.413966694787263, -66.409756130511511 ], [ 110.414005582977168, -66.409798890888695 ], [ 110.414255410758784, -66.410008414803229 ], [ 110.414641309079727, -66.41020499159886 ], [ 110.414879475024918, -66.410344942079973 ], [ 110.415413270036851, -66.410411985530786 ], [ 110.416110883980238, -66.410506554479738 ], [ 110.416479730385632, -66.410534848406868 ], [ 110.416539753100423, -66.410541801408073 ], [ 110.416728061902532, -66.410569419650315 ], [ 110.416901028551436, -66.410594737480253 ], [ 110.417031696533599, -66.410633354265684 ], [ 110.417244424755083, -66.410634148792411 ], [ 110.417434343222581, -66.410652800752715 ], [ 110.417478606534573, -66.410675394572394 ], [ 110.417477354658018, -66.410729218513694 ], [ 110.417387471516889, -66.410742340129985 ], [ 110.417458430439737, -66.410760547898022 ], [ 110.417565151554385, -66.41080580341513 ], [ 110.417587231242351, -66.410819342972133 ], [ 110.417608685152388, -66.410859794496787 ], [ 110.41761894278919, -66.410900204235972 ], [ 110.41767429876765, -66.410927325110663 ], [ 110.417707574982146, -66.410940906428976 ], [ 110.417751839048975, -66.410963500170837 ], [ 110.417829483815794, -66.410995189863968 ], [ 110.417851563813329, -66.411008729383454 ], [ 110.417873748088482, -66.411017783571239 ], [ 110.417884631728441, -66.411031281321129 ], [ 110.417928791870537, -66.411058360341343 ], [ 110.418012601088705, -66.411125958672201 ], [ 110.41801638284025, -66.411143915644601 ], [ 110.418004873695651, -66.411157329875664 ], [ 110.418004561002633, -66.41117078586143 ], [ 110.417974753339195, -66.411188617565514 ], [ 110.417935922812148, -66.411233329915035 ], [ 110.417924413583165, -66.411246744139945 ], [ 110.417900978087602, -66.411291513900906 ], [ 110.417865407658809, -66.411376609848588 ], [ 110.417763178804321, -66.411439028524498 ], [ 110.417650482901507, -66.411470008055332 ], [ 110.417538099668775, -66.411487531520379 ], [ 110.417504509855007, -66.411487406150471 ], [ 110.417269276804632, -66.411491013686529 ], [ 110.417191109322587, -66.41148175035498 ], [ 110.417024204388113, -66.411436269783366 ], [ 110.416968743574458, -66.411413634007161 ], [ 110.416879797614044, -66.411386387379395 ], [ 110.416648106735011, -66.41129804999423 ], [ 110.416252930363328, -66.41119788652513 ], [ 110.415708161910061, -66.411090433458853 ], [ 110.415152520487879, -66.411059194949715 ], [ 110.414715650951976, -66.41106652855963 ], [ 110.414267007802849, -66.411098488214662 ], [ 110.413977755326272, -66.411137773776616 ], [ 110.413659793801443, -66.411147793765281 ], [ 110.413347850509325, -66.411139892851153 ], [ 110.413120583248627, -66.411042595370489 ], [ 110.413052777184134, -66.410979540280891 ], [ 110.412785973515994, -66.410926950800985 ], [ 110.412065757304504, -66.410841253282214 ], [ 110.411469840988474, -66.410767235541485 ], [ 110.411032722071198, -66.410696057765534 ], [ 110.410663812999886, -66.41064083638706 ], [ 110.410709334213266, -66.410490736613852 ], [ 110.410758250742845, -66.410464006992655 ], [ 110.410881221984368, -66.410412885465973 ], [ 110.411038442178238, -66.410393293155749 ], [ 110.411057982622083, -66.410395609762006 ], [ 110.411214728076217, -66.410396201229759 ], [ 110.41127081403063, -66.410391927106417 ], [ 110.411360593684833, -66.410383294337649 ], [ 110.411529483650014, -66.410343559806435 ], [ 110.411563282654896, -66.410334715813406 ], [ 110.411574531421508, -66.410332515368083 ], [ 110.411585832874309, -66.410328072259972 ], [ 110.41172160802283, -66.41026802691232 ], [ 110.411833101886657, -66.410198918491716 ], [ 110.411970659070604, -66.410152336810285 ], [ 110.412015653654592, -66.410143534906126 ], [ 110.412072107416719, -66.410123561858725 ], [ 110.412211815617255, -66.410074745210238 ], [ 110.412298026812493, -66.410039184139109 ], [ 110.412541296412101, -66.409990757179202 ], [ 110.412788484428575, -66.409924401703904 ], [ 110.412865229627343, -66.409904504725773 ], [ 110.413064169819123, -66.409806567237098 ], [ 110.413109376396619, -66.409699079960589 ], [ 110.4129388016093, -66.409601995358017 ], [ 110.41268723311201, -66.409527034362682 ], [ 110.412553131551363, -66.40948615811007 ], [ 110.412493149214853, -66.409447803666623 ] ], [ [ 110.41366167505258, -66.410140756702774 ], [ 110.413717970008236, -66.410127511047634 ], [ 110.413718704961923, -66.410096113767167 ], [ 110.413775314736156, -66.410069412113756 ], [ 110.413764538712542, -66.4100514287517 ], [ 110.413507661939718, -66.410023549227475 ], [ 110.413283322821044, -66.410040648819646 ], [ 110.413204635921403, -66.410053810121312 ], [ 110.413159326635309, -66.410076068344878 ], [ 110.413170207326161, -66.410089566423011 ], [ 110.413248158814341, -66.410107802416789 ], [ 110.413393601497418, -66.410112834923723 ], [ 110.413583303089453, -66.410140462217981 ], [ 110.41366167505258, -66.410140756702774 ] ] ] ] } },
{ "type": "Feature", "properties": { "AREA": 560.375, "PERIMETER": 99.433970257200002, "LKPG1_": 214, "LKPG1_ID": 263, "FEATURE": "LAKE", "DQI": 20, "SAMP_NO": null, "WSAMP_NO": null, "D18O": 0.0, "W_DATE": null, "CDSAMP_NO": null, "CD_METHOD": null, "CD_DATE": 0, "CD_ERROR": 0, "REMARKS": null, "COLL_BY": null }, "geometry": { "type": "MultiPolygon", "coordinates": [ [ [ [ 110.620818230657733, -66.41064702241313 ], [ 110.620594299416368, -66.410646478162136 ], [ 110.620449287904663, -66.410610240531369 ], [ 110.620304616809634, -66.410551575456495 ], [ 110.620249246297774, -66.410511070082919 ], [ 110.620172775429452, -66.410385286413543 ], [ 110.620195440391726, -66.410367399065777 ], [ 110.620274087464736, -66.410349647942155 ], [ 110.620407968749987, -66.410381373040579 ], [ 110.620641599414583, -66.410480624942124 ], [ 110.620864442793078, -66.410552936519707 ], [ 110.620897285529281, -66.41060235820359 ], [ 110.620818230657733, -66.41064702241313 ] ] ] ] } },
{ "type": "Feature", "properties": { "AREA": 1185.390625, "PERIMETER": 151.178042592, "LKPG1_": 216, "LKPG1_ID": 267, "FEATURE": "LAKE", "DQI": 20, "SAMP_NO": null, "WSAMP_NO": null, "D18O": 0.0, "W_DATE": null, "CDSAMP_NO": null, "CD_METHOD": null, "CD_DATE": 0, "CD_ERROR": 0, "REMARKS": null, "COLL_BY": null }, "geometry": { "type": "MultiPolygon", "coordinates": [ [ [ [ 110.642549008687553, -66.411608889810012 ], [ 110.642470949714706, -66.411586282908615 ], [ 110.642249764640425, -66.411392894410071 ], [ 110.642127816270346, -66.41130738804776 ], [ 110.642096260934238, -66.41131180130381 ], [ 110.642072024158992, -66.411293803241449 ], [ 110.641983154445498, -66.411244257580975 ], [ 110.641838493349852, -66.411181126979898 ], [ 110.641861271849194, -66.411154265536993 ], [ 110.641950846374485, -66.411154471070446 ], [ 110.642118926802695, -66.411145885362032 ], [ 110.642409851799471, -66.411160009095155 ], [ 110.642606491655556, -66.411209801349486 ], [ 110.642699369332334, -66.411272812687059 ], [ 110.642812701780528, -66.411324656736795 ], [ 110.642821255517589, -66.411362804076674 ], [ 110.642775060370084, -66.411461381965438 ], [ 110.642742001332721, -66.411571203958857 ], [ 110.642683500914629, -66.411600226554754 ], [ 110.642549008687553, -66.411608889810012 ] ] ] ] } },
{ "type": "Feature", "properties": { "AREA": 980.0, "PERIMETER": 180.24637257099999, "LKPG1_": 217, "LKPG1_ID": 49, "FEATURE": "LAKE", "DQI": 20, "SAMP_NO": null, "WSAMP_NO": null, "D18O": 0.0, "W_DATE": null, "CDSAMP_NO": null, "CD_METHOD": null, "CD_DATE": 0, "CD_ERROR": 0, "REMARKS": null, "COLL_BY": null }, "geometry": { "type": "MultiPolygon", "coordinates": [ [ [ [ 110.398794287738284, -66.41144784884662 ], [ 110.398761021127456, -66.411434263503949 ], [ 110.398818726535481, -66.411362714166088 ], [ 110.399011004632584, -66.411282711652206 ], [ 110.399280795909164, -66.411238893115879 ], [ 110.399416013874827, -66.4112035277318 ], [ 110.399619807818524, -66.411110111611393 ], [ 110.399688383859726, -66.411052060961822 ], [ 110.399734996894253, -66.410975982895579 ], [ 110.399780212229956, -66.410958213896549 ], [ 110.39981358625127, -66.410967313708724 ], [ 110.399958064007947, -66.411012726564593 ], [ 110.400191898469402, -66.411067454205593 ], [ 110.400191146524591, -66.411098851405384 ], [ 110.40010082329951, -66.411129904313626 ], [ 110.400044411462886, -66.411147630361768 ], [ 110.399830497197016, -66.411196150839629 ], [ 110.399639512624958, -66.411222330601987 ], [ 110.399571688731371, -66.411248984032852 ], [ 110.39949309840685, -66.411257653096882 ], [ 110.399425596938528, -66.41127085052328 ], [ 110.399390071351291, -66.411351456897691 ], [ 110.399288011781607, -66.41140489280896 ], [ 110.398984844355837, -66.411439611373567 ], [ 110.398794287738284, -66.41144784884662 ] ] ] ] } },
{ "type": "Feature", "properties": { "AREA": 44.625, "PERIMETER": 26.467879035799999, "LKPG1_": 218, "LKPG1_ID": 247, "FEATURE": "LAKE", "DQI": 20, "SAMP_NO": null, "WSAMP_NO": null, "D18O": 0.0, "W_DATE": null, "CDSAMP_NO": null, "CD_METHOD": null, "CD_DATE": 0, "CD_ERROR": 0, "REMARKS": null, "COLL_BY": null }, "geometry": { "type": "MultiPolygon", "coordinates": [ [ [ [ 110.52048414489407, -66.411689768819258 ], [ 110.520316191674738, -66.411689252681839 ], [ 110.520283202445881, -66.411657751615181 ], [ 110.520317050777081, -66.411644398656591 ], [ 110.520417908419319, -66.411640222957487 ], [ 110.520484831935605, -66.411653885598199 ], [ 110.520517907287413, -66.411680901219754 ], [ 110.52048414489407, -66.411689768819258 ] ] ] ] } },
{ "type": "Feature", "properties": { "AREA": 269.3125, "PERIMETER": 70.614951518200002, "LKPG1_": 219, "LKPG1_ID": 56, "FEATURE": "LAKE", "DQI": 20, "SAMP_NO": null, "WSAMP_NO": null, "D18O": 0.0, "W_DATE": null, "CDSAMP_NO": null, "CD_METHOD": null, "CD_DATE": 0, "CD_ERROR": 0, "REMARKS": null, "COLL_BY": null }, "geometry": { "type": "MultiPolygon", "coordinates": [ [ [ [ 110.418791872844338, -66.412467849223972 ], [ 110.419050393376338, -66.412426197468818 ], [ 110.419238255638433, -66.412413439519 ], [ 110.419408906242538, -66.4124185601775 ], [ 110.419486557612842, -66.412450249044937 ], [ 110.419474736729271, -66.412477119369299 ], [ 110.419429324631665, -66.412503864736081 ], [ 110.419238558503622, -66.412521097827394 ], [ 110.419014617109653, -66.412520264324911 ], [ 110.418914155712216, -66.412506433158384 ], [ 110.418791872844338, -66.412467849223972 ] ] ] ] } },
{ "type": "Feature", "properties": { "AREA": 3342.62890625, "PERIMETER": 239.19305361599999, "LKPG1_": 220, "LKPG1_ID": 50, "FEATURE": "LAKE", "DQI": 20, "SAMP_NO": null, "WSAMP_NO": null, "D18O": 0.0, "W_DATE": null, "CDSAMP_NO": null, "CD_METHOD": null, "CD_DATE": 0, "CD_ERROR": 0, "REMARKS": null, "COLL_BY": null }, "geometry": { "type": "MultiPolygon", "coordinates": [ [ [ [ 110.39413891711753, -66.413876810599135 ], [ 110.394122066418348, -66.413878988049646 ], [ 110.393630565608291, -66.413827736235874 ], [ 110.39338465297962, -66.413808837709581 ], [ 110.393189938392354, -66.413785652131978 ], [ 110.393162698631244, -66.413783303356411 ], [ 110.393038832189347, -66.413753664449303 ], [ 110.392917290000042, -66.41368590578125 ], [ 110.392808033535616, -66.413573337515501 ], [ 110.392809447357862, -66.413515028527868 ], [ 110.392843909733671, -66.413479276760441 ], [ 110.392945665316887, -66.413439301015103 ], [ 110.393102864113629, -66.413421969460259 ], [ 110.393897881037518, -66.413425058948533 ], [ 110.394199885956013, -66.413439688685443 ], [ 110.394311317830002, -66.413462549822853 ], [ 110.394333387265064, -66.413476092656907 ], [ 110.394621701699236, -66.41359384020835 ], [ 110.394966981939717, -66.41367143650578 ], [ 110.394988835181707, -66.413693949864069 ], [ 110.394920999641585, -66.413720601256657 ], [ 110.394404501934929, -66.413776912453613 ], [ 110.394325576441076, -66.413799034829026 ], [ 110.394280026623505, -66.413830258157873 ], [ 110.394234368190382, -66.413865966780932 ], [ 110.39413891711753, -66.413876810599135 ] ] ] ] } },
{ "type": "Feature", "properties": { "AREA": 481.75, "PERIMETER": 83.463040091500005, "LKPG1_": 221, "LKPG1_ID": 54, "FEATURE": "LAKE", "DQI": 20, "SAMP_NO": null, "WSAMP_NO": null, "D18O": 0.0, "W_DATE": null, "CDSAMP_NO": null, "CD_METHOD": null, "CD_DATE": 0, "CD_ERROR": 0, "REMARKS": null, "COLL_BY": null }, "geometry": { "type": "MultiPolygon", "coordinates": [ [ [ [ 110.419758324069321, -66.41377005997019 ], [ 110.41976723527678, -66.413868778825986 ], [ 110.419744216332234, -66.413895607535594 ], [ 110.419642605553179, -66.413931115448293 ], [ 110.419602013886006, -66.413930964503308 ], [ 110.419530628541622, -66.4139306990227 ], [ 110.419340891663637, -66.413903078946475 ], [ 110.419285319283844, -66.41388492932343 ], [ 110.419297973143514, -66.413822176394333 ], [ 110.419412861438985, -66.413697003796713 ], [ 110.419514055699509, -66.413679437345451 ], [ 110.419559261914245, -66.413661662616292 ], [ 110.419626447399253, -66.413661912468456 ], [ 110.419758324069321, -66.41377005997019 ] ] ] ] } },
{ "type": "Feature", "properties": { "AREA": 1188.015625, "PERIMETER": 132.33275194699999, "LKPG1_": 222, "LKPG1_ID": 266, "FEATURE": "LAKE", "DQI": 20, "SAMP_NO": null, "WSAMP_NO": null, "D18O": 0.0, "W_DATE": null, "CDSAMP_NO": null, "CD_METHOD": null, "CD_DATE": 0, "CD_ERROR": 0, "REMARKS": null, "COLL_BY": null }, "geometry": { "type": "MultiPolygon", "coordinates": [ [ [ [ 110.67118449237924, -66.414731034658416 ], [ 110.670815415289866, -66.414694371822094 ], [ 110.670592567741494, -66.41460867510358 ], [ 110.670434694093032, -66.414532086487284 ], [ 110.670414692248698, -66.414509616209173 ], [ 110.670415695863227, -66.414433362982905 ], [ 110.670471982568898, -66.414411053787319 ], [ 110.670572826325284, -66.414406781056002 ], [ 110.67083021042707, -66.414420780913844 ], [ 110.67115454910325, -66.414452863861683 ], [ 110.671388948726417, -66.414511670451404 ], [ 110.671466689859045, -66.414561175798596 ], [ 110.671477240924673, -66.414610539697037 ], [ 110.671420366099198, -66.414677704097201 ], [ 110.671330307712537, -66.414713399346482 ], [ 110.67118449237924, -66.414731034658416 ] ] ] ] } },
{ "type": "Feature", "properties": { "AREA": 226.75, "PERIMETER": 65.1536993303, "LKPG1_": 223, "LKPG1_ID": 55, "FEATURE": "LAKE", "DQI": 20, "SAMP_NO": null, "WSAMP_NO": null, "D18O": 0.0, "W_DATE": null, "CDSAMP_NO": null, "CD_METHOD": null, "CD_DATE": 0, "CD_ERROR": 0, "REMARKS": null, "COLL_BY": null }, "geometry": { "type": "MultiPolygon", "coordinates": [ [ [ [ 110.415581922187513, -66.414220991757219 ], [ 110.415392396916275, -66.414184396233779 ], [ 110.415192512406165, -66.414111875925826 ], [ 110.415159861882643, -66.414071382126963 ], [ 110.415216060148794, -66.414062621268513 ], [ 110.415562038948835, -66.414113260097992 ], [ 110.415640318703609, -66.414118038922794 ], [ 110.415695784293021, -66.414140675166635 ], [ 110.415717237968138, -66.41418112693384 ], [ 110.415671714100171, -66.414212356521304 ], [ 110.415581922187513, -66.414220991757219 ] ] ] ] } },
{ "type": "Feature", "properties": { "AREA": 1565.890625, "PERIMETER": 170.859407581, "LKPG1_": 224, "LKPG1_ID": 51, "FEATURE": "LAKE", "DQI": 20, "SAMP_NO": null, "WSAMP_NO": null, "D18O": 0.0, "W_DATE": null, "CDSAMP_NO": null, "CD_METHOD": null, "CD_DATE": 0, "CD_ERROR": 0, "REMARKS": null, "COLL_BY": null }, "geometry": { "type": "MultiPolygon", "coordinates": [ [ [ [ 110.398457143313621, -66.415228017362764 ], [ 110.39839006164739, -66.415223273084607 ], [ 110.398379725541886, -66.415187347437481 ], [ 110.398621351544094, -66.414919135073603 ], [ 110.398701246151404, -66.414856642731408 ], [ 110.398871263103189, -66.414772068850681 ], [ 110.399164349264339, -66.414692454330563 ], [ 110.399288065277545, -66.414670501912568 ], [ 110.39941124318085, -66.414670975953982 ], [ 110.399466587725342, -66.414698103264669 ], [ 110.399498138032257, -66.414783453439725 ], [ 110.399360211110164, -66.414930951648955 ], [ 110.399235202530861, -66.415006727857062 ], [ 110.39886647133504, -66.415146608486225 ], [ 110.398715456756051, -66.415197612630124 ], [ 110.398457143313621, -66.415228017362764 ] ] ] ] } },
{ "type": "Feature", "properties": { "AREA": 241.53125, "PERIMETER": 64.283046420999995, "LKPG1_": 225, "LKPG1_ID": 52, "FEATURE": "LAKE", "DQI": 20, "SAMP_NO": null, "WSAMP_NO": null, "D18O": 0.0, "W_DATE": null, "CDSAMP_NO": null, "CD_METHOD": null, "CD_DATE": 0, "CD_ERROR": 0, "REMARKS": null, "COLL_BY": null }, "geometry": { "type": "MultiPolygon", "coordinates": [ [ [ [ 110.403150919573477, -66.415174265385488 ], [ 110.403095035374761, -66.415169565950578 ], [ 110.402972496596604, -66.415142182929586 ], [ 110.402806021082981, -66.415078745918748 ], [ 110.40278405262849, -66.415060718967212 ], [ 110.402757456968629, -66.415060617199998 ], [ 110.402704047223153, -66.415040227060516 ], [ 110.402729238616658, -66.41501116626074 ], [ 110.402975704876567, -66.415007623503072 ], [ 110.40315380616866, -66.4150531618983 ], [ 110.403186545442694, -66.415089172875454 ], [ 110.403196140083963, -66.41515649541013 ], [ 110.403150919573477, -66.415174265385488 ] ] ] ] } },
{ "type": "Feature", "properties": { "AREA": 257.9453125, "PERIMETER": 71.914357189599997, "LKPG1_": 226, "LKPG1_ID": 53, "FEATURE": "LAKE", "DQI": 20, "SAMP_NO": null, "WSAMP_NO": null, "D18O": 0.0, "W_DATE": null, "CDSAMP_NO": null, "CD_METHOD": null, "CD_DATE": 0, "CD_ERROR": 0, "REMARKS": null, "COLL_BY": null }, "geometry": { "type": "MultiPolygon", "coordinates": [ [ [ [ 110.39391431844281, -66.41523287148047 ], [ 110.393887939785316, -66.415223797588453 ], [ 110.393866629078204, -66.415178857546891 ], [ 110.393956866086839, -66.415152293586402 ], [ 110.394024163806506, -66.415148069155535 ], [ 110.394136688375582, -66.415126077349797 ], [ 110.394282481772038, -66.415117671762488 ], [ 110.394440015605682, -66.41508688295049 ], [ 110.394484591348103, -66.415096027346721 ], [ 110.394508056985472, -66.415138732796962 ], [ 110.394460351053155, -66.415172190679598 ], [ 110.394381312722587, -66.415198798383145 ], [ 110.394224212155237, -66.415211645907121 ], [ 110.394056021740255, -66.415219964491783 ], [ 110.39391431844281, -66.41523287148047 ] ] ] ] } },
{ "type": "Feature", "properties": { "AREA": 404.421875, "PERIMETER": 80.586619962900002, "LKPG1_": 227, "LKPG1_ID": 17, "FEATURE": "LAKE", "DQI": 20, "SAMP_NO": null, "WSAMP_NO": null, "D18O": 0.0, "W_DATE": null, "CDSAMP_NO": null, "CD_METHOD": null, "CD_DATE": 0, "CD_ERROR": 0, "REMARKS": null, "COLL_BY": null }, "geometry": { "type": "MultiPolygon", "coordinates": [ [ [ [ 110.403108950111331, -66.417874509762854 ], [ 110.403042074355753, -66.41786079685447 ], [ 110.402964747963338, -66.417815643893178 ], [ 110.402921340901599, -66.417757163477646 ], [ 110.402944381429165, -66.417730337278996 ], [ 110.403023418682636, -66.417703725247264 ], [ 110.403270873535405, -66.41765981422904 ], [ 110.40346147599125, -66.417651571329955 ], [ 110.403528458275545, -66.417660798745629 ], [ 110.40354106293556, -66.41769000410072 ], [ 110.403414541122473, -66.417741106382138 ], [ 110.403345741541898, -66.417808129237855 ], [ 110.403255504885948, -66.417834698617398 ], [ 110.403210065742655, -66.417861439225902 ], [ 110.403108950111331, -66.417874509762854 ] ] ] ] } },
{ "type": "Feature", "properties": { "AREA": 79.3125, "PERIMETER": 34.668507383200001, "LKPG1_": 228, "LKPG1_ID": 18, "FEATURE": "LAKE", "DQI": 20, "SAMP_NO": null, "WSAMP_NO": null, "D18O": 0.0, "W_DATE": null, "CDSAMP_NO": null, "CD_METHOD": null, "CD_DATE": 0, "CD_ERROR": 0, "REMARKS": null, "COLL_BY": null }, "geometry": { "type": "MultiPolygon", "coordinates": [ [ [ [ 110.393355782579619, -66.417774109271846 ], [ 110.393311419862229, -66.417755993943729 ], [ 110.393301524772141, -66.417702126757774 ], [ 110.393347408916, -66.417657447821782 ], [ 110.393381115534325, -66.417653093092156 ], [ 110.393458641441285, -66.41768928017855 ], [ 110.393480062188743, -66.41772973495749 ], [ 110.393456739874708, -66.417767773013466 ], [ 110.393355782579619, -66.417774109271846 ] ] ] ] } },
{ "type": "Feature", "properties": { "AREA": 846.125, "PERIMETER": 106.517366333, "LKPG1_": 229, "LKPG1_ID": 16, "FEATURE": "LAKE", "DQI": 20, "SAMP_NO": null, "WSAMP_NO": null, "D18O": 0.0, "W_DATE": null, "CDSAMP_NO": null, "CD_METHOD": null, "CD_DATE": 0, "CD_ERROR": 0, "REMARKS": null, "COLL_BY": null }, "geometry": { "type": "MultiPolygon", "coordinates": [ [ [ [ 110.408037214713175, -66.419292821522689 ], [ 110.407824837653138, -66.419274073130367 ], [ 110.407690861323445, -66.419255621952871 ], [ 110.407647122355499, -66.419210598799609 ], [ 110.407717081550203, -66.419094235581724 ], [ 110.407785236381713, -66.419054122699606 ], [ 110.407920166395627, -66.419032205952476 ], [ 110.408177765472331, -66.419033182807041 ], [ 110.408366892843773, -66.419087728352224 ], [ 110.408455220952391, -66.419141891715611 ], [ 110.408453207298521, -66.419227112725025 ], [ 110.408306228571718, -66.419284870007786 ], [ 110.408037214713175, -66.419292821522689 ] ] ] ] } },
{ "type": "Feature", "properties": { "AREA": 317.9921875, "PERIMETER": 76.434382438200004, "LKPG1_": 230, "LKPG1_ID": 15, "FEATURE": "LAKE", "DQI": 20, "SAMP_NO": null, "WSAMP_NO": null, "D18O": 0.0, "W_DATE": null, "CDSAMP_NO": null, "CD_METHOD": null, "CD_DATE": 0, "CD_ERROR": 0, "REMARKS": null, "COLL_BY": null }, "geometry": { "type": "MultiPolygon", "coordinates": [ [ [ [ 110.40536814106774, -66.420076649375531 ], [ 110.405430717327206, -66.420094830604512 ], [ 110.405619953202518, -66.420144894158469 ], [ 110.405652915629076, -66.420171933975269 ], [ 110.405506457472683, -66.420207262039156 ], [ 110.405259727241017, -66.420219779379934 ], [ 110.405080626073314, -66.420214611205154 ], [ 110.404968987333021, -66.420169328515044 ], [ 110.404958593512845, -66.42016480317686 ], [ 110.404925631846226, -66.420137763213987 ], [ 110.40498195391234, -66.420124520747081 ], [ 110.40519486889022, -66.420120846443282 ], [ 110.405251297336534, -66.420103118565933 ], [ 110.40536814106774, -66.420076649375531 ] ] ] ] } },
{ "type": "Feature", "properties": { "AREA": 344.25, "PERIMETER": 100.200135085, "LKPG1_": 231, "LKPG1_ID": 13, "FEATURE": "LAKE", "DQI": 20, "SAMP_NO": null, "WSAMP_NO": null, "D18O": 0.0, "W_DATE": null, "CDSAMP_NO": null, "CD_METHOD": null, "CD_DATE": 0, "CD_ERROR": 0, "REMARKS": null, "COLL_BY": null }, "geometry": { "type": "MultiPolygon", "coordinates": [ [ [ [ 110.404004086632227, -66.420735333973084 ], [ 110.404192577208605, -66.420816796436981 ], [ 110.404481769394579, -66.420903128574096 ], [ 110.404525505608973, -66.420948152602449 ], [ 110.404480382262633, -66.420961437630737 ], [ 110.404257006416969, -66.4209336710271 ], [ 110.404145211917879, -66.42092427291729 ], [ 110.404078327453078, -66.420910560451887 ], [ 110.404090702739992, -66.420861264779589 ], [ 110.404046753899891, -66.420825211253103 ], [ 110.40386775546979, -66.420815556372503 ], [ 110.40370091949724, -66.420765576268195 ], [ 110.403712974937292, -66.420729736560006 ], [ 110.40378049968065, -66.420716537312188 ], [ 110.404004086632227, -66.420735333973084 ] ] ] ] } },
{ "type": "Feature", "properties": { "AREA": 445.8984375, "PERIMETER": 79.882633789300002, "LKPG1_": 232, "LKPG1_ID": 14, "FEATURE": "LAKE", "DQI": 20, "SAMP_NO": null, "WSAMP_NO": null, "D18O": 0.0, "W_DATE": null, "CDSAMP_NO": null, "CD_METHOD": null, "CD_DATE": 0, "CD_ERROR": 0, "REMARKS": null, "COLL_BY": null }, "geometry": { "type": "MultiPolygon", "coordinates": [ [ [ [ 110.404915188227363, -66.421048324369394 ], [ 110.404759442789015, -66.421002873404547 ], [ 110.404715386076589, -66.42097130537833 ], [ 110.404772989934088, -66.420904239242702 ], [ 110.404796457973134, -66.420859471532893 ], [ 110.404864089130967, -66.42084178650407 ], [ 110.404976096760748, -66.420842213474103 ], [ 110.405176751308474, -66.420883349631524 ], [ 110.405342951730191, -66.420960240037004 ], [ 110.405346938941548, -66.420969226662422 ], [ 110.405355719970601, -66.420982717266838 ], [ 110.405330791960125, -66.421000565184315 ], [ 110.405252172988554, -66.421009237116778 ], [ 110.4051284308335, -66.421031194225264 ], [ 110.404915188227363, -66.421048324369394 ] ] ] ] } },
{ "type": "Feature", "properties": { "AREA": 104.125, "PERIMETER": 39.7604740811, "LKPG1_": 233, "LKPG1_ID": 19, "FEATURE": "LAKE", "DQI": 20, "SAMP_NO": null, "WSAMP_NO": null, "D18O": 0.0, "W_DATE": null, "CDSAMP_NO": null, "CD_METHOD": null, "CD_DATE": 0, "CD_ERROR": 0, "REMARKS": null, "COLL_BY": null }, "geometry": { "type": "MultiPolygon", "coordinates": [ [ [ [ 110.399953966053999, -66.420997933399406 ], [ 110.39985348124786, -66.420984089961934 ], [ 110.399798014876154, -66.420961448108073 ], [ 110.399742871259065, -66.420925350309972 ], [ 110.399732530894966, -66.420889424775609 ], [ 110.399766455856849, -66.420876098054961 ], [ 110.399822567232818, -66.420871828070517 ], [ 110.399911743278224, -66.420890113780146 ], [ 110.399977765324437, -66.420939710496 ], [ 110.399987783537739, -66.420989091939163 ], [ 110.399953966053999, -66.420997933399406 ] ] ] ] } },
{ "type": "Feature", "properties": { "AREA": 257.4921875, "PERIMETER": 80.557708105800003, "LKPG1_": 234, "LKPG1_ID": 20, "FEATURE": "LAKE", "DQI": 20, "SAMP_NO": null, "WSAMP_NO": null, "D18O": 0.0, "W_DATE": null, "CDSAMP_NO": null, "CD_METHOD": null, "CD_DATE": 0, "CD_ERROR": 0, "REMARKS": null, "COLL_BY": null }, "geometry": { "type": "MultiPolygon", "coordinates": [ [ [ [ 110.404712187595379, -66.421576865215783 ], [ 110.404667276557916, -66.421581179672543 ], [ 110.404477818336417, -66.421540085589868 ], [ 110.404076715243193, -66.421448840598757 ], [ 110.404043432495499, -66.421435256387838 ], [ 110.404032872180721, -66.42140830175893 ], [ 110.404055914896148, -66.421381475410399 ], [ 110.404145949977405, -66.421363876212013 ], [ 110.404246545439904, -66.421373231577093 ], [ 110.404387324102899, -66.421429840242183 ], [ 110.404657035532608, -66.421540769150326 ], [ 110.404712187595379, -66.421576865215783 ] ] ] ] } },
{ "type": "Feature", "properties": { "AREA": 370.3125, "PERIMETER": 75.837920112099994, "LKPG1_": 235, "LKPG1_ID": 21, "FEATURE": "LAKE", "DQI": 20, "SAMP_NO": null, "WSAMP_NO": null, "D18O": 0.0, "W_DATE": null, "CDSAMP_NO": null, "CD_METHOD": null, "CD_DATE": 0, "CD_ERROR": 0, "REMARKS": null, "COLL_BY": null }, "geometry": { "type": "MultiPolygon", "coordinates": [ [ [ [ 110.405687641107932, -66.421540210317787 ], [ 110.405318005591724, -66.421538802689071 ], [ 110.405105824725155, -66.42151107996591 ], [ 110.405083848989321, -66.421493053347675 ], [ 110.405152867261179, -66.421417059137013 ], [ 110.405209192088805, -66.421403816592289 ], [ 110.405343817371616, -66.421395358026743 ], [ 110.405489217475335, -66.421404883252151 ], [ 110.405634191697089, -66.421432349593005 ], [ 110.405744924242001, -66.421486599765643 ], [ 110.4057481663326, -66.421526983569592 ], [ 110.405687641107932, -66.421540210317787 ] ] ] ] } },
{ "type": "Feature", "properties": { "AREA": 206.875, "PERIMETER": 73.118489377200007, "LKPG1_": 236, "LKPG1_ID": 30, "FEATURE": "LAKE", "DQI": 20, "SAMP_NO": null, "WSAMP_NO": null, "D18O": 0.0, "W_DATE": null, "CDSAMP_NO": null, "CD_METHOD": null, "CD_DATE": 0, "CD_ERROR": 0, "REMARKS": null, "COLL_BY": null }, "geometry": { "type": "MultiPolygon", "coordinates": [ [ [ [ 110.399841901978419, -66.422401533356449 ], [ 110.399742379633949, -66.422347322079162 ], [ 110.399619594273659, -66.422328907042754 ], [ 110.399598159698868, -66.422288453120245 ], [ 110.399532457647766, -66.422225400328642 ], [ 110.399511668897048, -66.422158034550165 ], [ 110.399534501958712, -66.422140179490299 ], [ 110.399623789886149, -66.422153980057274 ], [ 110.39972374145205, -66.422190250181075 ], [ 110.399778780268079, -66.422230833289561 ], [ 110.399789443893496, -66.42225330289277 ], [ 110.39976661090995, -66.422271157989726 ], [ 110.3997548717375, -66.422293541459126 ], [ 110.399788045742397, -66.422311611889384 ], [ 110.399865380248826, -66.422356766404164 ], [ 110.399886922846704, -66.422392734982537 ], [ 110.399841901978419, -66.422401533356449 ] ] ] ] } },
{ "type": "Feature", "properties": { "AREA": 951.75, "PERIMETER": 120.631141884, "LKPG1_": 237, "LKPG1_ID": 31, "FEATURE": "LAKE", "DQI": 20, "SAMP_NO": null, "WSAMP_NO": null, "D18O": 0.0, "W_DATE": null, "CDSAMP_NO": null, "CD_METHOD": null, "CD_DATE": 0, "CD_ERROR": 0, "REMARKS": null, "COLL_BY": null }, "geometry": { "type": "MultiPolygon", "coordinates": [ [ [ [ 110.401310195088143, -66.42283780013409 ], [ 110.401120410952714, -66.422810157905715 ], [ 110.401042750798894, -66.42277845993712 ], [ 110.40090886810269, -66.422755517629142 ], [ 110.400875585343073, -66.422741932745112 ], [ 110.400787153614075, -66.422692250429023 ], [ 110.400776596282611, -66.422665295586427 ], [ 110.400756448092693, -66.422571018126419 ], [ 110.400790911653132, -66.42253526464691 ], [ 110.400792414854308, -66.422472470333133 ], [ 110.400860053196169, -66.422454787047897 ], [ 110.401061679777271, -66.422455560716443 ], [ 110.401184252222407, -66.42248294523651 ], [ 110.401249959110444, -66.422545997334396 ], [ 110.401438025290872, -66.422645404342362 ], [ 110.401458605119672, -66.422721740481251 ], [ 110.401456460048863, -66.422811446651636 ], [ 110.401411224452218, -66.422829216094442 ], [ 110.401310195088143, -66.42283780013409 ] ] ] ] } },
{ "type": "Feature", "properties": { "AREA": 154.203125, "PERIMETER": 59.5755063139, "LKPG1_": 238, "LKPG1_ID": 34, "FEATURE": "LAKE", "DQI": 20, "SAMP_NO": null, "WSAMP_NO": null, "D18O": 0.0, "W_DATE": null, "CDSAMP_NO": null, "CD_METHOD": null, "CD_DATE": 0, "CD_ERROR": 0, "REMARKS": null, "COLL_BY": null }, "geometry": { "type": "MultiPolygon", "coordinates": [ [ [ [ 110.398656052074131, -66.422800685000894 ], [ 110.398624709141387, -66.42279383568733 ], [ 110.398645928022461, -66.422755788791363 ], [ 110.398669947529811, -66.422688595491408 ], [ 110.39871723195084, -66.422585606023119 ], [ 110.398751375230063, -66.422563308915258 ], [ 110.398806844196187, -66.422585951138245 ], [ 110.398850249962152, -66.422644432660633 ], [ 110.398826985053788, -66.422680228844271 ], [ 110.398826123256825, -66.422716111295486 ], [ 110.398780024103814, -66.422769762425773 ], [ 110.398723477321838, -66.422791973256295 ], [ 110.398656052074131, -66.422800685000894 ] ] ] ] } },
{ "type": "Feature", "properties": { "AREA": 245.375, "PERIMETER": 76.34536903, "LKPG1_": 239, "LKPG1_ID": 33, "FEATURE": "LAKE", "DQI": 20, "SAMP_NO": null, "WSAMP_NO": null, "D18O": 0.0, "W_DATE": null, "CDSAMP_NO": null, "CD_METHOD": null, "CD_DATE": 0, "CD_ERROR": 0, "REMARKS": null, "COLL_BY": null }, "geometry": { "type": "MultiPolygon", "coordinates": [ [ [ [ 110.401834592660904, -66.423014753296712 ], [ 110.401788114203669, -66.422996632331433 ], [ 110.401823541580697, -66.422920510847007 ], [ 110.401767747545051, -66.42291132562039 ], [ 110.401666610753793, -66.422924395199104 ], [ 110.401554486637494, -66.422928451156409 ], [ 110.401532404980955, -66.42291490935105 ], [ 110.401532833944131, -66.42289696811703 ], [ 110.401622983473018, -66.422874885073909 ], [ 110.401825149407088, -66.422853231215768 ], [ 110.401892359347585, -66.422853488719511 ], [ 110.402048646807543, -66.422876515993821 ], [ 110.402070300132408, -66.422907998962202 ], [ 110.402058669864601, -66.422925897295372 ], [ 110.40203594503329, -66.422939267414492 ], [ 110.402057705543143, -66.422966265075516 ], [ 110.402068371525289, -66.422988734522633 ], [ 110.40201214862644, -66.422997490618812 ], [ 110.401834592660904, -66.423014753296712 ] ] ] ] } },
{ "type": "Feature", "properties": { "AREA": 66.875, "PERIMETER": 32.226138834099999, "LKPG1_": 240, "LKPG1_ID": 32, "FEATURE": "LAKE", "DQI": 20, "SAMP_NO": null, "WSAMP_NO": null, "D18O": 0.0, "W_DATE": null, "CDSAMP_NO": null, "CD_METHOD": null, "CD_DATE": 0, "CD_ERROR": 0, "REMARKS": null, "COLL_BY": null }, "geometry": { "type": "MultiPolygon", "coordinates": [ [ [ [ 110.400463088464093, -66.423126121118301 ], [ 110.400341265850912, -66.423067338880628 ], [ 110.40034169567096, -66.423049397650871 ], [ 110.400543541860046, -66.423041201377075 ], [ 110.400576932249109, -66.423050301023878 ], [ 110.400553347177393, -66.42309955338726 ], [ 110.40050800299376, -66.423121807874409 ], [ 110.400463088464093, -66.423126121118301 ] ] ] ] } },
{ "type": "Feature", "properties": { "AREA": 3933.640625, "PERIMETER": 290.94578399300002, "LKPG1_": 241, "LKPG1_ID": 29, "FEATURE": "LAKE", "DQI": 20, "SAMP_NO": null, "WSAMP_NO": null, "D18O": 0.0, "W_DATE": null, "CDSAMP_NO": null, "CD_METHOD": null, "CD_DATE": 0, "CD_ERROR": 0, "REMARKS": null, "COLL_BY": null }, "geometry": { "type": "MultiPolygon", "coordinates": [ [ [ [ 110.403642964386307, -66.423550986290635 ], [ 110.403597750766806, -66.423685385117594 ], [ 110.40351751942427, -66.423761335812401 ], [ 110.403369647327523, -66.423854970862138 ], [ 110.403278212605571, -66.423930878621761 ], [ 110.403186884278213, -66.424002301017509 ], [ 110.402893273720721, -66.424099864161136 ], [ 110.402645219250502, -66.424166201040833 ], [ 110.40240911537488, -66.424201183244449 ], [ 110.402184963031658, -66.424204810827234 ], [ 110.402129273142563, -66.424191140420859 ], [ 110.402115538179828, -66.424179873526754 ], [ 110.402096309252755, -66.424164099872968 ], [ 110.402130880244343, -66.424123860796911 ], [ 110.402109761515462, -66.4240699512996 ], [ 110.402074375946654, -66.424056358627993 ], [ 110.402065917069322, -66.424029411920017 ], [ 110.401910587007478, -66.423966016887505 ], [ 110.401900135115042, -66.42393457681581 ], [ 110.401968419639346, -66.423889981206656 ], [ 110.401981443571344, -66.423813773874585 ], [ 110.401904207931793, -66.423764135102118 ], [ 110.401893863310804, -66.42372820972092 ], [ 110.402073953273259, -66.423693013791109 ], [ 110.40216356953816, -66.423693356982369 ], [ 110.402219472583369, -66.423698056759378 ], [ 110.402286899016474, -66.42368934347769 ], [ 110.402376622365253, -66.423685201237959 ], [ 110.402533022528246, -66.423703742720249 ], [ 110.402689744036408, -66.423708828119118 ], [ 110.402757705462307, -66.423677688089001 ], [ 110.40274541981492, -66.423635026764387 ], [ 110.402692741071178, -66.423583239466609 ], [ 110.402648254264179, -66.423569612102355 ], [ 110.402593100803358, -66.423533515315981 ], [ 110.402584147006976, -66.423439280961304 ], [ 110.402629168783093, -66.42343048179842 ], [ 110.402729771976169, -66.423439838144034 ], [ 110.402953703415292, -66.423445180392349 ], [ 110.403031849445838, -66.423456693518631 ], [ 110.403075854909574, -66.423490504666205 ], [ 110.403142424844503, -66.42351767348957 ], [ 110.403310133422806, -66.423531771708994 ], [ 110.403579194308747, -66.423523828378904 ], [ 110.403645978610228, -66.423542026368281 ], [ 110.403642964386307, -66.423550986290635 ] ] ] ] } },
{ "type": "Feature", "properties": { "AREA": 172.625, "PERIMETER": 50.196204175600002, "LKPG1_": 242, "LKPG1_ID": 28, "FEATURE": "LAKE", "DQI": 20, "SAMP_NO": null, "WSAMP_NO": null, "D18O": 0.0, "W_DATE": null, "CDSAMP_NO": null, "CD_METHOD": null, "CD_DATE": 0, "CD_ERROR": 0, "REMARKS": null, "COLL_BY": null }, "geometry": { "type": "MultiPolygon", "coordinates": [ [ [ [ 110.406670762304259, -66.424015579905273 ], [ 110.406581357495867, -66.424006268676351 ], [ 110.406514676170985, -66.423983586629319 ], [ 110.406448314062914, -66.423947448618165 ], [ 110.406538782102075, -66.423911906803355 ], [ 110.406573451948418, -66.423867181424924 ], [ 110.406607164645109, -66.423862823847259 ], [ 110.406741058504153, -66.423885761273326 ], [ 110.406818410419731, -66.423930912347146 ], [ 110.406761336584125, -66.423975552649679 ], [ 110.406738294365766, -66.424002379388952 ], [ 110.406670762304259, -66.424015579905273 ] ] ] ] } },
{ "type": "Feature", "properties": { "AREA": 82.875, "PERIMETER": 35.229267265300003, "LKPG1_": 243, "LKPG1_ID": 27, "FEATURE": "LAKE", "DQI": 20, "SAMP_NO": null, "WSAMP_NO": null, "D18O": 0.0, "W_DATE": null, "CDSAMP_NO": null, "CD_METHOD": null, "CD_DATE": 0, "CD_ERROR": 0, "REMARKS": null, "COLL_BY": null }, "geometry": { "type": "MultiPolygon", "coordinates": [ [ [ [ 110.407066603205791, -66.424331083850234 ], [ 110.406933450627619, -66.424276749518043 ], [ 110.406934300866055, -66.42424086702114 ], [ 110.406979535104554, -66.424223095980338 ], [ 110.407080355627599, -66.424223478900657 ], [ 110.407124633522756, -66.424246075627991 ], [ 110.407124102294446, -66.424268502189335 ], [ 110.407145656960694, -66.424304469765801 ], [ 110.407133923422819, -66.424326853788187 ], [ 110.407066603205791, -66.424331083850234 ] ] ] ] } },
{ "type": "Feature", "properties": { "AREA": 72.25, "PERIMETER": 36.087989450400002, "LKPG1_": 244, "LKPG1_ID": 35, "FEATURE": "LAKE", "DQI": 20, "SAMP_NO": null, "WSAMP_NO": null, "D18O": 0.0, "W_DATE": null, "CDSAMP_NO": null, "CD_METHOD": null, "CD_DATE": 0, "CD_ERROR": 0, "REMARKS": null, "COLL_BY": null }, "geometry": { "type": "MultiPolygon", "coordinates": [ [ [ [ 110.400746631150625, -66.425320726460996 ], [ 110.400702357125468, -66.42529812793093 ], [ 110.400669715548645, -66.425257631166403 ], [ 110.400693624653115, -66.425194922880991 ], [ 110.400736657141366, -66.425181630899317 ], [ 110.400772043570413, -66.425195223872791 ], [ 110.400782601951676, -66.425222178707727 ], [ 110.40082633901882, -66.425267203748021 ], [ 110.400825479982174, -66.425303086200373 ], [ 110.400746631150625, -66.425320726460996 ] ] ] ] } },
{ "type": "Feature", "properties": { "AREA": 39.61328125, "PERIMETER": 23.906599656499999, "LKPG1_": 245, "LKPG1_ID": 40, "FEATURE": "LAKE", "DQI": 20, "SAMP_NO": null, "WSAMP_NO": null, "D18O": 0.0, "W_DATE": null, "CDSAMP_NO": null, "CD_METHOD": null, "CD_DATE": 0, "CD_ERROR": 0, "REMARKS": null, "COLL_BY": null }, "geometry": { "type": "MultiPolygon", "coordinates": [ [ [ [ 110.419925087536143, -66.425424558158866 ], [ 110.419871433768705, -66.425413144539831 ], [ 110.419856809638731, -66.425379447390142 ], [ 110.419881523745516, -66.425370567803 ], [ 110.420027160403279, -66.425371108859665 ], [ 110.420037739600588, -66.425398062405577 ], [ 110.420014918170907, -66.425415920464161 ], [ 110.419925087536143, -66.425424558158866 ] ] ] ] } },
{ "type": "Feature", "properties": { "AREA": 44.0625, "PERIMETER": 26.975388081399998, "LKPG1_": 246, "LKPG1_ID": 39, "FEATURE": "LAKE", "DQI": 20, "SAMP_NO": null, "WSAMP_NO": null, "D18O": 0.0, "W_DATE": null, "CDSAMP_NO": null, "CD_METHOD": null, "CD_DATE": 0, "CD_ERROR": 0, "REMARKS": null, "COLL_BY": null }, "geometry": { "type": "MultiPolygon", "coordinates": [ [ [ [ 110.420171342283027, -66.425434444289337 ], [ 110.420104333042403, -66.425425224005721 ], [ 110.420091445375647, -66.425407233306515 ], [ 110.420149975758704, -66.425389507858981 ], [ 110.420262315737347, -66.425376467909473 ], [ 110.420340319967309, -66.425394700362119 ], [ 110.420317498756404, -66.425412558465098 ], [ 110.420171342283027, -66.425434444289337 ] ] ] ] } },
{ "type": "Feature", "properties": { "AREA": 78.109375, "PERIMETER": 34.939134656599997, "LKPG1_": 247, "LKPG1_ID": 38, "FEATURE": "LAKE", "DQI": 20, "SAMP_NO": null, "WSAMP_NO": null, "D18O": 0.0, "W_DATE": null, "CDSAMP_NO": null, "CD_METHOD": null, "CD_DATE": 0, "CD_ERROR": 0, "REMARKS": null, "COLL_BY": null }, "geometry": { "type": "MultiPolygon", "coordinates": [ [ [ [ 110.420384995995107, -66.42636826476533 ], [ 110.420362901112213, -66.426354725620428 ], [ 110.420341637352735, -66.426305303899127 ], [ 110.420465911632775, -66.426260908147398 ], [ 110.42049731682792, -66.4262655104191 ], [ 110.420532507831822, -66.426288069563839 ], [ 110.420520889180011, -66.426305969272178 ], [ 110.42054194559087, -66.426364361612912 ], [ 110.420384995995107, -66.42636826476533 ] ] ] ] } },
{ "type": "Feature", "properties": { "AREA": 109.875, "PERIMETER": 40.558867766900001, "LKPG1_": 248, "LKPG1_ID": 26, "FEATURE": "LAKE", "DQI": 20, "SAMP_NO": null, "WSAMP_NO": null, "D18O": 0.0, "W_DATE": null, "CDSAMP_NO": null, "CD_METHOD": null, "CD_DATE": 0, "CD_ERROR": 0, "REMARKS": null, "COLL_BY": null }, "geometry": { "type": "MultiPolygon", "coordinates": [ [ [ [ 110.40568325597755, -66.426443081950893 ], [ 110.405627239622149, -66.42644286872067 ], [ 110.405606324482676, -66.426379989085902 ], [ 110.405674183037803, -66.426353333109432 ], [ 110.405697335083801, -66.426322021227804 ], [ 110.405786960821303, -66.426322362345971 ], [ 110.405842337993363, -66.426349487378843 ], [ 110.40585215692758, -66.426407839041147 ], [ 110.405806917934328, -66.426425609746886 ], [ 110.40568325597755, -66.426443081950893 ] ] ] ] } },
{ "type": "Feature", "properties": { "AREA": 72.0859375, "PERIMETER": 38.266831719599999, "LKPG1_": 249, "LKPG1_ID": 25, "FEATURE": "LAKE", "DQI": 20, "SAMP_NO": null, "WSAMP_NO": null, "D18O": 0.0, "W_DATE": null, "CDSAMP_NO": null, "CD_METHOD": null, "CD_DATE": 0, "CD_ERROR": 0, "REMARKS": null, "COLL_BY": null }, "geometry": { "type": "MultiPolygon", "coordinates": [ [ [ [ 110.406286423764612, -66.426521633831896 ], [ 110.406230407227284, -66.426521420817934 ], [ 110.406142377265738, -66.426453800301132 ], [ 110.406110257573971, -66.426390878121538 ], [ 110.406155283429285, -66.426382077948134 ], [ 110.406233280479682, -66.426400317440724 ], [ 110.4062788107979, -66.426458804874471 ], [ 110.406282860971729, -66.42649470599487 ], [ 110.406286423764612, -66.426521633831896 ] ] ] ] } },
{ "type": "Feature", "properties": { "AREA": 74.75, "PERIMETER": 33.320239600800001, "LKPG1_": 250, "LKPG1_ID": 22, "FEATURE": "LAKE", "DQI": 20, "SAMP_NO": null, "WSAMP_NO": null, "D18O": 0.0, "W_DATE": null, "CDSAMP_NO": null, "CD_METHOD": null, "CD_DATE": 0, "CD_ERROR": 0, "REMARKS": null, "COLL_BY": null }, "geometry": { "type": "MultiPolygon", "coordinates": [ [ [ [ 110.409443625416444, -66.427098807060489 ], [ 110.409242172882244, -66.427089073565753 ], [ 110.409219924573819, -66.427082260817897 ], [ 110.409198417494764, -66.427044050880596 ], [ 110.409243655204051, -66.427026279192731 ], [ 110.409389407074187, -66.427022344866202 ], [ 110.409444683858013, -66.427053953935385 ], [ 110.409443625416444, -66.427098807060489 ] ] ] ] } },
{ "type": "Feature", "properties": { "AREA": 28.3046875, "PERIMETER": 21.334869638499999, "LKPG1_": 251, "LKPG1_ID": 24, "FEATURE": "LAKE", "DQI": 20, "SAMP_NO": null, "WSAMP_NO": null, "D18O": 0.0, "W_DATE": null, "CDSAMP_NO": null, "CD_METHOD": null, "CD_DATE": 0, "CD_ERROR": 0, "REMARKS": null, "COLL_BY": null }, "geometry": { "type": "MultiPolygon", "coordinates": [ [ [ [ 110.40710229223717, -66.42708096262578 ], [ 110.407012663761634, -66.427080622260689 ], [ 110.40694618644973, -66.427048969779634 ], [ 110.406960022105508, -66.427026593758839 ], [ 110.407036133637561, -66.427035854251045 ], [ 110.407102929819757, -66.427054050762052 ], [ 110.40710229223717, -66.42708096262578 ] ] ] ] } },
{ "type": "Feature", "properties": { "AREA": 43.8671875, "PERIMETER": 27.169765496299998, "LKPG1_": 252, "LKPG1_ID": 23, "FEATURE": "LAKE", "DQI": 20, "SAMP_NO": null, "WSAMP_NO": null, "D18O": 0.0, "W_DATE": null, "CDSAMP_NO": null, "CD_METHOD": null, "CD_DATE": 0, "CD_ERROR": 0, "REMARKS": null, "COLL_BY": null }, "geometry": { "type": "MultiPolygon", "coordinates": [ [ [ [ 110.407589727715163, -66.427316069883247 ], [ 110.407489425702678, -66.427293260729002 ], [ 110.40744524830221, -66.427266178799044 ], [ 110.407445779318508, -66.42724375224509 ], [ 110.407546612018805, -66.427244134872993 ], [ 110.407590895667553, -66.427266731463476 ], [ 110.407655167521554, -66.427302861011853 ], [ 110.407589727715163, -66.427316069883247 ] ] ] ] } },
{ "type": "Feature", "properties": { "AREA": 4037.03125, "PERIMETER": 254.85362921399999, "LKPG1_": 253, "LKPG1_ID": 325, "FEATURE": "LAKE", "DQI": 20, "SAMP_NO": null, "WSAMP_NO": null, "D18O": 0.0, "W_DATE": null, "CDSAMP_NO": null, "CD_METHOD": null, "CD_DATE": 0, "CD_ERROR": 0, "REMARKS": null, "COLL_BY": null }, "geometry": { "type": "MultiPolygon", "coordinates": [ [ [ [ 110.725036674024338, -66.430261133351479 ], [ 110.72470060909842, -66.430251570086355 ], [ 110.724550760896506, -66.430249063050624 ], [ 110.724510215220917, -66.430242263150944 ], [ 110.724152283795391, -66.430183318699946 ], [ 110.724062937227643, -66.430156247342282 ], [ 110.723705404308092, -66.430061417890911 ], [ 110.723605001943923, -66.43002086995412 ], [ 110.723594341618224, -66.429971509654621 ], [ 110.723639559224281, -66.42993570500748 ], [ 110.723740902199623, -66.429891028479204 ], [ 110.723909377438204, -66.429855441760196 ], [ 110.724088810163011, -66.429842302143726 ], [ 110.725321783439085, -66.429808591105484 ], [ 110.725679958132005, -66.429845105388935 ], [ 110.72580287203273, -66.429876720349938 ], [ 110.725936745905884, -66.429930782369453 ], [ 110.72599223215343, -66.429980221164016 ], [ 110.72600284809765, -66.430034066799109 ], [ 110.725923919325197, -66.430078784130487 ], [ 110.725699025134247, -66.430150158599844 ], [ 110.725395691601108, -66.430221394832216 ], [ 110.725193648910889, -66.43025243850208 ], [ 110.725036674024338, -66.430261133351479 ] ] ] ] } },
{ "type": "Feature", "properties": { "AREA": 117.75, "PERIMETER": 41.509255282399998, "LKPG1_": 254, "LKPG1_ID": 36, "FEATURE": "LAKE", "DQI": 20, "SAMP_NO": null, "WSAMP_NO": null, "D18O": 0.0, "W_DATE": null, "CDSAMP_NO": null, "CD_METHOD": null, "CD_DATE": 0, "CD_ERROR": 0, "REMARKS": null, "COLL_BY": null }, "geometry": { "type": "MultiPolygon", "coordinates": [ [ [ [ 110.407658454627565, -66.430092986898686 ], [ 110.407625158456042, -66.430079403456759 ], [ 110.407581400775356, -66.430034380334092 ], [ 110.407571470228916, -66.429980514113154 ], [ 110.407616714409613, -66.429962742908018 ], [ 110.407706459388194, -66.429958597624292 ], [ 110.40776174051301, -66.429990207280483 ], [ 110.407816066419898, -66.430062184702365 ], [ 110.407793232007847, -66.430080040954209 ], [ 110.407725790251419, -66.43008875659568 ], [ 110.407658454627565, -66.430092986898686 ] ] ] ] } },
{ "type": "Feature", "properties": { "AREA": 1519.765625, "PERIMETER": 261.02894436899999, "LKPG1_": 255, "LKPG1_ID": 327, "FEATURE": "LAKE", "DQI": 20, "SAMP_NO": null, "WSAMP_NO": null, "D18O": 0.0, "W_DATE": null, "CDSAMP_NO": null, "CD_METHOD": null, "CD_DATE": 0, "CD_ERROR": 0, "REMARKS": null, "COLL_BY": null }, "geometry": { "type": "MultiPolygon", "coordinates": [ [ [ [ 110.718077254357098, -66.432312093531351 ], [ 110.717919960670457, -66.432347694179981 ], [ 110.717740658558526, -66.432347370216618 ], [ 110.716653690410951, -66.432340916288808 ], [ 110.715853478656115, -66.432370861482184 ], [ 110.715812957386149, -66.432361816579601 ], [ 110.715869193069423, -66.43234397656154 ], [ 110.716026387827341, -66.432317348964759 ], [ 110.716620680912371, -66.432287029373853 ], [ 110.716990693542172, -66.432269758002207 ], [ 110.718080185744341, -66.432051934905573 ], [ 110.71827124756409, -66.432002938264048 ], [ 110.718327329200903, -66.431998553840316 ], [ 110.7183264707635, -66.43207480723369 ], [ 110.718212791620658, -66.432218140868699 ], [ 110.718077254357098, -66.432312093531351 ] ] ] ] } },
{ "type": "Feature", "properties": { "AREA": 182.44140625, "PERIMETER": 54.368965078800002, "LKPG1_": 256, "LKPG1_ID": 37, "FEATURE": "LAKE", "DQI": 20, "SAMP_NO": null, "WSAMP_NO": null, "D18O": 0.0, "W_DATE": null, "CDSAMP_NO": null, "CD_METHOD": null, "CD_DATE": 0, "CD_ERROR": 0, "REMARKS": null, "COLL_BY": null }, "geometry": { "type": "MultiPolygon", "coordinates": [ [ [ [ 110.40925288117684, -66.431381940181055 ], [ 110.409107209814053, -66.431381389049861 ], [ 110.409040930322647, -66.431340766848464 ], [ 110.409007066903669, -66.431262138759578 ], [ 110.409029848563137, -66.431246524987998 ], [ 110.409132480677272, -66.431260370483557 ], [ 110.409199183742444, -66.431283051406979 ], [ 110.409322337756336, -66.431288002994634 ], [ 110.409378153241391, -66.43129718552693 ], [ 110.40941039326826, -66.431355621694991 ], [ 110.409365147836098, -66.431373393415726 ], [ 110.40925288117684, -66.431381940181055 ] ] ] ] } },
{ "type": "Feature", "properties": { "AREA": 3715.140625, "PERIMETER": 265.939868311, "LKPG1_": 257, "LKPG1_ID": 326, "FEATURE": "LAKE", "DQI": 20, "SAMP_NO": null, "WSAMP_NO": null, "D18O": 0.0, "W_DATE": null, "CDSAMP_NO": null, "CD_METHOD": null, "CD_DATE": 0, "CD_ERROR": 0, "REMARKS": null, "COLL_BY": null }, "geometry": { "type": "MultiPolygon", "coordinates": [ [ [ [ 110.742527345182097, -66.435839611131698 ], [ 110.742404057523501, -66.435839407846871 ], [ 110.742337133112898, -66.435807898420535 ], [ 110.742338010914523, -66.435722673912622 ], [ 110.742293548911675, -66.435686715944357 ], [ 110.742282941737386, -66.435628385945222 ], [ 110.742396406156772, -66.4354940058236 ], [ 110.742431137983829, -66.435386409260758 ], [ 110.742554931173174, -66.435337272015531 ], [ 110.742600315973718, -66.435283519895691 ], [ 110.742567569811513, -66.435198239964748 ], [ 110.742601377463004, -66.435180353376879 ], [ 110.74272489252229, -66.43515812900047 ], [ 110.742893422374863, -66.435118036327395 ], [ 110.742982991378426, -66.435127154900854 ], [ 110.743029670003821, -66.435151902380426 ], [ 110.743038154241404, -66.435212471626045 ], [ 110.743052896789123, -66.435277536743357 ], [ 110.743508095362913, -66.435289498885339 ], [ 110.743699224077886, -66.435231500148248 ], [ 110.743844970077447, -66.435227253672934 ], [ 110.74395882712254, -66.435258839400532 ], [ 110.743978682049857, -66.435303727713389 ], [ 110.743921954673809, -66.435370918362679 ], [ 110.743617391436672, -66.435561055715084 ], [ 110.74343670883934, -66.435693083524086 ], [ 110.743380577292669, -66.435701962461962 ], [ 110.74322283783836, -66.435782443589716 ], [ 110.743099274073487, -66.435809153857946 ], [ 110.742718019054863, -66.435826468606194 ], [ 110.742527345182097, -66.435839611131698 ] ] ] ] } },
{ "type": "Feature", "properties": { "AREA": 533.75, "PERIMETER": 87.544849314399997, "LKPG1_": 258, "LKPG1_ID": 201, "FEATURE": "LAKE", "DQI": 20, "SAMP_NO": null, "WSAMP_NO": null, "D18O": 0.0, "W_DATE": null, "CDSAMP_NO": null, "CD_METHOD": null, "CD_DATE": 0, "CD_ERROR": 0, "REMARKS": null, "COLL_BY": null }, "geometry": { "type": "MultiPolygon", "coordinates": [ [ [ [ 110.507891157435026, -66.44736989380381 ], [ 110.507779470592368, -66.447347113735617 ], [ 110.507690827834097, -66.447293006635803 ], [ 110.507668578879489, -66.447283965226447 ], [ 110.507658337675849, -66.447234590785669 ], [ 110.507637590399128, -66.447149298021856 ], [ 110.507660457504002, -66.447126941820798 ], [ 110.507739034911154, -66.447122703755156 ], [ 110.507918085414076, -66.447141210377296 ], [ 110.508174919517373, -66.447195846874166 ], [ 110.508241754966562, -66.447218485503015 ], [ 110.508263298326213, -66.447263409822142 ], [ 110.508138898751895, -66.447316846076689 ], [ 110.508070827593329, -66.447357002636252 ], [ 110.508025799744559, -66.447365832164621 ], [ 110.507891157435026, -66.44736989380381 ] ] ] ] } },
{ "type": "Feature", "properties": { "AREA": 2722.6875, "PERIMETER": 191.23138989899999, "LKPG1_": 259, "LKPG1_ID": 200, "FEATURE": "LAKE", "DQI": 20, "SAMP_NO": null, "WSAMP_NO": null, "D18O": 0.0, "W_DATE": null, "CDSAMP_NO": null, "CD_METHOD": null, "CD_DATE": 0, "CD_ERROR": 0, "REMARKS": null, "COLL_BY": null }, "geometry": { "type": "MultiPolygon", "coordinates": [ [ [ [ 110.504155340611064, -66.449152343922492 ], [ 110.503976011526319, -66.449147289095933 ], [ 110.503808430291969, -66.449115357454701 ], [ 110.503608099301005, -66.449038465068611 ], [ 110.5035197268259, -66.448970899506847 ], [ 110.503488580477196, -66.448845202260628 ], [ 110.503511898232645, -66.448800419825929 ], [ 110.503568321857628, -66.448782656489954 ], [ 110.503681614099165, -66.448724702906844 ], [ 110.503828189971884, -66.448684797548566 ], [ 110.504056885859114, -66.448674309468075 ], [ 110.504287940222099, -66.448686256798425 ], [ 110.50469055703509, -66.448741361423401 ], [ 110.50479067843132, -66.448782049641764 ], [ 110.50492337471708, -66.448876668836206 ], [ 110.505034532951399, -66.448926363168567 ], [ 110.505045391271835, -66.448944340172616 ], [ 110.504988435451779, -66.448989016266211 ], [ 110.504875411536474, -66.449033514684203 ], [ 110.504548528833084, -66.449117705928302 ], [ 110.504368666367341, -66.449139563774182 ], [ 110.504155340611064, -66.449152343922492 ] ] ] ] } },
{ "type": "Feature", "properties": { "AREA": 1418.359375, "PERIMETER": 146.041438102, "LKPG1_": 260, "LKPG1_ID": 192, "FEATURE": "LAKE", "DQI": 20, "SAMP_NO": null, "WSAMP_NO": null, "D18O": 0.0, "W_DATE": null, "CDSAMP_NO": null, "CD_METHOD": null, "CD_DATE": 0, "CD_ERROR": 0, "REMARKS": null, "COLL_BY": null }, "geometry": { "type": "MultiPolygon", "coordinates": [ [ [ [ 110.508940841566542, -66.451589707326647 ], [ 110.508762022891347, -66.451557745752382 ], [ 110.508695263541668, -66.451530621979785 ], [ 110.508663030057107, -66.451458750250481 ], [ 110.508720337572939, -66.451396131343969 ], [ 110.50893561869664, -66.451284666793384 ], [ 110.509093680060886, -66.451231335638454 ], [ 110.50937501274079, -66.451182877059949 ], [ 110.509565748095667, -66.451178990150567 ], [ 110.509655112545261, -66.451197213189943 ], [ 110.50977768100563, -66.451237968589879 ], [ 110.509776273590802, -66.451309734551288 ], [ 110.509674198358042, -66.451367727724843 ], [ 110.509346420812633, -66.451496782695642 ], [ 110.509330472346008, -66.451523646510353 ], [ 110.509244519938505, -66.451545804841828 ], [ 110.509199484952276, -66.451554634699391 ], [ 110.50907550644034, -66.451585644798598 ], [ 110.508940841566542, -66.451589707326647 ] ] ] ] } },
{ "type": "Feature", "properties": { "AREA": 8099.47265625, "PERIMETER": 350.27142401399999, "LKPG1_": 261, "LKPG1_ID": 2293, "FEATURE": "LAKE", "DQI": 28, "SAMP_NO": null, "WSAMP_NO": null, "D18O": 0.0, "W_DATE": null, "CDSAMP_NO": null, "CD_METHOD": null, "CD_DATE": 0, "CD_ERROR": 0, "REMARKS": null, "COLL_BY": null }, "geometry": { "type": "MultiPolygon", "coordinates": [ [ [ [ 110.539918692040558, -66.451997977573924 ], [ 110.539876140527909, -66.452024766098063 ], [ 110.539909207541598, -66.452056262901948 ], [ 110.539876386481467, -66.45208756570932 ], [ 110.539854161989624, -66.452114414077812 ], [ 110.539868633113954, -66.452166041488013 ], [ 110.539902648097652, -66.452222212074361 ], [ 110.539857951172394, -66.45228936498917 ], [ 110.539727903859188, -66.452347295257638 ], [ 110.539648284024295, -66.452369488901894 ], [ 110.539558518944617, -66.452447723047825 ], [ 110.539462527393397, -66.452521453158496 ], [ 110.539315653387945, -66.452617461392578 ], [ 110.539185561763773, -66.452677633901104 ], [ 110.538986982646875, -66.452726390187962 ], [ 110.538754511096727, -66.452750375200822 ], [ 110.538516679883472, -66.452760887136606 ], [ 110.538238976793338, -66.452766795265603 ], [ 110.538079697455217, -66.452737167909788 ], [ 110.537752902240655, -66.452213625073014 ], [ 110.537956925179401, -66.452135729819886 ], [ 110.538171875257035, -66.452035438418875 ], [ 110.53842644551257, -66.45195320629918 ], [ 110.538618879549773, -66.451857333416612 ], [ 110.538822361460404, -66.451770464175212 ], [ 110.539003453671569, -66.451681285804284 ], [ 110.53917279232229, -66.4516212291947 ], [ 110.539371772284653, -66.45162630149143 ], [ 110.539604929861582, -66.45171670130037 ], [ 110.539735547961257, -66.451779884964054 ], [ 110.539837676266529, -66.451829527720236 ], [ 110.539884018531637, -66.451901434336094 ], [ 110.539884471773263, -66.451914892575218 ], [ 110.539918692040558, -66.451997977573924 ] ] ] ] } },
{ "type": "Feature", "properties": { "AREA": 588.1484375, "PERIMETER": 87.4822773251, "LKPG1_": 262, "LKPG1_ID": 191, "FEATURE": "LAKE", "DQI": 20, "SAMP_NO": null, "WSAMP_NO": null, "D18O": 0.0, "W_DATE": null, "CDSAMP_NO": null, "CD_METHOD": null, "CD_DATE": 0, "CD_ERROR": 0, "REMARKS": null, "COLL_BY": null }, "geometry": { "type": "MultiPolygon", "coordinates": [ [ [ [ 110.507788460229051, -66.452016704085594 ], [ 110.507678723015516, -66.452000658626261 ], [ 110.507565487258844, -66.451948716871598 ], [ 110.507499258415876, -66.451894680365214 ], [ 110.507500672407147, -66.451822914433677 ], [ 110.507602401117126, -66.451782864170809 ], [ 110.507669866701832, -66.451774105442112 ], [ 110.507804532771615, -66.451770044010146 ], [ 110.5079276307996, -66.451783888632178 ], [ 110.508050199311455, -66.451824645384008 ], [ 110.508105479098987, -66.451865190243169 ], [ 110.508115458256057, -66.451928020740198 ], [ 110.508092322344154, -66.451963833104841 ], [ 110.507990681967385, -66.451999398314783 ], [ 110.507788460229051, -66.452016704085594 ] ] ] ] } },
{ "type": "Feature", "properties": { "AREA": 41506.6875, "PERIMETER": 1145.7460024300001, "LKPG1_": 263, "LKPG1_ID": 199, "FEATURE": "LAKE", "DQI": 20, "SAMP_NO": null, "WSAMP_NO": null, "D18O": 0.0, "W_DATE": null, "CDSAMP_NO": null, "CD_METHOD": null, "CD_DATE": 0, "CD_ERROR": 0, "REMARKS": null, "COLL_BY": null }, "geometry": { "type": "MultiPolygon", "coordinates": [ [ [ [ 110.538081463215647, -66.453248535521482 ], [ 110.538059197961829, -66.453239498438279 ], [ 110.538070993741542, -66.453208133861366 ], [ 110.538116187307395, -66.45319032490201 ], [ 110.538239889235825, -66.45317274792616 ], [ 110.538632845360894, -66.453151480366301 ], [ 110.53902555265276, -66.453143667989522 ], [ 110.53931682440674, -66.453162469442503 ], [ 110.539518290002135, -66.453185491386918 ], [ 110.53991054180554, -66.453278602210744 ], [ 110.540166065805153, -66.453335424714695 ], [ 110.540423611462217, -66.453358610489488 ], [ 110.54076007877228, -66.45335959961379 ], [ 110.540906293212458, -66.453337601051459 ], [ 110.54106397002657, -66.453302179114345 ], [ 110.541097616683317, -66.45330227792148 ], [ 110.541232203313214, -66.453302673077502 ], [ 110.54197103254981, -66.453381096032146 ], [ 110.542440855656238, -66.45344975682687 ], [ 110.542764713766985, -66.453526960469588 ], [ 110.543076948201715, -66.453626557613333 ], [ 110.543227499476117, -66.453674096864106 ], [ 110.54350068721277, -66.453762364938342 ], [ 110.543824388923383, -66.453848537171922 ], [ 110.544070400186726, -66.453889625773144 ], [ 110.544484404614906, -66.453944660631961 ], [ 110.545076681030238, -66.454065255091948 ], [ 110.545426622072796, -66.454173928516866 ], [ 110.545805437584988, -66.454314084486427 ], [ 110.546012787850529, -66.454399913953196 ], [ 110.546179766263407, -66.454469926203686 ], [ 110.546655289081002, -66.45461260369693 ], [ 110.546960827038589, -66.454696473867344 ], [ 110.54728398406084, -66.454814036699673 ], [ 110.547484333377909, -66.454899843906588 ], [ 110.547850413310201, -66.45512518494094 ], [ 110.547883088762262, -66.455179107026822 ], [ 110.547871142068175, -66.455219443132009 ], [ 110.547791653215043, -66.455273040707553 ], [ 110.547262123902769, -66.455401590890958 ], [ 110.546993009118566, -66.455396325442464 ], [ 110.546802816617742, -66.4553688602591 ], [ 110.546243865256571, -66.455264068918254 ], [ 110.546142917291874, -66.455263775794819 ], [ 110.546030264046138, -66.455290362387601 ], [ 110.545883227664703, -66.455357219669892 ], [ 110.545702948627891, -66.45540155203598 ], [ 110.545500806897181, -66.455414421204324 ], [ 110.545343938997817, -66.455404993672943 ], [ 110.545187316094456, -66.455382109804972 ], [ 110.544863099729611, -66.455322852755316 ], [ 110.544437609926106, -66.455281242379485 ], [ 110.544180449746051, -66.455235636249853 ], [ 110.543598997727386, -66.455135255419322 ], [ 110.542884184958623, -66.454967197925328 ], [ 110.54248269716274, -66.454840425396213 ], [ 110.542337789468604, -66.454790659159144 ], [ 110.542158987253188, -66.454754250389996 ], [ 110.541902412150989, -66.454677242773343 ], [ 110.541523366222449, -66.454550533532895 ], [ 110.54129359799883, -66.454464632279638 ], [ 110.541155704884673, -66.454414885521956 ], [ 110.541011626011866, -66.454320264143945 ], [ 110.540957111199774, -66.45423487699891 ], [ 110.540936162172045, -66.454154074067759 ], [ 110.540948119540928, -66.454113738493263 ], [ 110.540993642192305, -66.454077987138945 ], [ 110.541050215871806, -66.454051239492117 ], [ 110.541017556632127, -66.453997315979151 ], [ 110.541019203996854, -66.453907608153159 ], [ 110.54105318091564, -66.453889765404952 ], [ 110.541109424698547, -66.453880959301259 ], [ 110.541154946694235, -66.453845207898496 ], [ 110.541144389659777, -66.453809291835981 ], [ 110.541099938305706, -66.453786733147268 ], [ 110.540954627576653, -66.453759392583194 ], [ 110.540910094095779, -66.453741319231881 ], [ 110.540777565374697, -66.453628789014587 ], [ 110.540733938851574, -66.453561376308031 ], [ 110.540723629799004, -66.453512004042054 ], [ 110.540667963717254, -66.453489412268354 ], [ 110.540533788359326, -66.453466589669489 ], [ 110.540443733481425, -66.453484267408555 ], [ 110.540374625081455, -66.453582748110293 ], [ 110.540283002194386, -66.45368564818645 ], [ 110.540215130277304, -66.453716847950218 ], [ 110.540147835856274, -66.45371664994812 ], [ 110.53980163457426, -66.45363488944318 ], [ 110.539678922740407, -66.453598642965787 ], [ 110.539176532561129, -66.453471564582685 ], [ 110.538897217650955, -66.453412427447503 ], [ 110.538707628635109, -66.453353554687425 ], [ 110.538461797140073, -66.453303486869359 ], [ 110.538125993771587, -66.453266609678352 ], [ 110.538081463215647, -66.453248535521482 ] ] ] ] } },
{ "type": "Feature", "properties": { "AREA": 11288.9726563, "PERIMETER": 493.12376804799999, "LKPG1_": 264, "LKPG1_ID": 190, "FEATURE": "LAKE", "DQI": 28, "SAMP_NO": "S87/50", "WSAMP_NO": null, "D18O": 0.0, "W_DATE": null, "CDSAMP_NO": null, "CD_METHOD": null, "CD_DATE": 0, "CD_ERROR": 0, "REMARKS": "0  0", "COLL_BY": "Goodwin" }, "geometry": { "type": "MultiPolygon", "coordinates": [ [ [ [ 110.513320934856168, -66.45563376274859 ], [ 110.513360321476114, -66.455591271772221 ], [ 110.513502235824376, -66.455576013841025 ], [ 110.513615055801381, -66.455542722660866 ], [ 110.513705442480912, -66.455509361598757 ], [ 110.513807350804811, -66.455460336573125 ], [ 110.513824390663018, -66.455413290316613 ], [ 110.513829949261066, -66.455343780121012 ], [ 110.513846023196123, -66.455274302635019 ], [ 110.513874188915011, -66.455195891470311 ], [ 110.513925139182049, -66.455135493744208 ], [ 110.513992739212924, -66.455084119068431 ], [ 110.514111778278703, -66.455055332519095 ], [ 110.514230947840204, -66.455019817818766 ], [ 110.514366505682474, -66.455006782175516 ], [ 110.514587983543493, -66.455009713058715 ], [ 110.514775555740457, -66.455061880447488 ], [ 110.514939995054434, -66.455113975812765 ], [ 110.515048575657332, -66.455190568724319 ], [ 110.515139278359058, -66.455249163519042 ], [ 110.515202380465254, -66.455321129575978 ], [ 110.51528221552816, -66.45536174799804 ], [ 110.515378875530331, -66.455402418551358 ], [ 110.515486752318765, -66.455443123818341 ], [ 110.515600194235731, -66.455486089080409 ], [ 110.515702724244292, -66.455513320693697 ], [ 110.515805124127269, -66.45554728030092 ], [ 110.515873353361343, -66.455608047853673 ], [ 110.515964195881622, -66.455695799271766 ], [ 110.51598195114741, -66.455756410443328 ], [ 110.516021742755512, -66.455801390103204 ], [ 110.5160789302506, -66.455853152081573 ], [ 110.516141112120422, -66.455900443857459 ], [ 110.516221260882503, -66.455961248152761 ], [ 110.51630070898841, -66.456022050237053 ], [ 110.516363419141555, -66.456078314841946 ], [ 110.516420868350423, -66.456116620571635 ], [ 110.516471964898159, -66.456157149447193 ], [ 110.516506062840648, -66.456206597005135 ], [ 110.516517777484779, -66.456289617633502 ], [ 110.516512883809483, -66.456361372776243 ], [ 110.516513157835007, -66.456419686977085 ], [ 110.516478949815664, -66.456484622967125 ], [ 110.51642879080714, -66.456540538312424 ], [ 110.516388793636935, -66.456578542515828 ], [ 110.516315622813153, -66.456591773014452 ], [ 110.516196349084268, -66.456560004347523 ], [ 110.516144371098648, -66.456492558800178 ], [ 110.516082051243444, -66.456416109927972 ], [ 110.516018726688586, -66.456355357667732 ], [ 110.515865357564607, -66.456274141085245 ], [ 110.515677860923944, -66.456217489632223 ], [ 110.515450932424329, -66.456169686991089 ], [ 110.515150133644354, -66.456135111800364 ], [ 110.514820853971827, -66.456086990685293 ], [ 110.514360606934105, -66.455995848354476 ], [ 110.513991632823164, -66.455934145202392 ], [ 110.513724794387159, -66.455883973103553 ], [ 110.51353739283978, -66.455822833711935 ], [ 110.513406293592908, -66.455750655286991 ], [ 110.513343547250074, -66.455696632183873 ], [ 110.513320934856168, -66.45563376274859 ] ] ] ] } },
{ "type": "Feature", "properties": { "AREA": 1183.34375, "PERIMETER": 181.54453464299999, "LKPG1_": 265, "LKPG1_ID": 12, "FEATURE": "LAKE", "DQI": 20, "SAMP_NO": null, "WSAMP_NO": null, "D18O": 0.0, "W_DATE": null, "CDSAMP_NO": null, "CD_METHOD": null, "CD_DATE": 0, "CD_ERROR": 0, "REMARKS": null, "COLL_BY": null }, "geometry": { "type": "MultiPolygon", "coordinates": [ [ [ [ 110.484519757510867, -66.459993435516949 ], [ 110.48445290947231, -66.459970786771407 ], [ 110.484430842768774, -66.459952771366218 ], [ 110.484364087481026, -66.459925637232516 ], [ 110.484262936447863, -66.459934274829095 ], [ 110.484072130455942, -66.459938130805256 ], [ 110.483964153013929, -66.459937774365414 ], [ 110.483870661869204, -66.459915037406972 ], [ 110.483804370599884, -66.459865476285628 ], [ 110.483727046563573, -66.45980690738341 ], [ 110.483570730926786, -66.459770505757518 ], [ 110.483503884345652, -66.459747856606384 ], [ 110.483504347920345, -66.45972542985831 ], [ 110.483560810435705, -66.459707673797197 ], [ 110.483751800084804, -66.459694847744387 ], [ 110.483831162271457, -66.459654738938056 ], [ 110.483887068520488, -66.459663894858096 ], [ 110.483931756494115, -66.459673013719737 ], [ 110.484165859612787, -66.459745556959348 ], [ 110.484221025497249, -66.459790595560577 ], [ 110.484298906078592, -66.45982225211857 ], [ 110.484388097812513, -66.459849460294095 ], [ 110.484455408191906, -66.459849682316417 ], [ 110.484567962258353, -66.459832110887973 ], [ 110.484725852172076, -66.459792260560263 ], [ 110.484849716627537, -66.459770240559521 ], [ 110.484950681884342, -66.459770573283748 ], [ 110.485028840653811, -66.459788773426837 ], [ 110.485061756280331, -66.459824767108998 ], [ 110.485042232252681, -66.459887501960353 ], [ 110.484925009057179, -66.459927486620003 ], [ 110.484744866691429, -66.459958292487613 ], [ 110.484609690237875, -66.459984760764485 ], [ 110.484519757510867, -66.459993435516949 ] ] ] ] } },
{ "type": "Feature", "properties": { "AREA": 3982.28125, "PERIMETER": 323.25726691699998, "LKPG1_": 266, "LKPG1_ID": 195, "FEATURE": "LAKE", "DQI": 20, "SAMP_NO": null, "WSAMP_NO": null, "D18O": 0.0, "W_DATE": null, "CDSAMP_NO": null, "CD_METHOD": null, "CD_DATE": 0, "CD_ERROR": 0, "REMARKS": null, "COLL_BY": null }, "geometry": { "type": "MultiPolygon", "coordinates": [ [ [ [ 110.538308373498623, -66.460394818983474 ], [ 110.538330230828933, -66.460426282955794 ], [ 110.538594268260411, -66.460633401575834 ], [ 110.53863988339991, -66.460669421259766 ], [ 110.538738286175828, -66.46080876620556 ], [ 110.538748511462273, -66.460862623941495 ], [ 110.538656855082536, -66.46096552294911 ], [ 110.538611813474631, -66.460974361267873 ], [ 110.538488404563964, -66.460973996956412 ], [ 110.538385661552638, -66.460955751056545 ], [ 110.538186486649508, -66.460919277698693 ], [ 110.537604677586117, -66.460832330736409 ], [ 110.537461640876927, -66.460793779688089 ], [ 110.53735750175791, -66.460737401114912 ], [ 110.537302611736877, -66.460672196997848 ], [ 110.537294783894367, -66.460602646546718 ], [ 110.537340489732287, -66.460557925525734 ], [ 110.537419602635723, -66.460526760251028 ], [ 110.537532288648237, -66.460500179901416 ], [ 110.537756830162508, -66.460491872812568 ], [ 110.537847161098156, -66.46046074049643 ], [ 110.537847741838604, -66.460429342797624 ], [ 110.537791979999554, -66.460411235397984 ], [ 110.537511511561704, -66.460410405808986 ], [ 110.537287386016075, -66.460396285619822 ], [ 110.537030103210157, -66.460355153117973 ], [ 110.536851601525498, -66.460300796744548 ], [ 110.53682991245681, -66.460260361796045 ], [ 110.536955977723636, -66.460117195090788 ], [ 110.537090600980974, -66.460117593833886 ], [ 110.537616049380318, -66.460217832943655 ], [ 110.537873165825872, -66.460267935252844 ], [ 110.537984937876857, -66.460290693817541 ], [ 110.53823058842525, -66.460354218536267 ], [ 110.538308373498623, -66.460394818983474 ] ] ] ] } },
{ "type": "Feature", "properties": { "AREA": 1863.140625, "PERIMETER": 191.75678633000001, "LKPG1_": 267, "LKPG1_ID": 198, "FEATURE": "LAKE", "DQI": 20, "SAMP_NO": null, "WSAMP_NO": null, "D18O": 0.0, "W_DATE": null, "CDSAMP_NO": null, "CD_METHOD": null, "CD_DATE": 0, "CD_ERROR": 0, "REMARKS": null, "COLL_BY": null }, "geometry": { "type": "MultiPolygon", "coordinates": [ [ [ [ 110.550756810141507, -66.460323436815287 ], [ 110.550841571072681, -66.46032816602353 ], [ 110.550912485790576, -66.460362011970446 ], [ 110.550839958468501, -66.460417873897086 ], [ 110.550794196397533, -66.460467084272167 ], [ 110.550759975532358, -66.460498385302486 ], [ 110.550658603041398, -66.460520522052136 ], [ 110.550344153577171, -66.460537560307358 ], [ 110.550097339672419, -66.460536850114153 ], [ 110.549783697830279, -66.460509033310657 ], [ 110.549381196207861, -66.460431617849267 ], [ 110.549191529248958, -66.460372757818959 ], [ 110.549129395094553, -66.460318751095784 ], [ 110.549103964774957, -66.460251393349125 ], [ 110.54913109476891, -66.460224557849401 ], [ 110.549194361648659, -66.460215769074139 ], [ 110.549383434001228, -66.460229771130329 ], [ 110.549664899005109, -66.460253010422278 ], [ 110.550236406095678, -66.460290540910123 ], [ 110.550449238660093, -66.460309095664897 ], [ 110.550756810141507, -66.460323436815287 ] ] ] ] } },
{ "type": "Feature", "properties": { "AREA": 422.828125, "PERIMETER": 86.686576551300007, "LKPG1_": 268, "LKPG1_ID": 194, "FEATURE": "LAKE", "DQI": 20, "SAMP_NO": null, "WSAMP_NO": null, "D18O": 0.0, "W_DATE": null, "CDSAMP_NO": null, "CD_METHOD": null, "CD_DATE": 0, "CD_ERROR": 0, "REMARKS": null, "COLL_BY": null }, "geometry": { "type": "MultiPolygon", "coordinates": [ [ [ [ 110.534618988386654, -66.462106360812228 ], [ 110.534395434404416, -66.462060838794201 ], [ 110.534194571017295, -66.462001927175521 ], [ 110.534072328163035, -66.461938764022193 ], [ 110.534039590085911, -66.461889324490983 ], [ 110.534062447117861, -66.46186696446415 ], [ 110.534163588849779, -66.461858294640521 ], [ 110.534376004786637, -66.461899298188868 ], [ 110.534594974018589, -66.461964991930373 ], [ 110.534699362607199, -66.462007916186465 ], [ 110.534699962638996, -66.462088659335365 ], [ 110.534618988386654, -66.462106360812228 ] ] ] ] } },
{ "type": "Feature", "properties": { "AREA": 22670.1132813, "PERIMETER": 645.76681357500001, "LKPG1_": 269, "LKPG1_ID": 193, "FEATURE": "LAKE", "DQI": 28, "SAMP_NO": null, "WSAMP_NO": null, "D18O": 0.0, "W_DATE": null, "CDSAMP_NO": null, "CD_METHOD": null, "CD_DATE": 0, "CD_ERROR": 0, "REMARKS": null, "COLL_BY": null }, "geometry": { "type": "MultiPolygon", "coordinates": [ [ [ [ 110.537114147358309, -66.461988171608013 ], [ 110.537201799272751, -66.461988431134486 ], [ 110.537425357734691, -66.462033949142054 ], [ 110.5375697164515, -66.462115117596426 ], [ 110.537886452082503, -66.462203524034067 ], [ 110.538206533739299, -66.462262783115676 ], [ 110.538518986293056, -66.462317533386368 ], [ 110.538709799521811, -66.462351738797153 ], [ 110.538843689728026, -66.462392504501935 ], [ 110.53906584801706, -66.462514271710049 ], [ 110.539121119014197, -66.462559290964293 ], [ 110.539120374329343, -66.46259965943031 ], [ 110.539189051788739, -66.462640232555529 ], [ 110.539231247989349, -66.462671756339432 ], [ 110.539275796149369, -66.462689830156606 ], [ 110.53932104383307, -66.462746033867944 ], [ 110.539383286834038, -66.462793316386325 ], [ 110.539442930236262, -66.462867504992801 ], [ 110.539387361838223, -66.462990696059208 ], [ 110.539444857461987, -66.463143376834282 ], [ 110.539519966289475, -66.463329751680206 ], [ 110.539600275707627, -66.463462314259317 ], [ 110.539634592063422, -66.463579041656743 ], [ 110.53967670776116, -66.463615050702643 ], [ 110.539721256752799, -66.46367125222794 ], [ 110.539752399287295, -66.463731899898249 ], [ 110.539726739409446, -66.463792380330219 ], [ 110.539646299143712, -66.463819057240443 ], [ 110.539565612111858, -66.463821062427968 ], [ 110.539453945285658, -66.463829704752428 ], [ 110.53941591146625, -66.463838563956173 ], [ 110.539232179393196, -66.463838022526858 ], [ 110.538997132930589, -66.463805930168519 ], [ 110.538840628819827, -66.463774069170185 ], [ 110.538683876631296, -66.463755664167735 ], [ 110.538549233739829, -66.463755266786023 ], [ 110.538413927858599, -66.463790752360154 ], [ 110.538289676071656, -66.463835241723558 ], [ 110.538121206076951, -66.463843715321104 ], [ 110.537990152009627, -66.463838842433432 ], [ 110.537840865046974, -66.463833915534366 ], [ 110.53771686102597, -66.463864948290905 ], [ 110.537648460135983, -66.463923059182434 ], [ 110.537602582629702, -66.463976751037677 ], [ 110.537534264200389, -66.464030376494804 ], [ 110.53745580470958, -66.464025658741605 ], [ 110.537266470969271, -66.463948842737253 ], [ 110.537184100043973, -66.463890285719586 ], [ 110.537177871722392, -66.463885781651214 ], [ 110.537103069597165, -66.463683706861175 ], [ 110.537025775001894, -66.463616193527614 ], [ 110.536892712683382, -66.463530572438813 ], [ 110.536826805552238, -66.463454121478151 ], [ 110.536764558253765, -66.463180313627561 ], [ 110.536699567409656, -66.46305452339395 ], [ 110.536668819107874, -66.462897435215993 ], [ 110.536647044907753, -66.462861485637944 ], [ 110.5365473144698, -66.462793905548693 ], [ 110.536413925245071, -66.462726225580226 ], [ 110.536269150488124, -66.462667482981374 ], [ 110.536158202127652, -66.462599869359465 ], [ 110.536093215836914, -66.462474078866961 ], [ 110.536110183603327, -66.46239114505714 ], [ 110.536246525885986, -66.462299594175136 ], [ 110.536359262764705, -66.462270771990717 ], [ 110.536489898310094, -66.462259945319829 ], [ 110.536658607720952, -66.462238017321582 ], [ 110.536715537235324, -66.462193329749923 ], [ 110.536785016628102, -66.46207690926137 ], [ 110.536842028698118, -66.462027736258435 ], [ 110.536898541707416, -66.462005475538575 ], [ 110.53702228815412, -66.461987899571511 ], [ 110.537114147358309, -66.461988171608013 ] ] ] ] } },
{ "type": "Feature", "properties": { "AREA": 452.125, "PERIMETER": 110.64558382600001, "LKPG1_": 270, "LKPG1_ID": 196, "FEATURE": "LAKE", "DQI": 20, "SAMP_NO": null, "WSAMP_NO": null, "D18O": 0.0, "W_DATE": null, "CDSAMP_NO": null, "CD_METHOD": null, "CD_DATE": 0, "CD_ERROR": 0, "REMARKS": null, "COLL_BY": null }, "geometry": { "type": "MultiPolygon", "coordinates": [ [ [ [ 110.541324216736712, -66.462345974967576 ], [ 110.541212267715125, -66.462332189562986 ], [ 110.541167718789126, -66.462314116296398 ], [ 110.540910986775941, -66.46224159247204 ], [ 110.540777341329957, -66.462187372376548 ], [ 110.540610037917418, -66.462133053255386 ], [ 110.540510134669503, -66.46207444645637 ], [ 110.54047680619189, -66.462056405971211 ], [ 110.540499575126319, -66.462038530386891 ], [ 110.540566974445142, -66.462034242863481 ], [ 110.540902404700276, -66.462098027154539 ], [ 110.541013775693756, -66.462143210486701 ], [ 110.541347808749308, -66.462283245393593 ], [ 110.541403083351469, -66.462328263844327 ], [ 110.541324216736712, -66.462345974967576 ] ] ] ] } },
{ "type": "Feature", "properties": { "AREA": 473.078125, "PERIMETER": 82.957959192399997, "LKPG1_": 271, "LKPG1_ID": 197, "FEATURE": "LAKE", "DQI": 20, "SAMP_NO": null, "WSAMP_NO": null, "D18O": 0.0, "W_DATE": null, "CDSAMP_NO": null, "CD_METHOD": null, "CD_DATE": 0, "CD_ERROR": 0, "REMARKS": null, "COLL_BY": null }, "geometry": { "type": "MultiPolygon", "coordinates": [ [ [ [ 110.553060643001288, -66.463595575059173 ], [ 110.552926000704701, -66.463595190060133 ], [ 110.552709372423536, -66.463551956969113 ], [ 110.552613200877417, -66.463518039598412 ], [ 110.552584430766245, -66.463479829465584 ], [ 110.55261464670555, -66.463437302525008 ], [ 110.552671068558453, -66.463419521494814 ], [ 110.552794650373599, -66.463410903829597 ], [ 110.553018892042829, -66.463420516404426 ], [ 110.553253551915418, -66.463475014656268 ], [ 110.553320231166495, -66.463511090176169 ], [ 110.553173246037659, -66.463573468836898 ], [ 110.553060643001288, -66.463595575059173 ] ] ] ] } },
{ "type": "Feature", "properties": { "AREA": 12581.9453125, "PERIMETER": 457.46466804900001, "LKPG1_": 272, "LKPG1_ID": 111, "FEATURE": "LAKE", "DQI": 20, "SAMP_NO": null, "WSAMP_NO": null, "D18O": 0.0, "W_DATE": null, "CDSAMP_NO": null, "CD_METHOD": null, "CD_DATE": 0, "CD_ERROR": 0, "REMARKS": null, "COLL_BY": null }, "geometry": { "type": "MultiPolygon", "coordinates": [ [ [ [ 110.593864944768583, -66.465317240957489 ], [ 110.592731694582753, -66.465309807266308 ], [ 110.592159569089276, -66.465299344581609 ], [ 110.591958250240282, -66.465258448810488 ], [ 110.59162308692224, -66.465167861542156 ], [ 110.591545346984475, -66.465118316782608 ], [ 110.59157952311611, -66.465087006825158 ], [ 110.591830246162161, -66.464980007075084 ], [ 110.591930375674792, -66.464904013159398 ], [ 110.591976944036361, -66.464800965759608 ], [ 110.592021481375994, -66.464693427438704 ], [ 110.592149283552089, -66.464554707107069 ], [ 110.592262808111514, -66.464474262318717 ], [ 110.592387113429453, -66.464420759197154 ], [ 110.592466096800322, -66.464394051475523 ], [ 110.592600890391012, -66.464385431590486 ], [ 110.59325110122623, -66.464423009525774 ], [ 110.593720908431536, -66.46451394329263 ], [ 110.594067874390262, -66.464568671874531 ], [ 110.594918246621702, -66.464718902601831 ], [ 110.595287150953226, -66.46480508454448 ], [ 110.595445583298826, -66.464852593461544 ], [ 110.595532483396667, -66.464899917165596 ], [ 110.595598937096668, -66.464953916339255 ], [ 110.595553472685367, -66.464989683566998 ], [ 110.595429679801882, -66.465011791285235 ], [ 110.595081177904689, -66.465051259477463 ], [ 110.594934506079227, -66.465100221176243 ], [ 110.594888822231425, -66.465149444459385 ], [ 110.594876655636767, -66.465207725798123 ], [ 110.594808674989451, -66.465247920067185 ], [ 110.594527494891224, -66.465287561501981 ], [ 110.594201721239344, -66.465309144268161 ], [ 110.593864944768583, -66.465317240957489 ] ] ] ] } },
{ "type": "Feature", "properties": { "AREA": 5206.4296875, "PERIMETER": 373.382151615, "LKPG1_": 273, "LKPG1_ID": 174, "FEATURE": "LAKE", "DQI": 20, "SAMP_NO": null, "WSAMP_NO": null, "D18O": 0.0, "W_DATE": null, "CDSAMP_NO": null, "CD_METHOD": null, "CD_DATE": 0, "CD_ERROR": 0, "REMARKS": null, "COLL_BY": null }, "geometry": { "type": "MultiPolygon", "coordinates": [ [ [ [ 110.551985151133195, -66.465377774302723 ], [ 110.551872941230798, -66.465377452702057 ], [ 110.551805776243199, -66.465368288920232 ], [ 110.551693767626745, -66.465356753712555 ], [ 110.551566934164995, -66.465311533735147 ], [ 110.551527023181663, -66.465268805838562 ], [ 110.551415699779184, -66.465219144606024 ], [ 110.551025305512738, -66.465087940882526 ], [ 110.550344304896441, -66.464893101867546 ], [ 110.550109557296935, -66.464843084645537 ], [ 110.549986937084654, -66.464797875495236 ], [ 110.549977251599969, -66.464712620773923 ], [ 110.549876911963679, -66.464676446916684 ], [ 110.549787550766681, -66.464653761480719 ], [ 110.549597850827624, -66.464594901957383 ], [ 110.549163079249013, -66.464436651925652 ], [ 110.549141123828207, -66.464409674865607 ], [ 110.549197874109964, -66.464373953532458 ], [ 110.549412116012036, -66.464316258071747 ], [ 110.549580585403632, -66.464307772306782 ], [ 110.549760032665944, -66.464312774848267 ], [ 110.550017296440657, -66.464358371800245 ], [ 110.550676968162207, -66.46449035226928 ], [ 110.551057339733205, -66.464554243773989 ], [ 110.551209656610695, -66.464586080470198 ], [ 110.551269484100246, -66.464613165944414 ], [ 110.551345853614237, -66.464734496945667 ], [ 110.551388481053962, -66.464860216707009 ], [ 110.551520714378313, -66.464995164777662 ], [ 110.551953579851386, -66.4652610576521 ], [ 110.551997578749138, -66.465310525585735 ], [ 110.551996613449276, -66.465364350283892 ], [ 110.551985151133195, -66.465377774302723 ] ] ] ] } },
{ "type": "Feature", "properties": { "AREA": 639.765625, "PERIMETER": 101.802914347, "LKPG1_": 274, "LKPG1_ID": 2259, "FEATURE": "LAKE", "DQI": 20, "SAMP_NO": null, "WSAMP_NO": null, "D18O": 0.0, "W_DATE": null, "CDSAMP_NO": null, "CD_METHOD": null, "CD_DATE": 0, "CD_ERROR": 0, "REMARKS": null, "COLL_BY": null }, "geometry": { "type": "MultiPolygon", "coordinates": [ [ [ [ 110.559859134198518, -66.464942607379911 ], [ 110.559903385261634, -66.464978616908908 ], [ 110.559913104723961, -66.465063871029628 ], [ 110.559888608384483, -66.46518042816119 ], [ 110.559842855373859, -66.465229641159652 ], [ 110.559770966204383, -66.465249624027379 ], [ 110.559674462277769, -66.465233652584772 ], [ 110.559331044199126, -66.464981490288579 ], [ 110.559354197920129, -66.464941184978599 ], [ 110.559432980874391, -66.464927950159364 ], [ 110.559550799272529, -66.464928282139468 ], [ 110.559601292872799, -66.464928424389484 ], [ 110.559736179628175, -66.464915347453754 ], [ 110.559859134198518, -66.464942607379911 ] ] ] ] } },
{ "type": "Feature", "properties": { "AREA": 16892.640625, "PERIMETER": 661.00151536700002, "LKPG1_": 275, "LKPG1_ID": 173, "FEATURE": "LAKE", "DQI": 20, "SAMP_NO": null, "WSAMP_NO": null, "D18O": 0.0, "W_DATE": null, "CDSAMP_NO": null, "CD_METHOD": null, "CD_DATE": 0, "CD_ERROR": 0, "REMARKS": null, "COLL_BY": null }, "geometry": { "type": "MultiPolygon", "coordinates": [ [ [ [ 110.538793371994586, -66.465953944910865 ], [ 110.538923404822981, -66.465976756593932 ], [ 110.539068370513476, -66.466026525957659 ], [ 110.53912389753205, -66.466058089045731 ], [ 110.539149267473377, -66.466089563221232 ], [ 110.539189735794693, -66.466139024403205 ], [ 110.539165638194632, -66.466228665913476 ], [ 110.539108207280833, -66.466300266649228 ], [ 110.539051355428271, -66.466340469682891 ], [ 110.53900605592662, -66.466362764252409 ], [ 110.538949369344408, -66.466393996482822 ], [ 110.538802745466796, -66.466433934664181 ], [ 110.538634092424005, -66.466451379567246 ], [ 110.538185234373671, -66.466450054340868 ], [ 110.537893974538633, -66.466422279960057 ], [ 110.53768151437572, -66.466381281191104 ], [ 110.537514023558003, -66.466335929537834 ], [ 110.537312536887725, -66.466308419608083 ], [ 110.537092732809583, -66.466285340810728 ], [ 110.536988114403513, -66.466253631618258 ], [ 110.536832845056608, -66.466154487887849 ], [ 110.536743823184835, -66.466113853478006 ], [ 110.536688299052884, -66.466082289546478 ], [ 110.536565530664433, -66.466046040650625 ], [ 110.53641998716742, -66.466027666639008 ], [ 110.536206866549563, -66.466022548918531 ], [ 110.536050185515023, -66.465999655892475 ], [ 110.535904976003238, -66.465963339876922 ], [ 110.535524788686047, -66.465890440766515 ], [ 110.535301532974216, -66.465826978522728 ], [ 110.53497829015221, -66.465709391033329 ], [ 110.534733514248543, -66.465596522035895 ], [ 110.534499376479005, -66.465515083729727 ], [ 110.534063764433, -66.465406130959309 ], [ 110.533874598081269, -66.465320340100149 ], [ 110.533485048416395, -66.465148724211161 ], [ 110.533318076256975, -66.465076455784214 ], [ 110.533240871409689, -66.465004455214824 ], [ 110.533264318642395, -66.464950697655638 ], [ 110.533331978424613, -66.46493295711835 ], [ 110.533533868380573, -66.464938045273087 ], [ 110.533847380195411, -66.464974865447104 ], [ 110.534194471694107, -66.465016270675449 ], [ 110.535191787719143, -66.46509100910778 ], [ 110.535863454488009, -66.465178231584773 ], [ 110.536269948562719, -66.465269150451348 ], [ 110.536600288097702, -66.465382270682966 ], [ 110.536793963269446, -66.465452371879408 ], [ 110.537269558122503, -66.465599563197316 ], [ 110.537407505145183, -66.465649313342524 ], [ 110.537827541002727, -66.465767181956991 ], [ 110.538364166528964, -66.465876422484399 ], [ 110.538793371994586, -66.465953944910865 ] ] ] ] } },
{ "type": "Feature", "properties": { "AREA": 247.2265625, "PERIMETER": 65.879621232700003, "LKPG1_": 276, "LKPG1_ID": 312, "FEATURE": "LAKE", "DQI": 20, "SAMP_NO": null, "WSAMP_NO": null, "D18O": 0.0, "W_DATE": null, "CDSAMP_NO": null, "CD_METHOD": null, "CD_DATE": 0, "CD_ERROR": 0, "REMARKS": null, "COLL_BY": null }, "geometry": { "type": "MultiPolygon", "coordinates": [ [ [ [ 110.56290906074652, -66.465193387674304 ], [ 110.562682852437305, -66.465174812596629 ], [ 110.562649425276348, -66.465161262234261 ], [ 110.562694622994613, -66.4651434461978 ], [ 110.562852265059476, -66.465112487754169 ], [ 110.562999156651443, -66.465054585396203 ], [ 110.563089001996573, -66.465050350895694 ], [ 110.563144870980651, -66.465063963875906 ], [ 110.56324523141069, -66.465100129225945 ], [ 110.563244604040619, -66.465136012413481 ], [ 110.563176808046805, -66.465162736702112 ], [ 110.563030622370221, -66.465180270641696 ], [ 110.56290906074652, -66.465193387674304 ] ] ] ] } },
{ "type": "Feature", "properties": { "AREA": 576.25, "PERIMETER": 114.51841716, "LKPG1_": 277, "LKPG1_ID": 61, "FEATURE": "LAKE", "DQI": 20, "SAMP_NO": null, "WSAMP_NO": null, "D18O": 0.0, "W_DATE": null, "CDSAMP_NO": null, "CD_METHOD": null, "CD_DATE": 0, "CD_ERROR": 0, "REMARKS": null, "COLL_BY": null }, "geometry": { "type": "MultiPolygon", "coordinates": [ [ [ [ 110.49082969038777, -66.465266814416395 ], [ 110.490605273585061, -66.465266083349249 ], [ 110.490382229362254, -66.46519807169112 ], [ 110.490226053363273, -66.465152706016781 ], [ 110.490025818971048, -66.465066825621079 ], [ 110.489992980884026, -66.465026347648788 ], [ 110.490083662302808, -66.464981786953544 ], [ 110.49015098657047, -66.46498200653167 ], [ 110.490184282549976, -66.465000057714875 ], [ 110.490340274497768, -66.465054394133873 ], [ 110.490440712239405, -66.465081635432952 ], [ 110.490887714276411, -66.465172804748946 ], [ 110.490999008329268, -66.465218023636893 ], [ 110.490964888874927, -66.465240340792178 ], [ 110.49082969038777, -66.465266814416395 ] ] ] ] } },
{ "type": "Feature", "properties": { "AREA": 941.859375, "PERIMETER": 123.653739465, "LKPG1_": 278, "LKPG1_ID": 175, "FEATURE": "LAKE", "DQI": 20, "SAMP_NO": null, "WSAMP_NO": null, "D18O": 0.0, "W_DATE": null, "CDSAMP_NO": null, "CD_METHOD": null, "CD_DATE": 0, "CD_ERROR": 0, "REMARKS": null, "COLL_BY": null }, "geometry": { "type": "MultiPolygon", "coordinates": [ [ [ [ 110.553267303206724, -66.465843462311597 ], [ 110.553076542785078, -66.465842917105036 ], [ 110.552897645828068, -66.465806520622593 ], [ 110.552497218768551, -66.465608007606733 ], [ 110.552453379080092, -66.465549569031424 ], [ 110.552465001940618, -66.465527174195088 ], [ 110.552510207574812, -66.465509361108317 ], [ 110.55270096543461, -66.465509907004517 ], [ 110.552909315283785, -66.465546387950496 ], [ 110.553248631087627, -66.465632584755625 ], [ 110.55333775832635, -66.465668724390426 ], [ 110.553404363353565, -66.465709285259621 ], [ 110.553425843397918, -66.465763174072393 ], [ 110.553368775205627, -66.465816838503741 ], [ 110.553267303206724, -66.465843462311597 ] ] ] ] } },
{ "type": "Feature", "properties": { "AREA": 5516.93359375, "PERIMETER": 477.45376891799998, "LKPG1_": 279, "LKPG1_ID": 185, "FEATURE": "LAKE", "DQI": 28, "SAMP_NO": null, "WSAMP_NO": null, "D18O": 0.0, "W_DATE": null, "CDSAMP_NO": null, "CD_METHOD": null, "CD_DATE": 0, "CD_ERROR": 0, "REMARKS": null, "COLL_BY": null }, "geometry": { "type": "MultiPolygon", "coordinates": [ [ [ [ 110.500859829811944, -66.465680439700961 ], [ 110.500881707161753, -66.465568368437758 ], [ 110.501307731715329, -66.46562355570552 ], [ 110.501784238498757, -66.465714787843197 ], [ 110.501960179463453, -66.465719834075358 ], [ 110.502034309469138, -66.465695399170315 ], [ 110.502289244575422, -66.465678268405597 ], [ 110.502504548383513, -66.465678953691139 ], [ 110.502567296261518, -66.465732981076826 ], [ 110.502607334286978, -66.465800393116524 ], [ 110.503021533416856, -66.46585105242599 ], [ 110.503379928535708, -66.465921718772066 ], [ 110.503743056737591, -66.466001370600367 ], [ 110.503850782061235, -66.466051054579083 ], [ 110.50374376798645, -66.466106785464191 ], [ 110.503789120043692, -66.46615402866378 ], [ 110.504066768300248, -66.466123510152883 ], [ 110.504192741175387, -66.466278664373931 ], [ 110.504272772663015, -66.466451615391605 ], [ 110.504216533191354, -66.466599463254269 ], [ 110.503877016724118, -66.466672399330463 ], [ 110.50354215208759, -66.4667229212329 ], [ 110.503190069448493, -66.466616390214156 ], [ 110.503070445248014, -66.466494897681187 ], [ 110.503103770297997, -66.466335763277698 ], [ 110.503074185842024, -66.466201099956947 ], [ 110.502977229755629, -66.466068465280756 ], [ 110.502710630895962, -66.465966690527907 ], [ 110.502511481665451, -66.465894286643845 ], [ 110.502375215439898, -66.465869181929222 ], [ 110.502182414074511, -66.465935852778713 ], [ 110.501955797473656, -66.465939616660521 ], [ 110.50173952024106, -66.46584697182405 ], [ 110.500961520520789, -66.465680764336739 ], [ 110.500859829811944, -66.465680439700961 ] ] ] ] } },
{ "type": "Feature", "properties": { "AREA": 11224.484375, "PERIMETER": 514.48876802200004, "LKPG1_": 280, "LKPG1_ID": 119, "FEATURE": "LAKE", "DQI": 20, "SAMP_NO": null, "WSAMP_NO": null, "D18O": 0.0, "W_DATE": null, "CDSAMP_NO": null, "CD_METHOD": null, "CD_DATE": 0, "CD_ERROR": 0, "REMARKS": null, "COLL_BY": null }, "geometry": { "type": "MultiPolygon", "coordinates": [ [ [ [ 110.563367367057609, -66.467742498639964 ], [ 110.563311335127551, -66.467737856534626 ], [ 110.56314347481036, -66.467710473907644 ], [ 110.563009359462896, -66.467678699803358 ], [ 110.562764201951168, -66.46757933084362 ], [ 110.562419384666086, -66.467403427120047 ], [ 110.562052757708429, -66.467191576596235 ], [ 110.561616172885209, -66.46688981670718 ], [ 110.561106753249945, -66.466502624381192 ], [ 110.560745620651289, -66.466219016250164 ], [ 110.560657821846632, -66.466106629097467 ], [ 110.560680658935524, -66.466084265181664 ], [ 110.560725859728265, -66.466066449718127 ], [ 110.560849373028134, -66.46606231109034 ], [ 110.560983634612199, -66.466085116254916 ], [ 110.561117423599882, -66.466134833683725 ], [ 110.561216997494071, -66.46621585429709 ], [ 110.561294680629658, -66.466265414095673 ], [ 110.561529385301185, -66.466319899928479 ], [ 110.562312213170003, -66.466474604445125 ], [ 110.562602558396989, -66.46655615811575 ], [ 110.562838161103357, -66.466639800990848 ], [ 110.562870226892386, -66.466651104690811 ], [ 110.56308147548701, -66.466763835607594 ], [ 110.563225003746481, -66.466898805141938 ], [ 110.56335848792358, -66.466966462241942 ], [ 110.563705029422707, -66.467043685158018 ], [ 110.564006372731782, -66.467138723729192 ], [ 110.564061698908688, -66.467183734164834 ], [ 110.56411506846166, -66.467340879523348 ], [ 110.56412253329465, -66.467556209894354 ], [ 110.564076784254482, -66.467605424118887 ], [ 110.563985990312972, -66.467663483949963 ], [ 110.56373816543649, -66.467716620026764 ], [ 110.563367367057609, -66.467742498639964 ] ] ] ] } },
{ "type": "Feature", "properties": { "AREA": 8222.7734375, "PERIMETER": 363.25794870499999, "LKPG1_": 281, "LKPG1_ID": 60, "FEATURE": "LAKE", "DQI": 20, "SAMP_NO": null, "WSAMP_NO": null, "D18O": 0.0, "W_DATE": null, "CDSAMP_NO": null, "CD_METHOD": null, "CD_DATE": 0, "CD_ERROR": 0, "REMARKS": null, "COLL_BY": null }, "geometry": { "type": "MultiPolygon", "coordinates": [ [ [ [ 110.496630832642524, -66.467514966614914 ], [ 110.496541328984691, -66.467501221490124 ], [ 110.496266212014447, -66.467439779118195 ], [ 110.495960417478557, -66.467369266069269 ], [ 110.495792724368982, -66.467337325837775 ], [ 110.495737158784465, -66.46731023275693 ], [ 110.495559693940052, -66.467206490421205 ], [ 110.495394086528989, -66.467071386626685 ], [ 110.49529970139524, -66.466952212343486 ], [ 110.495286854671491, -66.466824329953084 ], [ 110.495323419279387, -66.466680907305346 ], [ 110.495358624218383, -66.466604764955093 ], [ 110.495384691593841, -66.466425423235535 ], [ 110.495442066850785, -66.466362809361684 ], [ 110.495567132008475, -66.466282471297205 ], [ 110.495657264695609, -66.466264819498676 ], [ 110.495735904324022, -66.466260587518207 ], [ 110.495870288301361, -66.466274477844919 ], [ 110.496048471764851, -66.466342337001009 ], [ 110.496293713034063, -66.466423868953072 ], [ 110.496494522339233, -66.466482829196877 ], [ 110.496549996506801, -66.466514407365636 ], [ 110.496717142832409, -66.466573258914721 ], [ 110.496884832002067, -66.466605198155406 ], [ 110.497142835115213, -66.466610513852231 ], [ 110.497187540358965, -66.466619628926338 ], [ 110.497187703183613, -66.466716070828468 ], [ 110.497094066174867, -66.466803239742603 ], [ 110.49705886624244, -66.466879382484734 ], [ 110.497076884234076, -66.467099237069192 ], [ 110.497051189548088, -66.467260637643534 ], [ 110.496924769169951, -66.467408257203132 ], [ 110.496777078294855, -66.467497494813529 ], [ 110.496630832642524, -66.467514966614914 ] ] ] ] } },
{ "type": "Feature", "properties": { "AREA": 30064.75, "PERIMETER": 706.06943676699996, "LKPG1_": 282, "LKPG1_ID": 116, "FEATURE": "LAKE", "DQI": 20, "SAMP_NO": null, "WSAMP_NO": null, "D18O": 0.0, "W_DATE": null, "CDSAMP_NO": null, "CD_METHOD": null, "CD_DATE": 0, "CD_ERROR": 0, "REMARKS": null, "COLL_BY": null }, "geometry": { "type": "MultiPolygon", "coordinates": [ [ [ [ 110.596780030830061, -66.468644133116442 ], [ 110.596784723449943, -66.468657602025289 ], [ 110.596914181850494, -66.468980899187997 ], [ 110.596946908890402, -66.469039296382533 ], [ 110.597046176420591, -66.469147206690749 ], [ 110.597168541503677, -66.469214806024723 ], [ 110.59719026365903, -66.469259718006228 ], [ 110.59715652291203, -66.469264116681018 ], [ 110.597011060724114, -66.469236828228205 ], [ 110.596753805597032, -66.469182337751462 ], [ 110.596384251710504, -66.469132042605267 ], [ 110.595991963656871, -66.469099630250824 ], [ 110.595661437845024, -66.469065133838612 ], [ 110.594647493370545, -66.468957096809277 ], [ 110.594255538230499, -66.468904495735799 ], [ 110.594020628410746, -66.468856787129923 ], [ 110.593651814607824, -66.468761631388503 ], [ 110.593524924328975, -66.468714202725749 ], [ 110.593266556565666, -66.46855653470206 ], [ 110.59300240648399, -66.468237369445603 ], [ 110.592899938625152, -66.468068892524116 ], [ 110.592903082196997, -66.467876019726972 ], [ 110.592994467541843, -66.467777574350905 ], [ 110.593164260639853, -66.467688304174743 ], [ 110.593514189265989, -66.467563617414356 ], [ 110.593830448466761, -66.467438842411326 ], [ 110.594181244763917, -66.46726032917266 ], [ 110.59441930805265, -66.46711292197989 ], [ 110.594577724141942, -66.467032591975794 ], [ 110.594735557024464, -66.466988145133769 ], [ 110.59484813855417, -66.466966008896335 ], [ 110.595061424835322, -66.466962075854724 ], [ 110.595263271250687, -66.466971569719718 ], [ 110.595430943957723, -66.467012374124437 ], [ 110.595531286374012, -66.467053004178197 ], [ 110.595753907733851, -66.467165720035453 ], [ 110.595943010492988, -66.46726937774234 ], [ 110.59625330870972, -66.467512401935679 ], [ 110.596330558005235, -66.46759334225915 ], [ 110.596440314543756, -66.467746136100715 ], [ 110.59661458041586, -66.468074034818002 ], [ 110.596645639578796, -66.468235596645457 ], [ 110.596780030830061, -66.468644133116442 ] ] ] ] } },
{ "type": "Feature", "properties": { "AREA": 29582.8164063, "PERIMETER": 912.48424380599999, "LKPG1_": 283, "LKPG1_ID": 172, "FEATURE": "LAKE", "DQI": 28, "SAMP_NO": null, "WSAMP_NO": null, "D18O": 0.0, "W_DATE": null, "CDSAMP_NO": null, "CD_METHOD": null, "CD_DATE": 0, "CD_ERROR": 0, "REMARKS": null, "COLL_BY": null }, "geometry": { "type": "MultiPolygon", "coordinates": [ [ [ [ 110.544187007013164, -66.467752798979276 ], [ 110.544489026741957, -66.467845634471445 ], [ 110.544872654350314, -66.46792525008162 ], [ 110.545160603058847, -66.467982158315905 ], [ 110.545517459793203, -66.468068422885807 ], [ 110.545640169532675, -66.468109150141018 ], [ 110.545729376150121, -66.46814080871431 ], [ 110.545823036016074, -66.468159023303201 ], [ 110.545841190582479, -66.468163561661569 ], [ 110.545874857279827, -66.468163659451022 ], [ 110.546009279488842, -66.468177506694843 ], [ 110.546054168444797, -66.468177637030919 ], [ 110.546087753648408, -66.468182220160742 ], [ 110.546132561107626, -66.468186835860536 ], [ 110.546244620571173, -66.468196132360731 ], [ 110.54627820583471, -66.468200715449655 ], [ 110.546356517187263, -66.468214399553361 ], [ 110.546405451644119, -66.468223512771573 ], [ 110.546550648867935, -66.468262061732233 ], [ 110.546617575440521, -66.468284683931003 ], [ 110.546858833351948, -66.468363881729132 ], [ 110.546981628086229, -66.46840012254539 ], [ 110.547015132411659, -66.468409190862786 ], [ 110.547048718103497, -66.46841377378631 ], [ 110.547093607490538, -66.468413903824185 ], [ 110.547431701850115, -66.46849113839572 ], [ 110.547648699622172, -66.468554565061638 ], [ 110.547685752016065, -66.468561400688131 ], [ 110.548078623345504, -66.468712805063817 ], [ 110.548744357505882, -66.469019750123081 ], [ 110.549172137413166, -66.469258722064396 ], [ 110.549513973553246, -66.469479502735055 ], [ 110.549758787579208, -66.469634961792153 ], [ 110.549799066326059, -66.46965750587384 ], [ 110.549961463672915, -66.469754414215899 ], [ 110.550120233898625, -66.469858040379492 ], [ 110.550237580066906, -66.469963790038591 ], [ 110.550281018442675, -66.470044656142107 ], [ 110.550272509780186, -66.470127615639854 ], [ 110.55024933657154, -66.470167919566961 ], [ 110.550292371504952, -66.470271212603379 ], [ 110.550279048320746, -66.470387800401056 ], [ 110.550210820289038, -66.470436945970647 ], [ 110.550192501705183, -66.470441378894549 ], [ 110.550120630213641, -66.470459114605006 ], [ 110.549941219550817, -66.470449627069883 ], [ 110.549739928568272, -66.470408676983425 ], [ 110.54946056114639, -66.470340587966049 ], [ 110.548902965099344, -66.470141613019251 ], [ 110.548601805316025, -66.470037574614992 ], [ 110.54751836772023, -66.469747363313573 ], [ 110.547060585941495, -66.469615954858199 ], [ 110.546793190087385, -66.469507525113002 ], [ 110.546426420611027, -66.469309094222893 ], [ 110.546359898815737, -66.469264045015066 ], [ 110.546014521735671, -66.469123988292125 ], [ 110.545746727797592, -66.469037983684188 ], [ 110.545590712733784, -66.468976974436274 ], [ 110.544944419429996, -66.468721657101554 ], [ 110.544811057572403, -66.468649498935036 ], [ 110.54470046837568, -66.46855946447495 ], [ 110.544389268295973, -66.468392589883777 ], [ 110.544233628891249, -66.46831139504792 ], [ 110.544190213095646, -66.468230527259195 ], [ 110.544181282810513, -66.468104903761272 ], [ 110.543816356914704, -66.467807788261723 ], [ 110.543672313800073, -66.46770644137375 ], [ 110.543617228126095, -66.4676502102852 ], [ 110.543629187702734, -66.46760987457688 ], [ 110.543685625375574, -66.467592096808133 ], [ 110.543764015324996, -66.467601296824483 ], [ 110.543864439740148, -66.4676329892078 ], [ 110.544031541395057, -66.467700760987469 ], [ 110.544098627918387, -66.467714413493525 ], [ 110.544187007013164, -66.467752798979276 ] ] ] ] } },
{ "type": "Feature", "properties": { "AREA": 333.1796875, "PERIMETER": 71.675122348900004, "LKPG1_": 284, "LKPG1_ID": 169, "FEATURE": "LAKE", "DQI": 20, "SAMP_NO": null, "WSAMP_NO": null, "D18O": 0.0, "W_DATE": null, "CDSAMP_NO": null, "CD_METHOD": null, "CD_DATE": 0, "CD_ERROR": 0, "REMARKS": null, "COLL_BY": null }, "geometry": { "type": "MultiPolygon", "coordinates": [ [ [ [ 110.534273475496448, -66.4678132956968 ], [ 110.534243943512251, -66.467779565513965 ], [ 110.5342783623326, -66.467739297388846 ], [ 110.534368472988362, -66.467721623266584 ], [ 110.534548025245471, -66.467722157899914 ], [ 110.534626077939635, -66.467749304012855 ], [ 110.534692240294547, -66.467812299723818 ], [ 110.534713347530939, -66.467884132586192 ], [ 110.534678594965001, -66.46794234232344 ], [ 110.534399296264581, -66.46787422641556 ], [ 110.53428791173674, -66.467829038396758 ], [ 110.534273475496448, -66.4678132956968 ] ] ] ] } },
{ "type": "Feature", "properties": { "AREA": 19369.5703125, "PERIMETER": 797.44867727999997, "LKPG1_": 285, "LKPG1_ID": 59, "FEATURE": "LAKE", "DQI": 20, "SAMP_NO": null, "WSAMP_NO": null, "D18O": 0.0, "W_DATE": null, "CDSAMP_NO": null, "CD_METHOD": null, "CD_DATE": 0, "CD_ERROR": 0, "REMARKS": null, "COLL_BY": null }, "geometry": { "type": "MultiPolygon", "coordinates": [ [ [ [ 110.495138466750689, -66.468613623552116 ], [ 110.495238289505011, -66.46867225923657 ], [ 110.495352501324007, -66.468782526218135 ], [ 110.495391415530875, -66.468870121892934 ], [ 110.495377293123383, -66.469013616955976 ], [ 110.495369215132271, -66.469031533464644 ], [ 110.495294928583391, -66.469201748198373 ], [ 110.495269673390794, -66.469340721666512 ], [ 110.495200886811816, -66.469412269920781 ], [ 110.495121330454083, -66.469461355145341 ], [ 110.494917507112604, -66.469550409761894 ], [ 110.494522803743948, -66.469643332794661 ], [ 110.494185301802574, -66.469682612151345 ], [ 110.493949258844779, -66.469699790959439 ], [ 110.493870880777706, -66.469690565979249 ], [ 110.493759561618916, -66.469645349146333 ], [ 110.49367123404329, -66.469573292814786 ], [ 110.493559733863677, -66.469537046541532 ], [ 110.493403252039016, -66.469505140099173 ], [ 110.493347866216311, -66.469469075473555 ], [ 110.493386993395333, -66.469200063509064 ], [ 110.493365458029359, -66.469155137271372 ], [ 110.493310073035488, -66.469119072631244 ], [ 110.493289174869815, -66.469042748925162 ], [ 110.49318899115255, -66.469002053405177 ], [ 110.493021290644123, -66.468970110203344 ], [ 110.492573301623295, -66.468923800492064 ], [ 110.492350128239011, -66.468860277000758 ], [ 110.49220450987319, -66.468846347198379 ], [ 110.491957798434584, -66.468836574455608 ], [ 110.491476420487899, -66.468776696153284 ], [ 110.491063018979332, -66.468685638113598 ], [ 110.490917585200009, -66.468662736413989 ], [ 110.490760837881041, -66.468644283377955 ], [ 110.490705366320682, -66.468612703165448 ], [ 110.490639129934962, -66.468558659626169 ], [ 110.490371167100193, -66.468490501716929 ], [ 110.490070637847722, -66.468368409359698 ], [ 110.489802403741876, -66.468313706523944 ], [ 110.48953380413306, -66.46827694462398 ], [ 110.489309543750792, -66.468267240982641 ], [ 110.489208727537047, -66.468257940355585 ], [ 110.489119133575642, -66.468248676332848 ], [ 110.489041037128246, -66.468225992887952 ], [ 110.488997157887638, -66.46817650734927 ], [ 110.489031925435611, -66.468122793195008 ], [ 110.489121977629026, -66.468109630524026 ], [ 110.489323883990764, -66.468114775778105 ], [ 110.489604253620485, -66.468124662578475 ], [ 110.490176765006638, -66.468117559168093 ], [ 110.490412887091111, -66.468095900694294 ], [ 110.490671727364131, -66.468060858930585 ], [ 110.490952462588396, -66.46805280191397 ], [ 110.491267320688792, -66.468022427189595 ], [ 110.491604804751361, -66.467983154112005 ], [ 110.491743312685259, -66.468001547021615 ], [ 110.491955026673608, -66.468076248292277 ], [ 110.49218433955005, -66.468182405962381 ], [ 110.492288134021877, -66.468252270573402 ], [ 110.492492909270382, -66.46846151797314 ], [ 110.492580227161355, -66.468582913835561 ], [ 110.492657963503305, -66.468623536917775 ], [ 110.492724751023601, -66.468650667498721 ], [ 110.492825479059448, -66.468664451210955 ], [ 110.493206766635083, -66.468679144500598 ], [ 110.493375193284663, -66.468675204692985 ], [ 110.493543892736213, -66.468657808649525 ], [ 110.493836856015605, -66.46860044394225 ], [ 110.494275708088523, -66.468543550638117 ], [ 110.494623781493502, -66.46853570481133 ], [ 110.494892844951949, -66.468550031209858 ], [ 110.494993573783944, -66.468563813525961 ], [ 110.495138466750689, -66.468613623552116 ] ] ] ] } },
{ "type": "Feature", "properties": { "AREA": 1060.9296875, "PERIMETER": 124.72266748200001, "LKPG1_": 286, "LKPG1_ID": 168, "FEATURE": "LAKE", "DQI": 20, "SAMP_NO": null, "WSAMP_NO": null, "D18O": 0.0, "W_DATE": null, "CDSAMP_NO": null, "CD_METHOD": null, "CD_DATE": 0, "CD_ERROR": 0, "REMARKS": null, "COLL_BY": null }, "geometry": { "type": "MultiPolygon", "coordinates": [ [ [ [ 110.533009923130038, -66.468354530631999 ], [ 110.533021732453406, -66.468323166504902 ], [ 110.533078179275464, -66.468305392572205 ], [ 110.533269293237169, -66.468288020677718 ], [ 110.533470791396752, -66.46831553581768 ], [ 110.533772285935925, -66.468397176446274 ], [ 110.533883672059559, -66.468442364830025 ], [ 110.533938779396721, -66.468496356641026 ], [ 110.533976110887949, -66.468525624496877 ], [ 110.533967066417844, -66.468559239747592 ], [ 110.533916764850673, -66.468586003575169 ], [ 110.533880826025012, -66.468594867694151 ], [ 110.533835768964693, -66.468603704619284 ], [ 110.533667600290912, -66.46859423188009 ], [ 110.533536228990982, -66.46860505407156 ], [ 110.533465261846501, -66.468611570773874 ], [ 110.533319705697636, -66.468593193875023 ], [ 110.533186126649753, -66.468534481946264 ], [ 110.53305296750797, -66.468453343014019 ], [ 110.532998113776884, -66.468385894758057 ], [ 110.533009923130038, -66.468354530631999 ] ] ] ] } },
{ "type": "Feature", "properties": { "AREA": 2956.34375, "PERIMETER": 256.49521384399998, "LKPG1_": 287, "LKPG1_ID": 118, "FEATURE": "LAKE", "DQI": 20, "SAMP_NO": null, "WSAMP_NO": null, "D18O": 0.0, "W_DATE": null, "CDSAMP_NO": null, "CD_METHOD": null, "CD_DATE": 0, "CD_ERROR": 0, "REMARKS": null, "COLL_BY": null }, "geometry": { "type": "MultiPolygon", "coordinates": [ [ [ [ 110.566541330086736, -66.468991602644991 ], [ 110.566454315730056, -66.468993604200776 ], [ 110.566331022492008, -66.468984291053729 ], [ 110.566152005775109, -66.468952395129349 ], [ 110.565716897432523, -66.46880316192869 ], [ 110.565460729718154, -66.468690309834997 ], [ 110.565110771566935, -66.468565982432182 ], [ 110.564746788917617, -66.468441615195559 ], [ 110.564702524748824, -66.468405607046719 ], [ 110.564759027406524, -66.468383336269326 ], [ 110.564848884432209, -66.468379100765418 ], [ 110.56519623096807, -66.468411466399942 ], [ 110.565454267522966, -66.468416669381313 ], [ 110.565622213131846, -66.468439564130833 ], [ 110.565923736477288, -66.468525628206308 ], [ 110.566292440916229, -66.468620849290843 ], [ 110.566561157468144, -66.468657479363841 ], [ 110.566625492193282, -66.468668871732703 ], [ 110.56672902790514, -66.468684858323513 ], [ 110.566876052322812, -66.468741335847682 ], [ 110.566951455883611, -66.46880210049649 ], [ 110.566961356385093, -66.468878383353143 ], [ 110.566926988661663, -66.46891865868956 ], [ 110.566791539434433, -66.468963139601627 ], [ 110.566622733112084, -66.468989585487719 ], [ 110.566541330086736, -66.468991602644991 ] ] ] ] } },
{ "type": "Feature", "properties": { "AREA": 1992.03125, "PERIMETER": 188.36955577200001, "LKPG1_": 288, "LKPG1_ID": 184, "FEATURE": "LAKE", "DQI": 20, "SAMP_NO": "S87/49", "WSAMP_NO": null, "D18O": 0.0, "W_DATE": null, "CDSAMP_NO": null, "CD_METHOD": null, "CD_DATE": 0, "CD_ERROR": 0, "REMARKS": "0  0", "COLL_BY": "Goodwin" }, "geometry": { "type": "MultiPolygon", "coordinates": [ [ [ [ 110.525055588866707, -66.468801561650238 ], [ 110.52482170870428, -66.468706652768162 ], [ 110.52459577755711, -66.468636438676072 ], [ 110.524431229149471, -66.468584353498287 ], [ 110.524219413593613, -66.46850969615771 ], [ 110.524163686360779, -66.46848934122481 ], [ 110.524041522684584, -66.468421684904953 ], [ 110.524030984175468, -66.468385767765469 ], [ 110.52408726659435, -66.468376967826927 ], [ 110.524255686438593, -66.468372994750837 ], [ 110.52439078100106, -66.468350977595506 ], [ 110.524648637414543, -66.468365218658505 ], [ 110.524839245677555, -66.46837476930736 ], [ 110.525296972810153, -66.468501757382057 ], [ 110.525452892649412, -66.468565029536677 ], [ 110.525530597244256, -66.468610121674487 ], [ 110.525573016062879, -66.468740333705227 ], [ 110.525561111986633, -66.468776182635224 ], [ 110.525504403122667, -66.468807409967667 ], [ 110.525402974565552, -66.468829530281099 ], [ 110.525167302090324, -66.468828814742722 ], [ 110.525055588866707, -66.468801561650238 ] ] ] ] } },
{ "type": "Feature", "properties": { "AREA": 1557.125, "PERIMETER": 146.56141244099999, "LKPG1_": 289, "LKPG1_ID": 167, "FEATURE": "LAKE", "DQI": 20, "SAMP_NO": null, "WSAMP_NO": null, "D18O": 0.0, "W_DATE": null, "CDSAMP_NO": null, "CD_METHOD": null, "CD_DATE": 0, "CD_ERROR": 0, "REMARKS": null, "COLL_BY": null }, "geometry": { "type": "MultiPolygon", "coordinates": [ [ [ [ 110.53569118525985, -66.469012931935964 ], [ 110.535512374439548, -66.468972030198202 ], [ 110.535367565655037, -66.468913286792343 ], [ 110.5352350651265, -66.468796266684421 ], [ 110.535247289180774, -66.468742475494139 ], [ 110.53529284672021, -66.468706725887458 ], [ 110.53537182114087, -66.468684532456194 ], [ 110.535540574943767, -66.468662605707777 ], [ 110.53572005061767, -66.468667624378241 ], [ 110.536033529143509, -66.468708925558246 ], [ 110.536267618546503, -66.46879484693271 ], [ 110.536400706701642, -66.468880468510193 ], [ 110.536422485763723, -66.468916418097507 ], [ 110.536387818993674, -66.46897014282861 ], [ 110.536308761296993, -66.468996822151851 ], [ 110.53610625479277, -66.469023135220795 ], [ 110.535870496778088, -66.469026921193432 ], [ 110.53569118525985, -66.469012931935964 ] ] ] ] } },
{ "type": "Feature", "properties": { "AREA": 700.0390625, "PERIMETER": 97.2323025922, "LKPG1_": 290, "LKPG1_ID": 120, "FEATURE": "LAKE", "DQI": 20, "SAMP_NO": null, "WSAMP_NO": null, "D18O": 0.0, "W_DATE": null, "CDSAMP_NO": null, "CD_METHOD": null, "CD_DATE": 0, "CD_ERROR": 0, "REMARKS": null, "COLL_BY": null }, "geometry": { "type": "MultiPolygon", "coordinates": [ [ [ [ 110.559997215761285, -66.469287316813464 ], [ 110.560176127449125, -66.469245206829939 ], [ 110.560400661208988, -66.4692413526557 ], [ 110.560545846524974, -66.469282131325741 ], [ 110.560567818534366, -66.469309106775725 ], [ 110.560566950437916, -66.4693584461141 ], [ 110.560542045429685, -66.469378561390755 ], [ 110.560505443996135, -66.469425557484257 ], [ 110.560426213223678, -66.469463462497373 ], [ 110.560257554749867, -66.469480930715804 ], [ 110.559958865018302, -66.469473361967246 ], [ 110.5598806212884, -66.469455199278926 ], [ 110.559825139530489, -66.469419158166133 ], [ 110.5598147862991, -66.469369787238435 ], [ 110.559928199749564, -66.469302822238262 ], [ 110.559997215761285, -66.469287316813464 ] ] ] ] } },
{ "type": "Feature", "properties": { "AREA": 5774.125, "PERIMETER": 427.80737334700001, "LKPG1_": 291, "LKPG1_ID": 183, "FEATURE": "LAKE", "DQI": 20, "SAMP_NO": null, "WSAMP_NO": null, "D18O": 0.0, "W_DATE": null, "CDSAMP_NO": null, "CD_METHOD": null, "CD_DATE": 0, "CD_ERROR": 0, "REMARKS": null, "COLL_BY": null }, "geometry": { "type": "MultiPolygon", "coordinates": [ [ [ [ 110.526210560306623, -66.469446510976354 ], [ 110.526209774906818, -66.469376981319925 ], [ 110.526358753085134, -66.469325847927578 ], [ 110.526482713281979, -66.469299309599549 ], [ 110.526594855384985, -66.469304134806706 ], [ 110.526766724719039, -66.469340540130943 ], [ 110.527443962787714, -66.469508556729863 ], [ 110.527690185979637, -66.469545185731931 ], [ 110.527879532586383, -66.469622013285573 ], [ 110.527984666267841, -66.46970082922158 ], [ 110.528004668696141, -66.469718832122837 ], [ 110.528100430290607, -66.469811076575638 ], [ 110.528098820026798, -66.469896298679302 ], [ 110.527994479710912, -66.469961025369813 ], [ 110.52809547233457, -66.470073470944413 ], [ 110.5281620904166, -66.470111799838193 ], [ 110.528318535837528, -66.470148156889366 ], [ 110.528396250526598, -66.470193247599596 ], [ 110.528478470567393, -66.470222652154121 ], [ 110.528552527457208, -66.470238575164473 ], [ 110.528686866521284, -66.470256922671737 ], [ 110.528765005378915, -66.470279586328559 ], [ 110.528862065687051, -66.4703404348069 ], [ 110.528968819882394, -66.47040804086933 ], [ 110.529030301038958, -66.470495695829257 ], [ 110.52906219461029, -66.470589990096329 ], [ 110.529039240508297, -66.470616834733804 ], [ 110.528915868727537, -66.470611977464245 ], [ 110.528613601436248, -66.470570695852558 ], [ 110.528523899820655, -66.470565939774659 ], [ 110.528400697791966, -66.470552111351338 ], [ 110.528244334450193, -66.470511269009137 ], [ 110.528110841857909, -66.4704480673864 ], [ 110.527989590414748, -66.470331075047397 ], [ 110.527856608205639, -66.470240960965683 ], [ 110.52762397648408, -66.47007877567593 ], [ 110.527524496296621, -66.469997733770796 ], [ 110.527346625590638, -66.469907483595819 ], [ 110.527268234485149, -66.469898275350488 ], [ 110.527054318316019, -66.469933513497779 ], [ 110.526964619288677, -66.469928756526471 ], [ 110.526775868097303, -66.469820530256968 ], [ 110.526338048541334, -66.469529881403105 ], [ 110.526210560306623, -66.469446510976354 ] ] ] ] } },
{ "type": "Feature", "properties": { "AREA": 3773.296875, "PERIMETER": 263.64081783300003, "LKPG1_": 292, "LKPG1_ID": 170, "FEATURE": "LAKE", "DQI": 20, "SAMP_NO": null, "WSAMP_NO": null, "D18O": 0.0, "W_DATE": null, "CDSAMP_NO": null, "CD_METHOD": null, "CD_DATE": 0, "CD_ERROR": 0, "REMARKS": null, "COLL_BY": null }, "geometry": { "type": "MultiPolygon", "coordinates": [ [ [ [ 110.539701128633538, -66.470054239255418 ], [ 110.53994535094688, -66.470200740806348 ], [ 110.540044376628117, -66.470308687116045 ], [ 110.540021269361631, -66.470344504135412 ], [ 110.53998743451649, -66.470353375846287 ], [ 110.53975240845179, -66.47031679923451 ], [ 110.539584639428909, -66.470284905948745 ], [ 110.539405234064176, -66.470275406327588 ], [ 110.538945249679117, -66.470265079423328 ], [ 110.538721283436487, -66.470237505116472 ], [ 110.538576294026143, -66.470187735444554 ], [ 110.538107908937064, -66.470024870025654 ], [ 110.537907387742905, -66.469943536296412 ], [ 110.537830237665375, -66.469867052642684 ], [ 110.537830486674991, -66.469853596502418 ], [ 110.537846374773082, -66.469828972524056 ], [ 110.537865068579038, -66.469804356836647 ], [ 110.537880956611559, -66.469779732854576 ], [ 110.537899650346432, -66.469755117162848 ], [ 110.537990097620877, -66.469719499439691 ], [ 110.53808021280679, -66.469701823185261 ], [ 110.538293531049092, -66.469697967606493 ], [ 110.538517823497926, -66.469707601002568 ], [ 110.538685752977287, -66.469730524671036 ], [ 110.538864491615982, -66.469775908162376 ], [ 110.538898077642841, -66.469780492836065 ], [ 110.538913426388078, -66.469785023723702 ], [ 110.538931580876934, -66.469789562883392 ], [ 110.538946929633823, -66.469794093767732 ], [ 110.53902095054994, -66.469812254514139 ], [ 110.539366794225856, -66.469925414369399 ], [ 110.539701128633538, -66.470054239255418 ] ] ] ] } },
{ "type": "Feature", "properties": { "AREA": 1003.25, "PERIMETER": 190.72986136599999, "LKPG1_": 293, "LKPG1_ID": 117, "FEATURE": "LAKE", "DQI": 20, "SAMP_NO": null, "WSAMP_NO": null, "D18O": 0.0, "W_DATE": null, "CDSAMP_NO": null, "CD_METHOD": null, "CD_DATE": 0, "CD_ERROR": 0, "REMARKS": null, "COLL_BY": null }, "geometry": { "type": "MultiPolygon", "coordinates": [ [ [ [ 110.585988943362551, -66.471320751914121 ], [ 110.585955197865033, -66.471325148168134 ], [ 110.58587722691405, -66.471289056849727 ], [ 110.585762492267548, -66.471185584027666 ], [ 110.585634473290213, -66.471037219863135 ], [ 110.58543721408617, -66.47074961826111 ], [ 110.58537262868812, -66.47058347960926 ], [ 110.58539537329915, -66.47056559749673 ], [ 110.585496383634691, -66.470565865297218 ], [ 110.585630319873161, -66.470611076345975 ], [ 110.585798521962872, -66.470620493207818 ], [ 110.585853895128849, -66.47066549593319 ], [ 110.585836789279554, -66.470766376746226 ], [ 110.585805430734894, -66.470880676619046 ], [ 110.585859986294594, -66.470975018831084 ], [ 110.585891648813615, -66.471096214026304 ], [ 110.585935278990021, -66.471172584853306 ], [ 110.58599005875196, -66.471253470792746 ], [ 110.585988943362551, -66.471320751914121 ] ] ] ] } },
{ "type": "Feature", "properties": { "AREA": 2141.7890625, "PERIMETER": 180.26556396199999, "LKPG1_": 294, "LKPG1_ID": 121, "FEATURE": "LAKE", "DQI": 20, "SAMP_NO": null, "WSAMP_NO": null, "D18O": 0.0, "W_DATE": null, "CDSAMP_NO": null, "CD_METHOD": null, "CD_DATE": 0, "CD_ERROR": 0, "REMARKS": null, "COLL_BY": null }, "geometry": { "type": "MultiPolygon", "coordinates": [ [ [ [ 110.562679873976009, -66.471113759866483 ], [ 110.562656641315286, -66.471158551031323 ], [ 110.562595843082661, -66.471185294657829 ], [ 110.562453830592048, -66.471202839798934 ], [ 110.562341830177814, -66.471189069515134 ], [ 110.562140748782198, -66.471134679199935 ], [ 110.561795335963978, -66.470990171917322 ], [ 110.5615837425308, -66.470895380884556 ], [ 110.561506280715037, -66.470832365068873 ], [ 110.561507777051929, -66.470747142580635 ], [ 110.561564602834991, -66.470706931392044 ], [ 110.561655721312775, -66.470671301936605 ], [ 110.561734134528947, -66.470640122432826 ], [ 110.561813091611199, -66.470617915644056 ], [ 110.561970218648781, -66.470618355891574 ], [ 110.562350162254859, -66.470713617695381 ], [ 110.562450151282931, -66.470772210514255 ], [ 110.562483507256218, -66.470790246308056 ], [ 110.562538681615209, -66.47084422805365 ], [ 110.562648088444604, -66.47100601622202 ], [ 110.562679873976009, -66.471113759866483 ] ] ] ] } },
{ "type": "Feature", "properties": { "AREA": 16402.4804688, "PERIMETER": 667.97894012799998, "LKPG1_": 295, "LKPG1_ID": 181, "FEATURE": "LAKE", "DQI": 20, "SAMP_NO": null, "WSAMP_NO": null, "D18O": 0.0, "W_DATE": null, "CDSAMP_NO": null, "CD_METHOD": null, "CD_DATE": 0, "CD_ERROR": 0, "REMARKS": null, "COLL_BY": null }, "geometry": { "type": "MultiPolygon", "coordinates": [ [ [ [ 110.523631932547985, -66.471986514501182 ], [ 110.52329535332413, -66.471904747427956 ], [ 110.523081681762577, -66.4718525111345 ], [ 110.52202320106538, -66.471589112625665 ], [ 110.52188284697003, -66.471555041300377 ], [ 110.52161511026496, -66.47146899542723 ], [ 110.521515257341889, -66.471408133881241 ], [ 110.521527727084617, -66.471343130378784 ], [ 110.521596099916877, -66.471289512000112 ], [ 110.521746945677023, -66.4712518455718 ], [ 110.522001866514685, -66.471201040287866 ], [ 110.522294365458379, -66.471166049108362 ], [ 110.522619505289114, -66.471184984614851 ], [ 110.523268930198185, -66.471267707299717 ], [ 110.523560059010094, -66.471304479671687 ], [ 110.524089811526309, -66.471409262403441 ], [ 110.524726700333673, -66.471561468118352 ], [ 110.525520005662699, -66.471752273773333 ], [ 110.525806125394809, -66.471831640220387 ], [ 110.525995057822655, -66.471930896896225 ], [ 110.526072263107906, -66.472002900979618 ], [ 110.526137478869828, -66.472115239353869 ], [ 110.526134414806066, -66.472276712718994 ], [ 110.526098699779411, -66.472384259583464 ], [ 110.526131180469491, -66.472447156822852 ], [ 110.526231261540744, -66.472496801994012 ], [ 110.526264678713574, -66.472510360122698 ], [ 110.52671194471354, -66.472601427061974 ], [ 110.526912960553517, -66.472655862882036 ], [ 110.527013128973095, -66.47270102218134 ], [ 110.527046037134767, -66.472741492372194 ], [ 110.527022993924703, -66.472772822075385 ], [ 110.526842555663521, -66.472817132493532 ], [ 110.526494262376389, -66.472834020753851 ], [ 110.525820974748001, -66.472823009313004 ], [ 110.525372940771618, -66.472772308161481 ], [ 110.525227878034656, -66.472727011506507 ], [ 110.525150587662694, -66.472659492383357 ], [ 110.525152890527607, -66.47253838738304 ], [ 110.525109273345706, -66.472470970485716 ], [ 110.524953927308999, -66.472376300414041 ], [ 110.524786931622231, -66.472304022929691 ], [ 110.524430068064632, -66.472181826007187 ], [ 110.524083833582438, -66.472091060020972 ], [ 110.523893795857759, -66.472050110850432 ], [ 110.523631932547985, -66.471986514501182 ] ] ] ] } },
{ "type": "Feature", "properties": { "AREA": 602.01953125, "PERIMETER": 93.785398823899996, "LKPG1_": 296, "LKPG1_ID": 182, "FEATURE": "LAKE", "DQI": 20, "SAMP_NO": null, "WSAMP_NO": null, "D18O": 0.0, "W_DATE": null, "CDSAMP_NO": null, "CD_METHOD": null, "CD_DATE": 0, "CD_ERROR": 0, "REMARKS": null, "COLL_BY": null }, "geometry": { "type": "MultiPolygon", "coordinates": [ [ [ [ 110.519809935478207, -66.471586817205193 ], [ 110.519772098519425, -66.471584458190932 ], [ 110.519481317270802, -66.471529737300031 ], [ 110.519448164030237, -66.471502721621121 ], [ 110.519347927778256, -66.471462042847335 ], [ 110.519270570874383, -66.471399006186004 ], [ 110.519293622531876, -66.471367677624812 ], [ 110.519395153122133, -66.471341075923675 ], [ 110.519552283776989, -66.471341558797903 ], [ 110.519843235471669, -66.471387308821747 ], [ 110.520021434382613, -66.471459626034161 ], [ 110.520031882198893, -66.471500028794694 ], [ 110.519916204333001, -66.471569200980909 ], [ 110.519809935478207, -66.471586817205193 ] ] ] ] } },
{ "type": "Feature", "properties": { "AREA": 6446.421875, "PERIMETER": 296.55937711600001, "LKPG1_": 297, "LKPG1_ID": 171, "FEATURE": "LAKE", "DQI": 20, "SAMP_NO": null, "WSAMP_NO": null, "D18O": 0.0, "W_DATE": null, "CDSAMP_NO": null, "CD_METHOD": null, "CD_DATE": 0, "CD_ERROR": 0, "REMARKS": null, "COLL_BY": null }, "geometry": { "type": "MultiPolygon", "coordinates": [ [ [ [ 110.549365636715194, -66.471558160226138 ], [ 110.549494912281901, -66.471547318680692 ], [ 110.549820724719297, -66.471530314547223 ], [ 110.550100954888308, -66.471551306357725 ], [ 110.550380700994836, -66.471599209987659 ], [ 110.550492373677557, -66.471630930383057 ], [ 110.550592338522776, -66.471689530763513 ], [ 110.550624799308054, -66.471756908337099 ], [ 110.550600979409523, -66.471833095402673 ], [ 110.550497784543794, -66.471953910501171 ], [ 110.550437309502456, -66.472000835645773 ], [ 110.550361158970887, -66.472061172550212 ], [ 110.550123435070404, -66.472172629275121 ], [ 110.549965490177769, -66.472217030980943 ], [ 110.549830558885049, -66.47223009944976 ], [ 110.549437797523666, -66.47222448263858 ], [ 110.548687082386053, -66.472150547846894 ], [ 110.54854254851864, -66.472073875098758 ], [ 110.548352632971742, -66.472023984862375 ], [ 110.548252509771757, -66.471974353825544 ], [ 110.548209642660609, -66.471862089482585 ], [ 110.548226495538159, -66.471783639825915 ], [ 110.548290400521992, -66.471741211054692 ], [ 110.54844887254626, -66.471667656031315 ], [ 110.54848282781937, -66.471652054411862 ], [ 110.548651752351077, -66.471621142754557 ], [ 110.549365636715194, -66.471558160226138 ] ] ] ] } },
{ "type": "Feature", "properties": { "AREA": 143.578125, "PERIMETER": 51.074912817600001, "LKPG1_": 298, "LKPG1_ID": 122, "FEATURE": "LAKE", "DQI": 20, "SAMP_NO": null, "WSAMP_NO": null, "D18O": 0.0, "W_DATE": null, "CDSAMP_NO": null, "CD_METHOD": null, "CD_DATE": 0, "CD_ERROR": 0, "REMARKS": null, "COLL_BY": null }, "geometry": { "type": "MultiPolygon", "coordinates": [ [ [ [ 110.556334318790576, -66.471966093669408 ], [ 110.556222079219708, -66.471965775174581 ], [ 110.55601009998388, -66.471893403570192 ], [ 110.555954538655726, -66.471861846485581 ], [ 110.55595283295348, -66.471839413558683 ], [ 110.55601129617051, -66.471826122717417 ], [ 110.556208439768156, -66.471864810094146 ], [ 110.556346339606634, -66.47192127161108 ], [ 110.556357085440965, -66.471948215797369 ], [ 110.556334318790576, -66.471966093669408 ] ] ] ] } },
{ "type": "Feature", "properties": { "AREA": 7733.07421875, "PERIMETER": 403.21771891899999, "LKPG1_": 299, "LKPG1_ID": 158, "FEATURE": "LAKE", "DQI": 20, "SAMP_NO": null, "WSAMP_NO": null, "D18O": 0.0, "W_DATE": null, "CDSAMP_NO": null, "CD_METHOD": null, "CD_DATE": 0, "CD_ERROR": 0, "REMARKS": null, "COLL_BY": null }, "geometry": { "type": "MultiPolygon", "coordinates": [ [ [ [ 110.598677552700678, -66.472957434323149 ], [ 110.59875783214153, -66.472982311126643 ], [ 110.5989247584358, -66.473072451331518 ], [ 110.599002105567251, -66.473148904875387 ], [ 110.599012249716381, -66.473216214871826 ], [ 110.598973574383194, -66.473265457282622 ], [ 110.598864817045722, -66.473310034328563 ], [ 110.598729905340846, -66.473323144996101 ], [ 110.598628991830211, -66.473316157617973 ], [ 110.598494476631004, -66.473304598305646 ], [ 110.597912024263195, -66.473226846564927 ], [ 110.597542046751826, -66.473198981219113 ], [ 110.596779210557244, -66.473170102496894 ], [ 110.596566306310621, -66.473147125375391 ], [ 110.596297787377864, -66.47309260519819 ], [ 110.596212671843531, -66.473063229040264 ], [ 110.596199415271812, -66.473058709209198 ], [ 110.596146086478285, -66.473015958291739 ], [ 110.596139845246668, -66.473011456573019 ], [ 110.596030865979301, -66.472939405480304 ], [ 110.595852871803501, -66.472840262356286 ], [ 110.595836521052163, -66.472463429660834 ], [ 110.595814943760018, -66.472409546683778 ], [ 110.595813710404215, -66.472355716288661 ], [ 110.59586794458329, -66.472342399659794 ], [ 110.596017632671462, -66.472369700047395 ], [ 110.596163547223952, -66.472370076942923 ], [ 110.596309534290768, -66.472365968289083 ], [ 110.596376371978096, -66.472397540024886 ], [ 110.596513664143643, -66.472453964341284 ], [ 110.596610558809999, -66.472492341928302 ], [ 110.596811146955162, -66.47258257125003 ], [ 110.596922883085298, -66.472614258506709 ], [ 110.597269462204878, -66.472700377878482 ], [ 110.597578739678525, -66.472750515689498 ], [ 110.598008463998468, -66.472814419362024 ], [ 110.598489742902785, -66.472900882225233 ], [ 110.598677552700678, -66.472957434323149 ] ] ] ] } },
{ "type": "Feature", "properties": { "AREA": 3390.3828125, "PERIMETER": 322.29959493400003, "LKPG1_": 300, "LKPG1_ID": 126, "FEATURE": "LAKE", "DQI": 20, "SAMP_NO": null, "WSAMP_NO": null, "D18O": 0.0, "W_DATE": null, "CDSAMP_NO": null, "CD_METHOD": null, "CD_DATE": 0, "CD_ERROR": 0, "REMARKS": null, "COLL_BY": null }, "geometry": { "type": "MultiPolygon", "coordinates": [ [ [ [ 110.588205400287748, -66.472871895131746 ], [ 110.588286296577735, -66.472901264561457 ], [ 110.588397431834323, -66.472968841171109 ], [ 110.588651826060271, -66.473198276312928 ], [ 110.588848846140991, -66.473503815430533 ], [ 110.588913092950804, -66.47369237964098 ], [ 110.588943296940215, -66.473903282349951 ], [ 110.588917671955556, -66.474096095889152 ], [ 110.588894335861426, -66.474149861770201 ], [ 110.588860439341119, -66.474163229464068 ], [ 110.588804462107305, -66.474154111081361 ], [ 110.588671018342865, -66.474077504903903 ], [ 110.588422595500987, -66.473910883990499 ], [ 110.588289560959936, -66.473809607742453 ], [ 110.588116651488235, -66.473658884726888 ], [ 110.588106610521905, -66.473587088634957 ], [ 110.588198590514111, -66.473455005594261 ], [ 110.588221594605557, -66.473421424149223 ], [ 110.588223369779257, -66.473313774353699 ], [ 110.588186892185178, -66.473228451839248 ], [ 110.588131916039998, -66.473158780204841 ], [ 110.588036066362974, -66.473100214884298 ], [ 110.587946973390913, -66.473057366918937 ], [ 110.587910608143517, -66.472965316225554 ], [ 110.58789373783695, -66.472882288106206 ], [ 110.587927559116395, -66.472873406027318 ], [ 110.588205400287748, -66.472871895131746 ] ] ] ] } },
{ "type": "Feature", "properties": { "AREA": 3583.21875, "PERIMETER": 295.17470477699999, "LKPG1_": 301, "LKPG1_ID": 128, "FEATURE": "LAKE", "DQI": 20, "SAMP_NO": null, "WSAMP_NO": null, "D18O": 0.0, "W_DATE": null, "CDSAMP_NO": null, "CD_METHOD": null, "CD_DATE": 0, "CD_ERROR": 0, "REMARKS": null, "COLL_BY": null }, "geometry": { "type": "MultiPolygon", "coordinates": [ [ [ [ 110.572153375254118, -66.473714708066908 ], [ 110.571827857030215, -66.47371381712604 ], [ 110.571794644238423, -66.47368681252992 ], [ 110.571953482350978, -66.473588563986794 ], [ 110.572077799689794, -66.473539562523683 ], [ 110.572246707862831, -66.473508625377818 ], [ 110.572472046101652, -66.47345989990059 ], [ 110.572585137151989, -66.473410867344597 ], [ 110.572742819210049, -66.473379898981847 ], [ 110.572933714417672, -66.473375934822585 ], [ 110.572990144302864, -66.47335814648649 ], [ 110.573024431689618, -66.473322355238054 ], [ 110.573026579146401, -66.473196764052076 ], [ 110.573072397522211, -66.473143061841157 ], [ 110.573196480456801, -66.473107515682543 ], [ 110.573465868354376, -66.473108250700264 ], [ 110.573757552137323, -66.473118017245781 ], [ 110.574015486116537, -66.473132176921283 ], [ 110.57422775754695, -66.47319106793509 ], [ 110.574350233490321, -66.473249714265606 ], [ 110.57438321911448, -66.473290174522418 ], [ 110.574360234769301, -66.473321511222025 ], [ 110.574258448694607, -66.473366090223792 ], [ 110.573909796873508, -66.473405511099713 ], [ 110.573769973334606, -66.473458957355646 ], [ 110.573661782876883, -66.473467633647473 ], [ 110.573549306494485, -66.473480783785334 ], [ 110.573492033997823, -66.473547911718796 ], [ 110.573435297550674, -66.47358364183377 ], [ 110.573311442521813, -66.473605731980257 ], [ 110.572535631618393, -66.473679868563721 ], [ 110.572457058357372, -66.473679653763185 ], [ 110.572153375254118, -66.473714708066908 ] ] ] ] } },
{ "type": "Feature", "properties": { "AREA": 2054.6953125, "PERIMETER": 221.004423127, "LKPG1_": 302, "LKPG1_ID": 161, "FEATURE": "LAKE", "DQI": 20, "SAMP_NO": null, "WSAMP_NO": null, "D18O": 0.0, "W_DATE": null, "CDSAMP_NO": null, "CD_METHOD": null, "CD_DATE": 0, "CD_ERROR": 0, "REMARKS": null, "COLL_BY": null }, "geometry": { "type": "MultiPolygon", "coordinates": [ [ [ [ 110.592788540064532, -66.47404118216626 ], [ 110.592790797695088, -66.474074830050867 ], [ 110.592762967979851, -66.474146527193383 ], [ 110.592694044988335, -66.474242788110374 ], [ 110.592607466165248, -66.474303118197227 ], [ 110.592551121289162, -66.474316428205242 ], [ 110.592406366905834, -66.474244281374013 ], [ 110.592263078210223, -66.474082426209179 ], [ 110.592059127844919, -66.47394059787824 ], [ 110.591830913726412, -66.473738150327065 ], [ 110.591694427086338, -66.473589769175106 ], [ 110.591677543782041, -66.473506741464291 ], [ 110.591711657921707, -66.473479916927417 ], [ 110.591767854697224, -66.473475578039839 ], [ 110.591986673394771, -66.473565861149225 ], [ 110.59206872301209, -66.473610931219127 ], [ 110.59221383900173, -66.473660651315441 ], [ 110.592426304332079, -66.473710546823185 ], [ 110.592582573245693, -66.47376478124248 ], [ 110.592693870302227, -66.473823383978086 ], [ 110.592782059802744, -66.473922296869972 ], [ 110.592788540064532, -66.47404118216626 ] ] ] ] } },
{ "type": "Feature", "properties": { "AREA": 21481.9648438, "PERIMETER": 601.19953093100003, "LKPG1_": 303, "LKPG1_ID": 176, "FEATURE": "LAKE", "DQI": 28, "SAMP_NO": null, "WSAMP_NO": null, "D18O": 0.0, "W_DATE": null, "CDSAMP_NO": null, "CD_METHOD": null, "CD_DATE": 0, "CD_ERROR": 0, "REMARKS": null, "COLL_BY": null }, "geometry": { "type": "MultiPolygon", "coordinates": [ [ [ [ 110.543850474591309, -66.473966647171736 ], [ 110.544191937097722, -66.474055112415201 ], [ 110.544549871242765, -66.47416381017014 ], [ 110.544851642744021, -66.47427458645609 ], [ 110.545238265349312, -66.474387851732445 ], [ 110.545518543859117, -66.47471611675337 ], [ 110.545661704065751, -66.4749071715556 ], [ 110.545799204939158, -66.475062324828102 ], [ 110.546010455780021, -66.475213206466734 ], [ 110.546079652978321, -66.475343490275392 ], [ 110.546108606853352, -66.475448986352205 ], [ 110.546052414636392, -66.475529564389362 ], [ 110.545853577299297, -66.475544686764508 ], [ 110.545603719447413, -66.475510318845181 ], [ 110.545365128638622, -66.47547374047015 ], [ 110.545109455126564, -66.475450568898552 ], [ 110.544859816875373, -66.475481241902983 ], [ 110.544644398887428, -66.475559113155313 ], [ 110.544377756930785, -66.47559870712189 ], [ 110.544082547890284, -66.475588875543309 ], [ 110.543695451445771, -66.475424021449527 ], [ 110.543250981478863, -66.475135644274403 ], [ 110.542812343196104, -66.4748741965725 ], [ 110.542469538603982, -66.474590599915487 ], [ 110.542127363548644, -66.47434961772116 ], [ 110.541984359216968, -66.474189959403034 ], [ 110.542023143735136, -66.474064475598738 ], [ 110.54218135607266, -66.473930370223783 ], [ 110.542424870717241, -66.473850341767303 ], [ 110.542782534040597, -66.473819988552293 ], [ 110.543077680612512, -66.473832065265768 ], [ 110.543850474591309, -66.473966647171736 ] ] ] ] } },
{ "type": "Feature", "properties": { "AREA": 1589.1171875, "PERIMETER": 163.791948099, "LKPG1_": 304, "LKPG1_ID": 127, "FEATURE": "LAKE", "DQI": 20, "SAMP_NO": null, "WSAMP_NO": null, "D18O": 0.0, "W_DATE": null, "CDSAMP_NO": null, "CD_METHOD": null, "CD_DATE": 0, "CD_ERROR": 0, "REMARKS": null, "COLL_BY": null }, "geometry": { "type": "MultiPolygon", "coordinates": [ [ [ [ 110.574655551437402, -66.474930405140896 ], [ 110.574803866790887, -66.474955479304754 ], [ 110.574826164692539, -66.47496451114317 ], [ 110.574914821927365, -66.475032036262107 ], [ 110.574943563115525, -66.475074727650679 ], [ 110.574924520085233, -66.475121774765313 ], [ 110.574856785801998, -66.475144018677227 ], [ 110.574643426544398, -66.475147924113884 ], [ 110.574530790241937, -66.475170045749863 ], [ 110.574283754434731, -66.475173859071703 ], [ 110.5740596285045, -66.475150820758842 ], [ 110.57397741504947, -66.475116954762015 ], [ 110.573948139714886, -66.475105660989826 ], [ 110.573648194247639, -66.474920933631807 ], [ 110.573570689511982, -66.474857923804052 ], [ 110.573560077066745, -66.474822010003507 ], [ 110.573569274198775, -66.474817549474707 ], [ 110.57360536111554, -66.474799705441171 ], [ 110.573672789240192, -66.474795403666349 ], [ 110.573941812684737, -66.474818564868471 ], [ 110.574232981247619, -66.474859728329534 ], [ 110.574655551437402, -66.474930405140896 ] ] ] ] } },
{ "type": "Feature", "properties": { "AREA": 271.875, "PERIMETER": 76.722044863199997, "LKPG1_": 305, "LKPG1_ID": 159, "FEATURE": "LAKE", "DQI": 20, "SAMP_NO": null, "WSAMP_NO": null, "D18O": 0.0, "W_DATE": null, "CDSAMP_NO": null, "CD_METHOD": null, "CD_DATE": 0, "CD_ERROR": 0, "REMARKS": null, "COLL_BY": null }, "geometry": { "type": "MultiPolygon", "coordinates": [ [ [ [ 110.594525082497711, -66.476497074500614 ], [ 110.594480324004607, -66.476487987253563 ], [ 110.594302310737007, -66.476388842400553 ], [ 110.594258281437646, -66.476334900991887 ], [ 110.594203463784524, -66.476254017983791 ], [ 110.594203974092778, -66.47622262011501 ], [ 110.594260395285289, -66.476204824106532 ], [ 110.594305153190859, -66.476213911416536 ], [ 110.59440545784048, -66.476259027571899 ], [ 110.594571443415902, -66.476407482716951 ], [ 110.594581431248344, -66.476483763787002 ], [ 110.594525082497711, -66.476497074500614 ] ] ] ] } },
{ "type": "Feature", "properties": { "AREA": 17630.96875, "PERIMETER": 748.59786724599996, "LKPG1_": 306, "LKPG1_ID": 164, "FEATURE": "LAKE", "DQI": 20, "SAMP_NO": "S87/17", "WSAMP_NO": null, "D18O": 0.0, "W_DATE": null, "CDSAMP_NO": null, "CD_METHOD": null, "CD_DATE": 0, "CD_ERROR": 0, "REMARKS": "Browning Peninsula, Lake shoreline sednt, cracking clays with efforvescence, NLA. May also include S87/18 (Fine sands, well sorted subrounded gravel, beach sednt from terrace forming shoreline of present meltlake'", "COLL_BY": "Goodwin" }, "geometry": { "type": "MultiPolygon", "coordinates": [ [ [ [ 110.525653327161294, -66.476330261973004 ], [ 110.525710052959241, -66.47629903462645 ], [ 110.525867214959803, -66.476299511172698 ], [ 110.525956851496801, -66.476308754151461 ], [ 110.526213684475223, -66.476381302460538 ], [ 110.526615350438419, -66.476512601949466 ], [ 110.527040067435166, -66.476612570722324 ], [ 110.527330160206319, -66.47670764588932 ], [ 110.5276833594978, -66.476805153921035 ], [ 110.528100221629245, -66.476949952322329 ], [ 110.528668648654332, -66.477169219259295 ], [ 110.528920569132609, -66.477279876082136 ], [ 110.529337023572793, -66.477447098036933 ], [ 110.529515250944286, -66.477521647098683 ], [ 110.529883695516517, -66.477630410023863 ], [ 110.530217872950885, -66.477770468515416 ], [ 110.530507316478705, -66.47790142075452 ], [ 110.530617895715721, -66.47799146513772 ], [ 110.530633570184492, -66.478016183109645 ], [ 110.530715984374197, -66.478148756318575 ], [ 110.530758193349214, -66.478292422919225 ], [ 110.530846153031007, -66.478391370512043 ], [ 110.530983188747186, -66.47849270803944 ], [ 110.531044528273441, -66.478589332872943 ], [ 110.531009752166057, -66.478647541701108 ], [ 110.530885328887905, -66.478696510415304 ], [ 110.530772806537598, -66.478709629748579 ], [ 110.530615797922778, -66.478700187382714 ], [ 110.530392693403613, -66.478623262064517 ], [ 110.530225809037219, -66.478542019673412 ], [ 110.53002179514651, -66.478420294919076 ], [ 110.529748207398455, -66.478266961352261 ], [ 110.52956984723717, -66.478199140614649 ], [ 110.529324127924923, -66.478131116973898 ], [ 110.529201970438166, -66.478097107120959 ], [ 110.528989104453132, -66.478035910276603 ], [ 110.52860917713862, -66.477940567520506 ], [ 110.527760537242273, -66.477695783654283 ], [ 110.527626752925755, -66.477646037762767 ], [ 110.527493818050658, -66.477551438066598 ], [ 110.527315384205124, -66.477488100127331 ], [ 110.527002744752551, -66.477397442403444 ], [ 110.526793949884365, -66.477159072624119 ], [ 110.526761036334591, -66.477118602400083 ], [ 110.526338694544236, -66.476893042550046 ], [ 110.52589441938234, -66.476640501284734 ], [ 110.525761837207369, -66.476527958636822 ], [ 110.525652134129089, -66.476393057132398 ], [ 110.525653327161294, -66.476330261973004 ] ] ] ] } },
{ "type": "Feature", "properties": { "AREA": 959.03125, "PERIMETER": 134.48013339799999, "LKPG1_": 307, "LKPG1_ID": 160, "FEATURE": "LAKE", "DQI": 20, "SAMP_NO": null, "WSAMP_NO": null, "D18O": 0.0, "W_DATE": null, "CDSAMP_NO": null, "CD_METHOD": null, "CD_DATE": 0, "CD_ERROR": 0, "REMARKS": null, "COLL_BY": null }, "geometry": { "type": "MultiPolygon", "coordinates": [ [ [ [ 110.588819074513722, -66.477356868839223 ], [ 110.588707475266034, -66.477316204993897 ], [ 110.588585315217998, -66.477235142882606 ], [ 110.588407394009181, -66.477131505932547 ], [ 110.588281617722757, -66.477014549254889 ], [ 110.588264854444162, -66.476924793107671 ], [ 110.58829905089398, -66.476893483925096 ], [ 110.588366851921208, -66.476866748786719 ], [ 110.588490414131215, -66.476862588352489 ], [ 110.588602306638762, -66.476885310728605 ], [ 110.588813314716603, -66.477024919260188 ], [ 110.588890199923213, -66.477128290194443 ], [ 110.588934219013638, -66.477182233103605 ], [ 110.588954456286729, -66.47731685430476 ], [ 110.588897733369834, -66.477352590018214 ], [ 110.588819074513722, -66.477356868839223 ] ] ] ] } },
{ "type": "Feature", "properties": { "AREA": 1344.9296875, "PERIMETER": 164.35256708099999, "LKPG1_": 308, "LKPG1_ID": 131, "FEATURE": "LAKE", "DQI": 20, "SAMP_NO": null, "WSAMP_NO": null, "D18O": 0.0, "W_DATE": null, "CDSAMP_NO": null, "CD_METHOD": null, "CD_DATE": 0, "CD_ERROR": 0, "REMARKS": null, "COLL_BY": null }, "geometry": { "type": "MultiPolygon", "coordinates": [ [ [ [ 110.556092887162833, -66.477339175209153 ], [ 110.556385091651606, -66.477322061853428 ], [ 110.556563916825439, -66.477367425113101 ], [ 110.556887173356316, -66.477498424089006 ], [ 110.557275644714309, -66.477750718549956 ], [ 110.557308608577074, -66.477791182372087 ], [ 110.557263543181122, -66.477800026033009 ], [ 110.557039648228326, -66.477763507169954 ], [ 110.556789329764996, -66.477713456268333 ], [ 110.556681433597646, -66.477704179245293 ], [ 110.556531796546551, -66.477674598538911 ], [ 110.556364315292313, -66.477622539007626 ], [ 110.556123775158426, -66.477496259344008 ], [ 110.556057453364957, -66.477437758127621 ], [ 110.556047104312938, -66.477388387003685 ], [ 110.556092887162833, -66.477339175209153 ] ] ] ] } },
{ "type": "Feature", "properties": { "AREA": 244.625, "PERIMETER": 71.436818870699994, "LKPG1_": 309, "LKPG1_ID": 164, "FEATURE": "LAKE", "DQI": 20, "SAMP_NO": null, "WSAMP_NO": null, "D18O": 0.0, "W_DATE": null, "CDSAMP_NO": null, "CD_METHOD": null, "CD_DATE": 0, "CD_ERROR": 0, "REMARKS": null, "COLL_BY": null }, "geometry": { "type": "MultiPolygon", "coordinates": [ [ [ [ 110.532173317571349, -66.478866336311143 ], [ 110.531983299099238, -66.47882091159957 ], [ 110.531939063872187, -66.478784894243802 ], [ 110.531973249371646, -66.478758082807445 ], [ 110.53216402385722, -66.478763139189425 ], [ 110.532589725164613, -66.478813753811792 ], [ 110.532634297271315, -66.478831829497636 ], [ 110.532622650392554, -66.478854222806831 ], [ 110.532454077131007, -66.478862690222286 ], [ 110.532173317571349, -66.478866336311143 ] ] ] ] } },
{ "type": "Feature", "properties": { "AREA": 6508.875, "PERIMETER": 292.91175907399997, "LKPG1_": 310, "LKPG1_ID": 157, "FEATURE": "LAKE", "DQI": 20, "SAMP_NO": null, "WSAMP_NO": null, "D18O": 0.0, "W_DATE": null, "CDSAMP_NO": null, "CD_METHOD": null, "CD_DATE": 0, "CD_ERROR": 0, "REMARKS": null, "COLL_BY": null }, "geometry": { "type": "MultiPolygon", "coordinates": [ [ [ [ 110.622118919558204, -66.480266790965885 ], [ 110.621860680585442, -66.480266166870308 ], [ 110.621591757798654, -66.480229631808157 ], [ 110.621311812185027, -66.480179612834746 ], [ 110.621122029834211, -66.480107383851234 ], [ 110.621033706228289, -66.480008486966597 ], [ 110.62103595329873, -66.479860468038083 ], [ 110.621082225374565, -66.479770868400152 ], [ 110.621264043936819, -66.479627769976616 ], [ 110.621422453247376, -66.479547412904822 ], [ 110.621648226066384, -66.479467218639485 ], [ 110.621918499383199, -66.47941404514826 ], [ 110.622804176207978, -66.479501409698727 ], [ 110.622893318138594, -66.479546480513477 ], [ 110.62299314594955, -66.479627461726338 ], [ 110.623114413691269, -66.479775778332808 ], [ 110.623124490063049, -66.479852057580999 ], [ 110.623078699245099, -66.479910259863459 ], [ 110.62301052065402, -66.47996392258797 ], [ 110.622683427379272, -66.480061816775986 ], [ 110.622615586572095, -66.480093052212595 ], [ 110.622265423706949, -66.480231260146709 ], [ 110.622118919558204, -66.480266790965885 ] ] ] ] } },
{ "type": "Feature", "properties": { "AREA": 222.40625, "PERIMETER": 115.32816908300001, "LKPG1_": 311, "LKPG1_ID": 166, "FEATURE": "LAKE", "DQI": 20, "SAMP_NO": null, "WSAMP_NO": null, "D18O": 0.0, "W_DATE": null, "CDSAMP_NO": null, "CD_METHOD": null, "CD_DATE": 0, "CD_ERROR": 0, "REMARKS": null, "COLL_BY": null }, "geometry": { "type": "MultiPolygon", "coordinates": [ [ [ [ 110.539271033000944, -66.482074437459644 ], [ 110.539109128936602, -66.482062746454034 ], [ 110.53905331791151, -66.482044639527189 ], [ 110.539053566406295, -66.482031183405752 ], [ 110.539143559687588, -66.482022477338589 ], [ 110.539379108876346, -66.482036628001396 ], [ 110.539648095556785, -66.482064333572595 ], [ 110.540129515032149, -66.482142005155012 ], [ 110.540241056543579, -66.482182703595981 ], [ 110.54021835162267, -66.482196093711551 ], [ 110.53984905041608, -66.482127723503183 ], [ 110.539624894051528, -66.482104635847023 ], [ 110.539378281143968, -66.482081481741432 ], [ 110.539271033000944, -66.482074437459644 ] ] ] ] } },
{ "type": "Feature", "properties": { "AREA": 3607.15625, "PERIMETER": 235.047757612, "LKPG1_": 312, "LKPG1_ID": 165, "FEATURE": "LAKE", "DQI": 20, "SAMP_NO": null, "WSAMP_NO": null, "D18O": 0.0, "W_DATE": null, "CDSAMP_NO": null, "CD_METHOD": null, "CD_DATE": 0, "CD_ERROR": 0, "REMARKS": null, "COLL_BY": null }, "geometry": { "type": "MultiPolygon", "coordinates": [ [ [ [ 110.542676847203651, -66.483459273249551 ], [ 110.542295633457016, -66.483426758987449 ], [ 110.542071874627723, -66.483381247958803 ], [ 110.541830445776881, -66.483304285542488 ], [ 110.5417595194927, -66.483268192858645 ], [ 110.541615354548142, -66.483169086919702 ], [ 110.54157567930929, -66.483112900450479 ], [ 110.541539882533158, -66.482998412326054 ], [ 110.54143997616859, -66.482935320856086 ], [ 110.541305724353194, -66.482908013543195 ], [ 110.541272614844445, -66.482876517136049 ], [ 110.541329088748483, -66.482858740273016 ], [ 110.541622109244656, -66.48280128618012 ], [ 110.541712104412653, -66.482792578637117 ], [ 110.541914305190275, -66.482788685289023 ], [ 110.54219477842642, -66.48280296324144 ], [ 110.542463694282588, -66.482835149349839 ], [ 110.542675973540184, -66.482894083117642 ], [ 110.542742771437062, -66.482925677703349 ], [ 110.542842681059099, -66.482988768343148 ], [ 110.54288652872583, -66.483047209486273 ], [ 110.542896196889117, -66.483132464435911 ], [ 110.542853725627907, -66.483228781058401 ], [ 110.542824140115741, -66.483387933946759 ], [ 110.542778237815256, -66.483441627172624 ], [ 110.542676847203651, -66.483459273249551 ] ] ] ] } },
{ "type": "Feature", "properties": { "AREA": 843.8203125, "PERIMETER": 162.59891029299999, "LKPG1_": 313, "LKPG1_ID": 130, "FEATURE": "LAKE", "DQI": 20, "SAMP_NO": null, "WSAMP_NO": null, "D18O": 0.0, "W_DATE": null, "CDSAMP_NO": null, "CD_METHOD": null, "CD_DATE": 0, "CD_ERROR": 0, "REMARKS": null, "COLL_BY": null }, "geometry": { "type": "MultiPolygon", "coordinates": [ [ [ [ 110.563058038387254, -66.484141029658261 ], [ 110.563158632321318, -66.484168224241159 ], [ 110.563315138370257, -66.484209031667987 ], [ 110.563348120523244, -66.484249494193122 ], [ 110.563325269148635, -66.48427185843876 ], [ 110.563212424644234, -66.484302942644263 ], [ 110.563066440947736, -66.484302534965622 ], [ 110.562943466115513, -66.484270792190188 ], [ 110.562843657651868, -66.484198743597744 ], [ 110.562743378269232, -66.484153607264048 ], [ 110.562363307392744, -66.484053861083837 ], [ 110.562228869269774, -66.484035542491696 ], [ 110.562172958356328, -66.484021929195066 ], [ 110.561936452806137, -66.483940526146483 ], [ 110.561927880057098, -66.483909102888802 ], [ 110.561973033562339, -66.483895772509044 ], [ 110.562130244189106, -66.483896212639436 ], [ 110.562207950977054, -66.483907644148587 ], [ 110.562329755383558, -66.483925927414006 ], [ 110.562370304459606, -66.483935012072777 ], [ 110.562555622317007, -66.483973658064059 ], [ 110.562725225297541, -66.484027959531261 ], [ 110.562822230656423, -66.484059629908316 ], [ 110.562901067008625, -66.484086763851494 ], [ 110.563058038387254, -66.484141029658261 ] ] ] ] } },
{ "type": "Feature", "properties": { "AREA": 2464.80859375, "PERIMETER": 258.41938519500002, "LKPG1_": 314, "LKPG1_ID": 129, "FEATURE": "LAKE", "DQI": 20, "SAMP_NO": null, "WSAMP_NO": null, "D18O": 0.0, "W_DATE": null, "CDSAMP_NO": null, "CD_METHOD": null, "CD_DATE": 0, "CD_ERROR": 0, "REMARKS": null, "COLL_BY": null }, "geometry": { "type": "MultiPolygon", "coordinates": [ [ [ [ 110.566279720373146, -66.484217279254622 ], [ 110.566369088637614, -66.484244440639898 ], [ 110.566447539259826, -66.484253629295026 ], [ 110.566589857734144, -66.484262994874527 ], [ 110.566705506237142, -66.484272286455095 ], [ 110.566817567753475, -66.484286053622256 ], [ 110.56698515442487, -66.484335859254642 ], [ 110.56712973808277, -66.484417000289397 ], [ 110.567128960128841, -66.484461854185056 ], [ 110.567038967765242, -66.48447057634985 ], [ 110.566545956156403, -66.484406412599867 ], [ 110.566389287721563, -66.484374579181321 ], [ 110.566243849224477, -66.484342776743432 ], [ 110.566120480263734, -66.484333463408944 ], [ 110.566008106934959, -66.484337637298481 ], [ 110.565750217850265, -66.484314493599598 ], [ 110.565481334004744, -66.484277862118361 ], [ 110.565242123697146, -66.484230098630078 ], [ 110.565056410593002, -66.484173512314086 ], [ 110.564789093584281, -66.484047171873414 ], [ 110.564745036420717, -66.483997707628959 ], [ 110.564790579654442, -66.483961949493221 ], [ 110.564948338055913, -66.483930989072391 ], [ 110.565094319615724, -66.483931394993746 ], [ 110.56532990164186, -66.483945506591496 ], [ 110.565766832113994, -66.48400503293621 ], [ 110.5658577587796, -66.484023227732024 ], [ 110.565894761106108, -66.484034544433371 ], [ 110.565966582342767, -66.484061657356946 ], [ 110.566124223091165, -66.484118164732394 ], [ 110.566219322712655, -66.484178984141181 ], [ 110.566279720373146, -66.484217279254622 ] ] ] ] } },
{ "type": "Feature", "properties": { "AREA": 2114.71875, "PERIMETER": 258.80978547400002, "LKPG1_": 315, "LKPG1_ID": 314, "FEATURE": "LAKE", "DQI": 20, "SAMP_NO": null, "WSAMP_NO": null, "D18O": 0.0, "W_DATE": null, "CDSAMP_NO": null, "CD_METHOD": null, "CD_DATE": 0, "CD_ERROR": 0, "REMARKS": null, "COLL_BY": null }, "geometry": { "type": "MultiPolygon", "coordinates": [ [ [ [ 110.564486834500585, -66.485279872252036 ], [ 110.564273856885677, -66.485256851164905 ], [ 110.563982897027813, -66.485197727612459 ], [ 110.563636494921482, -66.485098078422979 ], [ 110.563346558634052, -66.484980643654794 ], [ 110.563213331563588, -66.484892802408936 ], [ 110.563125259943604, -66.484791630338862 ], [ 110.563116307227048, -66.484661522753996 ], [ 110.563174025750627, -66.484571971809842 ], [ 110.563264490765704, -66.48453633954621 ], [ 110.563466623938041, -66.48453690373313 ], [ 110.563690432225471, -66.484582384175752 ], [ 110.563903090042757, -66.484623347606018 ], [ 110.563958768150329, -66.484650416447153 ], [ 110.563968273808399, -66.484749126273783 ], [ 110.56394526579254, -66.484780461383593 ], [ 110.563787422379647, -66.484815906173324 ], [ 110.563629656944684, -66.484846865416159 ], [ 110.563617721331823, -66.484887202576019 ], [ 110.563650783290512, -66.484923179647339 ], [ 110.563762062011619, -66.484981802874898 ], [ 110.564007786000545, -66.485058743203183 ], [ 110.564365967011398, -66.485127025131362 ], [ 110.564511329408049, -66.485163314700657 ], [ 110.564647333184098, -66.485213034906025 ], [ 110.564666983259414, -66.485253460037541 ], [ 110.564610442278322, -66.485275730713099 ], [ 110.564486834500585, -66.485279872252036 ] ] ] ] } }
]
}
