{
"type": "FeatureCollection",
"name": "seal_pupping",
"crs": { "type": "name", "properties": { "name": "urn:ogc:def:crs:OGC:1.3:CRS84" } },
"features": [
{ "type": "Feature", "properties": { "FEAT_TYPE": "Mammal", "UFI": 2985775, "Q_INFO": 886, "DATASET_ID": 179, "COMMENTS": "Weddell Seal pupping site", "COMMON_NAM": "Weddell Seal", "SPECIES": null, "STATUS": null, "DB_DATE_CR": "2011-05-06", "DISPLAY": "50000, Heli op maps", "DATE_CAPTU": "1899-12-30", "GEOMETRY_A": 0.0, "GEOMETRY_L": 0.0 }, "geometry": { "type": "MultiPolygon", "coordinates": [ [ [ [ 110.724176050149481, -66.407692608402044 ], [ 110.724187135216937, -66.407701604978541 ], [ 110.724187081665889, -66.407710548003962 ], [ 110.724198113182283, -66.407724042868693 ], [ 110.724208984045532, -66.40775097904708 ], [ 110.724208930494484, -66.407759922072515 ], [ 110.724208823392388, -66.407768918648998 ], [ 110.724219747806686, -66.40779135653915 ], [ 110.724219640704575, -66.407800353115618 ], [ 110.724219587153527, -66.407809296141053 ], [ 110.724219426500383, -66.407822737454723 ], [ 110.724219319398273, -66.407831734031205 ], [ 110.724219158745129, -66.407845175344875 ], [ 110.724219158745129, -66.407848120652659 ], [ 110.724219051643033, -66.407854171921372 ], [ 110.724218944540922, -66.407867613235027 ], [ 110.724218837438826, -66.407876609811524 ], [ 110.724207484616116, -66.407889997574131 ], [ 110.724207323962972, -66.407903492438862 ], [ 110.724207163309813, -66.407916933752531 ], [ 110.724207056207717, -66.407925930329014 ], [ 110.724206949105621, -66.407939371642684 ], [ 110.724206788452463, -66.407952812956353 ], [ 110.724195274976609, -66.407979695583691 ], [ 110.724206038737762, -66.408020126626809 ], [ 110.724205824533556, -66.408038066228727 ], [ 110.72420571743146, -66.408051507542396 ], [ 110.724216748947853, -66.408065002407113 ], [ 110.724232064548289, -66.408706436889815 ], [ 110.724231957446193, -66.408715433466298 ], [ 110.724231903895145, -66.408719878203499 ], [ 110.724243042513649, -66.408728874779968 ], [ 110.724242988962587, -66.408733373068216 ], [ 110.724242935411539, -66.40873787135645 ], [ 110.724242881860491, -66.408742369644699 ], [ 110.724242828309443, -66.408746814381885 ], [ 110.724242774758395, -66.40875131267012 ], [ 110.724242667656284, -66.408760309246603 ], [ 110.724242560554188, -66.408769252272037 ], [ 110.72424250700314, -66.408773750560272 ], [ 110.724242453452092, -66.408782693585707 ], [ 110.724242346349982, -66.40879169016219 ], [ 110.724242239247886, -66.408800633187624 ], [ 110.72424213214579, -66.408809629764107 ], [ 110.724242025043679, -66.408818626340576 ], [ 110.724241917941583, -66.408827569366011 ], [ 110.724241864390535, -66.408836565942494 ], [ 110.724241757288425, -66.408845508967929 ], [ 110.724241703737377, -66.408850114358273 ], [ 110.724241596635281, -66.408858950281598 ], [ 110.724241489533185, -66.408867946858081 ], [ 110.724241382431074, -66.408876889883516 ], [ 110.724230029608378, -66.408890331197185 ], [ 110.72422997605733, -66.408899327773668 ], [ 110.724229815404172, -66.408912769087337 ], [ 110.724229708302076, -66.40892176566382 ], [ 110.72424073981847, -66.408935206977489 ], [ 110.724240632716374, -66.408944203553972 ], [ 110.724240525614277, -66.408957644867641 ], [ 110.724251557130671, -66.408971139732358 ], [ 110.724251450028575, -66.408980082757793 ], [ 110.724262481544969, -66.40899357762251 ], [ 110.724273566612425, -66.409007072487242 ], [ 110.724273459510314, -66.409016015512663 ], [ 110.724284491026722, -66.409029510377394 ], [ 110.724295522543116, -66.409042951691063 ], [ 110.724306607610572, -66.40905644655578 ], [ 110.724306446957414, -66.409069887869464 ], [ 110.7243153364318, -66.409077117261262 ], [ 110.724328670643374, -66.409083382734181 ], [ 110.724335310973629, -66.409090612125993 ], [ 110.724339755710815, -66.409096877598898 ], [ 110.724350840778271, -66.409105874175381 ], [ 110.724361872294665, -66.409119369040098 ], [ 110.724372957362121, -66.409132810353782 ], [ 110.724395234599115, -66.409141860481299 ], [ 110.724406266115523, -66.409155301794982 ], [ 110.724417297631916, -66.409168796659699 ], [ 110.72442843625042, -66.409177793236182 ], [ 110.724439467766814, -66.409191234549851 ], [ 110.72443930711367, -66.409204729414569 ], [ 110.724442841482997, -66.409209013498611 ], [ 110.724450392181112, -66.409218170728252 ], [ 110.724461477248568, -66.409227167304721 ], [ 110.724472508764961, -66.409240662169452 ], [ 110.724472348111817, -66.409254103483121 ], [ 110.724483433179273, -66.409267598347839 ], [ 110.724494464695667, -66.409281039661522 ], [ 110.724494304042508, -66.409294534526239 ], [ 110.724494143389364, -66.409307975839909 ], [ 110.724497463554499, -66.409313277393906 ], [ 110.724505174905758, -66.409325915441826 ], [ 110.724505014252614, -66.409339410306544 ], [ 110.724504853599456, -66.409352851620213 ], [ 110.724504692946311, -66.409366292933882 ], [ 110.724504532293153, -66.4093842325358 ], [ 110.724504371640009, -66.409397727400517 ], [ 110.724504157435803, -66.409415667002435 ], [ 110.724503943231596, -66.409435373789009 ], [ 110.7245038361295, -66.409447047918007 ], [ 110.724503621925294, -66.409464987519925 ], [ 110.724499070086011, -66.40947393054536 ], [ 110.72449221555155, -66.409482927121843 ], [ 110.724492054898391, -66.409500866723761 ], [ 110.724491840694199, -66.409518806325664 ], [ 110.724480005912042, -66.40957706986859 ], [ 110.724479791707836, -66.409595009470507 ], [ 110.724479577503629, -66.40961744736066 ], [ 110.724474757909093, -66.409646150723717 ], [ 110.724467689170424, -66.409680209191819 ], [ 110.724444608667667, -66.409742971022993 ], [ 110.724421956573309, -66.409765355362097 ], [ 110.724410550199565, -66.409783294964001 ], [ 110.724405998360268, -66.409792291540484 ], [ 110.724399143825806, -66.409801234565919 ], [ 110.724392342842393, -66.409808410406683 ], [ 110.72438334626591, -66.409816443064258 ], [ 110.724376545282496, -66.409823618905023 ], [ 110.724371993443214, -66.409828063642209 ], [ 110.724360694171551, -66.409837060218692 ], [ 110.724286151109283, -66.409895216659521 ], [ 110.724263552565972, -66.409917600998625 ], [ 110.724229761853124, -66.409935487049481 ], [ 110.724195971140261, -66.409953373100336 ], [ 110.724128175510359, -66.410007084803979 ], [ 110.724082978423752, -66.410042910456752 ], [ 110.72402439357451, -66.410078682558478 ], [ 110.723999599438145, -66.410092070321099 ], [ 110.723965808725282, -66.410109956371954 ], [ 110.72391397130842, -66.410141283736493 ], [ 110.723781004050068, -66.410219093412849 ], [ 110.72372231209873, -66.410262041355338 ], [ 110.723706514538847, -66.410272805116477 ], [ 110.723688467834833, -66.410284425694442 ], [ 110.723672670274937, -66.410293368719863 ], [ 110.723638879562074, -66.410313021955403 ], [ 110.723423336583878, -66.410440045047139 ], [ 110.723415732334715, -66.410444489784339 ], [ 110.723257970939983, -66.410534830406505 ], [ 110.723023738645168, -66.410654624106428 ], [ 110.722731082154269, -66.410794071041892 ], [ 110.722629763566758, -66.410843230906238 ], [ 110.722467610985888, -66.41092816287231 ], [ 110.722406776992543, -66.410960347053646 ], [ 110.722381929305115, -66.410977376287704 ], [ 110.722339142015784, -66.411000617443619 ], [ 110.722300799463639, -66.411023858599521 ], [ 110.722230968893797, -66.411064128989494 ], [ 110.7222039256133, -66.411080194304631 ], [ 110.722197124629901, -66.41108469259288 ], [ 110.722188128053418, -66.411089137330066 ], [ 110.722179131476935, -66.4110936356183 ], [ 110.722172330493521, -66.411099901091205 ], [ 110.722163333917038, -66.411105256196265 ], [ 110.722156532933624, -66.41111152166917 ], [ 110.722140735373742, -66.411120464694591 ], [ 110.722122742220776, -66.411129407720026 ], [ 110.722088951507914, -66.411147293770881 ], [ 110.721886421434988, -66.411233939370575 ], [ 110.721796455670173, -66.411272389024816 ], [ 110.721633928231952, -66.411384203618226 ], [ 110.72157073799238, -66.411428972296434 ], [ 110.721434932528354, -66.41155878004281 ], [ 110.721423472603547, -66.411581217932962 ], [ 110.721407621492602, -66.411598247167021 ], [ 110.72137827551694, -66.411621488322922 ], [ 110.721298912860121, -66.411706580942138 ], [ 110.721287506486377, -66.411724520544055 ], [ 110.721264907943066, -66.411746904883159 ], [ 110.721257999857556, -66.411762113381499 ], [ 110.721230581719709, -66.411809613163285 ], [ 110.721203431337116, -66.411836495790624 ], [ 110.721169158664807, -66.411894759333549 ], [ 110.721150951307635, -66.411921641960888 ], [ 110.721128245662229, -66.41194852458824 ], [ 110.721105647118932, -66.411966410639096 ], [ 110.721089688905877, -66.411995060451105 ], [ 110.721082834371416, -66.412006734580103 ], [ 110.721071374446623, -66.412029118919207 ], [ 110.721048775903313, -66.412047058521125 ], [ 110.721044224064016, -66.412056001546546 ], [ 110.721037369529554, -66.412064944571981 ], [ 110.721032817690272, -66.412073941148464 ], [ 110.721026016706858, -66.412082884173898 ], [ 110.721021411316514, -66.412091827199333 ], [ 110.7210146103331, -66.412100823775802 ], [ 110.721003257510404, -66.412114265089485 ], [ 110.720964754305101, -66.412154535479445 ], [ 110.720947350213692, -66.412181900066244 ], [ 110.720941941557598, -66.412190414683266 ], [ 110.720935140574184, -66.412199357708701 ], [ 110.72093053518384, -66.412208300734136 ], [ 110.720923734200426, -66.412217243759557 ], [ 110.720907936640543, -66.412228917888569 ], [ 110.72085551016211, -66.412306834667021 ], [ 110.720866595229566, -66.412320329531752 ], [ 110.72087762674596, -66.41233382439647 ], [ 110.720922074117865, -66.412365312414153 ], [ 110.720955329320219, -66.412396746880788 ], [ 110.720999776692125, -66.412428234898471 ], [ 110.721010808208518, -66.412441729763188 ], [ 110.721044063410872, -66.412473164229823 ], [ 110.721077157960067, -66.412518093561175 ], [ 110.721085940332344, -66.412532445242704 ], [ 110.721187151817759, -66.412693205496268 ], [ 110.721186937613567, -66.41271564338642 ], [ 110.721197862027864, -66.412738081276572 ], [ 110.72119759427261, -66.412760519166724 ], [ 110.721208304482701, -66.412805394947029 ], [ 110.721208036727447, -66.412829600021851 ], [ 110.721207126359587, -66.412913032558507 ], [ 110.721206644400141, -66.412953410050562 ], [ 110.721195238026382, -66.41297134965248 ], [ 110.72119502382219, -66.412993787542632 ], [ 110.721194541862729, -66.413034111483654 ], [ 110.721183189040033, -66.413052051085558 ], [ 110.721182921284779, -66.41307448897571 ], [ 110.721178369445482, -66.413081664816474 ], [ 110.721176013199269, -66.413089697474049 ], [ 110.721171461359972, -66.413096873314814 ], [ 110.721171193604718, -66.413119311204966 ], [ 110.721143829017919, -66.413165900618893 ], [ 110.721125568109713, -66.413195514349809 ], [ 110.721125353905506, -66.413213453951727 ], [ 110.72112080206621, -66.413222396977147 ], [ 110.721114001082796, -66.413231340002582 ], [ 110.721109395692466, -66.413240336579065 ], [ 110.721102594709052, -66.413249279604486 ], [ 110.721093491030473, -66.413263631286014 ], [ 110.721086582944949, -66.413277929416495 ], [ 110.721068322036743, -66.413307543147425 ], [ 110.721056969214033, -66.413325429198281 ], [ 110.72105675500984, -66.413343368800199 ], [ 110.721052149619496, -66.413352365376682 ], [ 110.721033781609179, -66.413392689317689 ], [ 110.721022053929119, -66.413442009835194 ], [ 110.72102162552072, -66.41348238732725 ], [ 110.721076729551669, -66.413558751125237 ], [ 110.721210285871578, -66.413635222025334 ], [ 110.721355355667328, -66.413680365560893 ], [ 110.72162364643026, -66.413721171461361 ], [ 110.721657222938916, -66.413721278563457 ], [ 110.721690799447572, -66.413725776851706 ], [ 110.721735514574718, -66.413730382242051 ], [ 110.721925620803944, -66.413753141438491 ], [ 110.722003858888698, -66.413766743405318 ], [ 110.722037381846306, -66.413775739981801 ], [ 110.7220709048039, -66.413780291821098 ], [ 110.722271935447424, -66.413829987195939 ], [ 110.72229426623548, -66.413834539035236 ], [ 110.722327789193073, -66.413843535611718 ], [ 110.722361258599634, -66.413852585739249 ], [ 110.72239483510829, -66.413857137578532 ], [ 110.722417112345283, -66.413866134155029 ], [ 110.722450635302891, -66.413875184282546 ], [ 110.722506435497493, -66.413888732698325 ], [ 110.722528766285549, -66.413897729274808 ], [ 110.722562235692095, -66.413906779402339 ], [ 110.722584566480151, -66.413915775978822 ], [ 110.722618035886697, -66.413924826106353 ], [ 110.722640259572657, -66.41393832097107 ], [ 110.722696059767259, -66.413956367675084 ], [ 110.722852321732574, -66.414005955947829 ], [ 110.722885737588072, -66.414019504363608 ], [ 110.722908068376128, -66.414028500940091 ], [ 110.722941591333722, -66.414033052779388 ], [ 110.72297511429133, -66.414042049355857 ], [ 110.723008583697876, -66.414051099483402 ], [ 110.723075522510982, -66.41407364447565 ], [ 110.72310904546859, -66.414082694603181 ], [ 110.72314251487515, -66.414091691179664 ], [ 110.723164792112144, -66.414100741307195 ], [ 110.7231983686208, -66.414105293146491 ], [ 110.723265360984954, -66.414123339850491 ], [ 110.72328769177301, -66.414127838138739 ], [ 110.723321268281666, -66.414132389978022 ], [ 110.723354791239259, -66.414136941817318 ], [ 110.723377068476267, -66.414145938393801 ], [ 110.723410644984924, -66.414150490233084 ], [ 110.723432975772965, -66.41415504207238 ], [ 110.723466498730573, -66.414159593911677 ], [ 110.72350007523923, -66.414164092199911 ], [ 110.723522352476223, -66.414173142327442 ], [ 110.723555928984879, -66.414177694166739 ], [ 110.723589451942487, -66.414182192454973 ], [ 110.723622974900081, -66.41418674429427 ], [ 110.723645359239185, -66.414191296133566 ], [ 110.723678828645745, -66.414200292710035 ], [ 110.723712405154401, -66.414204844549332 ], [ 110.723745874560947, -66.414213894676863 ], [ 110.723779451069603, -66.414218446516159 ], [ 110.723812974027211, -66.414222998355456 ], [ 110.723846496984805, -66.414231994931924 ], [ 110.723913542900007, -66.414241098610518 ], [ 110.723980642366271, -66.414250202289097 ], [ 110.724014218874927, -66.414254754128393 ], [ 110.724047741832521, -66.414259305967676 ], [ 110.724092510510729, -66.414263857806958 ], [ 110.724126033468337, -66.414268409646255 ], [ 110.724159556425946, -66.414272961485551 ], [ 110.724193132934587, -66.414277459773785 ], [ 110.724226709443244, -66.414277566875896 ], [ 110.7242602859519, -66.41428206516413 ], [ 110.724293808909508, -66.414286617003427 ], [ 110.724327331867102, -66.414291168842709 ], [ 110.724360961926806, -66.414291222393757 ], [ 110.724405677053966, -66.414295827784102 ], [ 110.72443930711367, -66.414295881335164 ], [ 110.724484022240816, -66.414300433174446 ], [ 110.724528844470072, -66.414300486725494 ], [ 110.724562420978728, -66.414300540276543 ], [ 110.724607189656936, -66.414300647378653 ], [ 110.724640766165592, -66.414305199217935 ], [ 110.724685481292738, -66.414309751057232 ], [ 110.724719004250346, -66.414318801184763 ], [ 110.724752527207954, -66.414323353024059 ], [ 110.724786050165548, -66.414332349600528 ], [ 110.724819519572108, -66.414341399728073 ], [ 110.724853042529702, -66.414350396304542 ], [ 110.724886458385214, -66.414363944720321 ], [ 110.724931119961312, -66.414377493136101 ], [ 110.724968337941405, -66.414388738856701 ], [ 110.724975781537424, -66.414390988000818 ], [ 110.72500925094397, -66.414400038128349 ], [ 110.72509857409618, -66.414427081408846 ], [ 110.725132043502725, -66.414436131536377 ], [ 110.725165512909285, -66.414449626401094 ], [ 110.725198928764783, -66.414467673105108 ], [ 110.725254568306241, -66.414499161122791 ], [ 110.72536552608284, -66.414589073336558 ], [ 110.725487033416385, -66.414746245669733 ], [ 110.725494530563452, -66.41476536339475 ], [ 110.725497743626491, -66.414786676712851 ], [ 110.72551975310823, -66.414822555916672 ], [ 110.72553035621624, -66.414880926561693 ], [ 110.725541066426331, -66.414921304053763 ], [ 110.725552044391677, -66.414943741943915 ], [ 110.725563022357022, -66.414961735096881 ], [ 110.725585085389824, -66.414993169563516 ], [ 110.725607309075784, -66.41501110916542 ], [ 110.725618287041129, -66.415029102318385 ], [ 110.725651488692435, -66.415065035073269 ], [ 110.725673712378381, -66.415083028226221 ], [ 110.725684690343726, -66.415100967828138 ], [ 110.725706914029672, -66.41511896098109 ], [ 110.725729084164584, -66.415136954134056 ], [ 110.72574006212993, -66.415159392024208 ], [ 110.725762285815875, -66.415177385177174 ], [ 110.725784241746581, -66.415213264381009 ], [ 110.725806411881479, -66.415235755822209 ], [ 110.725817443397872, -66.415253695424113 ], [ 110.725828421363232, -66.415271688577079 ], [ 110.725839399328578, -66.415289628178996 ], [ 110.725861355259269, -66.4153300592221 ], [ 110.725872386775677, -66.415347998824018 ], [ 110.725883364741023, -66.415365991976984 ], [ 110.725883150536816, -66.415388376316088 ], [ 110.725894128502176, -66.415406369469054 ], [ 110.72589391429797, -66.415428807359206 ], [ 110.725904838712268, -66.415451245249358 ], [ 110.725915013411864, -66.415545441547152 ], [ 110.725906231039588, -66.415570878296137 ], [ 110.725903285731803, -66.415594762064643 ], [ 110.725887113314556, -66.415639584293899 ], [ 110.725875706940812, -66.415657523895817 ], [ 110.725868905957398, -66.415666466921252 ], [ 110.725864300567054, -66.415675463497735 ], [ 110.72585749958364, -66.415684406523155 ], [ 110.725852947744343, -66.41569334954859 ], [ 110.725846093209881, -66.415702346125073 ], [ 110.725841541370599, -66.415708611597978 ], [ 110.725834740387185, -66.415715787438742 ], [ 110.725830188547889, -66.415724730464177 ], [ 110.725823387564489, -66.415733673489598 ], [ 110.725800789021179, -66.415751613091516 ], [ 110.725789436198468, -66.415765054405185 ], [ 110.72576689120622, -66.415778442167806 ], [ 110.725755484832462, -66.415796381769724 ], [ 110.72574873740011, -66.41580082650691 ], [ 110.725739687272579, -66.415805324795159 ], [ 110.725732939840213, -66.415809769532345 ], [ 110.725721694119613, -66.41581603500525 ], [ 110.725710394847965, -66.415823210846014 ], [ 110.725699095576303, -66.415829476318919 ], [ 110.725687849855703, -66.415836598608635 ], [ 110.725665304863455, -66.415850039922304 ], [ 110.725654005591807, -66.415856305395209 ], [ 110.725642759871192, -66.415863427684926 ], [ 110.725631460599544, -66.415869693157831 ], [ 110.725620214878944, -66.415876868998595 ], [ 110.725608915607296, -66.4158831344715 ], [ 110.725597669886696, -66.415890310312278 ], [ 110.725586370615034, -66.415896522234135 ], [ 110.725575124894434, -66.415903698074885 ], [ 110.725563825622785, -66.415909963547804 ], [ 110.725552579902185, -66.415917139388569 ], [ 110.725541227079475, -66.415930580702238 ], [ 110.725518628536179, -66.415948466753093 ], [ 110.725511881103813, -66.41595291149028 ], [ 110.725502830976282, -66.415957409778528 ], [ 110.725496083543916, -66.415961854515714 ], [ 110.725484837823316, -66.415968119988634 ], [ 110.725473538551668, -66.415975295829384 ], [ 110.725462292831068, -66.415981561302289 ], [ 110.72545099355942, -66.415988737143067 ], [ 110.72543974783882, -66.415994949064924 ], [ 110.725428448567158, -66.416002124905688 ], [ 110.725417202846558, -66.416008390378593 ], [ 110.725405903574909, -66.416015566219357 ], [ 110.725394925609564, -66.416019903854448 ], [ 110.725394657854309, -66.416020010956544 ], [ 110.725383412133709, -66.41602445569373 ], [ 110.725372166413109, -66.416028953981979 ], [ 110.725349621420847, -66.4160423417446 ], [ 110.725338322149199, -66.416051338321083 ], [ 110.72532257814035, -66.416055783058269 ], [ 110.725304638538447, -66.416060227795455 ], [ 110.725282093546184, -66.416073615558076 ], [ 110.725239306256853, -66.416091501608946 ], [ 110.725158337068521, -66.416122775422423 ], [ 110.725135792076259, -66.416136163185044 ], [ 110.725102108465506, -66.416145106210479 ], [ 110.725088827804996, -66.416150354213428 ], [ 110.725079617024306, -66.416154049235899 ], [ 110.725057125583106, -66.416162938710286 ], [ 110.725041381574258, -66.416167436998535 ], [ 110.725023388421306, -66.416171881735721 ], [ 110.725000896980092, -66.416180824761142 ], [ 110.724978351987843, -66.416194212523777 ], [ 110.724944668377091, -66.416203155549198 ], [ 110.724922230486939, -66.416207600286384 ], [ 110.72491007439848, -66.416212419880935 ], [ 110.724899739045725, -66.416216489760771 ], [ 110.724877247604525, -66.416225432786206 ], [ 110.724854756163325, -66.416234375811626 ], [ 110.724832211171076, -66.416243318837061 ], [ 110.724809719729862, -66.416252208311448 ], [ 110.72478728183971, -66.416256653048634 ], [ 110.72476479039851, -66.416265596074069 ], [ 110.724742352508358, -66.416270040811256 ], [ 110.724719861067157, -66.41627898383669 ], [ 110.724708615346557, -66.416283428573877 ], [ 110.724686123905343, -66.416292371599312 ], [ 110.724668130752391, -66.416295959519687 ], [ 110.724652386743543, -66.416301314624747 ], [ 110.724641087471895, -66.416310257650167 ], [ 110.724618596030695, -66.416319200675602 ], [ 110.72459610458948, -66.416328090149989 ], [ 110.72457361314828, -66.416337033175409 ], [ 110.72455112170708, -66.416345976200844 ], [ 110.724528683816928, -66.416350420938031 ], [ 110.724506192375728, -66.416359363963466 ], [ 110.724483700934513, -66.416368306988886 ], [ 110.724461209493313, -66.416372751726087 ], [ 110.724438718052113, -66.416381641200459 ], [ 110.724416280161961, -66.41638608593766 ], [ 110.724393788720761, -66.41639502896308 ], [ 110.724371297279546, -66.416403971988515 ], [ 110.724348859389394, -66.416408416725702 ], [ 110.724326367948194, -66.416417359751136 ], [ 110.724315068676546, -66.416426302776571 ], [ 110.724292577235346, -66.416435245802006 ], [ 110.724270032243084, -66.416444135276379 ], [ 110.724247540801883, -66.416453078301814 ], [ 110.724236241530235, -66.416462021327249 ], [ 110.724191205096773, -66.416484405666353 ], [ 110.724168660104525, -66.41649779342896 ], [ 110.724157414383924, -66.416502291717208 ], [ 110.724146168663324, -66.416506736454394 ], [ 110.724123623671062, -66.416520177768064 ], [ 110.724101132229862, -66.41652906724245 ], [ 110.724044742973703, -66.416564892895224 ], [ 110.72397721509904, -66.4165961667087 ], [ 110.723965915827392, -66.416600611445887 ], [ 110.723954670106792, -66.416605109734135 ], [ 110.72393212511453, -66.416618497496756 ], [ 110.723909580122282, -66.416631938810426 ], [ 110.723819560806419, -66.416673922834008 ], [ 110.723740680109046, -66.416714139672919 ], [ 110.723718188667846, -66.41672576025087 ], [ 110.723673152234397, -66.416748144589974 ], [ 110.723616870080335, -66.41677047537803 ], [ 110.72351555149281, -66.416819635242376 ], [ 110.723504252221161, -66.416828578267797 ], [ 110.723481760779961, -66.416837521293232 ], [ 110.723470407957251, -66.416850909055853 ], [ 110.723447755862907, -66.416870615842441 ], [ 110.72342494311539, -66.416909172598793 ], [ 110.723401969714743, -66.416962937853469 ], [ 110.723378728558828, -66.417039194549361 ], [ 110.723378353701477, -66.417070575464948 ], [ 110.723378246599381, -66.417084016778617 ], [ 110.723366572470368, -66.417124394270672 ], [ 110.723051317436173, -66.417276318600898 ], [ 110.723006066798504, -66.417316588990872 ], [ 110.722972383187752, -66.417325532016292 ], [ 110.722870743293939, -66.417397129770791 ], [ 110.722836577723726, -66.417450895025482 ], [ 110.722723317251948, -66.417562816720988 ], [ 110.722554363687678, -66.417652246975308 ], [ 110.72182258858281, -66.417989136633906 ], [ 110.7217212699953, -66.418036529313582 ], [ 110.721435414487814, -66.418158893463925 ], [ 110.720956614545429, -66.41830878285424 ], [ 110.720720293759641, -66.418411493769071 ], [ 110.720461642185811, -66.418505261658467 ], [ 110.720112542887691, -66.418670573751314 ], [ 110.719556468779473, -66.41891808670664 ], [ 110.719369414960127, -66.419019137538911 ], [ 110.719090039129753, -66.419161262026904 ], [ 110.718547513437301, -66.41939892158895 ], [ 110.718153966767289, -66.419532799215148 ], [ 110.718018857466916, -66.419595346842129 ], [ 110.717782590232176, -66.419685526811136 ], [ 110.717124394270684, -66.419849393025615 ], [ 110.716726617067678, -66.419960832761674 ], [ 110.716366646906323, -66.420094710387886 ], [ 110.716067617840423, -66.420191048727702 ], [ 110.715705719841253, -66.420296276541904 ], [ 110.715298999612827, -66.420408573094775 ], [ 110.715118960981101, -66.420478243011459 ], [ 110.71490534584072, -66.420549573010703 ], [ 110.714860095203051, -66.420585398663476 ], [ 110.714892761343847, -66.420670705486899 ], [ 110.714981334781356, -66.420760564149603 ], [ 110.715059037355601, -66.420823486633921 ], [ 110.715136418623558, -66.42091334529664 ], [ 110.715146646874203, -66.420998598569014 ], [ 110.715112159997688, -66.421074801713843 ], [ 110.71484156653959, -66.421231277883365 ], [ 110.714650121534106, -66.421320654586623 ], [ 110.714133086141686, -66.421472204059484 ], [ 110.713679401641983, -66.421571862564434 ], [ 110.71314940689534, -66.421685712097769 ], [ 110.712695936599843, -66.421765610265098 ], [ 110.712482482112605, -66.421819054213472 ], [ 110.712358350777592, -66.421895096705157 ], [ 110.712336341295838, -66.421987472267247 ], [ 110.706767567555985, -66.422523732486795 ], [ 110.701872840888583, -66.42292242005766 ], [ 110.692290683670194, -66.423393347995614 ], [ 110.68373515364064, -66.423213041608633 ], [ 110.675996919743582, -66.422870850396038 ], [ 110.664600238730586, -66.421867732118372 ], [ 110.649961844876529, -66.419632832577463 ], [ 110.638591243225122, -66.416996139504775 ], [ 110.63047461760533, -66.414855918221122 ], [ 110.625040042798005, -66.412555525745475 ], [ 110.625157158945413, -66.412510060903614 ], [ 110.625180078795012, -66.412474235250841 ], [ 110.625124760559871, -66.412429252368426 ], [ 110.625035865816059, -66.412384162383916 ], [ 110.625045344352003, -66.412350103915813 ], [ 110.625250819732699, -66.412236682790891 ], [ 110.62538700005409, -66.412115871620998 ], [ 110.625467433731913, -66.411981512035339 ], [ 110.625491210398323, -66.411887369288578 ], [ 110.625415167906638, -66.411730196955403 ], [ 110.625417256397611, -66.411591124877305 ], [ 110.625463256749981, -66.411510476995275 ], [ 110.625441515023482, -66.411465601214971 ], [ 110.625342820437439, -66.411326314932666 ], [ 110.625320703853589, -66.4113083217797 ], [ 110.625254728959391, -66.411227406142416 ], [ 110.625346729664116, -66.411215946217609 ], [ 110.625378646090212, -66.411178353380166 ], [ 110.625460043686942, -66.410976680124037 ], [ 110.625506418896663, -66.410869149614669 ], [ 110.625552579902177, -66.410779558707219 ], [ 110.625635530479386, -66.410474746127861 ], [ 110.625727798939366, -66.410291066024698 ], [ 110.625833026753568, -66.410163025462992 ], [ 110.625841862676893, -66.410152261701839 ], [ 110.62598902096363, -66.410044945396663 ], [ 110.626180894377512, -66.409942234481846 ], [ 110.626394777273148, -66.409866513296464 ], [ 110.626664674567593, -66.409786400924929 ], [ 110.626844498995112, -66.409742007104086 ], [ 110.627124999397552, -66.409702272224621 ], [ 110.627539645181443, -66.40967635351619 ], [ 110.628065891354552, -66.4096776387414 ], [ 110.628479680321647, -66.409709983575894 ], [ 110.628770087668428, -66.409755555519851 ], [ 110.629785897545062, -66.409964297514648 ], [ 110.630366498034405, -66.410073327453432 ], [ 110.630578827949577, -66.410100745591279 ], [ 110.630813435101743, -66.410137213856657 ], [ 110.631159589092078, -66.410200832504628 ], [ 110.631650598673971, -66.410314092976407 ], [ 110.631884456111436, -66.410399881759275 ], [ 110.632040182566243, -66.410472015024283 ], [ 110.632405293628437, -66.410768955599224 ], [ 110.632558449632825, -66.411015986595103 ], [ 110.632657893933583, -66.411105952359918 ], [ 110.633001638126629, -66.411335525713341 ], [ 110.63354609165691, -66.411623898120197 ], [ 110.633923573011771, -66.411844581999247 ], [ 110.634279205538036, -66.412029333123414 ], [ 110.634590926202904, -66.412151161763262 ], [ 110.634621771607982, -66.412160479646047 ], [ 110.635114923231896, -66.412309351566392 ], [ 110.635672978728991, -66.412436267556046 ], [ 110.63607514711812, -66.412499993306113 ], [ 110.636623242119825, -66.412541656023393 ], [ 110.637204752977041, -66.412596867156452 ], [ 110.637517544662913, -66.412646937388644 ], [ 110.638053162269856, -66.412778244564436 ], [ 110.63829826542792, -66.412864033347319 ], [ 110.638542779524428, -66.412990199622243 ], [ 110.638865049746244, -66.413161402330644 ], [ 110.639210025613465, -66.41331471898819 ], [ 110.639622154497999, -66.413468142747817 ], [ 110.639756032124211, -66.413499898520755 ], [ 110.639978965147364, -66.413572138887858 ], [ 110.640570008091558, -66.413743984208864 ], [ 110.641180811373388, -66.413945443260786 ], [ 110.641227668542555, -66.413956314124036 ], [ 110.641383609201569, -66.414015006075374 ], [ 110.641818229527303, -66.414163985097815 ], [ 110.64191847709381, -66.414200132056891 ], [ 110.642074631957016, -66.414245329143498 ], [ 110.642264256226781, -66.414299576357635 ], [ 110.642688541199774, -66.414385793548917 ], [ 110.643213716351866, -66.414467726656156 ], [ 110.643582683089704, -66.414508960965037 ], [ 110.643672059792962, -66.414522616482913 ], [ 110.643749976571414, -66.414558656339878 ], [ 110.6440852596985, -66.414604281834897 ], [ 110.644365063937272, -66.41461841931222 ], [ 110.644466007667432, -66.414605192202757 ], [ 110.644880117940829, -66.41462404217252 ], [ 110.645059299755758, -66.414624470580932 ], [ 110.645249941495479, -66.414602461099179 ], [ 110.645497133144517, -66.414544733066748 ], [ 110.645700145176903, -66.414446466889117 ], [ 110.645814476669685, -66.41428077993892 ], [ 110.645826525656034, -66.414218018107761 ], [ 110.645895713613271, -66.414079106682792 ], [ 110.645897962757388, -66.413917650265589 ], [ 110.645889019731953, -66.413760638585572 ], [ 110.645923613710565, -66.413688933728963 ], [ 110.646004208041546, -66.413532136253153 ], [ 110.64607259273302, -66.413447043633937 ], [ 110.646152062491936, -66.41337094759119 ], [ 110.646264841004253, -66.413312898252471 ], [ 110.646388597481916, -66.413272842066704 ], [ 110.646647034851554, -66.413210615746038 ], [ 110.646804207184729, -66.413184054425003 ], [ 110.647196950588977, -66.413126647698888 ], [ 110.647365368642753, -66.413095588089604 ], [ 110.647443928033809, -66.413082307429079 ], [ 110.647780496386105, -66.413038234914538 ], [ 110.648105551262546, -66.413016546739087 ], [ 110.648374270433877, -66.413017135800644 ], [ 110.648475053510893, -66.41301735000485 ], [ 110.648799519325777, -66.413036039321469 ], [ 110.648889056682179, -66.413040751813909 ], [ 110.648978540487533, -66.413045410755302 ], [ 110.64915740099616, -66.413068223502805 ], [ 110.649246884801514, -66.413077434283494 ], [ 110.649358645843876, -66.413091143352418 ], [ 110.649660834421752, -66.41310528082974 ], [ 110.650141883508255, -66.41313773276633 ], [ 110.650689389448402, -66.413224217712866 ], [ 110.65109134363334, -66.413307650249521 ], [ 110.651370505259521, -66.413364789220395 ], [ 110.652013332069529, -66.413523193227718 ], [ 110.652816383622593, -66.413753730500048 ], [ 110.653103952763686, -66.41385306769871 ], [ 110.653288971643107, -66.413916311489317 ], [ 110.653426972700217, -66.413974896338559 ], [ 110.653615793704219, -66.414090138199199 ], [ 110.653848687222776, -66.414252183677959 ], [ 110.653910752890283, -66.41430161129756 ], [ 110.654044095005986, -66.414375511747224 ], [ 110.654193448885792, -66.414425153571017 ], [ 110.65476521345181, -66.414544840168858 ], [ 110.655328624053951, -66.414616063066006 ], [ 110.655519051589479, -66.414611993186156 ], [ 110.655956295916681, -66.414577077901242 ], [ 110.656494002014597, -66.414564814710687 ], [ 110.656829874203225, -66.414570062713636 ], [ 110.657199108696318, -66.414593303869538 ], [ 110.657546333707657, -66.414589555296004 ], [ 110.657759573990688, -66.414554158051644 ], [ 110.657883384019399, -66.414509550026594 ], [ 110.658018600421869, -66.414447055950674 ], [ 110.6582543321461, -66.414407213969113 ], [ 110.658523211970589, -66.414398806454187 ], [ 110.659161486941315, -66.414404697069742 ], [ 110.659810846979482, -66.41441508597353 ], [ 110.661400617015204, -66.414445449419162 ], [ 110.661814566635442, -66.414477740702608 ], [ 110.662295133762498, -66.414550570131254 ], [ 110.662518173887761, -66.414618312210123 ], [ 110.662818863036222, -66.414741908034642 ], [ 110.663025516540046, -66.414863468919236 ], [ 110.663113661569142, -66.414973998287437 ], [ 110.663182635322173, -66.415171494561619 ], [ 110.663219264240695, -66.415447871533175 ], [ 110.663254125974561, -66.415687512484084 ], [ 110.663205608722819, -66.415960997698903 ], [ 110.663085707920786, -66.416548345620626 ], [ 110.663083565878765, -66.416709855588877 ], [ 110.663177280217113, -66.416904727861592 ], [ 110.663601297434852, -66.417186459938193 ], [ 110.663725428769879, -66.417285368728443 ], [ 110.66383494066811, -66.417469530791053 ], [ 110.663928494353314, -66.417675166824907 ], [ 110.664104837962554, -66.417889049720543 ], [ 110.664220133374243, -66.417977248300687 ], [ 110.664688116004427, -66.418159482525482 ], [ 110.664855409486137, -66.418211855452867 ], [ 110.665179446892623, -66.418270868710493 ], [ 110.665414428902139, -66.418284845534671 ], [ 110.66568325517558, -66.41828538104518 ], [ 110.666064485103973, -66.418254803395342 ], [ 110.666345199710605, -66.418198896098644 ], [ 110.666536376960835, -66.4181436849656 ], [ 110.666896721979541, -66.417996419576767 ], [ 110.667132882112185, -66.417925143128571 ], [ 110.667413436065672, -66.417885408249106 ], [ 110.667704807331347, -66.417872555996993 ], [ 110.667940217749276, -66.417856919090255 ], [ 110.668149120397217, -66.417812471718349 ], [ 110.668441616234958, -66.417712652560255 ], [ 110.668716333123953, -66.417607371195004 ], [ 110.668907563925231, -66.417543163485462 ], [ 110.669233475618469, -66.417458659927803 ], [ 110.669436166344553, -66.417376512616357 ], [ 110.669661830471298, -66.417248739809907 ], [ 110.669951166797063, -66.417049262146847 ], [ 110.670012107892518, -66.41701798833337 ], [ 110.670551848930344, -66.416851391015314 ], [ 110.6709343105329, -66.416726617067681 ], [ 110.671272003457261, -66.416597237729718 ], [ 110.671587794001965, -66.416427427348623 ], [ 110.671914348307808, -66.416293549722411 ], [ 110.672172785677446, -66.416226825113512 ], [ 110.672475723970038, -66.416187090234047 ], [ 110.672867931863792, -66.416169953897906 ], [ 110.673315725747941, -66.416179860842249 ], [ 110.673617593019515, -66.416220880946909 ], [ 110.673936864382497, -66.416299600991124 ], [ 110.674164509898105, -66.416365575885322 ], [ 110.674432693558927, -66.416410987176135 ], [ 110.674611875373856, -66.416411362033486 ], [ 110.674791539148231, -66.416375804135967 ], [ 110.675090996622529, -66.416255367823425 ], [ 110.675208648280446, -66.416165884018056 ], [ 110.675548751002069, -66.415845434531974 ], [ 110.675635450152811, -66.415725373076782 ], [ 110.675697730024524, -66.415583784099297 ], [ 110.675645089341899, -66.415327970731141 ], [ 110.675557586925407, -66.415166300109718 ], [ 110.675325657325757, -66.414914610172445 ], [ 110.675192797169501, -66.414797708229244 ], [ 110.675059562155894, -66.414707742464429 ], [ 110.674904424762644, -66.414581843944745 ], [ 110.674749180267298, -66.414464888450482 ], [ 110.674650271477049, -66.414316659142742 ], [ 110.674628958158962, -66.414235850607568 ], [ 110.674747038225277, -66.413765136873806 ], [ 110.674784202654308, -66.413491544556877 ], [ 110.674696700237817, -66.413329927486529 ], [ 110.674520945690134, -66.41306934807487 ], [ 110.674388246187036, -66.412939004817986 ], [ 110.674166491286982, -66.412768123415901 ], [ 110.673999840417864, -66.412669053972493 ], [ 110.673866766057415, -66.41257009163121 ], [ 110.673733584594856, -66.412475627578146 ], [ 110.673312833991204, -66.412111426883797 ], [ 110.67321338969046, -66.412008019805313 ], [ 110.673102378362799, -66.411936047193478 ], [ 110.672868788680589, -66.411814432757822 ], [ 110.672479097686221, -66.411647674786607 ], [ 110.672311964857656, -66.411584484547035 ], [ 110.672044477360487, -66.411489752738731 ], [ 110.671997566640272, -66.411478881875482 ], [ 110.671888697354632, -66.411413174736538 ], [ 110.671656339346583, -66.411201862291335 ], [ 110.671424356195885, -66.410959115379484 ], [ 110.671259097654087, -66.41075246187566 ], [ 110.67114808632644, -66.410680435712763 ], [ 110.670769426848466, -66.410527119055232 ], [ 110.670568824613355, -66.410454932239176 ], [ 110.670336680809498, -66.410225680192056 ], [ 110.6702144773123, -66.410153654029159 ], [ 110.67009216671299, -66.410090624442731 ], [ 110.669735730920962, -66.409950802649917 ], [ 110.669445805533641, -66.409860462027751 ], [ 110.669267480535538, -66.409797271788179 ], [ 110.669122678495029, -66.409738686938951 ], [ 110.668810154564397, -66.409666232367641 ], [ 110.667950499550969, -66.409480517324567 ], [ 110.66726911598461, -66.409357938970004 ], [ 110.666598549730452, -66.40926679508209 ], [ 110.66628602579982, -66.40919434051078 ], [ 110.665917594572491, -66.409117334100188 ], [ 110.665493202497402, -66.409035668748203 ], [ 110.664744665913744, -66.40891742802873 ], [ 110.664565698303022, -66.40890361185771 ], [ 110.663882708205151, -66.408906610716528 ], [ 110.663658650609918, -66.408915071782502 ], [ 110.66245011050259, -66.408867625551778 ], [ 110.661432051481839, -66.408807112864736 ], [ 110.660235774565066, -66.408683409938106 ], [ 110.659621062056559, -66.408605814465957 ], [ 110.659364231218447, -66.40855590488691 ], [ 110.658727509228186, -66.408446874948126 ], [ 110.657767392444057, -66.408247397285066 ], [ 110.657499851395841, -66.408161554951135 ], [ 110.656586377576673, -66.407959881695021 ], [ 110.656224533128551, -66.407778022327577 ], [ 110.656065647161768, -66.407625990895255 ], [ 110.6558419644239, -66.407379067001472 ], [ 110.655616460950313, -66.407268644735368 ], [ 110.655230786284719, -66.407097174271712 ], [ 110.654768962025344, -66.406959708725125 ], [ 110.65408040261822, -66.4068178519924 ], [ 110.653693442727416, -66.406741166888096 ], [ 110.653004883320293, -66.406584208759128 ], [ 110.652693805268029, -66.406492529360705 ], [ 110.652318626608334, -66.406260385556848 ], [ 110.652159419335248, -66.406150177494965 ], [ 110.651934237167964, -66.405997931858423 ], [ 110.651549472870229, -66.405781050103968 ], [ 110.65124915857912, -66.405594585346179 ], [ 110.651092039796993, -66.405332667158262 ], [ 110.650905253732915, -66.40516162510302 ], [ 110.65064188966663, -66.405035940787528 ], [ 110.650180172509351, -66.404913523086122 ], [ 110.649869576416549, -66.404787785219582 ], [ 110.649606854962869, -66.404635486032006 ], [ 110.649296098216908, -66.404524903112758 ], [ 110.649072736785342, -66.404262770720635 ], [ 110.648764122081403, -66.404015632622659 ], [ 110.648692792082159, -66.403689453174167 ], [ 110.648581191692941, -66.403552683791219 ], [ 110.64846991261004, -66.403397064438508 ], [ 110.648321147791791, -66.403210920987036 ], [ 110.648239107582455, -66.402994628294124 ], [ 110.648166492358001, -66.402778335601226 ], [ 110.648092538357275, -66.402656881818729 ], [ 110.648059604461224, -66.402585069860024 ], [ 110.654287484530442, -66.401448823670847 ], [ 110.661219989321921, -66.400648181915059 ], [ 110.670799361885685, -66.39977128346338 ], [ 110.679967837239076, -66.399137667434047 ], [ 110.690151640509654, -66.398668720884956 ], [ 110.699923047140459, -66.398606226809051 ], [ 110.709111978995139, -66.398508549692963 ], [ 110.709123867328344, -66.398510156224475 ], [ 110.709235521268596, -66.398532808318834 ], [ 110.709268615817805, -66.398573239361951 ], [ 110.709290464646401, -66.398618115142256 ], [ 110.70929008978905, -66.398653994346077 ], [ 110.709300907101237, -66.398685428812712 ], [ 110.709311885066597, -66.39870336841463 ], [ 110.709322273970386, -66.398770682085086 ], [ 110.709355314968533, -66.398820109704687 ], [ 110.709366346484941, -66.398833551018356 ], [ 110.709388302415633, -66.398869483773225 ], [ 110.709421504066938, -66.398900971790908 ], [ 110.709465844336734, -66.398936904545792 ], [ 110.709532461843537, -66.398986385716427 ], [ 110.709744095595056, -66.399072013846165 ], [ 110.709766426383098, -66.3990765121344 ], [ 110.709799895789658, -66.399085562261931 ], [ 110.709833365196204, -66.399094612389462 ], [ 110.709900357560358, -66.399108160805241 ], [ 110.709967296373463, -66.399126261060303 ], [ 110.710000765780023, -66.399135257636786 ], [ 110.710034235186569, -66.399144307764317 ], [ 110.710101227550737, -66.399157909731144 ], [ 110.710201689321437, -66.399180508274441 ], [ 110.710290905371551, -66.399207605105985 ], [ 110.710346491361946, -66.399239093123668 ], [ 110.710402023801294, -66.399279577717834 ], [ 110.710413001766653, -66.399297517319752 ], [ 110.710423979731999, -66.399315510472718 ], [ 110.710490115279342, -66.39940081729614 ], [ 110.710512338965302, -66.399414365711905 ], [ 110.710534562651247, -66.399432305313809 ], [ 110.710556732786145, -66.399450298466775 ], [ 110.710601233709099, -66.399472843459037 ], [ 110.710679096936502, -66.399513328053203 ], [ 110.710701320622462, -66.39952682291792 ], [ 110.710712352138856, -66.399540317782652 ], [ 110.710745553790161, -66.399571752249273 ], [ 110.710767831027155, -66.399580802376818 ], [ 110.710774471357411, -66.399589745402238 ], [ 110.710778862543563, -66.399598741978721 ], [ 110.710789894059957, -66.399612236843438 ], [ 110.710812064194855, -66.399630229996404 ], [ 110.710845105193002, -66.399675105776709 ], [ 110.710867221776851, -66.399697597217909 ], [ 110.710878253293259, -66.39971109208264 ], [ 110.710889284809653, -66.399724533396309 ], [ 110.710900316326061, -66.399742526549275 ], [ 110.710922540012007, -66.399756021413992 ], [ 110.710933517977352, -66.39977396101591 ], [ 110.710977965349258, -66.399800950745345 ], [ 110.711022412721164, -66.399827940474793 ], [ 110.711044689958158, -66.399836990602324 ], [ 110.711111628771263, -66.399855037306338 ], [ 110.711167482516927, -66.399864140984917 ], [ 110.711245613499571, -66.399882187688931 ], [ 110.711379651778941, -66.399909338071524 ], [ 110.711424366906087, -66.399913943461868 ], [ 110.711457889863695, -66.399918495301165 ], [ 110.711491412821303, -66.399923047140447 ], [ 110.711513797160407, -66.399923047140447 ], [ 110.711536127948449, -66.399927598979744 ], [ 110.711558458736505, -66.399932097267993 ], [ 110.711591981694113, -66.399936649107275 ], [ 110.711647835439763, -66.399945752785868 ], [ 110.711681358397371, -66.39995030462515 ], [ 110.711714827803917, -66.399959301201633 ], [ 110.711759489380029, -66.399968404880212 ], [ 110.711792958786575, -66.399977401456695 ], [ 110.711826374642072, -66.399990949872461 ], [ 110.711948738792429, -66.400053979458889 ], [ 110.711970962478389, -66.400071919060792 ], [ 110.711993132613287, -66.400089912213758 ], [ 110.712015302748185, -66.400107905366724 ], [ 110.712059535915884, -66.400152834698076 ], [ 110.712081706050782, -66.400170827851042 ], [ 110.712103876185694, -66.400193319292242 ], [ 110.712117692356713, -66.400216132039759 ], [ 110.712125832116385, -66.400229198496078 ], [ 110.712148002251283, -66.400247191649044 ], [ 110.712180882596286, -66.400305562294065 ], [ 110.712202892078039, -66.400341495048934 ], [ 110.712202624322785, -66.400363932939086 ], [ 110.712213495186035, -66.400390869117487 ], [ 110.712224419600332, -66.400413307007639 ], [ 110.712257085741129, -66.400494115542813 ], [ 110.712278934569724, -66.400538991323117 ], [ 110.712300676296223, -66.400597361968153 ], [ 110.712322418022708, -66.40065123432494 ], [ 110.712355619674014, -66.400687167079809 ], [ 110.712421969425563, -66.400754587852376 ], [ 110.712433000941957, -66.400768082717093 ], [ 110.712466416797469, -66.400786075870059 ], [ 110.712488586932366, -66.400804069023025 ], [ 110.71251086416936, -66.400813065599493 ], [ 110.712544226473824, -66.400831058752459 ], [ 110.71261105818482, -66.400858102032956 ], [ 110.712688974963271, -66.400898586627122 ], [ 110.712711145098183, -66.400916579780088 ], [ 110.712733261682033, -66.400939071221288 ], [ 110.712743275728471, -66.401042264095565 ], [ 110.712798219106261, -66.401132069207236 ], [ 110.712853697994561, -66.401172553801402 ], [ 110.712875868129473, -66.401190546954368 ], [ 110.712893004465627, -66.401199757735043 ], [ 110.712909230433922, -66.401208540107319 ], [ 110.712942592738372, -66.401231031548534 ], [ 110.713031487482169, -66.401285011007417 ], [ 110.713087073472579, -66.401320997313348 ], [ 110.713109243607477, -66.401338990466314 ], [ 110.713131413742374, -66.401356983619266 ], [ 110.713153530326224, -66.401379421509418 ], [ 110.713208795010331, -66.401442343993736 ], [ 110.713230911594181, -66.401464781883902 ], [ 110.713244888418359, -66.401476241808695 ], [ 110.713253081729079, -66.401482775036854 ], [ 110.713275198312928, -66.401505266478068 ], [ 110.713308614168426, -66.40152325963102 ], [ 110.713330784303324, -66.401541252783986 ], [ 110.713374803266831, -66.401604121717256 ], [ 110.713385513476922, -66.40164899749756 ], [ 110.713396330789124, -66.401680431964195 ], [ 110.713396063033869, -66.401702816303299 ], [ 110.713395795278615, -66.401729752481685 ], [ 110.713395206217058, -66.40177907299919 ], [ 110.713394938461803, -66.401801510889342 ], [ 110.713394670706563, -66.401823948779494 ], [ 110.713390118867267, -66.401831124620259 ], [ 110.713383264332805, -66.401846333118598 ], [ 110.71338299657755, -66.401868771008751 ], [ 110.713382728822296, -66.401891208898903 ], [ 110.713393385481339, -66.401936084679207 ], [ 110.713404149242493, -66.401976462171262 ], [ 110.713415127207838, -66.401994455324228 ], [ 110.713426051622136, -66.40201689321438 ], [ 110.713437029587496, -66.402034832816298 ], [ 110.713459199722394, -66.402057324257498 ], [ 110.713514571508597, -66.402106751877099 ], [ 110.713559018880488, -66.402138239894782 ], [ 110.713592381184952, -66.402156233047748 ], [ 110.71362579704045, -66.402169781463513 ], [ 110.713638809945721, -66.402175029466463 ], [ 110.713659212895948, -66.402183276328245 ], [ 110.713692628751446, -66.402196771192962 ], [ 110.713726098158006, -66.402205821320493 ], [ 110.713759567564551, -66.402219369736258 ], [ 110.713792983420063, -66.40223286460099 ], [ 110.713837537894065, -66.402250911305003 ], [ 110.713870953749563, -66.402264406169721 ], [ 110.713893230986571, -66.402273402746204 ], [ 110.713926646842069, -66.402286951161983 ], [ 110.714038247231272, -66.402318546281762 ], [ 110.714071716637832, -66.402327596409293 ], [ 110.71411637821393, -66.402336646536824 ], [ 110.714149794069442, -66.402350141401541 ], [ 110.714227925052086, -66.402372739944852 ], [ 110.714451072279459, -66.402435930184424 ], [ 110.714495733855557, -66.402444980311955 ], [ 110.714529203262117, -66.402454030439486 ], [ 110.714607280693727, -66.402476575431734 ], [ 110.714651888718777, -66.402490123847514 ], [ 110.71484156653959, -66.402544317510603 ], [ 110.714875035946136, -66.402553314087086 ], [ 110.714908505352696, -66.402566862502852 ], [ 110.715031137258308, -66.402607454199128 ], [ 110.715098022520365, -66.402634497479625 ], [ 110.715276347518468, -66.402702078905335 ], [ 110.715321009094581, -66.402711129032866 ], [ 110.71536561711963, -66.402724677448631 ], [ 110.71541022514468, -66.402738225864411 ], [ 110.71544369455124, -66.402747222440894 ], [ 110.715488356127338, -66.402756272568425 ], [ 110.715577679279548, -66.402778871111721 ], [ 110.715611095135046, -66.402792419527501 ], [ 110.715655756711158, -66.402801469655031 ], [ 110.715745133414416, -66.402819569910093 ], [ 110.715823317948121, -66.402833171876921 ], [ 110.715867979524219, -66.402842222004452 ], [ 110.715912694651379, -66.402846773843734 ], [ 110.715968601948077, -66.402851379234079 ], [ 110.716013317075237, -66.40286042936161 ], [ 110.716303777973067, -66.402910285389609 ], [ 110.716348439549165, -66.40291933551714 ], [ 110.716448954870927, -66.402937489323264 ], [ 110.716493616447025, -66.402946539450795 ], [ 110.716527085853585, -66.402960034315512 ], [ 110.716571747429683, -66.402969084443043 ], [ 110.716694379335294, -66.403009676139305 ], [ 110.716739040911392, -66.403023224555085 ], [ 110.716783648936456, -66.403036772970864 ], [ 110.716828310512554, -66.403045823098381 ], [ 110.716872918537604, -66.403059371514161 ], [ 110.71695110307131, -66.403077418218174 ], [ 110.716995711096374, -66.403090966633954 ], [ 110.717040372672471, -66.403100016761471 ], [ 110.717085034248569, -66.403109066889016 ], [ 110.717118503655129, -66.403122615304781 ], [ 110.717163165231227, -66.403131665432312 ], [ 110.717241189111789, -66.403158708712809 ], [ 110.717330512263999, -66.403181307256119 ], [ 110.717363981670545, -66.403190303832588 ], [ 110.717397397526042, -66.403203852248367 ], [ 110.717475474957652, -66.403230895528864 ], [ 110.717497698643612, -66.403244390393581 ], [ 110.71753111449911, -66.403257885258313 ], [ 110.717553338185056, -66.403271433674078 ], [ 110.717564369701464, -66.403284874987747 ], [ 110.717586646938457, -66.403298369852479 ], [ 110.717608870624417, -66.403311864717196 ], [ 110.717619902140811, -66.403325359581913 ], [ 110.717653157343165, -66.403352349311362 ], [ 110.717664188859558, -66.403370288913266 ], [ 110.717675220375966, -66.403383783777997 ], [ 110.717686198341312, -66.403401723379915 ], [ 110.717689893363797, -66.403406221668149 ], [ 110.717697229857706, -66.403415218244632 ], [ 110.717697069204561, -66.403433157846536 ], [ 110.717708100720955, -66.403446652711267 ], [ 110.717719078686301, -66.403464592313171 ], [ 110.717730110202709, -66.403478087177902 ], [ 110.717741088168054, -66.403496026779806 ], [ 110.717763365405062, -66.403509521644537 ], [ 110.717774396921456, -66.403523016509254 ], [ 110.717796620607402, -66.403536511373972 ], [ 110.717818844293362, -66.403550006238703 ], [ 110.717841067979307, -66.40356350110342 ], [ 110.717863345216315, -66.403576995968137 ], [ 110.717885568902261, -66.403590490832869 ], [ 110.717907792588207, -66.403603985697586 ], [ 110.717918877655663, -66.403612982274069 ], [ 110.717952347062223, -66.403626477138786 ], [ 110.717974570748169, -66.403639972003504 ], [ 110.718007933052618, -66.403658018707517 ], [ 110.718030156738564, -66.403671513572249 ], [ 110.718063626145124, -66.403680510148732 ], [ 110.718085903382118, -66.403694005013449 ], [ 110.718130404305072, -66.403716550005697 ], [ 110.718186150948625, -66.403739041446912 ], [ 110.718208374634585, -66.403752536311629 ], [ 110.718241790490083, -66.403766084727408 ], [ 110.718264014176029, -66.403779579592126 ], [ 110.718286237861989, -66.403793074456843 ], [ 110.718475755029644, -66.403865154170802 ], [ 110.718522665749873, -66.403876025034037 ], [ 110.718531501673198, -66.403883200874816 ], [ 110.718542640291702, -66.40388769916305 ], [ 110.71856491752871, -66.403896749290581 ], [ 110.718587194765703, -66.403910244155298 ], [ 110.718598279833159, -66.403919240731781 ], [ 110.718620503519105, -66.403932735596513 ], [ 110.718631588586561, -66.403941732172996 ], [ 110.718642673654003, -66.403950675198416 ], [ 110.718664950891011, -66.403964223614196 ], [ 110.718687174576957, -66.403977718478913 ], [ 110.718720536881406, -66.403995711631879 ], [ 110.718742760567366, -66.404009206496596 ], [ 110.718776229973912, -66.404022701361328 ], [ 110.718798453659872, -66.404036196226045 ], [ 110.71883186951537, -66.40404974464181 ], [ 110.718854146752363, -66.404058741218293 ], [ 110.718932063530829, -66.404099225812459 ], [ 110.718965532937375, -66.40410827593999 ], [ 110.718987810174383, -66.404121770804721 ], [ 110.719010087411377, -66.40413076738119 ], [ 110.719043503266889, -66.40414431579697 ], [ 110.719110120773678, -66.40419374341657 ], [ 110.719143322424983, -66.404225231434253 ], [ 110.719187716245841, -66.404261164189123 ], [ 110.71925406599739, -66.404333083249924 ], [ 110.719287267648681, -66.404369016004807 ], [ 110.719375787535142, -66.404458874667512 ], [ 110.719386122887883, -66.404535184914451 ], [ 110.71938237431435, -66.404543217572026 ], [ 110.71936320303827, -66.404584451880908 ], [ 110.719283893932499, -66.404669544500123 ], [ 110.719260920531852, -66.404718865017614 ], [ 110.719260117266089, -66.404795121713505 ], [ 110.719282019645732, -66.404835499205575 ], [ 110.719315007092831, -66.40488942511341 ], [ 110.71938135684438, -66.404961290623163 ], [ 110.719448027902246, -66.405006273505563 ], [ 110.719503613892641, -66.405042259811495 ], [ 110.719536976197091, -66.405060252964461 ], [ 110.719559146331989, -66.405078246117412 ], [ 110.719581370017949, -66.405096239270378 ], [ 110.719659126143242, -66.405150165178213 ], [ 110.719714658582603, -66.405186151484145 ], [ 110.719736882268549, -66.405204144637111 ], [ 110.719770244572999, -66.405222137790062 ], [ 110.719814584842808, -66.405262622384228 ], [ 110.719847947147258, -66.405280615537194 ], [ 110.719870117282156, -66.405303053427346 ], [ 110.719903479586605, -66.40532110013136 ], [ 110.719925649721503, -66.405339039733278 ], [ 110.719959065577015, -66.405357086437277 ], [ 110.720014651567411, -66.405388574454975 ], [ 110.720036821702308, -66.405411012345127 ], [ 110.72005899183722, -66.405429005498092 ], [ 110.72008110842107, -66.405451496939293 ], [ 110.720092139937464, -66.40546943654121 ], [ 110.720169628307517, -66.405545853890246 ], [ 110.720191798442414, -66.405568291780398 ], [ 110.720224946542658, -66.405604224535267 ], [ 110.720247170228618, -66.405622217688233 ], [ 110.720269393914563, -66.40563571255295 ], [ 110.720391704513872, -66.405707738715861 ], [ 110.72042522747148, -66.405716735292344 ], [ 110.720458643326978, -66.40573028370811 ], [ 110.720480920563972, -66.405739280284592 ], [ 110.720514389970532, -66.405748330412123 ], [ 110.720603713122742, -66.405770875404386 ], [ 110.720625990359736, -66.405779925531903 ], [ 110.720659513317344, -66.405788922108385 ], [ 110.720692982723889, -66.405797972235916 ], [ 110.720715206409849, -66.405811467100648 ], [ 110.720770899502355, -66.405838456830082 ], [ 110.720893370754808, -66.405896988128262 ], [ 110.720926786610306, -66.405910536544042 ], [ 110.720949063847314, -66.405924031408759 ], [ 110.721038226346366, -66.405960071265739 ], [ 110.721105111608423, -66.405982616257987 ], [ 110.721138581014969, -66.405991666385518 ], [ 110.721178690751785, -66.406011426723154 ], [ 110.721227529309829, -66.406050090581601 ], [ 110.72122710090143, -66.406086023336485 ], [ 110.721270959211765, -66.406171330159893 ], [ 110.721337683820678, -66.406211814754073 ], [ 110.72143809204033, -66.406238911585604 ], [ 110.721661399920848, -66.406293105248693 ], [ 110.721694869327408, -66.406306653664473 ], [ 110.721717093013353, -66.40632014852919 ], [ 110.721750455317803, -66.406338141682156 ], [ 110.721850167373802, -66.406432498633109 ], [ 110.721872391059762, -66.406450491786075 ], [ 110.721916731329557, -66.406486424540944 ], [ 110.722038881275708, -66.406576390305759 ], [ 110.722094520817166, -66.406607878323442 ], [ 110.722160763466619, -66.406693238697912 ], [ 110.722216242354918, -66.406738168029278 ], [ 110.722305565507128, -66.40675626828434 ], [ 110.722428090310629, -66.40681479958252 ], [ 110.722550668665193, -66.406864387855265 ], [ 110.722684760495611, -66.406887039949623 ], [ 110.722897518819181, -66.406884737254444 ], [ 110.722953479666927, -66.40688752190907 ], [ 110.723009226310495, -66.406905568613084 ], [ 110.723209239484049, -66.407040463709251 ], [ 110.723264825474445, -66.407076450015182 ], [ 110.723309326397398, -66.407103439744617 ], [ 110.723320357913806, -66.407116934609348 ], [ 110.72336485883676, -66.407143924338797 ], [ 110.723398060488051, -66.407175358805432 ], [ 110.723464785096951, -66.407215843399598 ], [ 110.723475870164407, -66.407229338264315 ], [ 110.723498147401415, -66.407238334840798 ], [ 110.723520424638409, -66.407247384968329 ], [ 110.723542701875417, -66.407260879833046 ], [ 110.72358720279837, -66.407283371274247 ], [ 110.723609480035364, -66.407292367850729 ], [ 110.723631757272372, -66.407305862715461 ], [ 110.723653980958318, -66.407319357580178 ], [ 110.723676258195326, -66.407328407707709 ], [ 110.723695536573487, -66.40734002828566 ], [ 110.72369853543232, -66.407341902572426 ], [ 110.723709620499775, -66.407350845597861 ], [ 110.723731897736769, -66.407359895725392 ], [ 110.723754174973777, -66.407368892301875 ], [ 110.723776505761819, -66.407377888878358 ], [ 110.723787590829275, -66.407386885454841 ], [ 110.723809814515221, -66.407400380319558 ], [ 110.723832145303277, -66.407409376896041 ], [ 110.723843230370733, -66.407418373472524 ], [ 110.723876592675182, -66.40743636662549 ], [ 110.723898923463238, -66.407445416753021 ], [ 110.723909954979632, -66.40745885806669 ], [ 110.723932178665578, -66.407472352931407 ], [ 110.723954455902586, -66.407485847796139 ], [ 110.723965540970028, -66.407494844372621 ], [ 110.723987764655988, -66.407508339237339 ], [ 110.723998796172381, -66.407521834102056 ], [ 110.724011541322398, -66.407529545453329 ], [ 110.724021073409389, -66.407535328966787 ], [ 110.724032104925783, -66.407548823831505 ], [ 110.724043136442191, -66.407562265145174 ], [ 110.724054275060681, -66.407571261721657 ], [ 110.724065306577089, -66.407584756586374 ], [ 110.724087583814082, -66.407593753162857 ], [ 110.72409861533049, -66.407607248027574 ], [ 110.724098561779442, -66.407616191053009 ], [ 110.724109646846884, -66.407625187629492 ], [ 110.724120678363292, -66.407638682494223 ], [ 110.724131763430734, -66.407647679070692 ], [ 110.72414284849819, -66.407656675647175 ], [ 110.724153933565631, -66.407670116960844 ], [ 110.724165018633087, -66.407679113537327 ], [ 110.724176050149481, -66.407692608402044 ] ], [ [ 110.695228601401865, -66.410270716625519 ], [ 110.695350644245906, -66.410270716625519 ], [ 110.695396430394084, -66.410232534726518 ], [ 110.69529725384858, -66.4100647057343 ], [ 110.69519807730309, -66.410011315336959 ], [ 110.695060718858585, -66.409973133437973 ], [ 110.694923413965157, -66.409957871388585 ], [ 110.694747927172713, -66.409980791238183 ], [ 110.694648750627223, -66.410018919586136 ], [ 110.694633488577836, -66.410049443684912 ], [ 110.694679274725999, -66.410156224479579 ], [ 110.694763189222101, -66.410202010627742 ], [ 110.694946280263707, -66.410232534726518 ], [ 110.695053114609422, -66.410255454576117 ], [ 110.695228601401865, -66.410270716625519 ] ], [ [ 110.69422152034646, -66.410232534726518 ], [ 110.694313039091725, -66.41021727267713 ], [ 110.694351220990725, -66.410202010627742 ], [ 110.694389349338678, -66.41016388227979 ], [ 110.694358825239888, -66.410125753931851 ], [ 110.694259648694398, -66.41011809613164 ], [ 110.694229124595623, -66.41011809613164 ], [ 110.694183338447459, -66.410125753931851 ], [ 110.694129948050133, -66.410141015981239 ], [ 110.694107081751568, -66.41016388227979 ], [ 110.694152814348683, -66.41021727267713 ], [ 110.69422152034646, -66.410232534726518 ] ], [ [ 110.684015332736777, -66.419400153263098 ], [ 110.684037663524833, -66.419404651551346 ], [ 110.684137857540279, -66.419454186273043 ], [ 110.684304508409383, -66.419562198741872 ], [ 110.684382425187849, -66.419602736887086 ], [ 110.6844828334075, -66.419634332006865 ], [ 110.684516249262998, -66.419647826871596 ], [ 110.684560964390158, -66.419656930550175 ], [ 110.684627903203264, -66.419674977254189 ], [ 110.684773133652172, -66.419706679476079 ], [ 110.684873648973934, -66.419729331570437 ], [ 110.68489597976199, -66.419733829858671 ], [ 110.684918364101094, -66.419738381697968 ], [ 110.685052348829402, -66.419770030368795 ], [ 110.685074733168506, -66.419774582208092 ], [ 110.685097063956562, -66.41977908049634 ], [ 110.685376439786936, -66.419828990075388 ], [ 110.685443539253185, -66.419838093753967 ], [ 110.685622292659701, -66.419874347815153 ], [ 110.685796333573776, -66.419930308662899 ], [ 110.685867556470924, -66.419969026072408 ], [ 110.685979424615383, -66.419978236853083 ], [ 110.686169905701959, -66.419974166973248 ], [ 110.686394498807687, -66.419929719601342 ], [ 110.686551992447164, -66.419876222101919 ], [ 110.68666519936788, -66.419777795271116 ], [ 110.686733423406196, -66.419697147389087 ], [ 110.686835009748975, -66.419634599762134 ], [ 110.686947681159182, -66.419580995160587 ], [ 110.687172542020164, -66.419514163449591 ], [ 110.68729635204889, -66.419465057136293 ], [ 110.687318897041138, -66.419455203743013 ], [ 110.687509271025618, -66.419456488968223 ], [ 110.687632331339628, -66.419470198037146 ], [ 110.687766798027397, -66.419465967504152 ], [ 110.687935323183268, -66.419425964869447 ], [ 110.687980359616731, -66.419404490898188 ], [ 110.68807048603469, -66.419363417242479 ], [ 110.688149741589399, -66.419296317776215 ], [ 110.688184710425375, -66.419188733715799 ], [ 110.688118467775922, -66.419107871629564 ], [ 110.688096886702581, -66.419045002696294 ], [ 110.688138121011448, -66.418968853102513 ], [ 110.688222624569121, -66.418838938254027 ], [ 110.688189904877262, -66.418771571032522 ], [ 110.688067754931112, -66.418686103555956 ], [ 110.687510288495574, -66.418478646786383 ], [ 110.687320878430015, -66.418398427312752 ], [ 110.68720178089373, -66.418248377269293 ], [ 110.687196479339732, -66.418138008554251 ], [ 110.687186518844342, -66.418036636415678 ], [ 110.687161082095372, -66.41792171586134 ], [ 110.687150586089473, -66.417866986687741 ], [ 110.687089055932461, -66.417771772919991 ], [ 110.68707143763686, -66.417746603926261 ], [ 110.686983988771416, -66.417575990279417 ], [ 110.686884865776975, -66.417441202285346 ], [ 110.686854288127137, -66.417198937332955 ], [ 110.686777228165496, -66.417091139068333 ], [ 110.686600241943651, -66.416915812929048 ], [ 110.686277596864485, -66.416744717322743 ], [ 110.685921000419299, -66.416600450792743 ], [ 110.685430312143723, -66.416433532168384 ], [ 110.68497341458098, -66.416253172230356 ], [ 110.684550147077957, -66.416068421106189 ], [ 110.684327267605852, -66.415982739425402 ], [ 110.683725835757855, -66.415716858459746 ], [ 110.683536639896502, -66.4156222873046 ], [ 110.683146466942674, -66.415482411960738 ], [ 110.682901042478306, -66.415405673305386 ], [ 110.682398412318449, -66.415301516512201 ], [ 110.682141206622973, -66.415274044823292 ], [ 110.681446970804501, -66.415263655919503 ], [ 110.681290119777628, -66.415267832901449 ], [ 110.68111067020746, -66.415289895934251 ], [ 110.680863532109484, -66.415347677517715 ], [ 110.680762320624069, -66.415383396068393 ], [ 110.68066073428129, -66.415445997246408 ], [ 110.680615376541539, -66.415490712373554 ], [ 110.680602417187316, -66.415625286163419 ], [ 110.680500670191392, -66.415701328655118 ], [ 110.680477643239684, -66.41575059562156 ], [ 110.68049906365988, -66.415826905868499 ], [ 110.680647078763414, -66.415986916407348 ], [ 110.680893252942496, -66.416179378882788 ], [ 110.680985735606683, -66.416307847852892 ], [ 110.680951248730167, -66.4163751079723 ], [ 110.68084971593845, -66.416433210862081 ], [ 110.680568680025516, -66.41651782152185 ], [ 110.680489585123951, -66.416571533225479 ], [ 110.680466022661733, -66.416661177683991 ], [ 110.680542814868133, -66.416786915550531 ], [ 110.680775761937738, -66.416962348791913 ], [ 110.681092141543999, -66.417272516476316 ], [ 110.681280159282238, -66.417458606376755 ], [ 110.681459769505565, -66.417780126883855 ], [ 110.681459555301373, -66.417798066485773 ], [ 110.681514927087562, -66.417847494105359 ], [ 110.681579938062853, -66.418018107752204 ], [ 110.681656998024508, -66.418121407728592 ], [ 110.681700374375396, -66.418233650730414 ], [ 110.681732879863034, -66.418323455842071 ], [ 110.681760298000881, -66.418455352079405 ], [ 110.681786216709327, -66.418529895141688 ], [ 110.681874897248917, -66.418601814202489 ], [ 110.682008292915683, -66.418682836941869 ], [ 110.682108486931128, -66.418732371663566 ], [ 110.682186350158531, -66.41877290980878 ], [ 110.682331098647992, -66.418840491234505 ], [ 110.682665792713522, -66.418944326721387 ], [ 110.68291169913735, -66.418985239723952 ], [ 110.683056929586257, -66.419016888394793 ], [ 110.683224276619029, -66.419066583769649 ], [ 110.68336929286373, -66.419116225593442 ], [ 110.683502474326289, -66.419210689646491 ], [ 110.683602186382288, -66.419300601860257 ], [ 110.68368021026285, -66.419327698691802 ], [ 110.684015332736777, -66.419400153263098 ] ] ] ] } },
{ "type": "Feature", "properties": { "FEAT_TYPE": "Mammal", "UFI": 2985776, "Q_INFO": 886, "DATASET_ID": 179, "COMMENTS": "Weddell Seal pupping site", "COMMON_NAM": "Weddell Seal", "SPECIES": null, "STATUS": null, "DB_DATE_CR": "2011-05-06", "DISPLAY": "50000, Heli op maps", "DATE_CAPTU": "1899-12-30", "GEOMETRY_A": 0.0, "GEOMETRY_L": 0.0 }, "geometry": { "type": "MultiPolygon", "coordinates": [ [ [ [ 110.686880528141884, -66.20829104139122 ], [ 110.686828048112403, -66.208658722903834 ], [ 110.686699097182839, -66.208940187225181 ], [ 110.686708575718782, -66.208985384311788 ], [ 110.686607364233367, -66.209142181787612 ], [ 110.686382985331832, -66.209267330592596 ], [ 110.686013322430341, -66.209515539711589 ], [ 110.6858100426427, -66.209674372127324 ], [ 110.685474545311422, -66.209911442627813 ], [ 110.685145795412495, -66.210108135636247 ], [ 110.684692646423301, -66.210315806610026 ], [ 110.684262631487911, -66.210505591532936 ], [ 110.683798290329165, -66.210715458099784 ], [ 110.683432215348049, -66.210844837437747 ], [ 110.683119959172686, -66.210886767910281 ], [ 110.682722771031237, -66.210946530882623 ], [ 110.682314551373395, -66.210999546422599 ], [ 110.681997796909783, -66.211012345123663 ], [ 110.681662567333746, -66.211058720333384 ], [ 110.68132915849344, -66.211071519034448 ], [ 110.680995696102073, -66.211088762472713 ], [ 110.680713053657612, -66.21109267169939 ], [ 110.680266330794481, -66.211116448365814 ], [ 110.679829675528836, -66.211167107659563 ], [ 110.67936035412238, -66.211168392884787 ], [ 110.678314287902225, -66.211206574783773 ], [ 110.676705989203043, -66.211176318440252 ], [ 110.676560972958328, -66.211177871420716 ], [ 110.676272439898312, -66.211177282359159 ], [ 110.675994509946307, -66.211176693297602 ], [ 110.675676845114836, -66.21117599713395 ], [ 110.675299577964168, -66.211175247419249 ], [ 110.675000120489869, -66.211179477952228 ], [ 110.67434417367248, -66.211218516668026 ], [ 110.673832225629852, -66.211293648791866 ], [ 110.673509419897542, -66.211346824984986 ], [ 110.673120264413669, -66.211372904346575 ], [ 110.672820271428861, -66.211376760022205 ], [ 110.672475563316894, -66.211402946485904 ], [ 110.672086086526718, -66.21145596202588 ], [ 110.671896622910097, -66.21150490768602 ], [ 110.671784647663543, -66.211571953601236 ], [ 110.67162870700453, -66.211603013210507 ], [ 110.67108393216796, -66.211637767842277 ], [ 110.671005908287398, -66.211659991528222 ], [ 110.670983309744102, -66.211686874155561 ], [ 110.670994019954193, -66.21171830862221 ], [ 110.671060262603646, -66.211749850190941 ], [ 110.671470463650351, -66.21181352238996 ], [ 110.672025573839676, -66.211837138403226 ], [ 110.672603121919138, -66.211847313102822 ], [ 110.673647260301479, -66.211854006984126 ], [ 110.674123650446589, -66.211953665489077 ], [ 110.674256510602845, -66.211989865999215 ], [ 110.674500435637796, -66.212026227162482 ], [ 110.674950210910808, -66.212121387379199 ], [ 110.675120771006604, -66.212162139728619 ], [ 110.675297543024257, -66.212238771281861 ], [ 110.6754517164986, -66.212364884005751 ], [ 110.675473458225099, -66.212382662954511 ], [ 110.67550499979383, -66.212521788583672 ], [ 110.675459909809319, -66.212571055550114 ], [ 110.675426279749615, -66.21259338633817 ], [ 110.675124466029089, -66.212740812380147 ], [ 110.674990427749719, -66.212794363430632 ], [ 110.674532619819132, -66.21297729381908 ], [ 110.674275949634165, -66.213066456318145 ], [ 110.674208957270011, -66.213093231843374 ], [ 110.674119848322007, -66.213111010792147 ], [ 110.674108656152455, -66.213115455529334 ], [ 110.674019386551294, -66.213146675791762 ], [ 110.673963532805644, -66.213173451317004 ], [ 110.67381808815253, -66.213249440257641 ], [ 110.673672322193113, -66.213356756562817 ], [ 110.673548190858085, -66.213504557462159 ], [ 110.673535338605973, -66.213639077700975 ], [ 110.673524199987469, -66.213643522438161 ], [ 110.673512954266869, -66.213652519014644 ], [ 110.673501654995221, -66.213665906777265 ], [ 110.673501601444158, -66.2136704050655 ], [ 110.673431717323282, -66.213748321843951 ], [ 110.673375756475522, -66.213952726203658 ], [ 110.673319313668316, -66.214019932772004 ], [ 110.673185168286849, -66.214086925136172 ], [ 110.672894921593226, -66.214193973686093 ], [ 110.67218097898818, -66.214416746056102 ], [ 110.671567819460137, -66.214581415536344 ], [ 110.671233714456164, -66.214659814274242 ], [ 110.671188892226908, -66.214670310280141 ], [ 110.670799040579382, -66.214750261998518 ], [ 110.670398264517559, -66.214812167012866 ], [ 110.669541394158756, -66.214918037439674 ], [ 110.669240490806089, -66.214989153234725 ], [ 110.669151167653879, -66.215020373497154 ], [ 110.669016968721365, -66.215087365861308 ], [ 110.668938195126103, -66.215163461904055 ], [ 110.668920737483646, -66.215311423456541 ], [ 110.668968558571734, -66.215392285542777 ], [ 110.669078605980474, -66.215473254731108 ], [ 110.669354715196775, -66.215599474557095 ], [ 110.669498446216267, -66.215653614669137 ], [ 110.669608707829212, -66.215716644255551 ], [ 110.669640945561611, -66.215801951078973 ], [ 110.669632056087224, -66.215819355170382 ], [ 110.66960672644035, -66.215869157647333 ], [ 110.669539091463591, -66.215945253690066 ], [ 110.669371155369262, -66.21603907513051 ], [ 110.669181370446353, -66.216110458680816 ], [ 110.669036354201637, -66.216155013154818 ], [ 110.668445364808505, -66.216315237897859 ], [ 110.667943216608109, -66.216480121582308 ], [ 110.667194358718135, -66.216814976300981 ], [ 110.666792136777957, -66.21698457247787 ], [ 110.666635499955291, -66.217069450892879 ], [ 110.666233224464051, -66.217239047069768 ], [ 110.665991816328471, -66.217345292353926 ], [ 110.665417802618322, -66.217564744558814 ], [ 110.66489252036412, -66.217796834811608 ], [ 110.664579086065643, -66.217971143480938 ], [ 110.664332697682369, -66.218114124785728 ], [ 110.663951628407119, -66.218360031209556 ], [ 110.663302161266841, -66.218735424073444 ], [ 110.663255250546626, -66.218758825882503 ], [ 110.663078424977925, -66.21884707801371 ], [ 110.66279947755595, -66.218936186961713 ], [ 110.662208434611756, -66.21909191341652 ], [ 110.661951710875741, -66.219176577627337 ], [ 110.6616386514346, -66.219323896567218 ], [ 110.661481211346185, -66.219462647339014 ], [ 110.661435371646974, -66.219565679560148 ], [ 110.661478747997862, -66.219646541646384 ], [ 110.661596078349476, -66.219742558679897 ], [ 110.661632600165902, -66.21977249371713 ], [ 110.661749395007007, -66.219847197432557 ], [ 110.661808515366744, -66.21991638538978 ], [ 110.661829239623273, -66.220028574840541 ], [ 110.661805570058959, -66.220136212452019 ], [ 110.661702966246239, -66.220328835580602 ], [ 110.661500543275409, -66.220507856742373 ], [ 110.66131022284199, -66.220610621208252 ], [ 110.661198140493326, -66.22068211186064 ], [ 110.660973118979186, -66.220887962098715 ], [ 110.660893435016064, -66.221031318260856 ], [ 110.660903074205152, -66.221139009423382 ], [ 110.661056712169, -66.221287399384266 ], [ 110.661149034180028, -66.221361139180786 ], [ 110.661166116965134, -66.221413244352902 ], [ 110.661063834458702, -66.221583483142396 ], [ 110.660984364699786, -66.221708899702634 ], [ 110.660915390946769, -66.221879192043176 ], [ 110.660824996773556, -66.221991113738682 ], [ 110.660599975259416, -66.222196963976742 ], [ 110.660341591440826, -66.222402760663755 ], [ 110.65994916934288, -66.222657610113004 ], [ 110.659736625223502, -66.222760321027835 ], [ 110.659501750316082, -66.222871921417038 ], [ 110.659031411439685, -66.223135553238578 ], [ 110.658863100488006, -66.223256310857423 ], [ 110.658471053247411, -66.223479725840036 ], [ 110.658258883985397, -66.223555500576481 ], [ 110.657846326692464, -66.223653284794665 ], [ 110.657534070517087, -66.223733343615137 ], [ 110.657377701449676, -66.22379128585176 ], [ 110.657187595220464, -66.223876110715722 ], [ 110.656712276096357, -66.224014111772817 ], [ 110.656629218417066, -66.224072268213646 ], [ 110.656460264852782, -66.224237848061748 ], [ 110.65635948177578, -66.22429145266328 ], [ 110.656012792274936, -66.224452159365782 ], [ 110.655889731960926, -66.224510208704515 ], [ 110.6556104096816, -66.224617257254422 ], [ 110.655419821492927, -66.224737961322219 ], [ 110.655309559879981, -66.224833710600478 ], [ 110.65521605974584, -66.225006626942502 ], [ 110.655148799626431, -66.225051342069648 ], [ 110.65497020687306, -66.225104786018036 ], [ 110.654457348462572, -66.225220242082884 ], [ 110.653755454843875, -66.225344319866849 ], [ 110.653309695899651, -66.225428555669254 ], [ 110.652629544007453, -66.22558401436882 ], [ 110.65212819907282, -66.225668089518081 ], [ 110.651426840964632, -66.225751789809976 ], [ 110.650826105280288, -66.22579077497474 ], [ 110.650392448873475, -66.225803252369502 ], [ 110.649081572708667, -66.225750986544227 ], [ 110.648581566550305, -66.225740865395693 ], [ 110.648059604461224, -66.225708306356992 ], [ 110.647370991503053, -66.225670820621644 ], [ 110.646693731367577, -66.225650096365115 ], [ 110.646104455608054, -66.225632049661101 ], [ 110.645526800426481, -66.225608326545739 ], [ 110.644649205811149, -66.225574910690227 ], [ 110.64399325899376, -66.225586852574494 ], [ 110.643574971738431, -66.225611914466128 ], [ 110.643292007987668, -66.225657004450625 ], [ 110.643158130361471, -66.225692615899192 ], [ 110.642901299523345, -66.225777226558961 ], [ 110.642711835906724, -66.225812677354384 ], [ 110.642489277740921, -66.225830134996841 ], [ 110.642178092586548, -66.22582938528214 ], [ 110.641910926395681, -66.225855678847921 ], [ 110.641843987582575, -66.225873511347743 ], [ 110.641798897598079, -66.225918226474889 ], [ 110.641775388686909, -66.226007924484449 ], [ 110.641795845188199, -66.226133555248879 ], [ 110.641893093895874, -66.226331158625172 ], [ 110.642244067480746, -66.226663871301838 ], [ 110.642492276599739, -66.226877111584855 ], [ 110.642680240786945, -66.227261501025239 ], [ 110.642821936866525, -66.227459211503628 ], [ 110.642993300228071, -66.227604923911997 ], [ 110.643153953379525, -66.227721932957294 ], [ 110.643327726538345, -66.227850616131605 ], [ 110.643493038631192, -66.227954183863247 ], [ 110.643565975161948, -66.228009609200498 ], [ 110.643646997901328, -66.22807113935751 ], [ 110.643790193410325, -66.228165710512656 ], [ 110.644049273392568, -66.228393248926167 ], [ 110.644195360658287, -66.228597224877461 ], [ 110.644281792053775, -66.228776888651836 ], [ 110.644278311235496, -66.229023598341414 ], [ 110.644242913991121, -66.229167061605665 ], [ 110.644279650011754, -66.229245192588323 ], [ 110.644376416759982, -66.229319842752687 ], [ 110.64451307904082, -66.229402686227786 ], [ 110.644550350571947, -66.229441350086248 ], [ 110.644538033830344, -66.229526549807559 ], [ 110.644481698125233, -66.229580261511202 ], [ 110.644314136888269, -66.229638203747825 ], [ 110.644024265051996, -66.229695878229194 ], [ 110.643690160048024, -66.229739950743749 ], [ 110.643533951633756, -66.229779953378454 ], [ 110.643343684751386, -66.229869222979616 ], [ 110.643264268543518, -66.229985696514419 ], [ 110.643251416291406, -66.230106775439566 ], [ 110.643205255285892, -66.230227800813651 ], [ 110.642991800798654, -66.230384276983173 ], [ 110.642711943008834, -66.230522706448667 ], [ 110.642421107253654, -66.230647641049444 ], [ 110.642197049658421, -66.230768238015145 ], [ 110.642073507384964, -66.230857668269451 ], [ 110.641837240150224, -66.23105446837998 ], [ 110.641769176765052, -66.231153002312865 ], [ 110.641678568387633, -66.23126942229662 ], [ 110.641577571106424, -66.231336468211822 ], [ 110.641387625530356, -66.23140335347388 ], [ 110.641052556607477, -66.231510187819595 ], [ 110.640706777474506, -66.231590139537971 ], [ 110.640293149160556, -66.231750685587329 ], [ 110.640158521819643, -66.231835617553386 ], [ 110.639978161881615, -66.232010140426922 ], [ 110.639864365899328, -66.232193766979037 ], [ 110.639650375901596, -66.232386175903414 ], [ 110.639582633822741, -66.232457773657913 ], [ 110.639481422337326, -66.232538260886798 ], [ 110.639268878217948, -66.232631975225146 ], [ 110.638766408711263, -66.232783364044863 ], [ 110.63833173483448, -66.232858603270785 ], [ 110.638053376474062, -66.232884843285532 ], [ 110.637319298674029, -66.232905567542062 ], [ 110.637112698721253, -66.232892501085743 ], [ 110.636531294966147, -66.232809496957501 ], [ 110.636043391345183, -66.232718674375874 ], [ 110.635713891731555, -66.232685633377727 ], [ 110.635677048608827, -66.232681938355242 ], [ 110.635332501150003, -66.23267213851301 ], [ 110.634998610350237, -66.232698271425647 ], [ 110.63478692304767, -66.232729170381774 ], [ 110.634552583650759, -66.232786951965238 ], [ 110.634072873340514, -66.232902408030085 ], [ 110.633715473629593, -66.233013740664049 ], [ 110.633592573968727, -66.233053796849802 ], [ 110.63342431656811, -66.233156561315681 ], [ 110.63337831621574, -66.233259647087863 ], [ 110.633352933017804, -66.233479367048005 ], [ 110.633204810812174, -66.23372575543128 ], [ 110.633043943456514, -66.233929035218921 ], [ 110.63287814940422, -66.234016537635412 ], [ 110.632766549015003, -66.234043206058544 ], [ 110.632192856611169, -66.234194380674069 ], [ 110.631984864331088, -66.2342746001477 ], [ 110.631782816217608, -66.234408691978103 ], [ 110.631692100738093, -66.234529610250092 ], [ 110.63166800276538, -66.23465513391244 ], [ 110.63168883412402, -66.234753882049532 ], [ 110.631863035691239, -66.235005464884694 ], [ 110.632016834308232, -66.235135968794737 ], [ 110.632159440755672, -66.235266365602655 ], [ 110.632180861175868, -66.235324736247691 ], [ 110.632143375440521, -66.235607218038993 ], [ 110.632175184764506, -66.235714962752567 ], [ 110.632273825799501, -66.235813871542803 ], [ 110.632450276510852, -66.235912994537259 ], [ 110.632759266072142, -66.236075200669177 ], [ 110.632814048796789, -66.23612918012806 ], [ 110.633099690100067, -66.236367589404821 ], [ 110.633298096742109, -66.236489203840463 ], [ 110.63364103766942, -66.236611086031374 ], [ 110.633773844274614, -66.236656283117981 ], [ 110.63393969187797, -66.236721240542209 ], [ 110.634207875538792, -66.236782877801318 ], [ 110.634453889064716, -66.236840873588989 ], [ 110.634624609813656, -66.236879858753753 ], [ 110.634708310105566, -66.236933891763684 ], [ 110.634716075007887, -66.237013789931012 ], [ 110.634858038842722, -66.237190829703906 ], [ 110.634960749757553, -66.237317585040415 ], [ 110.635101214162972, -66.237447981848334 ], [ 110.635241464364185, -66.237590052785265 ], [ 110.635249068613348, -66.237682481898403 ], [ 110.635190055355721, -66.237763076229385 ], [ 110.635075402556637, -66.237847151378645 ], [ 110.634769090547863, -66.23796126866722 ], [ 110.634579359176001, -66.238006572855937 ], [ 110.634294039179025, -66.238052573208307 ], [ 110.633864345549938, -66.238082936653925 ], [ 110.633040730393489, -66.2381303293336 ], [ 110.6322843218054, -66.238146501750848 ], [ 110.631127779768093, -66.23814821538447 ], [ 110.630549374871819, -66.238155819633633 ], [ 110.630286653418139, -66.23817493735865 ], [ 110.630148223952631, -66.238213172808713 ], [ 110.630092048900678, -66.238253443198673 ], [ 110.629945908083911, -66.238360759503834 ], [ 110.629834414796804, -66.238378431350498 ], [ 110.629367396085527, -66.238377306778432 ], [ 110.62851154319668, -66.238348335660135 ], [ 110.627544089918644, -66.238346032964955 ], [ 110.626520675792833, -66.238366007506784 ], [ 110.625763999449489, -66.238400065974901 ], [ 110.625218903306617, -66.238412222063346 ], [ 110.624940652048295, -66.238429465501611 ], [ 110.624632894161167, -66.238485265696212 ], [ 110.624344950162708, -66.238553650387686 ], [ 110.623646216056002, -66.238726888035998 ], [ 110.623177751466358, -66.238819959761742 ], [ 110.622676513633834, -66.238874367629037 ], [ 110.622063782514189, -66.238947304159794 ], [ 110.621918819820536, -66.23897386548083 ], [ 110.621673341805106, -66.239027095225012 ], [ 110.621561473660648, -66.239071703250062 ], [ 110.621482646514337, -66.239138802716326 ], [ 110.621425293339271, -66.239255276251129 ], [ 110.621423740358807, -66.239358469125406 ], [ 110.621528164907247, -66.239513017457114 ], [ 110.621587231715935, -66.239578617493947 ], [ 110.621715540032895, -66.23977456078768 ], [ 110.62187822812426, -66.239899656041601 ], [ 110.622322648292226, -66.240226371000603 ], [ 110.622576426720471, -66.240361587403072 ], [ 110.622803376072426, -66.240507460464599 ], [ 110.622961565875556, -66.240636143638909 ], [ 110.623015866640742, -66.240726002301628 ], [ 110.623003764103345, -66.240788764132787 ], [ 110.622958352812532, -66.240851418861865 ], [ 110.622846163361757, -66.240918464777067 ], [ 110.622644811411945, -66.240994239513498 ], [ 110.622443994972627, -66.241038579783293 ], [ 110.622265830627668, -66.241051592688564 ], [ 110.620931499102753, -66.241034884760822 ], [ 110.620675632183534, -66.241038740436451 ], [ 110.62043101098493, -66.241033706637708 ], [ 110.62025327504837, -66.241019783364578 ], [ 110.620097977001961, -66.240992472328827 ], [ 110.620020327978764, -66.240978870362014 ], [ 110.620009296462371, -66.240974318522717 ], [ 110.61990953085531, -66.240951666428373 ], [ 110.619610394687314, -66.240874660017766 ], [ 110.6194443864308, -66.240820412803629 ], [ 110.619312008234004, -66.24074833308967 ], [ 110.619197087679666, -66.240700512001595 ], [ 110.619012979168104, -66.240666881941891 ], [ 110.618668485260343, -66.240648085523162 ], [ 110.618468472086789, -66.240638606987233 ], [ 110.618401801028924, -66.24063394804584 ], [ 110.618123871076918, -66.240624308856752 ], [ 110.617979390342711, -66.240619489262215 ], [ 110.617756885727943, -66.240623398488893 ], [ 110.617578828485094, -66.240631913105915 ], [ 110.616977557290255, -66.240679787745051 ], [ 110.616688274515539, -66.240688034606833 ], [ 110.616321610472866, -66.24066473989987 ], [ 110.61568820864774, -66.240627254164536 ], [ 110.615265583757321, -66.240630681431767 ], [ 110.614876106967159, -66.240643212377577 ], [ 110.614475545109528, -66.240655636221291 ], [ 110.614459158488089, -66.240655582670229 ], [ 110.614306537994196, -66.240692265139813 ], [ 110.614092440894368, -66.240771467143489 ], [ 110.613969112825103, -66.240881568103276 ], [ 110.613921291737014, -66.241022514468156 ], [ 110.613964828741061, -66.241116924970157 ], [ 110.614056882996849, -66.241125600240338 ], [ 110.614429384104014, -66.241202820855136 ], [ 110.614655315985999, -66.241266171747853 ], [ 110.614943206433409, -66.241347622895645 ], [ 110.615053735801609, -66.241392766431204 ], [ 110.615186274651563, -66.241455903119729 ], [ 110.615284915686544, -66.24155031362173 ], [ 110.615306657413043, -66.241581801639413 ], [ 110.615293858711979, -66.241693883988077 ], [ 110.61522584887787, -66.241778976607293 ], [ 110.614923071238422, -66.241939683309795 ], [ 110.614609744042042, -66.242064510808476 ], [ 110.61441963781283, -66.242131342519485 ], [ 110.614218446516162, -66.242198120679433 ], [ 110.61417378494005, -66.242208777338476 ], [ 110.613726740770616, -66.242349402397053 ], [ 110.613424605743774, -66.242469785158534 ], [ 110.613233214289352, -66.242621816590869 ], [ 110.613108279688575, -66.242787449990004 ], [ 110.612882776214974, -66.242988748388782 ], [ 110.612669535931957, -66.243113843642718 ], [ 110.612490193463884, -66.243203113243879 ], [ 110.612277756446616, -66.243274336141013 ], [ 110.611987616855089, -66.243336401808534 ], [ 110.611931656007329, -66.243358679045528 ], [ 110.611686285094009, -66.243402965764275 ], [ 110.611140921195883, -66.243424011327122 ], [ 110.610495577486489, -66.243440344397513 ], [ 110.609872296809911, -66.243465674044387 ], [ 110.609371166079484, -66.243504766311247 ], [ 110.609036953973401, -66.243540752617179 ], [ 110.608613740021426, -66.243574650432123 ], [ 110.608391128304575, -66.243583057947063 ], [ 110.608357766000111, -66.243583004396001 ], [ 110.608246272713004, -66.243600622691616 ], [ 110.607990245140641, -66.243613474943729 ], [ 110.607389509456311, -66.243620918539747 ], [ 110.60685512352353, -66.243650960679076 ], [ 110.606270988664846, -66.243735624889894 ], [ 110.606041147556169, -66.243779001240782 ], [ 110.6057954017855, -66.243845618747585 ], [ 110.60550504798978, -66.243921179279809 ], [ 110.60527006598025, -66.244010288227827 ], [ 110.605124514225039, -66.244072728752684 ], [ 110.605001293257871, -66.244126226252121 ], [ 110.604956417477567, -66.244153001777363 ], [ 110.604855313094248, -66.244215549404316 ], [ 110.604709118726433, -66.244318367421258 ], [ 110.604474350921109, -66.244394035055592 ], [ 110.604317928302635, -66.244438482427483 ], [ 110.604194921539673, -66.244478538613251 ], [ 110.602753595015898, -66.244887561536842 ], [ 110.60251904141478, -66.244949734306459 ], [ 110.602396088202866, -66.244985292203978 ], [ 110.601878088891524, -66.245105085903916 ], [ 110.60152561587725, -66.245164313365748 ], [ 110.601091370408867, -66.245192802524613 ], [ 110.600824364871158, -66.245196604649195 ], [ 110.600479763861287, -66.245182252967666 ], [ 110.600146140816776, -66.245176897862621 ], [ 110.599878867523799, -66.245194141300871 ], [ 110.599209800699057, -66.245300118829789 ], [ 110.598752796034219, -66.245357204249601 ], [ 110.598273781887642, -66.245400848355743 ], [ 110.597817741141725, -66.245399670232629 ], [ 110.597228733137442, -66.245366736336578 ], [ 110.597106636742339, -66.245348475428372 ], [ 110.596874010979036, -66.245289569272842 ], [ 110.596619697040282, -66.24519467681138 ], [ 110.59652057404584, -66.245131647224952 ], [ 110.596476929939698, -66.245077721317116 ], [ 110.596456580540519, -66.244961033578107 ], [ 110.596491710029625, -66.244848951229443 ], [ 110.596775477046151, -66.244495353643103 ], [ 110.5967987717531, -66.244428093523695 ], [ 110.59672695979441, -66.244329238284507 ], [ 110.596679352910527, -66.244243877910037 ], [ 110.596713786235995, -66.244176671341677 ], [ 110.59689382486772, -66.244047077799507 ], [ 110.596994500842627, -66.244011412799878 ], [ 110.59715081635899, -66.243975962004455 ], [ 110.597617942172363, -66.243977193678617 ], [ 110.597974377964391, -66.243946669579842 ], [ 110.598175140852646, -66.243911325886529 ], [ 110.598365032877666, -66.243862487328485 ], [ 110.598688641875739, -66.24379603047484 ], [ 110.598945258509659, -66.24374735256994 ], [ 110.599190843627184, -66.243689678088572 ], [ 110.599381003407458, -66.243622846377562 ], [ 110.599571323840877, -66.24354712519218 ], [ 110.599716822045039, -66.243489182955557 ], [ 110.599941200946574, -66.243368639540918 ], [ 110.600154762535894, -66.243225658236128 ], [ 110.600188660350852, -66.243194330871589 ], [ 110.600380640866845, -66.24301091852368 ], [ 110.6004483829457, -66.242948263794617 ], [ 110.600505414814464, -66.242858726438214 ], [ 110.600550826105277, -66.242800516446323 ], [ 110.600646039873041, -66.242685917198287 ], [ 110.600799463632683, -66.242549951081116 ], [ 110.600856120644096, -66.242482798063804 ], [ 110.600868223181493, -66.242420036232645 ], [ 110.600824418422206, -66.242379551638479 ], [ 110.600747090705312, -66.242343458230451 ], [ 110.600402971654887, -66.24230222392157 ], [ 110.600148336409845, -66.242229769350274 ], [ 110.599982810112792, -66.24214414122055 ], [ 110.5999282951434, -66.242076720447983 ], [ 110.599691867255515, -66.241836543986565 ], [ 110.599588460177031, -66.241763607455809 ], [ 110.599400710194033, -66.241680603327552 ], [ 110.599334253340388, -66.24166250307249 ], [ 110.599207979963339, -66.241630747299553 ], [ 110.599079350340077, -66.241607988103098 ], [ 110.598779518008413, -66.241575803921762 ], [ 110.598479525023606, -66.241557114605143 ], [ 110.597912205194774, -66.24156461175221 ], [ 110.597534134778357, -66.241559149545054 ], [ 110.597211864556542, -66.241544851414574 ], [ 110.596889433681582, -66.241535051572342 ], [ 110.596726745590203, -66.241556150686222 ], [ 110.596655362039911, -66.241570341714606 ], [ 110.59655008067466, -66.241614896188608 ], [ 110.596531552011186, -66.241659718417864 ], [ 110.59657514256628, -66.241718142613948 ], [ 110.596597152048034, -66.241731637478665 ], [ 110.596662591431723, -66.241812553115949 ], [ 110.59668363699457, -66.241888863362888 ], [ 110.596621892633351, -66.241993662768692 ], [ 110.596475323408185, -66.242117097940053 ], [ 110.596412454474915, -66.242152816490716 ], [ 110.596054733457677, -66.242266719575099 ], [ 110.595629752321031, -66.242410986105114 ], [ 110.595416672691158, -66.242522532943269 ], [ 110.595332811746104, -66.24261833577259 ], [ 110.595289863803615, -66.242800355793179 ], [ 110.59520166522347, -66.242890696415344 ], [ 110.595009095645921, -66.242970059072164 ], [ 110.594841427306861, -66.243018951181256 ], [ 110.594707710333793, -66.243036569476857 ], [ 110.594629472249039, -66.243058793162817 ], [ 110.594561890823329, -66.243112451315397 ], [ 110.594458805051147, -66.243160593709788 ], [ 110.594382976763669, -66.243170286449924 ], [ 110.594238496029462, -66.243165413304325 ], [ 110.594071952262453, -66.243147045294009 ], [ 110.593772548339189, -66.243087924934287 ], [ 110.593406794664389, -66.243010757870536 ], [ 110.593206995695027, -66.242983286181641 ], [ 110.593062782716075, -66.242960473434124 ], [ 110.592763057486522, -66.242923844515587 ], [ 110.592663131226317, -66.242914580183864 ], [ 110.592496480357212, -66.242900710461782 ], [ 110.592429916401457, -66.242891553232155 ], [ 110.591985978192938, -66.242832058015068 ], [ 110.591808349358487, -66.242809191716503 ], [ 110.591730646784228, -66.242799980935828 ], [ 110.591564103017234, -66.242781612925512 ], [ 110.59153084781488, -66.242777061086215 ], [ 110.591419836487219, -66.242763298466244 ], [ 110.591286601473612, -66.242749482295224 ], [ 110.590309294802282, -66.24265721383523 ], [ 110.589831405227756, -66.242633490719868 ], [ 110.589364440067541, -66.242623316020286 ], [ 110.589331291967284, -66.242609767604506 ], [ 110.589331720375696, -66.24258283142612 ], [ 110.589714556835602, -66.242296761714428 ], [ 110.589772070663827, -66.242180288179625 ], [ 110.589750436039424, -66.242139857136507 ], [ 110.589662505214534, -66.242076827550079 ], [ 110.589518506439788, -66.242040573488907 ], [ 110.588830428992111, -66.24194900119258 ], [ 110.588663885225102, -66.241930633182264 ], [ 110.588475278425292, -66.241903215044417 ], [ 110.588342257615892, -66.241875957559728 ], [ 110.588165592700349, -66.241794720616141 ], [ 110.588111077730957, -66.241727299843575 ], [ 110.588100849480313, -66.241673427486788 ], [ 110.588157613593822, -66.241601829732289 ], [ 110.588303807961651, -66.241503510003611 ], [ 110.588561602718684, -66.241383127242116 ], [ 110.588864648113372, -66.241213423963131 ], [ 110.589088919912797, -66.241101877124976 ], [ 110.589256641802919, -66.241044041990449 ], [ 110.589435181005229, -66.241008591195026 ], [ 110.58977019637706, -66.240924248290511 ], [ 110.590005553243941, -66.240812755003404 ], [ 110.590163100434467, -66.24070104751209 ], [ 110.590276039599928, -66.24059367765588 ], [ 110.590333714081297, -66.240468207544595 ], [ 110.590302279614662, -66.240347021517351 ], [ 110.590305439126652, -66.240154130633499 ], [ 110.590384801783458, -66.240060148539897 ], [ 110.59046330762348, -66.240019985252047 ], [ 110.590552791428834, -66.239988818540667 ], [ 110.59072019201264, -66.239953367745244 ], [ 110.590965241619656, -66.239927127730496 ], [ 110.59119925971028, -66.239900780613667 ], [ 110.592012432411877, -66.239817722934362 ], [ 110.592368439795493, -66.239809690276786 ], [ 110.59281371678027, -66.239783932221513 ], [ 110.592969978745586, -66.239748481426091 ], [ 110.593059676755146, -66.239703819849979 ], [ 110.59311670862391, -66.239614282493577 ], [ 110.593051162138124, -66.239542309881728 ], [ 110.592929601253516, -66.23949266805792 ], [ 110.592752561480623, -66.239438367292735 ], [ 110.592530860131617, -66.239392956001922 ], [ 110.592208857665057, -66.239360664718475 ], [ 110.591775522564532, -66.239337102256258 ], [ 110.59151960209428, -66.239345402669088 ], [ 110.59100808246005, -66.23934406389283 ], [ 110.590619676690892, -66.23929372590537 ], [ 110.590304850065095, -66.239230053706351 ], [ 110.589777318666776, -66.239116525479318 ], [ 110.589533393631811, -66.239071060637457 ], [ 110.589178832126564, -66.238993840022658 ], [ 110.588757599563451, -66.238907515729281 ], [ 110.587933181141253, -66.238725870566043 ], [ 110.58707465069989, -66.238454473842182 ], [ 110.586742473533732, -66.238368363753011 ], [ 110.586642815028782, -66.238341159819356 ], [ 110.586066391521371, -66.238227470939179 ], [ 110.585900115509617, -66.238195661615194 ], [ 110.585423296956108, -66.238113621405859 ], [ 110.585279191079252, -66.238086310370107 ], [ 110.58490213813279, -66.238022531068978 ], [ 110.583604221322204, -66.237830657655095 ], [ 110.582994167755089, -66.237734801274726 ], [ 110.582561368165074, -66.237682481898403 ], [ 110.582417155186121, -66.237658758783041 ], [ 110.581330390167594, -66.237479095008666 ], [ 110.581175199223296, -66.237447285684681 ], [ 110.581042071311785, -66.237428971225413 ], [ 110.580764837523432, -66.237383399281455 ], [ 110.580073493461683, -66.237229011602906 ], [ 110.579801347023121, -66.237143918983691 ], [ 110.579724072857275, -66.237111413496038 ], [ 110.579547622145924, -66.237021233527031 ], [ 110.579482129211186, -66.236949260915182 ], [ 110.579439127717649, -66.236859455803511 ], [ 110.579395697815713, -66.236796533319193 ], [ 110.579341397050513, -66.236720115970158 ], [ 110.579238150625187, -66.236643591519012 ], [ 110.579043599658775, -66.236571297600861 ], [ 110.578866292130613, -66.236534936437579 ], [ 110.578600036307606, -66.236498307519042 ], [ 110.57840709187272, -66.236465480725101 ], [ 110.577956781089199, -66.236397899299391 ], [ 110.577523874397087, -66.236351845395973 ], [ 110.576924102631665, -66.236309861372391 ], [ 110.575629559537248, -66.236270554901338 ], [ 110.575623722472756, -66.236274892536429 ], [ 110.575556301700189, -66.236315055824292 ], [ 110.575534024463195, -66.236319500561478 ], [ 110.575500447954539, -66.2363328883241 ], [ 110.575188191779162, -66.236385850313027 ], [ 110.574965365858105, -66.236412143878823 ], [ 110.574865118291598, -66.236420819149004 ], [ 110.574564214938917, -66.23646039337531 ], [ 110.574274343102658, -66.236504465889851 ], [ 110.574006587850235, -66.236557534980889 ], [ 110.573872174713514, -66.236615477217512 ], [ 110.573815999661562, -66.236651249319237 ], [ 110.573759074894895, -66.23672734536197 ], [ 110.573758271629131, -66.236776665879461 ], [ 110.573757575465478, -66.236817043371531 ], [ 110.573767964369267, -66.236861919151835 ], [ 110.573778299722022, -66.236906794932139 ], [ 110.5737435986413, -66.236987442814169 ], [ 110.573687477140396, -66.237018716627659 ], [ 110.573631569843684, -66.237036495576419 ], [ 110.573531161624032, -66.237054167423082 ], [ 110.573497424462232, -66.237076498211124 ], [ 110.573452280926674, -66.237116768601084 ], [ 110.573451959620371, -66.237134708203001 ], [ 110.57342861136236, -66.237201914771362 ], [ 110.573518095167714, -66.237261570641607 ], [ 110.573639548950212, -66.237315014589981 ], [ 110.573798381365947, -66.237364656413774 ], [ 110.574004606461358, -66.237399411045544 ], [ 110.574173345821436, -66.237430202899574 ], [ 110.574378821202146, -66.237499069550495 ], [ 110.574537064556324, -66.237597978340744 ], [ 110.574582957806598, -66.237658758783041 ], [ 110.574600415449055, -66.237730838496987 ], [ 110.57461792664256, -66.23781432458469 ], [ 110.574531977206533, -66.237897542917153 ], [ 110.574390120473794, -66.237950183599779 ], [ 110.574354134167876, -66.237972621489931 ], [ 110.572509139825542, -66.237882387969861 ], [ 110.572531095756233, -66.237827551694167 ], [ 110.572513209705377, -66.237778231176677 ], [ 110.572429402311371, -66.237724894330398 ], [ 110.572374244729374, -66.237660311763506 ], [ 110.572328940540658, -66.237561617177462 ], [ 110.572273622305516, -66.237493286037051 ], [ 110.572208611330225, -66.23744375131534 ], [ 110.572069485701064, -66.237333436151346 ], [ 110.571939356648386, -66.237257179455469 ], [ 110.571817742212744, -66.237215248982935 ], [ 110.571705552761969, -66.23717026610052 ], [ 110.571505753792621, -66.237147292699859 ], [ 110.57145032845537, -66.237138135470232 ], [ 110.571350295093069, -66.237133369426743 ], [ 110.571250315281816, -66.23712860338324 ], [ 110.571128004682507, -66.237128282076952 ], [ 110.571105780996547, -66.23712822852589 ], [ 110.570894468551344, -66.237127639464347 ], [ 110.570794488740091, -66.237122873420844 ], [ 110.570650222210091, -66.237104505410528 ], [ 110.570561595221534, -66.237086351604418 ], [ 110.570417596446774, -66.237054542280433 ], [ 110.570229150300122, -66.237018127566103 ], [ 110.570206980165224, -66.237013575726806 ], [ 110.57009618304177, -66.236990870081399 ], [ 110.569929853478968, -66.236963451943552 ], [ 110.569762988405657, -66.236967521823388 ], [ 110.569573738993256, -66.236980427626563 ], [ 110.569484897800493, -66.236971216845873 ], [ 110.569340363515238, -66.236970788437475 ], [ 110.569173123584577, -66.236997242656415 ], [ 110.568783004181796, -66.237049990441136 ], [ 110.568683024370543, -66.237045224397647 ], [ 110.568627813237498, -66.237022679405385 ], [ 110.568517926481903, -66.236946101403191 ], [ 110.56831914498251, -66.236864810908571 ], [ 110.56823110705551, -66.236810724347578 ], [ 110.568120363483104, -66.236783520413923 ], [ 110.567843022592655, -66.236746837944338 ], [ 110.567754020746747, -66.236746623740146 ], [ 110.567642795214894, -66.236750800722078 ], [ 110.567542226342084, -66.236777415594176 ], [ 110.567408188062714, -66.236812919940647 ], [ 110.567363526486616, -66.23682357659969 ], [ 110.567150982367252, -66.236897423498306 ], [ 110.56697201475653, -66.236959756921067 ], [ 110.566916161010866, -66.236973037581592 ], [ 110.56682673075656, -66.236999706004724 ], [ 110.566682035818161, -66.237008274172808 ], [ 110.566626396276703, -66.237012611807899 ], [ 110.566437361068495, -66.23701207629739 ], [ 110.566281902368942, -66.236998206575322 ], [ 110.566204574652033, -66.236966557904481 ], [ 110.566193703788784, -66.236953063039763 ], [ 110.566061218489892, -66.236898869376674 ], [ 110.565839570691935, -66.236853404534813 ], [ 110.565751318560743, -66.236812759287488 ], [ 110.565740340595397, -66.23680376271102 ], [ 110.56571843821574, -66.236785769558054 ], [ 110.565719348583599, -66.236731950752315 ], [ 110.565730915610501, -66.236705068124962 ], [ 110.565675865130615, -66.236673526556231 ], [ 110.565565014456112, -66.236655265648011 ], [ 110.565409073797099, -66.236668278553282 ], [ 110.565263950450287, -66.236703782899752 ], [ 110.565151653897416, -66.236766223424624 ], [ 110.56509253353768, -66.236816989820483 ], [ 110.559650889991687, -66.235154979417658 ], [ 110.549675453858541, -66.232244747579088 ], [ 110.545480960727261, -66.230972106864328 ], [ 110.542440760489171, -66.229785362034562 ], [ 110.539449934319634, -66.228114087299986 ], [ 110.538251568911903, -66.226060136758676 ], [ 110.537867018818375, -66.224562795836079 ], [ 110.5383123493542, -66.222735473340407 ], [ 110.539583222884289, -66.220799709967508 ], [ 110.542370876368295, -66.218480574624195 ], [ 110.54459602961802, -66.216880094378368 ], [ 110.547093382857341, -66.215391214521759 ], [ 110.549710797551853, -66.214324316942964 ], [ 110.552839357023245, -66.213075667098821 ], [ 110.558121953949311, -66.21207742196674 ], [ 110.564668409217845, -66.211204004333354 ], [ 110.609552811242722, -66.207322356439008 ], [ 110.645923988567915, -66.204075395594998 ], [ 110.684028345642048, -66.200839948226843 ], [ 110.683831973939917, -66.201016077631891 ], [ 110.683682405855919, -66.20148036523959 ], [ 110.683868977715804, -66.20188724612116 ], [ 110.683961192624736, -66.202177760570038 ], [ 110.684246780376967, -66.202333219269605 ], [ 110.68472258146052, -66.202605205055008 ], [ 110.68510183000005, -66.202935025974938 ], [ 110.685002867658753, -66.203186501708018 ], [ 110.684711014433617, -66.2035343157809 ], [ 110.684371179467249, -66.203882076302747 ], [ 110.684125326594469, -66.204384867115749 ], [ 110.684168381639054, -66.204772148312856 ], [ 110.68459464800091, -66.205179511153887 ], [ 110.685356625898251, -66.205568184678299 ], [ 110.686119085755053, -66.205918194344264 ], [ 110.686403066975757, -66.20620913720154 ], [ 110.68658851426359, -66.206712784831339 ], [ 110.686870567646494, -66.207158597326625 ], [ 110.686961872187567, -66.207526546594494 ], [ 110.686956409980411, -66.207971770028223 ], [ 110.686880528141884, -66.20829104139122 ] ], [ [ 110.573997912580055, -66.213339245369312 ], [ 110.574064637188954, -66.21333496128527 ], [ 110.57435391996367, -66.213308828372632 ], [ 110.57456592857254, -66.21325559862845 ], [ 110.574700181056102, -66.213199423576498 ], [ 110.574756891618563, -66.213130503374515 ], [ 110.574792395965034, -66.213000534974995 ], [ 110.574760854396303, -66.212892790261421 ], [ 110.574684008638854, -66.21283875725149 ], [ 110.574595595854504, -66.212811606868883 ], [ 110.5742629367289, -66.212774817297202 ], [ 110.57400723046284, -66.212787562447218 ], [ 110.573806521125618, -66.21282917161345 ], [ 110.573705738048616, -66.212876457191015 ], [ 110.573654114835946, -66.212907677453458 ], [ 110.573581124754128, -66.213019652700012 ], [ 110.573590603290071, -66.213118347286056 ], [ 110.573674839092476, -66.213260311120891 ], [ 110.573751845503082, -66.213304490737542 ], [ 110.573866926710565, -66.213331748222231 ], [ 110.573997912580055, -66.213339245369312 ] ], [ [ 110.569285366586399, -66.213460806253906 ], [ 110.569485647515208, -66.213443455713545 ], [ 110.569708526987313, -66.213403667283046 ], [ 110.569835550079063, -66.213382514618104 ], [ 110.569898579665491, -66.213332444385898 ], [ 110.569866181279949, -66.213278518478063 ], [ 110.569867252300952, -66.213215703095841 ], [ 110.569812844433656, -66.213148282323289 ], [ 110.569691551304317, -66.213094142211247 ], [ 110.569581021936116, -66.213062439989358 ], [ 110.569370352103519, -66.213039413037649 ], [ 110.569247987953162, -66.213048034756781 ], [ 110.569124927639137, -66.213097033967969 ], [ 110.569056917805028, -66.213177574747903 ], [ 110.569010007084799, -66.213320984461092 ], [ 110.569064200747889, -66.213401900098376 ], [ 110.56918554742829, -66.213451595473231 ], [ 110.569285366586399, -66.213460806253906 ] ], [ [ 110.579810343599604, -66.215216745199285 ], [ 110.58012865104368, -66.215183489996932 ], [ 110.580389712414799, -66.215119603593706 ], [ 110.580619874829779, -66.215041258406842 ], [ 110.580713964025477, -66.214994883197122 ], [ 110.580781973859587, -66.214914342417202 ], [ 110.580760767643596, -66.214851473483932 ], [ 110.580668713387823, -66.214776769768505 ], [ 110.580551757893559, -66.214725307208994 ], [ 110.580508006685307, -66.214684822614828 ], [ 110.580508756400022, -66.214639946834524 ], [ 110.580599953838998, -66.214501142511665 ], [ 110.580765747891292, -66.214417228015549 ], [ 110.58088066844563, -66.214320675471527 ], [ 110.580940163662717, -66.214215876065737 ], [ 110.580939735254319, -66.21410909527107 ], [ 110.580881471711393, -66.214003974558963 ], [ 110.580765319482893, -66.213907689770195 ], [ 110.580600060941094, -66.213823775274079 ], [ 110.580424252842363, -66.213706659126672 ], [ 110.580247748579964, -66.213629920471334 ], [ 110.579948933718256, -66.213561857086177 ], [ 110.579671860583048, -66.213520729879406 ], [ 110.579161893929296, -66.213456522169864 ], [ 110.578718812537588, -66.213379087350859 ], [ 110.578419783471688, -66.213324465279371 ], [ 110.577965135053077, -66.21327385953667 ], [ 110.577520768436159, -66.213272627862509 ], [ 110.577187198942681, -66.213289710647615 ], [ 110.576808807219962, -66.213329017118667 ], [ 110.57666368387315, -66.213369019753372 ], [ 110.576518025015844, -66.213444848040865 ], [ 110.576514597748613, -66.213516606448508 ], [ 110.57659353199702, -66.213579636034922 ], [ 110.576592835833367, -66.213620013526992 ], [ 110.5765141693402, -66.213673618128524 ], [ 110.576346286796934, -66.213749446416017 ], [ 110.576177654538967, -66.213865598644517 ], [ 110.576064179862982, -66.214008847704562 ], [ 110.576020749961046, -66.214213252064255 ], [ 110.57606819619177, -66.214430508676074 ], [ 110.57614359607085, -66.214574239695565 ], [ 110.576319297067485, -66.214695854131222 ], [ 110.57659519207958, -66.214806062193119 ], [ 110.576856414103844, -66.214865075450746 ], [ 110.577514663616398, -66.214968268325038 ], [ 110.577791415445304, -66.215027335133726 ], [ 110.578318946843623, -66.215106804892642 ], [ 110.578578401683217, -66.215137114787211 ], [ 110.57885601032892, -66.215146861078395 ], [ 110.57906710856993, -66.215147396588904 ], [ 110.579543712919246, -66.215215995484584 ], [ 110.579810343599604, -66.215216745199285 ] ], [ [ 110.563313406987447, -66.21574529406756 ], [ 110.563635891413469, -66.215728264833501 ], [ 110.56403661392423, -66.215684567176311 ], [ 110.564433587861473, -66.215600438476002 ], [ 110.564605968692987, -66.215526484475276 ], [ 110.564998497893029, -66.215314957825868 ], [ 110.565252436974433, -66.215149699284069 ], [ 110.565324784443632, -66.215078101529571 ], [ 110.565326872934605, -66.214957022604437 ], [ 110.565152082305829, -66.214781535811994 ], [ 110.565153260428929, -66.214714275692586 ], [ 110.565231980473143, -66.214660671091053 ], [ 110.565585203202133, -66.214533380244049 ], [ 110.565723953973944, -66.214478115559956 ], [ 110.565780343230102, -66.21442895569561 ], [ 110.565770382734712, -66.214361642025153 ], [ 110.565694018936725, -66.214280672836821 ], [ 110.565561854944121, -66.214213037860048 ], [ 110.565428941236831, -66.214190225112546 ], [ 110.565195565758813, -66.214194027237141 ], [ 110.564783972384788, -66.214224283580663 ], [ 110.564539297635136, -66.214237082281727 ], [ 110.564383464078219, -66.214254593475232 ], [ 110.564138307369106, -66.214298719540835 ], [ 110.563938294195552, -66.214298184030326 ], [ 110.563616987892644, -66.214247953144977 ], [ 110.563361710034982, -66.214233762116592 ], [ 110.562939245797722, -66.214250523595396 ], [ 110.562349488078738, -66.214302682318561 ], [ 110.562160720625769, -66.214297648519818 ], [ 110.561850338737173, -66.214256414210951 ], [ 110.561662267447872, -66.214211002920138 ], [ 110.561386158231571, -66.214116056907628 ], [ 110.561031918032626, -66.21404328103003 ], [ 110.560865374265617, -66.214038300782335 ], [ 110.560709594259762, -66.214051313687591 ], [ 110.560586855252041, -66.214082373296876 ], [ 110.560468025471025, -66.214144813821747 ], [ 110.560440500231067, -66.214194080788189 ], [ 110.56045613713782, -66.214315266815433 ], [ 110.560514186476539, -66.214427563368304 ], [ 110.56066761023618, -66.214550891437568 ], [ 110.560785476098289, -66.214672345220066 ], [ 110.560842240211798, -66.214729055782527 ], [ 110.56096369399431, -66.214774252869134 ], [ 110.560985060863445, -66.214823626937687 ], [ 110.56101815541264, -66.214964573302552 ], [ 110.561118028121797, -66.215100325215531 ], [ 110.561278038660646, -66.215225527571562 ], [ 110.561493849394097, -66.215337342164972 ], [ 110.56175892709399, -66.215429610624952 ], [ 110.56190715640173, -66.215467738972904 ], [ 110.562150920783537, -66.215504314340379 ], [ 110.562548001822876, -66.215671393617896 ], [ 110.562791605551524, -66.215721410299039 ], [ 110.562946850046885, -66.21573977830937 ], [ 110.563313406987447, -66.21574529406756 ] ], [ [ 110.566426811511548, -66.214955576726069 ], [ 110.566526844873849, -66.214951399744137 ], [ 110.566671646914358, -66.214929336711336 ], [ 110.566861431837282, -66.214876053416106 ], [ 110.566969337204, -66.214804616314751 ], [ 110.566985991580708, -66.214741854483592 ], [ 110.566898221408962, -66.214674326608929 ], [ 110.566787692040762, -66.214642570835991 ], [ 110.566721020982911, -66.214642410182847 ], [ 110.566298717398794, -66.214650175085154 ], [ 110.566120017543327, -66.214703511931447 ], [ 110.566075034660912, -66.214734785744923 ], [ 110.566051739953963, -66.214797547576097 ], [ 110.566105826514942, -66.214882907950567 ], [ 110.566227226746392, -66.214932603325408 ], [ 110.566426811511548, -66.214955576726069 ] ], [ [ 110.574034434396481, -66.215129189231732 ], [ 110.574245853943793, -66.215107340403137 ], [ 110.574353063146859, -66.215076227242804 ], [ 110.574431568986867, -66.215031619217754 ], [ 110.574481799872231, -66.214950971335725 ], [ 110.574471678723683, -66.214892654241751 ], [ 110.574417431509545, -66.214816236892716 ], [ 110.574307598304998, -66.214739658890522 ], [ 110.574163706632348, -66.214707903117585 ], [ 110.57395255484029, -66.214711812344262 ], [ 110.573729782470281, -66.214747048935493 ], [ 110.573595529986719, -66.214800546434915 ], [ 110.573572556586058, -66.214845315113124 ], [ 110.573571753320294, -66.214894635630628 ], [ 110.573657595654225, -66.215074299404989 ], [ 110.573823603910725, -66.215110660568271 ], [ 110.574034434396481, -66.215129189231732 ] ], [ [ 110.587228663521074, -66.215425058785669 ], [ 110.587417912933489, -66.215403102854964 ], [ 110.587473820230201, -66.21538082561797 ], [ 110.587564160852367, -66.215291341812602 ], [ 110.587509699434023, -66.21522392104005 ], [ 110.587410148031168, -66.215196770657457 ], [ 110.587254528678457, -66.215200840537292 ], [ 110.587080701968588, -66.215233560229137 ], [ 110.586819426393276, -66.215311798313891 ], [ 110.586765339832283, -66.215359190993567 ], [ 110.586800148015101, -66.215404173875982 ], [ 110.586906500401369, -66.215424201968858 ], [ 110.587228663521074, -66.215425058785669 ] ], [ [ 110.584148621301424, -66.215574733971778 ], [ 110.584359719542434, -66.215574359114413 ], [ 110.584515713752495, -66.215547904895473 ], [ 110.584594219592503, -66.215503243319375 ], [ 110.58463914892387, -66.215471969505899 ], [ 110.584640487700128, -66.215391214521759 ], [ 110.584531029352931, -66.215292252180461 ], [ 110.584431692154283, -66.215251606933151 ], [ 110.584309756412338, -66.215233346024931 ], [ 110.58416532922918, -66.215232917616532 ], [ 110.583998303502725, -66.215254927098272 ], [ 110.583886756664569, -66.21528154197037 ], [ 110.58375218287469, -66.215357423808911 ], [ 110.58375191511945, -66.215375363410814 ], [ 110.583971313773276, -66.215546405466057 ], [ 110.584148621301424, -66.215574733971778 ] ], [ [ 110.602648313650647, -66.215775122002682 ], [ 110.602246787874108, -66.21580521769306 ], [ 110.60188355109868, -66.215855876986808 ], [ 110.601664795057445, -66.215942790341742 ], [ 110.601319551434983, -66.215993449635505 ], [ 110.601046655281706, -66.216037629252156 ], [ 110.600971790913135, -66.216160796668277 ], [ 110.600590132576329, -66.216233840301129 ], [ 110.600553878515157, -66.216240480631384 ], [ 110.600207028361169, -66.216394332799425 ], [ 110.60000637257501, -66.216436423925103 ], [ 110.59991410411503, -66.216561786934292 ], [ 110.599912176277201, -66.216685115003557 ], [ 110.599964763408778, -66.216781721098627 ], [ 110.600018528663469, -66.216853640159428 ], [ 110.599998607672688, -66.216927594160154 ], [ 110.599725925723618, -66.217000905548261 ], [ 110.599417364570726, -66.217013543596181 ], [ 110.599253712560454, -66.217042300510286 ], [ 110.599071317682501, -66.217115826102599 ], [ 110.599051396691721, -66.217232406739498 ], [ 110.59917675970091, -66.21729779257214 ], [ 110.599284504414484, -66.217378815311534 ], [ 110.599301265893288, -66.217459570295659 ], [ 110.599335645667693, -66.217569564153351 ], [ 110.599443497483364, -66.217643893011427 ], [ 110.599606132023695, -66.217680200623647 ], [ 110.599896378717318, -66.217680950338362 ], [ 110.600131467828945, -66.217703977290071 ], [ 110.600275895012089, -66.217749174376678 ], [ 110.600437833388753, -66.217828108625099 ], [ 110.600527156540963, -66.217931515703583 ], [ 110.600470767284804, -66.218027800492351 ], [ 110.600668477763193, -66.218174101962276 ], [ 110.600830041282506, -66.218277723244967 ], [ 110.601027965965088, -66.218365654069856 ], [ 110.601462372086615, -66.218431843168247 ], [ 110.601732858442617, -66.218497550307191 ], [ 110.601931747044119, -66.218572093369474 ], [ 110.602021070196329, -66.218630624667654 ], [ 110.602182740817739, -66.218727498517978 ], [ 110.602363368511021, -66.218770607113612 ], [ 110.602599100235253, -66.218793634065321 ], [ 110.602798899204601, -66.218764984253312 ], [ 110.603052838286004, -66.218736441543399 ], [ 110.603289533929143, -66.218701204952183 ], [ 110.603471339745539, -66.218663505012643 ], [ 110.603670870959647, -66.218650545658434 ], [ 110.6039432316024, -66.218644547940769 ], [ 110.604197384887996, -66.218645190553389 ], [ 110.604487149622173, -66.218636943691607 ], [ 110.604759456713879, -66.218630945973956 ], [ 110.605049649856454, -66.218638389569975 ], [ 110.605321153682411, -66.218639085733628 ], [ 110.605629875488447, -66.218617451109225 ], [ 110.606029741182411, -66.218582589375359 ], [ 110.60651957264119, -66.218570326184803 ], [ 110.606648255815514, -66.218467508167876 ], [ 110.606830971999756, -66.218371544685411 ], [ 110.607031306479627, -66.218307015669581 ], [ 110.607285941724669, -66.218278472959668 ], [ 110.607676328882704, -66.218416581118859 ], [ 110.607681041375145, -66.218416313363605 ], [ 110.607903331785707, -66.218412350585879 ], [ 110.608315246466034, -66.21836404753833 ], [ 110.608598477972038, -66.218297483582589 ], [ 110.609129704392842, -66.218148129702783 ], [ 110.609263689121164, -66.218106306332359 ], [ 110.609465094622024, -66.218017090282245 ], [ 110.60962708654975, -66.21788738963798 ], [ 110.60974709445388, -66.217744140577935 ], [ 110.609781956187746, -66.217645553093988 ], [ 110.609760964175948, -66.217564744558814 ], [ 110.609673194004216, -66.217492771946965 ], [ 110.609452831431469, -66.217371103960261 ], [ 110.609417755493396, -66.217341383127234 ], [ 110.609438533300988, -66.217290295425073 ], [ 110.609499153090141, -66.217250078586162 ], [ 110.609655254402298, -66.217214627790753 ], [ 110.609855695984265, -66.217188173571799 ], [ 110.610255882984532, -66.217175749728099 ], [ 110.610833109757692, -66.217213074810275 ], [ 110.611322030848612, -66.217209808196202 ], [ 110.611766718771833, -66.21719299316635 ], [ 110.612311172302114, -66.217194331942608 ], [ 110.612844165907575, -66.217218108609032 ], [ 110.613232892983049, -66.217228069104422 ], [ 110.613533207274159, -66.217206380928971 ], [ 110.613778417534334, -66.217157649473023 ], [ 110.61385686982328, -66.217112987896925 ], [ 110.613891410250844, -66.217032340014896 ], [ 110.613870525341156, -66.216947033191474 ], [ 110.613778256881176, -66.216876827764295 ], [ 110.613584027221066, -66.216789325347804 ], [ 110.613429371787277, -66.216730633396466 ], [ 110.613130771129775, -66.216640185672205 ], [ 110.612577802982472, -66.216472838639447 ], [ 110.612390481407886, -66.216369163805695 ], [ 110.61222591902974, -66.21623421515848 ], [ 110.612083259031252, -66.216117206113182 ], [ 110.611851864942111, -66.215991039838229 ], [ 110.611410015224564, -66.215823960560726 ], [ 110.611200095106668, -66.215747168354326 ], [ 110.611023430191125, -66.215674927987223 ], [ 110.610559035481316, -66.21553023304881 ], [ 110.610160294359417, -66.215448514145777 ], [ 110.609528606167899, -66.215343714739987 ], [ 110.609240126658946, -66.215320580686168 ], [ 110.60887367682048, -66.215306175453591 ], [ 110.607984140320895, -66.215353300378013 ], [ 110.607895084923939, -66.215362029199241 ], [ 110.607772881426726, -66.215378308718584 ], [ 110.607432885807199, -66.215849183105504 ], [ 110.607179964195765, -66.215939791482924 ], [ 110.606453383542799, -66.216049892442712 ], [ 110.605897898496124, -66.216115599581656 ], [ 110.605590354813202, -66.216159618545163 ], [ 110.605534126210188, -66.216204226570213 ], [ 110.605601868289042, -66.216361024046023 ], [ 110.605522987591684, -66.216432621800521 ], [ 110.605400087930832, -66.216477176274523 ], [ 110.605310925431766, -66.216494848121187 ], [ 110.6050107717938, -66.216503094982954 ], [ 110.604844495782046, -66.216480228684404 ], [ 110.604612619733459, -66.216385443325052 ], [ 110.604447093436406, -66.216313256508997 ], [ 110.60428135293516, -66.216254511006611 ], [ 110.603740326672124, -66.2160377899053 ], [ 110.603452864633113, -66.215947342181039 ], [ 110.603231645243568, -66.215883991288308 ], [ 110.602648313650647, -66.215775122002682 ] ], [ [ 110.565931357192468, -66.215985952488438 ], [ 110.566053667791778, -66.215981775506492 ], [ 110.566209822654983, -66.215946324711084 ], [ 110.566288756903404, -66.215879278795867 ], [ 110.566269585627325, -66.215699775674651 ], [ 110.566148238946923, -66.215650080299795 ], [ 110.565993315757879, -66.215613772687576 ], [ 110.565815526270271, -66.215613290728115 ], [ 110.565715171601667, -66.215635460863012 ], [ 110.565625045183694, -66.215706951515415 ], [ 110.56560137561938, -66.215792097685693 ], [ 110.565631310656599, -66.215859464907197 ], [ 110.565732093733615, -66.215944985934811 ], [ 110.565842623101815, -66.215976688156701 ], [ 110.565931357192468, -66.215985952488438 ] ], [ [ 110.615491944047719, -66.215538051502193 ], [ 110.616114207254341, -66.215535106194409 ], [ 110.616414414443355, -66.215517916307206 ], [ 110.61661501667848, -66.215478020774597 ], [ 110.61677143929694, -66.215420132089022 ], [ 110.616827828553099, -66.215366420385379 ], [ 110.6168285782678, -66.215317099867889 ], [ 110.616762978230966, -66.21524512725604 ], [ 110.616419715997353, -66.2151680672944 ], [ 110.615964906925598, -66.21512206694203 ], [ 110.615543353056182, -66.215080671980004 ], [ 110.61511007150672, -66.215079547407939 ], [ 110.614842905315854, -66.215114783999155 ], [ 110.614408177888023, -66.215207909275961 ], [ 110.614263054541212, -66.2152524101989 ], [ 110.614229210277301, -66.215283737563439 ], [ 110.614239652732152, -66.215328613343743 ], [ 110.61432763710809, -66.215387144641923 ], [ 110.614444753255498, -66.215432288177482 ], [ 110.614732643702908, -66.215495799723357 ], [ 110.615069747565698, -66.215537034032224 ], [ 110.615491944047719, -66.215538051502193 ] ], [ [ 110.620428119228194, -66.215330434079462 ], [ 110.620839337744869, -66.215322454972934 ], [ 110.621384005479342, -66.215305854147289 ], [ 110.621861573747566, -66.215315975295823 ], [ 110.621995183618523, -66.215298357000222 ], [ 110.622051144466269, -66.21527158147498 ], [ 110.622040541358274, -66.215235702271158 ], [ 110.622008142972732, -66.215172779786826 ], [ 110.622019763550696, -66.215138721318723 ], [ 110.622142288354198, -66.215119282287404 ], [ 110.622520465872725, -66.215089722107535 ], [ 110.622694185480483, -66.215065035073252 ], [ 110.622810337708984, -66.215022247783921 ], [ 110.623144656917162, -66.214955737379228 ], [ 110.623256417959524, -66.214911182905212 ], [ 110.623279177155979, -66.214875357252453 ], [ 110.62325743542948, -66.214843869234755 ], [ 110.623191085677931, -66.214823091427178 ], [ 110.623069042833876, -66.21481205991077 ], [ 110.622880061176716, -66.214816076239558 ], [ 110.622690972417459, -66.214833533882015 ], [ 110.62262424780856, -66.214837871517105 ], [ 110.622468842660055, -66.214828500083271 ], [ 110.622069298272393, -66.214800653537026 ], [ 110.621880316615233, -66.214804669865799 ], [ 110.621646566279864, -66.214835461719844 ], [ 110.621345555825101, -66.214903846411303 ], [ 110.621211785300986, -66.214933085284869 ], [ 110.621000472855769, -66.214950542927326 ], [ 110.620911685214068, -66.214941332146637 ], [ 110.620823379531828, -66.214905238738623 ], [ 110.620801530703233, -66.214878302560223 ], [ 110.620769507175041, -66.214792995736801 ], [ 110.620679594961274, -66.214714704100999 ], [ 110.620540576434223, -66.214649746676756 ], [ 110.620361287517198, -66.214603585671242 ], [ 110.620061187430281, -66.214611832533009 ], [ 110.619838629264464, -66.214633681361619 ], [ 110.619426446828896, -66.21470892058754 ], [ 110.619214652424233, -66.21475326085735 ], [ 110.61908082834907, -66.214788818754869 ], [ 110.618984650662398, -66.214830749227389 ], [ 110.618901432329949, -66.214896027957934 ], [ 110.618911553478483, -66.21496334162839 ], [ 110.618933295204982, -66.214994829646074 ], [ 110.619076812020282, -66.215053468046364 ], [ 110.619586725123, -66.21513100996745 ], [ 110.619719692381352, -66.215153769163919 ], [ 110.619866797117027, -66.215273402210698 ], [ 110.619973042401185, -66.21530237332901 ], [ 110.620083839524639, -66.21532063423723 ], [ 110.620428119228194, -66.215330434079462 ] ], [ [ 110.627510941818386, -66.21495734391074 ], [ 110.627755616568052, -66.214939993370379 ], [ 110.627867163406208, -66.214908826658998 ], [ 110.627952416678582, -66.214855222057466 ], [ 110.62796896395318, -66.214787961938057 ], [ 110.627903203263187, -66.214725039453739 ], [ 110.627825982648389, -66.214688946045712 ], [ 110.627637804256992, -66.214643641857009 ], [ 110.627327368817333, -66.21459801636199 ], [ 110.626906457560523, -66.214511799170708 ], [ 110.626673617593013, -66.214479829193564 ], [ 110.626518855057114, -66.214425635530475 ], [ 110.626453040816074, -66.214371656071592 ], [ 110.626431727497987, -66.214308787138322 ], [ 110.626465839517138, -66.214255075434693 ], [ 110.626555216220396, -66.21422385517225 ], [ 110.626822221758118, -66.214197615157516 ], [ 110.626944907214778, -66.214166501997184 ], [ 110.626996423325338, -66.214135228183707 ], [ 110.627001831981431, -66.214072412801485 ], [ 110.627069252753998, -66.214020575384609 ], [ 110.627214804509208, -66.213942872810364 ], [ 110.627260055146877, -66.213889107555673 ], [ 110.627194294456871, -66.213826185071355 ], [ 110.627039853227288, -66.213754051806362 ], [ 110.626929109654881, -66.213731346160955 ], [ 110.626762458785777, -66.213730917752542 ], [ 110.626500005087351, -66.213747357925044 ], [ 110.626183893236345, -66.21378784251921 ], [ 110.625972098831681, -66.213836681077254 ], [ 110.625770586228711, -66.213939391992085 ], [ 110.625702255088285, -66.214051367238653 ], [ 110.625733528901776, -66.2141904928678 ], [ 110.625710287745861, -66.214262197724395 ], [ 110.625631996110059, -66.214297916275072 ], [ 110.625375379476125, -66.214369032070124 ], [ 110.625319311526269, -66.214404804171835 ], [ 110.625318722464726, -66.214445181663905 ], [ 110.625356047546902, -66.214473081761213 ], [ 110.625484623619116, -66.214494930589808 ], [ 110.62566225245358, -66.214504302023641 ], [ 110.625728495103019, -66.214531398855186 ], [ 110.625793827384612, -66.214621257517905 ], [ 110.625842076881099, -66.214664419664587 ], [ 110.626014297059456, -66.214738427216361 ], [ 110.626125147733958, -66.214756634573519 ], [ 110.626336085321824, -66.214766113109462 ], [ 110.626494114471797, -66.214746781180224 ], [ 110.626636292510838, -66.214750690406916 ], [ 110.62676481503199, -66.214773449603371 ], [ 110.626870953214052, -66.214811363747117 ], [ 110.626939070150272, -66.214860844917766 ], [ 110.626956420690632, -66.21488874501506 ], [ 110.627277780544588, -66.214947811823748 ], [ 110.627510941818386, -66.21495734391074 ] ], [ [ 110.610327105881666, -66.213995513492989 ], [ 110.610193763765963, -66.213999690474935 ], [ 110.610160187257307, -66.214013078237542 ], [ 110.610170951018461, -66.214035516127694 ], [ 110.610348472750815, -66.214053884138025 ], [ 110.610459537629524, -66.214054205444313 ], [ 110.610513249333152, -66.21403101783946 ], [ 110.610460180242129, -66.214013827952257 ], [ 110.610327105881666, -66.213995513492989 ] ], [ [ 110.632547900075878, -66.214682252164408 ], [ 110.632747966800494, -66.21467379109842 ], [ 110.63296618733122, -66.214642892142294 ], [ 110.633089194094183, -66.214589341091809 ], [ 110.633127483095265, -66.214553568990084 ], [ 110.633105794919828, -66.214517636235215 ], [ 110.633050744439927, -66.214481596378235 ], [ 110.632995479755834, -66.214463549674221 ], [ 110.632495580699555, -66.214457873262873 ], [ 110.632284589560655, -66.214452893015178 ], [ 110.631851736419591, -66.214420441078587 ], [ 110.631651723246023, -66.214424457407375 ], [ 110.631540176407867, -66.214455570567708 ], [ 110.631484001355915, -66.214495840957667 ], [ 110.631512115657415, -66.214551534050173 ], [ 110.631593673907304, -66.214594749747903 ], [ 110.631748811300554, -66.214622060783654 ], [ 110.632048375876963, -66.214649693125708 ], [ 110.632336801834867, -66.214681770204947 ], [ 110.632547900075878, -66.214682252164408 ] ], [ [ 110.654868085019785, -66.215004468835161 ], [ 110.65498155969577, -66.214993062461417 ], [ 110.655030826662212, -66.214967143752972 ], [ 110.65516443653317, -66.214945027169122 ], [ 110.655242567515828, -66.214918305194942 ], [ 110.65533221197434, -66.214864647042347 ], [ 110.655343993205449, -66.214815326524857 ], [ 110.655311059309398, -66.214785659242892 ], [ 110.655222592973999, -66.214752296938428 ], [ 110.655104994867131, -66.214740355054175 ], [ 110.654978185979587, -66.21475176142792 ], [ 110.654810999599974, -66.214791710511591 ], [ 110.65472151579462, -66.214836372087689 ], [ 110.654698542393959, -66.214890190893428 ], [ 110.654768426514835, -66.214979139188287 ], [ 110.654868085019785, -66.215004468835161 ] ], [ [ 110.650345913010597, -66.215508437771263 ], [ 110.650579716897013, -66.215473040526902 ], [ 110.650925281825792, -66.21539041125601 ], [ 110.651148000644753, -66.215353246826965 ], [ 110.651259333278716, -66.215340019717502 ], [ 110.651600132163992, -66.21527886441784 ], [ 110.651683136292249, -66.215219851160214 ], [ 110.651672908041604, -66.215157035777992 ], [ 110.651628996180207, -66.21512104947206 ], [ 110.651529551879449, -66.215080457775798 ], [ 110.651119725690094, -66.21498979584733 ], [ 110.650975459160094, -66.214976033227359 ], [ 110.650842063493343, -66.214980210209291 ], [ 110.650608259606926, -66.215015607453665 ], [ 110.650151147839992, -66.215131170620609 ], [ 110.649950759809073, -66.215162123127783 ], [ 110.649539327088206, -66.215188095387276 ], [ 110.649472548928259, -66.215196931310601 ], [ 110.649360466579594, -66.215263977225817 ], [ 110.649339581669906, -66.215331183794163 ], [ 110.649369945115524, -66.215385109701998 ], [ 110.649436134213929, -66.215416651270743 ], [ 110.649524761202471, -66.215434805076853 ], [ 110.649802262746093, -66.215453387291376 ], [ 110.650001633307042, -66.215498691480079 ], [ 110.650157038455546, -66.215508009362864 ], [ 110.650239507073294, -66.215491140781964 ], [ 110.650314960503422, -66.215498477275872 ], [ 110.650345913010597, -66.215508437771263 ] ], [ [ 110.649518281525374, -66.21830562334226 ], [ 110.649963183652787, -66.218275259896643 ], [ 110.650074676939894, -66.218248591473497 ], [ 110.650164267847359, -66.21819943160915 ], [ 110.650165285317314, -66.218123174913259 ], [ 110.650066483629175, -66.218037760987741 ], [ 110.65006760820124, -66.217957006003616 ], [ 110.650202021337947, -66.217881070614027 ], [ 110.650425543422671, -66.217784678723149 ], [ 110.650566918195949, -66.217686305443408 ], [ 110.650628180597707, -66.217594947351287 ], [ 110.650617898796014, -66.217536576706266 ], [ 110.650507690734116, -66.217469048831589 ], [ 110.65037493767997, -66.217428403584279 ], [ 110.650186063124906, -66.21742797517588 ], [ 110.649974482924449, -66.217458874132006 ], [ 110.649516996300164, -66.217596875189102 ], [ 110.649383386429193, -66.217619045324 ], [ 110.649261236483042, -66.217614279280511 ], [ 110.649183748112989, -66.2175916807372 ], [ 110.649139782700544, -66.217555694431283 ], [ 110.649107973376559, -66.217447949717709 ], [ 110.649153170463165, -66.217394238014066 ], [ 110.64929861511628, -66.217322800912726 ], [ 110.649511426990912, -66.217197652107743 ], [ 110.649556838281711, -66.21713049909043 ], [ 110.649546395826874, -66.217081125021892 ], [ 110.649491506000132, -66.217031643851243 ], [ 110.649348203389039, -66.216950567560815 ], [ 110.649093889450285, -66.216860280489698 ], [ 110.64882795493358, -66.216810317359588 ], [ 110.648183950000458, -66.216777490565647 ], [ 110.648084291495508, -66.216754838471289 ], [ 110.647963105468264, -66.216678314020143 ], [ 110.647941470843861, -66.216637882977039 ], [ 110.647964926203969, -66.216548184967479 ], [ 110.648010230392686, -66.216485530238401 ], [ 110.648178380691206, -66.21637821393324 ], [ 110.648390496402172, -66.216306937485044 ], [ 110.648691399754838, -66.21624031997824 ], [ 110.649014044834004, -66.216209688777354 ], [ 110.649525136059836, -66.21621081334942 ], [ 110.650013468089199, -66.216247817125307 ], [ 110.65032459969251, -66.21624851328896 ], [ 110.650580413060666, -66.216226664460365 ], [ 110.650909966225356, -66.216179860842232 ], [ 110.651415273937715, -66.216116402847419 ], [ 110.651716123739348, -66.21605428362885 ], [ 110.652090820439582, -66.215953768307088 ], [ 110.652229517660331, -66.21588495520723 ], [ 110.652371160188864, -66.215765964773055 ], [ 110.652465517139817, -66.215692599833886 ], [ 110.652617816327393, -66.215605043866347 ], [ 110.652644859607889, -66.215576394054338 ], [ 110.652634042295688, -66.215553956164186 ], [ 110.652567906748345, -66.215517916307206 ], [ 110.652368375534238, -66.215481555143924 ], [ 110.651779581734161, -66.215480269918714 ], [ 110.651323594539292, -66.215510633364346 ], [ 110.651034258213528, -66.215545869955562 ], [ 110.650722162691309, -66.215616932199552 ], [ 110.650320958221073, -66.215705719841253 ], [ 110.650009451760411, -66.215736458144235 ], [ 110.649720490291998, -66.215744758557065 ], [ 110.649153866626818, -66.215743473331841 ], [ 110.648543331100257, -66.215701703512465 ], [ 110.647532501471318, -66.215685959503617 ], [ 110.646721417260679, -66.215688583505099 ], [ 110.646398932834671, -66.215705826943349 ], [ 110.646087961884504, -66.215700632491462 ], [ 110.645821813163593, -66.215664110675021 ], [ 110.6455229983019, -66.215578214790042 ], [ 110.645201691998992, -66.215514703244168 ], [ 110.64501324585234, -66.215482840369134 ], [ 110.644591799085021, -66.215432555932736 ], [ 110.644092221335058, -66.215404495182284 ], [ 110.643959146974609, -66.215386234274064 ], [ 110.643615670536803, -66.215318170888906 ], [ 110.643416246424792, -66.215277311437376 ], [ 110.643050974709439, -66.215182311873818 ], [ 110.642707391169537, -66.215123191514081 ], [ 110.642518730818679, -66.215109268240965 ], [ 110.642152013224973, -66.215112909712389 ], [ 110.641485249095382, -66.215124851596656 ], [ 110.640207521030831, -66.215126351026072 ], [ 110.639785324548825, -66.21512538710715 ], [ 110.63922983950215, -66.215124101881941 ], [ 110.638496136559468, -66.215153769163919 ], [ 110.638035758178447, -66.215184132609537 ], [ 110.637717557836467, -66.215214763810422 ], [ 110.637327866842099, -66.215272170536537 ], [ 110.636637058290859, -66.215409636083123 ], [ 110.636347079352475, -66.215485196615361 ], [ 110.636112525751358, -66.215569860826179 ], [ 110.635915511436636, -66.215673482108855 ], [ 110.635499901733823, -66.215832207422494 ], [ 110.635186788741635, -66.215973207338422 ], [ 110.63504964450135, -66.216083254747161 ], [ 110.634948379464888, -66.21617273855253 ], [ 110.63495817930712, -66.21626243656209 ], [ 110.635034382451963, -66.21637028837776 ], [ 110.635254209514201, -66.216536778593721 ], [ 110.635459524241753, -66.216631456850976 ], [ 110.635629923684391, -66.21667852822435 ], [ 110.635718336468742, -66.216712800896659 ], [ 110.635806160191535, -66.216784773508508 ], [ 110.635985395557512, -66.216994265218005 ], [ 110.63612371792091, -66.217110310344395 ], [ 110.636399238075654, -66.217266143901313 ], [ 110.636604767007412, -66.217347380844899 ], [ 110.63693694417357, -66.21742620799121 ], [ 110.637063271101653, -66.217451644740194 ], [ 110.637318334755108, -66.217483614717324 ], [ 110.637629252154227, -66.217497805745708 ], [ 110.638139807869536, -66.217539361360878 ], [ 110.638773102592566, -66.217540860790294 ], [ 110.639151226560031, -66.217519279716953 ], [ 110.639351079080441, -66.217528758252882 ], [ 110.639461876203896, -66.217551410347241 ], [ 110.639795874105758, -66.217661671960187 ], [ 110.639915239397297, -66.217704994760027 ], [ 110.640181388118194, -66.217741516576467 ], [ 110.640602995538657, -66.217786445907819 ], [ 110.641002165068969, -66.217846583737511 ], [ 110.64127993436783, -66.217847226350116 ], [ 110.641357958248392, -66.217829447401357 ], [ 110.641391963165447, -66.217784678723149 ], [ 110.64131597422481, -66.217658887305561 ], [ 110.64125015998377, -66.217595964821243 ], [ 110.641040668274272, -66.217483293411021 ], [ 110.640852704087067, -66.217415604883215 ], [ 110.640720058135017, -66.217370407796608 ], [ 110.640698316408518, -66.217334475041724 ], [ 110.640754330807326, -66.217303201228248 ], [ 110.640921356533795, -66.21727669345826 ], [ 110.641254711823052, -66.217277443172961 ], [ 110.64204244777568, -66.217360018892805 ], [ 110.642531101111345, -66.217374638329588 ], [ 110.643253344129221, -66.217376298412162 ], [ 110.643675272855987, -66.217395201932987 ], [ 110.643996954016245, -66.217436275588696 ], [ 110.644136508053805, -66.217465353809118 ], [ 110.644472487344544, -66.217596179025449 ], [ 110.644638549152106, -66.217639608927385 ], [ 110.6447938471985, -66.217657923386653 ], [ 110.645104550393413, -66.217685555728707 ], [ 110.645348903836776, -66.217695087815684 ], [ 110.645959546465448, -66.217727861058592 ], [ 110.646214610118903, -66.21776432932397 ], [ 110.646493503989817, -66.217843049368184 ], [ 110.646734108859647, -66.217958398330921 ], [ 110.646977230628849, -66.218054950874944 ], [ 110.647183348622164, -66.21809581032646 ], [ 110.647509367417513, -66.218144113373995 ], [ 110.648064156300521, -66.218199163853896 ], [ 110.64825265599822, -66.218226528440695 ], [ 110.648508148060088, -66.218231615790486 ], [ 110.648829722118251, -66.218281686022692 ], [ 110.649151617482701, -66.218304820076497 ], [ 110.649518281525374, -66.21830562334226 ] ], [ [ 110.658478068435031, -66.217204185335902 ], [ 110.658600539687484, -66.217186513489239 ], [ 110.658647825265064, -66.217141798362093 ], [ 110.658657196698897, -66.217105919158257 ], [ 110.658691094513856, -66.21706559521725 ], [ 110.658669406338404, -66.21702521772518 ], [ 110.658625280272815, -66.217002672732932 ], [ 110.658569801384502, -66.216993569054353 ], [ 110.658469768022201, -66.216997853138395 ], [ 110.658249298347357, -66.217034160750615 ], [ 110.658206939466425, -66.217042139857142 ], [ 110.658117616314215, -66.217075127304241 ], [ 110.658101818754332, -66.217091246170426 ], [ 110.658154245232751, -66.217158613391945 ], [ 110.658229484458687, -66.2171821223031 ], [ 110.658322770388622, -66.217185924427682 ], [ 110.658478068435031, -66.217204185335902 ] ], [ [ 110.6565617976445, -66.21513202743742 ], [ 110.656706439031865, -66.215114409141805 ], [ 110.656836032574034, -66.215062678827039 ], [ 110.656874375126179, -66.21502058770136 ], [ 110.656819806605739, -66.214948722191608 ], [ 110.656698085067987, -66.214912575232532 ], [ 110.656487415235375, -66.214880712357498 ], [ 110.65636499753397, -66.214898384204162 ], [ 110.656297844516672, -66.214934102754825 ], [ 110.656263518293301, -66.215005807611419 ], [ 110.656300254313933, -66.215082117858373 ], [ 110.656366496963386, -66.215113659427104 ], [ 110.656459568689129, -66.215131813233214 ], [ 110.6565617976445, -66.21513202743742 ] ], [ [ 110.594478244082481, -66.219234626966056 ], [ 110.594722918832133, -66.219221828264992 ], [ 110.594834465670303, -66.21919515984186 ], [ 110.594991048941907, -66.219132772868036 ], [ 110.595081121808832, -66.2190567839274 ], [ 110.595082567687186, -66.218967085917839 ], [ 110.595020073611281, -66.2188457927885 ], [ 110.594974287463117, -66.218791813329602 ], [ 110.594765224162018, -66.218661202317477 ], [ 110.594588452144365, -66.218597958526857 ], [ 110.594045444492465, -66.218506814638928 ], [ 110.593834453353551, -66.218497282551937 ], [ 110.593556416299435, -66.218514472439153 ], [ 110.593300120971819, -66.218558705606853 ], [ 110.593143751904407, -66.218607597715945 ], [ 110.593056303038964, -66.218657614397088 ], [ 110.593013140892282, -66.218715824388966 ], [ 110.593016621710561, -66.218775962218658 ], [ 110.593068994637932, -66.218833476046882 ], [ 110.593161584404214, -66.218881297134971 ], [ 110.593455419018227, -66.218989738012198 ], [ 110.593813729097022, -66.219098339542569 ], [ 110.594034948486566, -66.2191616904353 ], [ 110.594278498664167, -66.219216151853644 ], [ 110.594478244082481, -66.219234626966056 ] ], [ [ 110.578929696574392, -66.219395065913318 ], [ 110.579029890589851, -66.219381892354889 ], [ 110.579092759523121, -66.219343442700648 ], [ 110.579198522847818, -66.219265686575341 ], [ 110.579321743814987, -66.21920769078767 ], [ 110.579418564114263, -66.219131701847033 ], [ 110.579446357109461, -66.219064495278673 ], [ 110.579392216997419, -66.218979134904203 ], [ 110.579282062486584, -66.218920496503927 ], [ 110.579116000679022, -66.218884188891693 ], [ 110.578938211191414, -66.218883706932232 ], [ 110.578737662507351, -66.21891455233731 ], [ 110.578336083179778, -66.219007677614115 ], [ 110.578302292466915, -66.219034506690406 ], [ 110.57830127499696, -66.219097268521566 ], [ 110.578323123825555, -66.21911975996278 ], [ 110.578575831232797, -66.219290909120119 ], [ 110.578774559181142, -66.219367701326519 ], [ 110.578929696574392, -66.219395065913318 ] ], [ [ 110.569869662098228, -66.219603433050736 ], [ 110.569991972697537, -66.219599309619852 ], [ 110.570816658874989, -66.219458041948684 ], [ 110.570939772740047, -66.219409042737482 ], [ 110.571074292978864, -66.21933765918719 ], [ 110.571153334329381, -66.219266114983753 ], [ 110.571287854568197, -66.219194677882399 ], [ 110.571333480063217, -66.219127524865087 ], [ 110.571312166745116, -66.2190736525083 ], [ 110.571230822699434, -66.219018709130509 ], [ 110.571168971236119, -66.21899696740401 ], [ 110.571035896875671, -66.21898315123299 ], [ 110.570735796788753, -66.218986792704413 ], [ 110.570580016782898, -66.218999859160732 ], [ 110.570457224224143, -66.219030918770017 ], [ 110.570401156274286, -66.219062139032445 ], [ 110.57037845062888, -66.219089021659798 ], [ 110.570388357573222, -66.21916078006744 ], [ 110.570342999833457, -66.219214491771083 ], [ 110.570298177604201, -66.219236822559125 ], [ 110.569985974979872, -66.219298727573488 ], [ 110.569751796236105, -66.219347459029422 ], [ 110.569673451049255, -66.219378625740816 ], [ 110.569605816072496, -66.219436728630583 ], [ 110.569582682018677, -66.219490493885274 ], [ 110.569615080404219, -66.21954441979311 ], [ 110.569703386086474, -66.219580566752185 ], [ 110.569869662098228, -66.219603433050736 ] ], [ [ 110.560254624534849, -66.219769387756202 ], [ 110.56041308209322, -66.219732169776108 ], [ 110.560522808195671, -66.219684884198529 ], [ 110.560696902660794, -66.219642311113404 ], [ 110.560830726735958, -66.219614892975557 ], [ 110.560936008101208, -66.219564983396495 ], [ 110.560959088603965, -66.219515662879004 ], [ 110.560937561081673, -66.219475231835887 ], [ 110.560849416052577, -66.21943464013961 ], [ 110.560782798545773, -66.219429981198232 ], [ 110.560448800643897, -66.219464896483146 ], [ 110.560370241252841, -66.219509504508196 ], [ 110.560202572913767, -66.21956739319377 ], [ 110.560045347029543, -66.219661107532119 ], [ 110.560022427179945, -66.219701431473126 ], [ 110.560032869634782, -66.219741808965196 ], [ 110.560076835047241, -66.219768852245693 ], [ 110.560254624534849, -66.219769387756202 ] ], [ [ 110.612840149578801, -66.220037303661769 ], [ 110.612845986643293, -66.219999282415927 ], [ 110.612902108144198, -66.219963510314201 ], [ 110.613114116753067, -66.219905728730723 ], [ 110.613421713987051, -66.219848214902512 ], [ 110.613526834699158, -66.219803606877463 ], [ 110.613572567296259, -66.219718514258233 ], [ 110.613650912483124, -66.21968279570757 ], [ 110.613784736558287, -66.219651736098285 ], [ 110.614040710579602, -66.21962544253249 ], [ 110.614314784855978, -66.219578585363323 ], [ 110.614370852805834, -66.219547311549832 ], [ 110.614409356011137, -66.219500775686967 ], [ 110.614398860005238, -66.219460398194897 ], [ 110.614288223534942, -66.219428695973022 ], [ 110.614021807058776, -66.219410113758499 ], [ 110.613866723216574, -66.219378304434514 ], [ 110.613833949973682, -66.219342318128582 ], [ 110.613857673089043, -66.219243730644649 ], [ 110.61381354702344, -66.219221185652387 ], [ 110.613747197271891, -66.219198587109076 ], [ 110.613614015809347, -66.219189269226291 ], [ 110.613435797913326, -66.219215723445245 ], [ 110.613402060751525, -66.219242552521536 ], [ 110.613419304189776, -66.219278485276405 ], [ 110.613445222898221, -66.219327912896006 ], [ 110.613378337636163, -66.219341193556517 ], [ 110.612578284941932, -66.219339212167654 ], [ 110.612345230770217, -66.219320683504179 ], [ 110.612078600089859, -66.21931554260334 ], [ 110.612021996629494, -66.219301619330224 ], [ 110.611457729210542, -66.219358811852132 ], [ 110.611149114506603, -66.219378250883466 ], [ 110.610859028466137, -66.219406686491268 ], [ 110.610549556945386, -66.219479890777279 ], [ 110.610222145822718, -66.219544152037855 ], [ 110.609949196118407, -66.219588331654506 ], [ 110.609604755761694, -66.219587421286647 ], [ 110.609314669721215, -66.219573230258277 ], [ 110.609098216375159, -66.219512128509677 ], [ 110.608972692712825, -66.219410917024248 ], [ 110.608883423111664, -66.219300762513413 ], [ 110.6086491372658, -66.219226165900082 ], [ 110.608394930429156, -66.219225523287477 ], [ 110.608140777143561, -66.219269756455176 ], [ 110.607994475673635, -66.219341140005469 ], [ 110.607739626224372, -66.219385373173168 ], [ 110.607594984837021, -66.219398439629487 ], [ 110.607432510949849, -66.219348690703583 ], [ 110.607142585562528, -66.219325556649778 ], [ 110.606742559215419, -66.219367112264962 ], [ 110.606416165562706, -66.219366308999199 ], [ 110.606072046512296, -66.219345263436367 ], [ 110.605781264308177, -66.219373645493121 ], [ 110.605689531358692, -66.21946762758671 ], [ 110.605833315929246, -66.219555451309503 ], [ 110.605868070561002, -66.219643007277057 ], [ 110.605866356927393, -66.2197529475837 ], [ 110.605791920967221, -66.21984917882142 ], [ 110.605627786997488, -66.219907067506995 ], [ 110.605554207854112, -66.21999435571928 ], [ 110.605335237608685, -66.220096959532015 ], [ 110.605170086168997, -66.220219912743914 ], [ 110.604987316433693, -66.22031587622638 ], [ 110.604695195453303, -66.220431760699626 ], [ 110.604657602615859, -66.220525903446386 ], [ 110.604709332930625, -66.220680773084382 ], [ 110.604871646164653, -66.220739518586768 ], [ 110.605123336101926, -66.220856795387334 ], [ 110.605158412039984, -66.220966789245026 ], [ 110.605448390978367, -66.220945101069574 ], [ 110.605666450855935, -66.220945636580083 ], [ 110.606119385640923, -66.220984889500087 ], [ 110.606445832844685, -66.220985746316899 ], [ 110.606698968660325, -66.221008826819656 ], [ 110.607116399098842, -66.221009844289611 ], [ 110.607351381108373, -66.221039618673672 ], [ 110.607768222485333, -66.221076568898511 ], [ 110.608003472250118, -66.221090599273737 ], [ 110.608329544596515, -66.221113840429652 ], [ 110.608602494300825, -66.221071963508166 ], [ 110.608839618352377, -66.220962612263079 ], [ 110.608914268516742, -66.220852939711691 ], [ 110.609042844588956, -66.220756815576067 ], [ 110.6092078353755, -66.220640609796519 ], [ 110.609354351049632, -66.220553482237392 ], [ 110.60955425712109, -66.220518084993017 ], [ 110.609844771569968, -66.220503144249932 ], [ 110.610134643406226, -66.220488149955798 ], [ 110.610462750692548, -66.220381315610069 ], [ 110.610681613835879, -66.22033028145897 ], [ 110.610971110814802, -66.220337725054975 ], [ 110.611297450916439, -66.220345275753104 ], [ 110.611552086161495, -66.220316786594239 ], [ 110.611752045784002, -66.220274641917513 ], [ 110.611916393957941, -66.220201062774152 ], [ 110.612098199774337, -66.220165611978729 ], [ 110.612425503794896, -66.220108151701567 ], [ 110.612716285999028, -66.220077466949633 ], [ 110.612840149578801, -66.220037303661769 ] ], [ [ 110.611675146475505, -66.220803779847344 ], [ 110.611674557413949, -66.220844157339414 ], [ 110.61170095808184, -66.22093396245107 ], [ 110.611866163072591, -66.220983711376974 ], [ 110.612046469459571, -66.22100207938729 ], [ 110.612296499314283, -66.221002721999895 ], [ 110.612505027104859, -66.220992011789804 ], [ 110.612754521449077, -66.220981408681808 ], [ 110.613018795883207, -66.220959666955309 ], [ 110.613241300497975, -66.220897440634644 ], [ 110.613450685105363, -66.220830662474697 ], [ 110.613604697926561, -66.220752531492039 ], [ 110.613647324562749, -66.22069207235603 ], [ 110.613592434735992, -66.22064708947363 ], [ 110.613314558335034, -66.220650891598211 ], [ 110.613051140717701, -66.220661441155158 ], [ 110.612814337972466, -66.220705727873906 ], [ 110.612661074865969, -66.220734484788025 ], [ 110.612383787526568, -66.22074498079391 ], [ 110.612064301959379, -66.220744231079209 ], [ 110.611800884342045, -66.220759225373342 ], [ 110.611675146475505, -66.220803779847344 ] ], [ [ 110.59027164841379, -66.220775665545844 ], [ 110.590161172596638, -66.220862846656033 ], [ 110.590195873677359, -66.220950402623572 ], [ 110.590321932850202, -66.221015734905166 ], [ 110.59048403188001, -66.221083476984035 ], [ 110.590700967185526, -66.221155824453234 ], [ 110.590953728143802, -66.221201342846143 ], [ 110.591225017765566, -66.221260356103784 ], [ 110.591495664774712, -66.221319422912458 ], [ 110.591731075192641, -66.221364887754319 ], [ 110.592020947028914, -66.221394822791538 ], [ 110.59225592903843, -66.221424597175613 ], [ 110.592509653915627, -66.221454371559673 ], [ 110.592654081098786, -66.221499622197342 ], [ 110.592725143342776, -66.221571594809191 ], [ 110.592633463944352, -66.221658829470428 ], [ 110.592577395994482, -66.221732676369044 ], [ 110.592667522412455, -66.221784513785906 ], [ 110.59301180211601, -66.221798865467449 ], [ 110.593265794748461, -66.221770376308584 ], [ 110.59364777439157, -66.221728767142366 ], [ 110.593956978157067, -66.221678000746493 ], [ 110.594284389279721, -66.221620540469331 ], [ 110.594664762391318, -66.221634999252956 ], [ 110.595172587003049, -66.221629590596862 ], [ 110.595698458318807, -66.221624235491817 ], [ 110.595953736176469, -66.221557617985013 ], [ 110.596064319095717, -66.221463689442459 ], [ 110.595992667790171, -66.221382773805175 ], [ 110.595812200750032, -66.221330722184121 ], [ 110.595232831934851, -66.221293289999821 ], [ 110.594924484986166, -66.221292486734058 ], [ 110.594524887047442, -66.221304910577771 ], [ 110.594125878170289, -66.221326330997968 ], [ 110.593800020028098, -66.221289541426287 ], [ 110.593492369243066, -66.221243915931268 ], [ 110.593130524794944, -66.221200325376188 ], [ 110.592822499152561, -66.221177084220272 ], [ 110.59249642680615, -66.221153843064357 ], [ 110.592297216898359, -66.221101684341193 ], [ 110.592080977756495, -66.221029390423041 ], [ 110.591864470859392, -66.220977231699862 ], [ 110.59157545583993, -66.220895727001022 ], [ 110.591359163147018, -66.220827877820057 ], [ 110.591196957015114, -66.220762384885319 ], [ 110.590943606995268, -66.220710119060044 ], [ 110.590689667913864, -66.220695981582722 ], [ 110.590381749373591, -66.220708619630642 ], [ 110.59027164841379, -66.220775665545844 ] ], [ [ 110.56040055114741, -66.22096298712043 ], [ 110.560534053916271, -66.22095441895236 ], [ 110.560645707856523, -66.220923305792027 ], [ 110.560746651586697, -66.220869808292591 ], [ 110.5607582186136, -66.220842925665252 ], [ 110.560693207638309, -66.220748515163251 ], [ 110.560638371362614, -66.220707977018037 ], [ 110.560549744374057, -66.220689769660865 ], [ 110.560193844092538, -66.220706745343875 ], [ 110.560060127119485, -66.220728754825615 ], [ 110.559959236940372, -66.220777861138913 ], [ 110.559936317090759, -66.220818131528873 ], [ 110.559968822578412, -66.220867559148473 ], [ 110.560057021158556, -66.220908204395784 ], [ 110.5602119443476, -66.220944512008018 ], [ 110.56040055114741, -66.22096298712043 ] ], [ [ 110.562778057135759, -66.221001115468383 ], [ 110.563011486164825, -66.220997313343801 ], [ 110.563123407860331, -66.220952758869799 ], [ 110.563168765600096, -66.220899047166156 ], [ 110.563169997274258, -66.220827288758514 ], [ 110.563115375202756, -66.220773309299631 ], [ 110.563004792283508, -66.220741607077741 ], [ 110.56277189876495, -66.220714028286736 ], [ 110.562527331117394, -66.220717830411317 ], [ 110.562271303545032, -66.220744016875003 ], [ 110.56220415052772, -66.220770738849197 ], [ 110.562214271676254, -66.22082905594317 ], [ 110.562489898933109, -66.220955436422315 ], [ 110.562778057135759, -66.221001115468383 ] ], [ [ 110.610849978338607, -66.221212160158345 ], [ 110.610834716289219, -66.221301858167905 ], [ 110.610847461439221, -66.221378114863796 ], [ 110.610846069111915, -66.221467866424405 ], [ 110.610900798285513, -66.221519543188123 ], [ 110.610997350829535, -66.221564686723681 ], [ 110.611246470316388, -66.221580966243025 ], [ 110.611399251463411, -66.221581394651423 ], [ 110.611538591296778, -66.221554833330387 ], [ 110.611622452241832, -66.221521363923841 ], [ 110.61173394552894, -66.221499247339978 ], [ 110.611858612374476, -66.221477130756142 ], [ 110.61198413603681, -66.221443768451678 ], [ 110.612082241561296, -66.221387968257076 ], [ 110.612097128753319, -66.221320708137668 ], [ 110.612042185375529, -66.221282419136571 ], [ 110.61173828316403, -66.221214409302462 ], [ 110.611488949472971, -66.221168890909553 ], [ 110.611239455128768, -66.221134618237244 ], [ 110.611073286219124, -66.221145435549431 ], [ 110.610849978338607, -66.221212160158345 ] ], [ [ 110.60135221757578, -66.221629911903165 ], [ 110.601648194231799, -66.221605546175198 ], [ 110.601764239358204, -66.221577110567381 ], [ 110.601853776714606, -66.22153700083058 ], [ 110.601888210040073, -66.221465295973985 ], [ 110.601811739139976, -66.221384380336701 ], [ 110.601719202924741, -66.221332971328223 ], [ 110.601608512903397, -66.221303089842067 ], [ 110.601413158671221, -66.221289113017889 ], [ 110.601346380511274, -66.221293450652979 ], [ 110.601190546954371, -66.221310961846484 ], [ 110.601079000116201, -66.22133763026963 ], [ 110.600966971318599, -66.221395626057301 ], [ 110.600966221603883, -66.221440501837606 ], [ 110.600998459336282, -66.221509636243781 ], [ 110.601097261024421, -66.221588838247442 ], [ 110.601230121180677, -66.221620594020379 ], [ 110.60135221757578, -66.221629911903165 ] ], [ [ 110.581009833579401, -66.221944095916356 ], [ 110.581238978524425, -66.221932154032103 ], [ 110.581432886878218, -66.221900398259166 ], [ 110.581544755022691, -66.221855843785164 ], [ 110.581578813490793, -66.221811075106956 ], [ 110.581559802867872, -66.22175270446192 ], [ 110.581491739482701, -66.221703169740238 ], [ 110.581274804177198, -66.221649672240801 ], [ 110.581137177977453, -66.221638533622297 ], [ 110.580999176920358, -66.221648922526086 ], [ 110.580880882649836, -66.22167998213537 ], [ 110.58083606042058, -66.221701402555567 ], [ 110.580557059447557, -66.221772411248509 ], [ 110.580500777293494, -66.221817126375655 ], [ 110.580544528501747, -66.22185761096982 ], [ 110.580754716374898, -66.221916517125351 ], [ 110.581009833579401, -66.221944095916356 ] ], [ [ 110.613110100424279, -66.222254049396554 ], [ 110.613137197255824, -66.222298925176858 ], [ 110.613219612322524, -66.222314829838865 ], [ 110.613344332719109, -66.22233758903532 ], [ 110.613524746208185, -66.222349263164318 ], [ 110.613732899141411, -66.222360990844379 ], [ 110.613940409462046, -66.22237271852444 ], [ 110.614176408941532, -66.222384499755535 ], [ 110.614384776078964, -66.222385035266043 ], [ 110.614634484627373, -66.222363239988496 ], [ 110.614843869234761, -66.222296461828549 ], [ 110.614955898032377, -66.222236163345698 ], [ 110.615054431965262, -66.222151177828579 ], [ 110.615111303180882, -66.22206833435348 ], [ 110.615084634757736, -66.221994273250658 ], [ 110.61500248744629, -66.221915553206458 ], [ 110.614808686194593, -66.221870249017741 ], [ 110.614532095018845, -66.221835922794384 ], [ 110.614198739729574, -66.221830567689324 ], [ 110.613851568269283, -66.221867839220465 ], [ 110.613627885531415, -66.221963749151882 ], [ 110.613515696080654, -66.222030741516036 ], [ 110.61334775998634, -66.22211331723588 ], [ 110.613194764635097, -66.222169010328386 ], [ 110.613110100424279, -66.222254049396554 ] ], [ [ 110.623853726376623, -66.222556345076541 ], [ 110.624287329232388, -66.222543921232827 ], [ 110.624732124257719, -66.222527052651927 ], [ 110.625032492099876, -66.22250536447649 ], [ 110.625177454793544, -66.222474304867205 ], [ 110.625278452074753, -66.222407258951989 ], [ 110.625301425475413, -66.222357991985547 ], [ 110.625258370430828, -66.222263688585656 ], [ 110.62510483956909, -66.222124241650192 ], [ 110.624950719645796, -66.222025172206799 ], [ 110.624774429587603, -66.221921604475156 ], [ 110.624619667051704, -66.221867357261019 ], [ 110.62441992163339, -66.221848935699654 ], [ 110.624230939976229, -66.221852952028428 ], [ 110.623908241346015, -66.221879084941065 ], [ 110.623585328511595, -66.22192315745562 ], [ 110.622972972249315, -66.221997968273143 ], [ 110.6227612313957, -66.222037810254704 ], [ 110.622627032463186, -66.222091307754141 ], [ 110.622548258867923, -66.222158407220391 ], [ 110.622545902621695, -66.222315418900422 ], [ 110.622600310488991, -66.222393603434114 ], [ 110.622721442965187, -66.222468360700603 ], [ 110.622765622581838, -66.222486407404602 ], [ 110.62295406872849, -66.22251827027965 ], [ 110.62335377376931, -66.222546116825896 ], [ 110.623853726376623, -66.222556345076541 ] ], [ [ 110.599867568252151, -66.22244249554322 ], [ 110.600073793347562, -66.222532729063275 ], [ 110.600183680103157, -66.222611502658538 ], [ 110.600349581257561, -66.222663500728558 ], [ 110.600501505587786, -66.222719997086827 ], [ 110.600832772386084, -66.222810551913199 ], [ 110.600998673540474, -66.222860300839088 ], [ 110.601233976856307, -66.222917011401549 ], [ 110.601413908385936, -66.222957817302017 ], [ 110.601704583487958, -66.222981004906885 ], [ 110.601996329610998, -66.222981754621586 ], [ 110.602205071605781, -66.222915030012686 ], [ 110.602262692536115, -66.222785061613166 ], [ 110.602292413369128, -66.22266178709495 ], [ 110.602210533812936, -66.222567376592934 ], [ 110.602087419947878, -66.222488549446638 ], [ 110.601949472441831, -66.222427661902231 ], [ 110.601797655213701, -66.222364471662658 ], [ 110.601562405448931, -66.222307761100197 ], [ 110.601285332313722, -66.222302566648295 ], [ 110.601103526497326, -66.222380590528857 ], [ 110.600866830854187, -66.222413631527004 ], [ 110.600659159880408, -66.222413096016496 ], [ 110.600451114049278, -66.222390176166897 ], [ 110.600256991491278, -66.222367202766236 ], [ 110.600132645952044, -66.222326503967864 ], [ 110.599953089279779, -66.222303637669313 ], [ 110.599855412163691, -66.222332555236562 ], [ 110.599867568252151, -66.22244249554322 ] ], [ [ 110.619709999641202, -66.223553251432349 ], [ 110.619808212267799, -66.223490703805396 ], [ 110.619823099459836, -66.223423443685988 ], [ 110.619811746637126, -66.223255239836419 ], [ 110.619730509693539, -66.2231159535541 ], [ 110.619510093569744, -66.222992036423278 ], [ 110.619041414775907, -66.22279352267914 ], [ 110.618750793224933, -66.22272106810783 ], [ 110.618237667059191, -66.222708590713069 ], [ 110.617849475494239, -66.222700879361796 ], [ 110.61741817533364, -66.222744684121096 ], [ 110.616959831892544, -66.2227839370411 ], [ 110.616516268541375, -66.222764872867131 ], [ 110.616169686142655, -66.222719193821064 ], [ 110.61587847553011, -66.222729689826963 ], [ 110.615599260352894, -66.22281869167287 ], [ 110.615513257365819, -66.222993428750598 ], [ 110.61559374459469, -66.223184284694526 ], [ 110.615646385277316, -66.223375033536342 ], [ 110.615755897175561, -66.223480743310006 ], [ 110.615781922986088, -66.223597431049001 ], [ 110.615696027101109, -66.223765420694377 ], [ 110.615763929833136, -66.223866525077682 ], [ 110.616235928792094, -66.223845265310644 ], [ 110.616500738736747, -66.223789839973392 ], [ 110.616820224303936, -66.223745767458851 ], [ 110.617195295861521, -66.223746677826711 ], [ 110.617555962186529, -66.223736396025018 ], [ 110.617930819539922, -66.223755245994781 ], [ 110.618221494641944, -66.2237783800486 ], [ 110.618582535824316, -66.223790482585997 ], [ 110.618901646534155, -66.223773346249843 ], [ 110.619180326200862, -66.223717920912591 ], [ 110.619402884366679, -66.223651196303692 ], [ 110.619709999641202, -66.223553251432349 ] ], [ [ 110.580091807920951, -66.224899953249931 ], [ 110.580104071111506, -66.224998701387022 ], [ 110.580240251432897, -66.225162781805707 ], [ 110.580154355547918, -66.225317330137415 ], [ 110.579751116137771, -66.225379020947571 ], [ 110.579208965302669, -66.225438141307308 ], [ 110.579014521438353, -66.22543310750855 ], [ 110.578793569804063, -66.225354012606985 ], [ 110.578504876090904, -66.225211941670054 ], [ 110.578130393594861, -66.225172795852146 ], [ 110.577796556346144, -66.225239145603695 ], [ 110.577435782919039, -66.225208996362284 ], [ 110.577201336420018, -66.225147841062622 ], [ 110.576981027398318, -66.225030564262056 ], [ 110.576662237994796, -66.224984831664955 ], [ 110.576080459382325, -66.224920463302269 ], [ 110.575495789013146, -66.225030992670469 ], [ 110.575328388429327, -66.225070941754126 ], [ 110.575105241201967, -66.22516449543933 ], [ 110.575032947283816, -66.22533253863574 ], [ 110.575128214602628, -66.225449440578956 ], [ 110.575236816133, -66.225561844233923 ], [ 110.575402395981101, -66.225629586312778 ], [ 110.575652265182654, -66.225641528197031 ], [ 110.576054487122846, -66.225642599218048 ], [ 110.576443535504609, -66.225639171950817 ], [ 110.576845864546897, -66.225633549090517 ], [ 110.577261688453916, -66.225652613264486 ], [ 110.577538975793317, -66.225687046589954 ], [ 110.577884969130494, -66.225766462797822 ], [ 110.577979004775145, -66.225916994800727 ], [ 110.577961761336894, -66.22611882871 ], [ 110.57771012495067, -66.226252706336211 ], [ 110.577320112649986, -66.226312201553299 ], [ 110.576834351071042, -66.226322054946593 ], [ 110.576279080228574, -66.226331801237777 ], [ 110.575847940721133, -66.226359754886133 ], [ 110.57560969209753, -66.226520568690731 ], [ 110.575717758117406, -66.22670703344852 ], [ 110.576034351927859, -66.226842464055196 ], [ 110.576823694411999, -66.226956795547977 ], [ 110.577294943656256, -66.22698496340054 ], [ 110.577684045589081, -66.226981536133309 ], [ 110.578142335479129, -66.226953636036001 ], [ 110.578518799364033, -66.226876147665948 ], [ 110.578811562957029, -66.226776060752599 ], [ 110.579021643728069, -66.226675652532933 ], [ 110.579327206022143, -66.226638381001806 ], [ 110.579827533486807, -66.226633025896746 ], [ 110.580075421299497, -66.226723366518911 ], [ 110.580434963052454, -66.226825274167993 ], [ 110.580905998092518, -66.226866936885273 ], [ 110.581240745709081, -66.226789341413109 ], [ 110.581590112762441, -66.226626546219649 ], [ 110.58189797775168, -66.226492829246581 ], [ 110.582274173881331, -66.226388404698142 ], [ 110.582847277223607, -66.226303847589435 ], [ 110.583184166882205, -66.226224859789966 ], [ 110.583618519452685, -66.22617221910734 ], [ 110.584107922503065, -66.226151119993446 ], [ 110.584574459254881, -66.226170291269511 ], [ 110.584940320031791, -66.226225127545206 ], [ 110.585162289136051, -66.226248154496915 ], [ 110.585595302930258, -66.226276215247381 ], [ 110.585873179331216, -66.226276964962082 ], [ 110.586573252214208, -66.226287782274284 ], [ 110.587317451162775, -66.226321144578733 ], [ 110.588127625005555, -66.226395098579445 ], [ 110.588571670316171, -66.226432155906394 ], [ 110.58903809996589, -66.226455825470708 ], [ 110.589560811769658, -66.226439278196096 ], [ 110.590173007378795, -66.226387065921884 ], [ 110.590596060677626, -66.226343314713631 ], [ 110.590996515433147, -66.226324196988614 ], [ 110.591196421504605, -66.22633592466866 ], [ 110.59139643467816, -66.226340958467404 ], [ 110.591608014878631, -66.226314557799526 ], [ 110.591831269208086, -66.226256829767095 ], [ 110.592311086620427, -66.226141480804358 ], [ 110.592444803593494, -66.226119417771557 ], [ 110.592523362984551, -66.226074756195459 ], [ 110.592613221647269, -66.226016653305678 ], [ 110.592691673936216, -66.225976490017814 ], [ 110.592858592560574, -66.225963477112543 ], [ 110.593446743748046, -66.226023347186995 ], [ 110.593824332205017, -66.226042304258868 ], [ 110.594202081315132, -66.226052211203196 ], [ 110.594357486463636, -66.226066080925278 ], [ 110.594690788201845, -66.226075934318573 ], [ 110.595112502724405, -66.226117436382694 ], [ 110.595367459275764, -66.226158456487354 ], [ 110.595601959325833, -66.22622411007525 ], [ 110.595765771989264, -66.226276108145271 ], [ 110.596020835642719, -66.226312683512759 ], [ 110.596587673512104, -66.226314129391113 ], [ 110.597087358364163, -66.226346849082972 ], [ 110.597242924165826, -66.226347223940323 ], [ 110.597665227749943, -66.226352846800623 ], [ 110.598298147615608, -66.226394830824205 ], [ 110.598564724744918, -66.226404523564341 ], [ 110.599009626872345, -66.226387708534489 ], [ 110.599588353074921, -66.2263398874464 ], [ 110.600312738134832, -66.226220629256972 ], [ 110.600821794420725, -66.226100835557048 ], [ 110.601350611044268, -66.225958603966959 ], [ 110.601963770572311, -66.22584357631051 ], [ 110.602320099262229, -66.225799610898065 ], [ 110.602776300661304, -66.225769408105592 ], [ 110.603443600301389, -66.225744185560814 ], [ 110.604343900562128, -66.225746488255993 ], [ 110.604714848688829, -66.2257474521749 ], [ 110.604922573213656, -66.225745738541278 ], [ 110.60528398925338, -66.225735403188537 ], [ 110.605630946509464, -66.225713875666244 ], [ 110.605923228142998, -66.225680995321241 ], [ 110.606235216563121, -66.225587548738147 ], [ 110.606243624078047, -66.225583104000961 ], [ 110.606384249136624, -66.225475787695785 ], [ 110.606410382049262, -66.225446709475378 ], [ 110.606539868489335, -66.225296766534029 ], [ 110.606568678954488, -66.225274435745973 ], [ 110.606764729350317, -66.225131347339072 ], [ 110.607085982102163, -66.224975192475867 ], [ 110.607324070072622, -66.224852453468145 ], [ 110.607534204394724, -66.224740799527893 ], [ 110.607854279023471, -66.224663150504696 ], [ 110.608258161046223, -66.22460135259243 ], [ 110.608688818594203, -66.224557601384191 ], [ 110.608980993125655, -66.224531414920506 ], [ 110.609383482821087, -66.224509994500309 ], [ 110.609799842238601, -66.224493072368347 ], [ 110.610300169703279, -66.224483111872956 ], [ 110.610647126959364, -66.224461584350678 ], [ 110.610939997654469, -66.224390522106674 ], [ 110.611203683027043, -66.224362032947823 ], [ 110.611440699976498, -66.224306554059524 ], [ 110.611552942978307, -66.224235063407122 ], [ 110.611554870816121, -66.224111735337857 ], [ 110.61105652474032, -66.224038691705005 ], [ 110.610584900638699, -66.223992637801587 ], [ 110.610154510845959, -66.224018502958955 ], [ 110.609696488711165, -66.224035264437759 ], [ 110.609071173094662, -66.224044903626847 ], [ 110.608711256484369, -66.22400366931798 ], [ 110.608405426435041, -66.224016307365901 ], [ 110.608210821917595, -66.22406744861911 ], [ 110.607820595412704, -66.224149435277397 ], [ 110.607417570206763, -66.224199987469049 ], [ 110.607098673701131, -66.22415880671123 ], [ 110.606767246249689, -66.224074999317224 ], [ 110.60635061907692, -66.224067180863855 ], [ 110.605851791041658, -66.224027820841741 ], [ 110.605213408968837, -66.22402616075918 ], [ 110.604768239086155, -66.224108040315372 ], [ 110.604060133545616, -66.224126408325688 ], [ 110.603768387422576, -66.224125658610987 ], [ 110.603477765871588, -66.224098026268933 ], [ 110.603034041867289, -66.224045278484198 ], [ 110.602646171608626, -66.224017378386904 ], [ 110.602119122169753, -66.223959971660776 ], [ 110.601675826573853, -66.223925163477972 ], [ 110.601495573737921, -66.223902297179421 ], [ 110.601205005737995, -66.223872362142188 ], [ 110.600997013457913, -66.223844944004341 ], [ 110.600734238453185, -66.223815116069233 ], [ 110.600512376451036, -66.223787590829275 ], [ 110.600235035560573, -66.223757762894152 ], [ 110.600000053551057, -66.223723490221843 ], [ 110.599792061270975, -66.223700516821197 ], [ 110.599653738907563, -66.223662067166941 ], [ 110.599557400567747, -66.223605731461831 ], [ 110.599558792895067, -66.22351603345227 ], [ 110.599573840740248, -66.223442025900496 ], [ 110.599631461670569, -66.223314360196142 ], [ 110.599743811774488, -66.223236122111388 ], [ 110.599939005353505, -66.223191781841592 ], [ 110.600051890967919, -66.223084411985369 ], [ 110.59988625756877, -66.223016723457562 ], [ 110.599595154058335, -66.222975596250791 ], [ 110.599137881638256, -66.222945232805159 ], [ 110.598930799726034, -66.222861693166408 ], [ 110.598793441281543, -66.222764926418179 ], [ 110.598434970549604, -66.222636136141773 ], [ 110.598115484982415, -66.22263533287601 ], [ 110.59775422959585, -66.222683743025641 ], [ 110.597432923292942, -66.222795022108556 ], [ 110.597112848664196, -66.222872724682802 ], [ 110.596600365111058, -66.222822011837991 ], [ 110.596363562365823, -66.222859551124387 ], [ 110.596167833276297, -66.222937521453886 ], [ 110.595999522324632, -66.223038036775648 ], [ 110.596095539358146, -66.223116756819863 ], [ 110.596303370985083, -66.223150975941124 ], [ 110.596412936434362, -66.22324768913829 ], [ 110.596454010090085, -66.223285924588339 ], [ 110.596299836615742, -66.2233707494523 ], [ 110.596118834065109, -66.223397203671254 ], [ 110.59585520224357, -66.223418945397739 ], [ 110.5956319479141, -66.223481171718404 ], [ 110.595339184321105, -66.223543183834863 ], [ 110.595117857829464, -66.22352690431552 ], [ 110.594799389732231, -66.223463285667549 ], [ 110.594509250140703, -66.223406468002977 ], [ 110.594175894851446, -66.223401112897932 ], [ 110.593662340277305, -66.22341546457946 ], [ 110.593342640505909, -66.223425853483263 ], [ 110.593009392318748, -66.223458573175094 ], [ 110.592758826953528, -66.223491560622193 ], [ 110.592384076702245, -66.223513034593438 ], [ 110.592036851690906, -66.223507625937344 ], [ 110.59174617658887, -66.223484438332491 ], [ 110.591538666268249, -66.223427834872126 ], [ 110.591373086420148, -66.223360092793257 ], [ 110.591207185265745, -66.223308094723237 ], [ 110.590861888092235, -66.223226429371252 ], [ 110.590502774747677, -66.223097639094846 ], [ 110.590155763940544, -66.223123611354325 ], [ 110.589915480377016, -66.223376425863663 ], [ 110.589746419710636, -66.223521763414681 ], [ 110.589191095317119, -66.223540506282347 ], [ 110.588858489742563, -66.22353509762624 ], [ 110.588594268859481, -66.223550145471421 ], [ 110.588288063952803, -66.223627794494632 ], [ 110.588077501222301, -66.223761832773988 ], [ 110.588020844210888, -66.223828932240252 ], [ 110.587852533259223, -66.223924949273766 ], [ 110.587712818568505, -66.223973948484968 ], [ 110.587490956566356, -66.223991299025315 ], [ 110.587254796433712, -66.22399065641271 ], [ 110.586991378816379, -66.223956330189353 ], [ 110.586812143450416, -66.223915470737836 ], [ 110.586493621802134, -66.22385404768292 ], [ 110.586272241759431, -66.223797390671507 ], [ 110.58599650740048, -66.22371144123548 ], [ 110.585720023326843, -66.223627687392536 ], [ 110.585596748808626, -66.223519728474756 ], [ 110.585627594213705, -66.223333638574317 ], [ 110.58562898654101, -66.223248385301957 ], [ 110.585852401523638, -66.223177215955857 ], [ 110.58622806214278, -66.223144603366109 ], [ 110.586547708363128, -66.22309383697025 ], [ 110.586618824158165, -66.222993107444296 ], [ 110.58646689982794, -66.222938913781206 ], [ 110.586273152127291, -66.222893502490393 ], [ 110.585955273091614, -66.222836577723726 ], [ 110.585664383785385, -66.222784204796355 ], [ 110.585193777153734, -66.222722406884088 ], [ 110.584792358479305, -66.222676460082781 ], [ 110.584472658707909, -66.222686848986569 ], [ 110.584386816373978, -66.222836899030028 ], [ 110.584287211420076, -66.22298239723419 ], [ 110.5840232047412, -66.223026576850842 ], [ 110.583495619791819, -66.22300719137057 ], [ 110.583092219728528, -66.223080127901326 ], [ 110.582826927824428, -66.223162382314868 ], [ 110.582809684386177, -66.223364216224155 ], [ 110.582251468235924, -66.223560105966811 ], [ 110.581377033132568, -66.223595878068551 ], [ 110.580488246347684, -66.223615906161427 ], [ 110.579850988846928, -66.223549128001466 ], [ 110.579548050554337, -66.223386814767451 ], [ 110.579090135521639, -66.223396775262842 ], [ 110.578616637133265, -66.223507625937344 ], [ 110.578226678383643, -66.223567121154431 ], [ 110.578155509037543, -66.223667850680386 ], [ 110.578319321700974, -66.223843283921781 ], [ 110.577983074654981, -66.22401057740349 ], [ 110.578425674087242, -66.224128389714565 ], [ 110.578799032011204, -66.224192222566728 ], [ 110.579118303374202, -66.22420876984134 ], [ 110.579562348684817, -66.224198755794902 ], [ 110.580061123169017, -66.224240472063215 ], [ 110.5803511021074, -66.224346663796325 ], [ 110.580571518231181, -66.224459442308643 ], [ 110.580652166113211, -66.224621112930066 ], [ 110.58033155597397, -66.224687569783711 ], [ 110.580091807920951, -66.224899953249931 ] ], [ [ 110.551299710770778, -66.224054542815935 ], [ 110.55131957821051, -66.224189170156848 ], [ 110.551396102661641, -66.224261196319759 ], [ 110.551462505964253, -66.224274798286586 ], [ 110.551840255074367, -66.224284865884073 ], [ 110.552030039997277, -66.224236080877077 ], [ 110.552075129981787, -66.224200308775352 ], [ 110.552076575860156, -66.224119607342274 ], [ 110.552021900237605, -66.224070072620577 ], [ 110.551900339353011, -66.224029373822219 ], [ 110.551789435127461, -66.224015611202233 ], [ 110.55163381577475, -66.224017806795302 ], [ 110.551444834117589, -66.224020859205183 ], [ 110.551299710770778, -66.224054542815935 ] ], [ [ 110.56617667455474, -66.223702123352695 ], [ 110.566332829417945, -66.22367117084552 ], [ 110.566389165123056, -66.223626455718374 ], [ 110.566357195145912, -66.223545647183187 ], [ 110.566313390386625, -66.223509607326207 ], [ 110.566235902016572, -66.223491453520097 ], [ 110.565891461659859, -66.223485991312941 ], [ 110.565779539964339, -66.223530545786957 ], [ 110.565722990055036, -66.223588702227772 ], [ 110.565744249822075, -66.223642574584559 ], [ 110.565810492471527, -66.223669671416104 ], [ 110.565976661381171, -66.223701534291152 ], [ 110.56617667455474, -66.223702123352695 ] ], [ [ 110.564821243915929, -66.223675883337961 ], [ 110.565055047802346, -66.223649643323228 ], [ 110.565189032530654, -66.223614138976757 ], [ 110.565267913228027, -66.223551537798741 ], [ 110.565235568393533, -66.223493113602672 ], [ 110.565202580946433, -66.223475120449706 ], [ 110.564980986699524, -66.223434100345031 ], [ 110.564836666618476, -66.223424728911198 ], [ 110.564736579705112, -66.223428959444178 ], [ 110.564635850179158, -66.223469015629945 ], [ 110.564590492439393, -66.223522727333574 ], [ 110.564642008549967, -66.22362875841354 ], [ 110.564699308173985, -66.223657622429755 ], [ 110.564821243915929, -66.223675883337961 ] ], [ [ 110.55617489130475, -66.223651410507898 ], [ 110.556308394073611, -66.223642788788766 ], [ 110.556397610123724, -66.223625116942102 ], [ 110.556476169514781, -66.223580508917053 ], [ 110.556508514349275, -66.223513302348692 ], [ 110.556456248524, -66.223450326313326 ], [ 110.556434239042247, -66.223436831448609 ], [ 110.556123964255747, -66.223386600563245 ], [ 110.555868365091783, -66.223385850848544 ], [ 110.555745840288282, -66.223398970855911 ], [ 110.555667655754576, -66.223421194541856 ], [ 110.555600020777803, -66.223474799143389 ], [ 110.555619138502834, -66.22352690431552 ], [ 110.55568736254115, -66.223564764908218 ], [ 110.555986230953906, -66.223632935395472 ], [ 110.55617489130475, -66.223651410507898 ] ], [ [ 110.575537505281474, -66.223539595914488 ], [ 110.575726808244937, -66.223517693534831 ], [ 110.575811847313105, -66.223484759638779 ], [ 110.575850404069456, -66.223437313408056 ], [ 110.575840122267763, -66.223387939339517 ], [ 110.575784964685766, -66.223365340796207 ], [ 110.575662868290649, -66.223356022913421 ], [ 110.575529258419692, -66.223369142920788 ], [ 110.575451180988097, -66.223386868318499 ], [ 110.57540587679938, -66.223436081733894 ], [ 110.575413855905907, -66.223489954090681 ], [ 110.575495414155796, -66.223532312971614 ], [ 110.575537505281474, -66.223539595914488 ] ], [ [ 110.560892631750306, -66.223341831885051 ], [ 110.561048358205113, -66.223333317268015 ], [ 110.561104104848667, -66.22332448134469 ], [ 110.561160279900633, -66.223288762794013 ], [ 110.561117706815494, -66.223181018080439 ], [ 110.561073794954098, -66.223149476511708 ], [ 110.560985060863445, -66.223140265731018 ], [ 110.560584177699525, -66.223183963388223 ], [ 110.560461331589707, -66.223219521285742 ], [ 110.5604386259443, -66.223246350362032 ], [ 110.560471238534049, -66.223286834956198 ], [ 110.560570629283745, -66.223322981915274 ], [ 110.560626054620997, -66.223332139144901 ], [ 110.560892631750306, -66.223341831885051 ] ], [ [ 110.550513099390216, -66.223289673161872 ], [ 110.550542820223228, -66.223242226931148 ], [ 110.550514920125934, -66.223186533838643 ], [ 110.55041665394829, -66.223087571497345 ], [ 110.55013883109838, -66.223086768231582 ], [ 110.549949528134917, -66.223108617060191 ], [ 110.549870861641764, -66.223157723373475 ], [ 110.549869469314444, -66.223233980069367 ], [ 110.549968538757838, -66.223288120181408 ], [ 110.550134707667496, -66.223319983056456 ], [ 110.550356944526996, -66.223320625669061 ], [ 110.550513099390216, -66.223289673161872 ] ], [ [ 110.569620328407169, -66.223150975941124 ], [ 110.56998742085824, -66.223134053809162 ], [ 110.570210139677201, -66.22310776024338 ], [ 110.570366401642517, -66.223067811159723 ], [ 110.570411920035426, -66.223005156430645 ], [ 110.570368222378235, -66.222960173548245 ], [ 110.570246661493641, -66.222919474749872 ], [ 110.570117924768269, -66.222907425763509 ], [ 110.569979923711173, -66.222918725035171 ], [ 110.56973476700206, -66.222958406363574 ], [ 110.569544767874945, -66.223020686235287 ], [ 110.569466154932826, -66.223069846099634 ], [ 110.569476543836629, -66.223110223591704 ], [ 110.569553764451413, -66.223146316999731 ], [ 110.569620328407169, -66.223150975941124 ] ], [ [ 110.606800340798884, -66.223736396025018 ], [ 110.606952532884364, -66.223774899230307 ], [ 110.607160203858143, -66.223775434740816 ], [ 110.607396578194979, -66.22376483163282 ], [ 110.607591932427141, -66.223709245642425 ], [ 110.607703586367407, -66.223631007557657 ], [ 110.607732985894117, -66.223525672641358 ], [ 110.607651588297387, -66.223446952597143 ], [ 110.607318447212322, -66.223428209729477 ], [ 110.607095032229694, -66.223501628219694 ], [ 110.606956013702643, -66.223550627430882 ], [ 110.606843931353978, -66.223613175057849 ], [ 110.606800340798884, -66.223736396025018 ] ], [ [ 110.612472521617221, -66.223945619979247 ], [ 110.612533569814772, -66.223937962179036 ], [ 110.612533569814772, -66.223907491631309 ], [ 110.612487783666609, -66.223884571781696 ], [ 110.612190254030125, -66.223876967532533 ], [ 110.612098681733784, -66.223884571781696 ], [ 110.612098681733784, -66.223915095880471 ], [ 110.612228382378063, -66.223937962179036 ], [ 110.612297034824778, -66.223945619979247 ], [ 110.612472521617221, -66.223945619979247 ] ], [ [ 110.615113873631302, -66.224636428530502 ], [ 110.615001148670032, -66.224737104505408 ], [ 110.615110017955672, -66.224887636508328 ], [ 110.615232703412332, -66.224995595426094 ], [ 110.615439571120348, -66.225097021115715 ], [ 110.615716215847144, -66.225176223119377 ], [ 110.616034148433869, -66.22523759262323 ], [ 110.616353044939501, -66.22528321811825 ], [ 110.616699413134043, -66.225299765392847 ], [ 110.616907458965173, -66.225322738793508 ], [ 110.617102331237888, -66.225300782862803 ], [ 110.617379565026241, -66.225296980738221 ], [ 110.617587932163673, -66.225297462697682 ], [ 110.617935639134458, -66.225271436887141 ], [ 110.61819921740495, -66.225254139897828 ], [ 110.618588694195125, -66.225221473757045 ], [ 110.618922049484382, -66.225184148674856 ], [ 110.619061978379293, -66.22511720986175 ], [ 110.619492743029397, -66.225066657670084 ], [ 110.619689007629418, -66.224950505441598 ], [ 110.61967642313256, -66.224860753880975 ], [ 110.619358972505282, -66.224770306156714 ], [ 110.619040290203856, -66.224713434941094 ], [ 110.618665700605717, -66.224723716742787 ], [ 110.618442553378344, -66.224779249182149 ], [ 110.618261872134013, -66.224783265510922 ], [ 110.617999043578237, -66.224755740270979 ], [ 110.617833088872786, -66.224703742200958 ], [ 110.617611762381131, -66.224642640452359 ], [ 110.617362803547437, -66.22456799028798 ], [ 110.617128357048415, -66.224500141107015 ], [ 110.61686510008424, -66.224450124425857 ], [ 110.616574692737458, -66.224409050770149 ], [ 110.616255314272379, -66.224397055334833 ], [ 110.615783743721806, -66.224391378923485 ], [ 110.615435608342608, -66.22444659005653 ], [ 110.615226652143619, -66.224529058674278 ], [ 110.615113873631302, -66.224636428530502 ] ], [ [ 110.614255878700448, -66.225367721675909 ], [ 110.614296631049868, -66.22542839501611 ], [ 110.614393290695986, -66.225468986712372 ], [ 110.614558816993039, -66.225503045180488 ], [ 110.614739230482115, -66.225514719309487 ], [ 110.615045006980381, -66.225508775142885 ], [ 110.615322240768734, -66.225504973018303 ], [ 110.615627963715951, -66.225498975300653 ], [ 110.615892452354288, -66.225465987853553 ], [ 110.616086574912302, -66.225444031922848 ], [ 110.616309240180215, -66.225422183094253 ], [ 110.616628457992149, -66.225396050181615 ], [ 110.616532708713876, -66.225344212764753 ], [ 110.616186072764094, -66.225298533718686 ], [ 110.615811697370162, -66.225293071511544 ], [ 110.615492265354021, -66.225285574364477 ], [ 110.615242235499309, -66.225284931751872 ], [ 110.614937315817855, -66.225279737299971 ], [ 110.614715186060451, -66.225267956068862 ], [ 110.614493216956191, -66.225294303185706 ], [ 110.614255878700448, -66.225367721675909 ] ], [ [ 110.611113985017482, -66.225124439253563 ], [ 110.611033444237563, -66.225130918930674 ], [ 110.610666673092794, -66.225130008562815 ], [ 110.610300276805376, -66.225106660304803 ], [ 110.610000069616362, -66.225114853615523 ], [ 110.609421343413786, -66.225162728254659 ], [ 110.609287626440718, -66.225184844838509 ], [ 110.609053394145903, -66.225238074582691 ], [ 110.608941365348286, -66.22529612392141 ], [ 110.608873409065225, -66.225376664701344 ], [ 110.6088151455223, -66.225551508881182 ], [ 110.608702848969443, -66.22562299953357 ], [ 110.608477666802145, -66.225810803067617 ], [ 110.608421491750192, -66.225851019906528 ], [ 110.608298645640389, -66.22588663135511 ], [ 110.608253984064277, -66.225899965566668 ], [ 110.608063128120349, -66.226020616083417 ], [ 110.607659728057058, -66.22623037554817 ], [ 110.607603820760346, -66.226252706336211 ], [ 110.607458858066693, -66.226283712394448 ], [ 110.60708003793556, -66.226341065569514 ], [ 110.60681271109155, -66.22637630216073 ], [ 110.606578746551975, -66.226411592303009 ], [ 110.606482836620557, -66.226431084885377 ], [ 110.606366577289961, -66.22647381862366 ], [ 110.606265740661897, -66.226527423225193 ], [ 110.606197570174629, -66.226621458869843 ], [ 110.606185253433026, -66.226697662014686 ], [ 110.606184289514118, -66.226760477396908 ], [ 110.6063154895878, -66.226899870781324 ], [ 110.606442619781646, -66.227016826275573 ], [ 110.606545062941223, -66.227147169532458 ], [ 110.606565626544608, -66.22725486069497 ], [ 110.606552988496702, -66.227353501729965 ], [ 110.606462915629791, -66.227425045933416 ], [ 110.606295354392813, -66.227478489881804 ], [ 110.605994986550655, -66.227495626217944 ], [ 110.605872783053442, -66.227490860174456 ], [ 110.60568396204944, -66.227481381638526 ], [ 110.605528396247792, -66.227476508492927 ], [ 110.605161410898816, -66.227489039438737 ], [ 110.604984264023813, -66.227443735250034 ], [ 110.604884819723068, -66.22740309000271 ], [ 110.604785214769166, -66.227375939620117 ], [ 110.60458563000401, -66.227344023194036 ], [ 110.604386741402507, -66.227267284538684 ], [ 110.604154329843411, -66.227203880094919 ], [ 110.603972524027014, -66.227171106852012 ], [ 110.60359911255199, -66.22716655501273 ], [ 110.602822193911564, -66.22709281521621 ], [ 110.602633158703355, -66.227096831544998 ], [ 110.601798886887863, -66.227135066995046 ], [ 110.601465370945448, -66.227138654915422 ], [ 110.601009919261088, -66.227119537190404 ], [ 110.600698734106714, -66.227118733924641 ], [ 110.600209277505286, -66.227139940140631 ], [ 110.599926420856633, -66.227172392077222 ], [ 110.599741401977212, -66.227206022136926 ], [ 110.599573626536042, -66.227270176295406 ], [ 110.599472575703786, -66.227335401474903 ], [ 110.599470915621211, -66.227438540798133 ], [ 110.599480287055044, -66.227550730248907 ], [ 110.599446067933798, -66.227604495503584 ], [ 110.599239949940483, -66.227704421763789 ], [ 110.598954040881949, -66.227788925321448 ], [ 110.598775715883832, -66.227818057092918 ], [ 110.598519848964614, -66.227830855793982 ], [ 110.598197632293861, -66.22782105595175 ], [ 110.597597432120025, -66.227819502971272 ], [ 110.597185838746, -66.227836371552186 ], [ 110.596417541824707, -66.227919589884635 ], [ 110.595415494568044, -66.228020158757445 ], [ 110.595058898122872, -66.228075316339442 ], [ 110.594655498059581, -66.228101181496825 ], [ 110.594210595932154, -66.228162818755933 ], [ 110.593848055320379, -66.228240360677034 ], [ 110.593360740760971, -66.228344517470219 ], [ 110.593068566229533, -66.228411027874927 ], [ 110.592677000948385, -66.22856696853394 ], [ 110.592438698773734, -66.228694205829896 ], [ 110.592173835278047, -66.228789955108155 ], [ 110.591740125320172, -66.228972724843459 ], [ 110.591508409924728, -66.229082022537497 ], [ 110.59141598081159, -66.229169257198734 ], [ 110.591403985376274, -66.229180449368286 ], [ 110.591139068329539, -66.229235821154489 ], [ 110.590722280503613, -66.229272824930376 ], [ 110.590402045221722, -66.229312345605621 ], [ 110.589916230091731, -66.229322306101011 ], [ 110.58962362715188, -66.229370876903801 ], [ 110.589386931508741, -66.22944424184297 ], [ 110.589080673051029, -66.229477068636925 ], [ 110.588774039735952, -66.229577209101322 ], [ 110.588882480613179, -66.229743431562028 ], [ 110.588991885409314, -66.229811012987739 ], [ 110.589144345250048, -66.229833879286289 ], [ 110.589407977071588, -66.229857013340109 ], [ 110.58974068974824, -66.229864617589271 ], [ 110.590004803529226, -66.229858566320559 ], [ 110.59030983031279, -66.229859369586322 ], [ 110.590546043996468, -66.229860012198927 ], [ 110.590989714449734, -66.229879129923944 ], [ 110.591308932261668, -66.229902371079859 ], [ 110.591627989420459, -66.229936857956375 ], [ 110.5918212016106, -66.229975521814822 ], [ 110.592001400895484, -66.230005135545738 ], [ 110.592265139819119, -66.230021522167192 ], [ 110.592514634163322, -66.230017720042611 ], [ 110.592834333934718, -66.230011829427056 ], [ 110.593083667625763, -66.230019165920964 ], [ 110.593361329822528, -66.230035606093466 ], [ 110.593610609962525, -66.230087871918741 ], [ 110.593830383473716, -66.230205041617197 ], [ 110.593940323780359, -66.230279370475273 ], [ 110.594064615768531, -66.230329012299066 ], [ 110.594258309918132, -66.230381117471183 ], [ 110.594451896965637, -66.230397343439492 ], [ 110.594647358299909, -66.230341757449082 ], [ 110.594842819634167, -66.230286225009735 ], [ 110.595093170795181, -66.230271177164553 ], [ 110.595411906647669, -66.230283226150902 ], [ 110.595745208385878, -66.230295275137266 ], [ 110.596091201723056, -66.230341061285429 ], [ 110.596381876825092, -66.230413569407787 ], [ 110.596602078744681, -66.230503856478904 ], [ 110.596725781671296, -66.230589431057581 ], [ 110.596737241596102, -66.230739695305232 ], [ 110.596514040817681, -66.230795227744579 ], [ 110.596346533131765, -66.230884497345741 ], [ 110.59627434631571, -66.231052540542166 ], [ 110.596412026066503, -66.231135865976711 ], [ 110.596604220786702, -66.231237291666332 ], [ 110.596862015543735, -66.231410636416754 ], [ 110.597028773514936, -66.231411118376201 ], [ 110.597306221507495, -66.231443195455441 ], [ 110.597937749045855, -66.23157942932788 ], [ 110.598369798921155, -66.23167475019774 ], [ 110.598802759164329, -66.231716252261862 ], [ 110.599169423206988, -66.231730657494438 ], [ 110.599402905787102, -66.231726748267761 ], [ 110.599648008945167, -66.231696009964779 ], [ 110.599804270910482, -66.231656007330059 ], [ 110.59991190852196, -66.231599778727059 ], [ 110.599952714422429, -66.231548744575946 ], [ 110.599929633919658, -66.231463437752524 ], [ 110.599798380294928, -66.231328542656357 ], [ 110.599743490468185, -66.231283559773942 ], [ 110.599755593005597, -66.231220797942782 ], [ 110.59990783864211, -66.231153912680725 ], [ 110.600057460277171, -66.23111391004602 ], [ 110.60056582039941, -66.23102367652595 ], [ 110.60103824776678, -66.230959415265374 ], [ 110.601516833504959, -66.230924767735701 ], [ 110.602006075902182, -66.230917056384442 ], [ 110.602328292572949, -66.230931354514922 ], [ 110.602628017802516, -66.23095904040801 ], [ 110.602772605638819, -66.230954916977126 ], [ 110.602950662881682, -66.230941904071869 ], [ 110.603151050912587, -66.230924446429398 ], [ 110.603373341323149, -66.230929533779204 ], [ 110.603817440184812, -66.230966537555076 ], [ 110.604050762111768, -66.230976123193116 ], [ 110.604351344158147, -66.230949990280493 ], [ 110.604485221784358, -66.230918930671208 ], [ 110.604608603404671, -66.230847440018806 ], [ 110.604721756774339, -66.230722130560679 ], [ 110.60475736822292, -66.230578667296427 ], [ 110.604777075009494, -66.230312304371324 ], [ 110.604828537569006, -66.230150044688344 ], [ 110.604909881614688, -66.230067683172706 ], [ 110.605084779345574, -66.22997123773078 ], [ 110.605290629583635, -66.229891018257163 ], [ 110.605592121997859, -66.229804801065882 ], [ 110.606127364747451, -66.229698502230661 ], [ 110.606505863572266, -66.229663533394699 ], [ 110.606761676940437, -66.229655232981884 ], [ 110.607072808543748, -66.229664979273068 ], [ 110.607639110902625, -66.229706802643491 ], [ 110.608194917255588, -66.229708194970812 ], [ 110.608985009454443, -66.229656357553935 ], [ 110.60954161907317, -66.229608429363751 ], [ 110.610353988509019, -66.229552147209688 ], [ 110.611578486829387, -66.229443063719856 ], [ 110.612640189956281, -66.229347046686343 ], [ 110.613168845926666, -66.229263132190226 ], [ 110.613656695996582, -66.229163420134228 ], [ 110.614032785024122, -66.22905894203474 ], [ 110.614367907498064, -66.228952107689025 ], [ 110.615288932015332, -66.228604507820336 ], [ 110.615456868109646, -66.228526430388726 ], [ 110.615528037455746, -66.228414455142158 ], [ 110.615724355606815, -66.228298302913657 ], [ 110.615851539351723, -66.228157356548792 ], [ 110.616088877607467, -66.228036813134139 ], [ 110.616382176710971, -66.227936619118694 ], [ 110.616854871833596, -66.227874981859586 ], [ 110.617244402174819, -66.227842315718789 ], [ 110.617870306852879, -66.22775411713863 ], [ 110.617982817609942, -66.22761981110402 ], [ 110.617818844293353, -66.227484862456805 ], [ 110.617500590400326, -66.227394361181481 ], [ 110.617182604262553, -66.227337489965876 ], [ 110.616849463177488, -66.227314248809961 ], [ 110.616545079006542, -66.227275370747307 ], [ 110.61599029012352, -66.227211216588827 ], [ 110.61568703052464, -66.227098277423352 ], [ 110.615354424950084, -66.227041406207746 ], [ 110.614648033043139, -66.226938695292915 ], [ 110.614358161206866, -66.226861742433371 ], [ 110.614011471706036, -66.226816009836256 ], [ 110.613582849097966, -66.226725240805678 ], [ 110.613291852689628, -66.226672921429355 ], [ 110.613043054509077, -66.226634204019859 ], [ 110.612849521012635, -66.226570906678191 ], [ 110.612365687271506, -66.226453040816068 ], [ 110.612200964240216, -66.226322536906054 ], [ 110.612148377108639, -66.226127289775974 ], [ 110.612136488775434, -66.225997160723296 ], [ 110.612290876453983, -66.225896645401548 ], [ 110.61252800050552, -66.225791792444696 ], [ 110.612695722395642, -66.225724960733686 ], [ 110.612905053451982, -66.225664930006104 ], [ 110.613184375731308, -66.225524304947527 ], [ 110.613463644459586, -66.225435303101619 ], [ 110.613436922485391, -66.225363437591881 ], [ 110.61329918918355, -66.225284610445556 ], [ 110.613064689133481, -66.225221206001791 ], [ 110.612787080487763, -66.225204819380338 ], [ 110.612510168005713, -66.225141361385511 ], [ 110.61224712524573, -66.225124974764071 ], [ 110.611691961505358, -66.225134828157351 ], [ 110.611441985201708, -66.225127438112395 ], [ 110.611113985017482, -66.225124439253563 ] ], [ [ 110.620167432714439, -66.226348991124979 ], [ 110.620345971916763, -66.226488491611491 ], [ 110.620650838047169, -66.226540810987814 ], [ 110.621053381293649, -66.226519390567631 ], [ 110.621415547048073, -66.226457485553269 ], [ 110.621527897151992, -66.22633437168821 ], [ 110.621529878540869, -66.226199797898332 ], [ 110.621434664773105, -66.226065009904261 ], [ 110.620949599357814, -66.226030201721457 ], [ 110.62061656537486, -66.226047338057612 ], [ 110.620308968140876, -66.226174414700409 ], [ 110.620167432714439, -66.226348991124979 ] ], [ [ 110.615234470596988, -66.226612730048615 ], [ 110.6153571025026, -66.226590613464765 ], [ 110.615513418018963, -66.226546112541826 ], [ 110.615569378866724, -66.226519337016583 ], [ 110.615547637140224, -66.226487902549934 ], [ 110.615514489039981, -66.226474354134169 ], [ 110.615458956600619, -66.226469748743824 ], [ 110.615403317059176, -66.226474086378914 ], [ 110.615257551099745, -66.226558964793938 ], [ 110.615212407564186, -66.226603679921084 ], [ 110.615234470596988, -66.226612730048615 ] ], [ [ 110.617314072091489, -66.22686907892728 ], [ 110.617396326505045, -66.226941051539143 ], [ 110.61759018130779, -66.226986355727846 ], [ 110.617909184915533, -66.227020789053313 ], [ 110.618214265250131, -66.227014844886696 ], [ 110.618658364111795, -66.227004723738162 ], [ 110.618937150880626, -66.226944853663724 ], [ 110.619049875841895, -66.22683967940057 ], [ 110.619093198641735, -66.226732148891202 ], [ 110.618956375707739, -66.226592755506786 ], [ 110.618706934914584, -66.226547290664925 ], [ 110.618165533794198, -66.226561642346454 ], [ 110.6178181481297, -66.226612355191264 ], [ 110.617538879401422, -66.22670141058822 ], [ 110.617314072091489, -66.22686907892728 ] ], [ [ 110.619145250262804, -66.227887352152237 ], [ 110.61908784353669, -66.228010573119406 ], [ 110.619128274579793, -66.22809363079871 ], [ 110.619265686575346, -66.228194895835173 ], [ 110.619514217000642, -66.228251606397635 ], [ 110.619875097529857, -66.228279399392846 ], [ 110.620277747878447, -66.228253480684401 ], [ 110.620390687043908, -66.228134865107577 ], [ 110.620350630858155, -66.228024871249886 ], [ 110.620157847076413, -66.227912253390713 ], [ 110.61985367710966, -66.227855435726156 ], [ 110.619589938186024, -66.227836853511633 ], [ 110.619145250262804, -66.227887352152237 ] ], [ [ 110.634554672141732, -66.22803204709065 ], [ 110.634665897673585, -66.22802781655767 ], [ 110.634766359444285, -66.228001148134524 ], [ 110.634822480945203, -66.227960931295613 ], [ 110.634823016455698, -66.227925052091791 ], [ 110.634778997492205, -66.227893510523046 ], [ 110.634712326434354, -66.22789340342095 ], [ 110.634489607615393, -66.227919750537779 ], [ 110.634444678284027, -66.227951077902318 ], [ 110.634455120738878, -66.228000451970871 ], [ 110.634554672141732, -66.22803204709065 ] ], [ [ 110.63082923266164, -66.228902465865218 ], [ 110.631140739122316, -66.228885222426968 ], [ 110.631296733332363, -66.22885871465698 ], [ 110.631471202654851, -66.228787331106673 ], [ 110.631487482174194, -66.228738064140231 ], [ 110.631411064825159, -66.22864365363823 ], [ 110.631412778458767, -66.228527019450269 ], [ 110.631357727978866, -66.228491033144351 ], [ 110.631246930855426, -66.22846382921071 ], [ 110.631013716030566, -66.228449852386532 ], [ 110.629735452455506, -66.228442301688403 ], [ 110.629324448143038, -66.228423344616544 ], [ 110.629058245871079, -66.228382378062918 ], [ 110.628593047895521, -66.22826911759114 ], [ 110.628337984242066, -66.228228151037527 ], [ 110.627938064997053, -66.228209247516702 ], [ 110.627548963064228, -66.228212781886043 ], [ 110.627137423241265, -66.228229704017991 ], [ 110.626870685458798, -66.2282246166682 ], [ 110.626304275997825, -66.228191843425293 ], [ 110.626048462629669, -66.228200197389171 ], [ 110.62582569025966, -66.228231042794249 ], [ 110.625501920608428, -66.228324489377343 ], [ 110.62531160017501, -66.228415526163161 ], [ 110.625255157367789, -66.228476413707568 ], [ 110.62527684554324, -66.228512346462452 ], [ 110.625376664701349, -66.228526055531376 ], [ 110.626088358162278, -66.22850982956308 ], [ 110.626243923963941, -66.228514649157617 ], [ 110.62667650934975, -66.228578482009794 ], [ 110.626731720482795, -66.228601080553091 ], [ 110.626909028010942, -66.228641886453573 ], [ 110.627219035042202, -66.228723337601352 ], [ 110.627418619807358, -66.228759698764634 ], [ 110.627751707341361, -66.228787438208784 ], [ 110.627918572414671, -66.228778870040699 ], [ 110.628319509129653, -66.228726015153882 ], [ 110.628708825266671, -66.228708985919823 ], [ 110.628975455947028, -66.228723069846097 ], [ 110.629263774802837, -66.228768641790055 ], [ 110.629551879454439, -66.228832099784881 ], [ 110.629818081726398, -66.228873119889556 ], [ 110.630184638666961, -66.228891916308271 ], [ 110.63082923266164, -66.228902465865218 ] ], [ [ 110.626840750421579, -66.229498489057107 ], [ 110.627230280762802, -66.22946801850938 ], [ 110.627397681346622, -66.229423571137488 ], [ 110.627447055415161, -66.229392297323997 ], [ 110.627510245654733, -66.229329642594934 ], [ 110.627499856750944, -66.229280268526395 ], [ 110.627411658170786, -66.229230680253636 ], [ 110.626516445259853, -66.228878689198808 ], [ 110.62639461661999, -66.228846986976919 ], [ 110.62622823350614, -66.228824120678368 ], [ 110.626072453500285, -66.228832742397486 ], [ 110.625983291001234, -66.228850467795198 ], [ 110.625815247804809, -66.228935292659173 ], [ 110.625468826059233, -66.229060066606792 ], [ 110.625290286856909, -66.229104460427649 ], [ 110.625209585423832, -66.229150032371606 ], [ 110.625128669786548, -66.229207278444576 ], [ 110.625121386843688, -66.229249423121303 ], [ 110.625298480167629, -66.229300992782925 ], [ 110.625631139293247, -66.229356525222272 ], [ 110.625975044139452, -66.229406702556588 ], [ 110.626258918258074, -66.229453988134154 ], [ 110.626618460011017, -66.229497953546598 ], [ 110.626840750421579, -66.229498489057107 ] ], [ [ 110.620005494337775, -66.228847147630063 ], [ 110.619923561230536, -66.228750487983945 ], [ 110.619604825378062, -66.228693670319387 ], [ 110.619189590532599, -66.228632086611327 ], [ 110.618898487022165, -66.22858651466737 ], [ 110.618524647138742, -66.228545226807441 ], [ 110.617954703308442, -66.228561774082038 ], [ 110.617468138463735, -66.228621108645982 ], [ 110.617009527267385, -66.228671553735538 ], [ 110.616633438239845, -66.228731209605769 ], [ 110.616271861546977, -66.22879761290838 ], [ 110.616173381165126, -66.228875850993134 ], [ 110.616143446127907, -66.229017065113254 ], [ 110.616239356059324, -66.229107030878069 ], [ 110.616598683608075, -66.229190891823123 ], [ 110.617056973498123, -66.229207760404037 ], [ 110.617889531679992, -66.229238927115418 ], [ 110.618374971952633, -66.229255849247366 ], [ 110.618971905512382, -66.229246102956182 ], [ 110.619374877167274, -66.229202244645833 ], [ 110.619751501705338, -66.229104460427649 ], [ 110.619920026861209, -66.22898600550397 ], [ 110.620005494337775, -66.228847147630063 ] ], [ [ 110.62423399238611, -66.229119883130181 ], [ 110.624325511131389, -66.229095892259579 ], [ 110.624345967632678, -66.229066332079697 ], [ 110.624313194389771, -66.229025847485531 ], [ 110.624213696537979, -66.228989754077503 ], [ 110.623881090963422, -66.228930633717781 ], [ 110.623743464763677, -66.228915907178902 ], [ 110.623636523315866, -66.228930044656224 ], [ 110.623580508917058, -66.228961264918652 ], [ 110.62358854157462, -66.22901690446011 ], [ 110.623636791071107, -66.22906188734251 ], [ 110.623723008262388, -66.229096213565867 ], [ 110.623933838748144, -66.22911913341548 ], [ 110.62423399238611, -66.229119883130181 ] ], [ [ 110.623314145991941, -66.231912249106642 ], [ 110.623470140202002, -66.231890186073826 ], [ 110.62355962400737, -66.231854521074212 ], [ 110.623627312535177, -66.231787421607947 ], [ 110.623572904667881, -66.231706559521726 ], [ 110.623362502590538, -66.231652205205478 ], [ 110.623140694139423, -66.231615790491162 ], [ 110.622996159854168, -66.231615415633797 ], [ 110.62291813597362, -66.231628696294322 ], [ 110.622884345260758, -66.231660023658861 ], [ 110.622883756199201, -66.231700401150917 ], [ 110.622959584486694, -66.231830637305706 ], [ 110.623158847945547, -66.231889436359126 ], [ 110.623314145991941, -66.231912249106642 ] ], [ [ 110.61827461728403, -66.23212420416445 ], [ 110.618475005314949, -66.232106746521993 ], [ 110.618576109698253, -66.232039754157839 ], [ 110.618665325748367, -66.232022028760127 ], [ 110.618854039650273, -66.232040396770444 ], [ 110.61899841328237, -66.232049768204277 ], [ 110.619487709230654, -66.232041949750908 ], [ 110.619666141330868, -66.232006498955485 ], [ 110.619744647170876, -66.231961837379387 ], [ 110.619779187598439, -66.231881189497358 ], [ 110.620012723729602, -66.231877280270666 ], [ 110.620124377669853, -66.231846167110334 ], [ 110.620158275484812, -66.23181034145756 ], [ 110.620147886581023, -66.231760967389022 ], [ 110.620070719517273, -66.231715930955559 ], [ 110.619970900359164, -66.231702221886636 ], [ 110.619859514174166, -66.231715448996113 ], [ 110.619691952937188, -66.231768839393439 ], [ 110.619569535235783, -66.231777514663619 ], [ 110.619003339979017, -66.231722303530574 ], [ 110.618836314252562, -66.231739814724079 ], [ 110.618635283609038, -66.231802148146841 ], [ 110.618190542134769, -66.231805521863024 ], [ 110.617956577595209, -66.231836367268102 ], [ 110.617811507799445, -66.231871871614572 ], [ 110.617733269714691, -66.231898593588767 ], [ 110.617654603221524, -66.231956696478534 ], [ 110.617664885023217, -66.232010568835321 ], [ 110.617708850435662, -66.232042110404052 ], [ 110.617919306064067, -66.232096411169252 ], [ 110.61827461728403, -66.23212420416445 ] ], [ [ 110.587250030390223, -66.228532481657425 ], [ 110.587362112738887, -66.228476681462823 ], [ 110.587196104482388, -66.22843137727412 ], [ 110.586974724439685, -66.228374720262707 ], [ 110.586726408218581, -66.228306763979631 ], [ 110.586505403033243, -66.228227669078066 ], [ 110.586283969439492, -66.228171012066653 ], [ 110.586008074427397, -66.228091810062992 ], [ 110.585843190742949, -66.227979192203819 ], [ 110.585789050630908, -66.227891582685231 ], [ 110.585735660233581, -66.227756848242208 ], [ 110.585793066959695, -66.227644872995654 ], [ 110.586018142024884, -66.227477258207642 ], [ 110.586185649710799, -66.22738798860648 ], [ 110.586243056436913, -66.227276013359912 ], [ 110.58585786373078, -66.227084354150236 ], [ 110.585608690692879, -66.227027590036727 ], [ 110.584888375512818, -66.226935964189337 ], [ 110.584556358999819, -66.226890231592222 ], [ 110.584194942960096, -66.226900459842867 ], [ 110.583611879122429, -66.226910099031954 ], [ 110.583278416731062, -66.226954064444413 ], [ 110.58299888024753, -66.227054258459859 ], [ 110.58271929021295, -66.227199274704574 ], [ 110.58238432839218, -66.227288115897323 ], [ 110.581745357257802, -66.227320032323419 ], [ 110.581356308876039, -66.227318961302402 ], [ 110.580912210014361, -66.22732897534884 ], [ 110.580523857796251, -66.227327957878884 ], [ 110.580162655960734, -66.227326940408929 ], [ 110.579829889733034, -66.227326083592118 ], [ 110.579608295486125, -66.227280618750257 ], [ 110.579052328480003, -66.227335187270697 ], [ 110.578717902169728, -66.227390344852694 ], [ 110.578467015498205, -66.227479346698601 ], [ 110.578105974315847, -66.227467190610142 ], [ 110.577773047434988, -66.227477472411834 ], [ 110.577466253466767, -66.227543929265494 ], [ 110.577214991937893, -66.227610546772297 ], [ 110.577130274176028, -66.227733660637355 ], [ 110.577266293844247, -66.22786860928457 ], [ 110.577515627535305, -66.227914127677479 ], [ 110.577708679072302, -66.228002112053431 ], [ 110.577929523604496, -66.228047576895293 ], [ 110.578235942715366, -66.2280035579318 ], [ 110.578485704814824, -66.228026691985605 ], [ 110.578761974684269, -66.228083509650162 ], [ 110.578927768736577, -66.228140006008431 ], [ 110.579176888223429, -66.22819677012194 ], [ 110.579480790434928, -66.22826488705816 ], [ 110.579756042834418, -66.228422648452892 ], [ 110.579726214899296, -66.228545922971094 ], [ 110.579919266436292, -66.228636156491163 ], [ 110.58011178246278, -66.228715144290632 ], [ 110.580415791776375, -66.228816891286556 ], [ 110.58074764763623, -66.228873869604257 ], [ 110.581135571445941, -66.228942200744683 ], [ 110.58138388766703, -66.229010157027744 ], [ 110.581576564346676, -66.229122828437966 ], [ 110.58162974053981, -66.229268755050526 ], [ 110.581655445044035, -66.229392190221901 ], [ 110.581736789089717, -66.22951578604642 ], [ 110.581818882850115, -66.229594506090621 ], [ 110.582067734581713, -66.229628832313992 ], [ 110.582372868467374, -66.229663265639459 ], [ 110.582650584215187, -66.229675207523712 ], [ 110.582872232013145, -66.229675850136317 ], [ 110.583318365814719, -66.229587330249871 ], [ 110.583540709776329, -66.229543043531109 ], [ 110.583652256614485, -66.229520926947259 ], [ 110.583791757100997, -66.22948767174492 ], [ 110.583959211235864, -66.229443224373014 ], [ 110.584042965078822, -66.229421054238117 ], [ 110.584320359520333, -66.229410558232217 ], [ 110.584570496477141, -66.22941125439587 ], [ 110.584710371821004, -66.229355561303365 ], [ 110.584684024704174, -66.229265756191708 ], [ 110.584852871166348, -66.229097980750538 ], [ 110.585021610526425, -66.228975081089686 ], [ 110.585162021380796, -66.228885757937462 ], [ 110.58535732206191, -66.228841417667667 ], [ 110.585719166510032, -66.228763875746566 ], [ 110.586025746274046, -66.228708611062473 ], [ 110.586248304439863, -66.228653132174173 ], [ 110.586527305412886, -66.228586621769466 ], [ 110.587250030390223, -66.228532481657425 ] ], [ [ 110.548517465942865, -66.227993918742712 ], [ 110.548784632133732, -66.227972284118309 ], [ 110.54926284301456, -66.227960235131945 ], [ 110.549785072858882, -66.227970731137844 ], [ 110.550218997020949, -66.227949524921854 ], [ 110.55040846063757, -66.227923177805025 ], [ 110.550609223525839, -66.227885156559182 ], [ 110.550943274978749, -66.227852972377832 ], [ 110.551476857645781, -66.227850027070048 ], [ 110.55171087573639, -66.22781928876708 ], [ 110.551867244803802, -66.227774894946222 ], [ 110.552012796559026, -66.227717006260661 ], [ 110.552013653375838, -66.227667632192109 ], [ 110.5517720845871, -66.227500981323004 ], [ 110.551629317486501, -66.227401858328562 ], [ 110.551507381744557, -66.227384454237153 ], [ 110.551163262694146, -66.227355697323034 ], [ 110.550996879580282, -66.227337222210622 ], [ 110.550763878959629, -66.227314141707865 ], [ 110.550507904938314, -66.227331331595067 ], [ 110.550273993949801, -66.227357571609801 ], [ 110.549782770163716, -66.227477258207642 ], [ 110.54935944910963, -66.227529898890253 ], [ 110.549337225423685, -66.227529791788157 ], [ 110.548056123642951, -66.227683108445689 ], [ 110.547910571887726, -66.227740997131264 ], [ 110.547887384282873, -66.227794762385955 ], [ 110.547897130574057, -66.227871019081846 ], [ 110.547907465926812, -66.22791589486215 ], [ 110.547966854041789, -66.227950167534459 ], [ 110.548250674609363, -66.227993169027997 ], [ 110.548517465942865, -66.227993918742712 ] ], [ [ 110.544502208177562, -66.2275067112854 ], [ 110.544757967994684, -66.227502962711867 ], [ 110.54491412285789, -66.227472063755741 ], [ 110.545014959485954, -66.227427455730691 ], [ 110.545082540911665, -66.227378349417393 ], [ 110.54510615692493, -66.22730214627255 ], [ 110.545098177818403, -66.227127194990629 ], [ 110.545010889606118, -66.2270372292258 ], [ 110.544911766611676, -66.226987587402007 ], [ 110.544783190539462, -66.226965685022364 ], [ 110.544645457237607, -66.226959901508906 ], [ 110.544567433357059, -66.226973128618383 ], [ 110.544466328973741, -66.227031124406054 ], [ 110.544377434229943, -66.227030856650799 ], [ 110.544255337834841, -66.227021538768014 ], [ 110.544076745081469, -66.227061380749575 ], [ 110.544042740164414, -66.2270971528513 ], [ 110.544040705224489, -66.227209288751013 ], [ 110.543917162951033, -66.227280725852353 ], [ 110.54386088079697, -66.227320942691279 ], [ 110.543837318334752, -66.227392593996825 ], [ 110.543892529467797, -66.227415192540121 ], [ 110.544158892392915, -66.227438433696037 ], [ 110.544357888096513, -66.227497339851567 ], [ 110.544502208177562, -66.2275067112854 ] ], [ [ 110.546106544099018, -66.227305091580334 ], [ 110.546584701428799, -66.227292989042922 ], [ 110.546718525503962, -66.227270979561169 ], [ 110.546808223513523, -66.227226371536119 ], [ 110.546853902559576, -66.227159218518807 ], [ 110.546823057154498, -66.22702009288966 ], [ 110.546735340533814, -66.226952511463935 ], [ 110.546580363793709, -66.226916203851715 ], [ 110.54644728943326, -66.226897889392447 ], [ 110.546270517415607, -66.226839036787965 ], [ 110.546126572191909, -66.226807227463979 ], [ 110.545957779280783, -66.226798659295895 ], [ 110.545815922548044, -66.226774882629485 ], [ 110.545715728532585, -66.226783557899665 ], [ 110.545592828871733, -66.226819115797184 ], [ 110.545514215929614, -66.226863723822234 ], [ 110.545411612116894, -66.227006972882279 ], [ 110.545431586658722, -66.227132657197771 ], [ 110.545464413452663, -66.22715964692722 ], [ 110.545552719134918, -66.227195793886295 ], [ 110.546106544099018, -66.227305091580334 ] ], [ [ 110.555802979259141, -66.227104382243112 ], [ 110.555625885935186, -66.227060791688018 ], [ 110.555182643890333, -66.226981482582261 ], [ 110.554850145417873, -66.226926699857614 ], [ 110.554295677841168, -66.226853334918445 ], [ 110.554129401829414, -66.226825916780598 ], [ 110.554062998526817, -66.226812261262722 ], [ 110.553674914063947, -66.226757317884932 ], [ 110.553230868753332, -66.226724651744135 ], [ 110.552952992352374, -66.226723848478372 ], [ 110.552797051693361, -66.226741359671877 ], [ 110.552741144396663, -66.226761923275262 ], [ 110.552752122362008, -66.226768135197119 ], [ 110.552873576144506, -66.22681333228374 ], [ 110.552928626624407, -66.226844927403519 ], [ 110.552983462900102, -66.226885411997685 ], [ 110.5532042003302, -66.226975806170898 ], [ 110.553303591079896, -66.227011953129974 ], [ 110.55342515196449, -66.227052705479394 ], [ 110.553568990086092, -66.227088959540566 ], [ 110.553701421833935, -66.227143206754718 ], [ 110.553756793620138, -66.227156808721531 ], [ 110.553889278919044, -66.227206557647435 ], [ 110.554088328173691, -66.227265410251917 ], [ 110.554398442307047, -66.227329136001998 ], [ 110.554872262001723, -66.227439022757594 ], [ 110.555096319596956, -66.227465691180726 ], [ 110.555263131119219, -66.227461674851952 ], [ 110.555374892161566, -66.227426116954419 ], [ 110.555420142799235, -66.227381401827273 ], [ 110.555500201619708, -66.227256038818084 ], [ 110.555601627309329, -66.227175551589212 ], [ 110.555802979259141, -66.227104382243112 ] ], [ [ 110.556861897731423, -66.22747040367318 ], [ 110.556930550178137, -66.227455141623778 ], [ 110.556930550178137, -66.22741701327584 ], [ 110.556877159780811, -66.227401751226452 ], [ 110.556823715832422, -66.227386489177064 ], [ 110.556732197087143, -66.227394093426227 ], [ 110.556701672988368, -66.227401751226452 ], [ 110.55670927723753, -66.227439879574405 ], [ 110.556739801336306, -66.227455141623778 ], [ 110.556793191733647, -66.22747040367318 ], [ 110.556861897731423, -66.22747040367318 ] ], [ [ 110.594193673800206, -66.22726787360024 ], [ 110.594527564599971, -66.227241794238665 ], [ 110.594738984147284, -66.227228888435491 ], [ 110.595117108114749, -66.227216411040729 ], [ 110.59531771034986, -66.227185565635651 ], [ 110.595451802180278, -66.227141064712697 ], [ 110.595664614054897, -66.227038460899962 ], [ 110.595854238324662, -66.226998565367353 ], [ 110.596232522945286, -66.226977091396108 ], [ 110.596499421380898, -66.226968844534341 ], [ 110.596788489951408, -66.226965095960807 ], [ 110.597000177253975, -66.226934250555729 ], [ 110.59707836178768, -66.226909349317253 ], [ 110.597123344670095, -66.226876254768058 ], [ 110.597113169970498, -66.22681793767407 ], [ 110.597058333694804, -66.226772901240622 ], [ 110.596903410505746, -66.226727650602953 ], [ 110.596681494952549, -66.226704677202292 ], [ 110.596292660774978, -66.22669016486762 ], [ 110.595925782528113, -66.226693699236947 ], [ 110.595158288872568, -66.226727597051905 ], [ 110.594602375417494, -66.226735094198972 ], [ 110.594279623236233, -66.226761173560561 ], [ 110.593833864291994, -66.226831807396152 ], [ 110.593443798440276, -66.226898050045605 ], [ 110.593276397856457, -66.226937999129262 ], [ 110.593175293473138, -66.227004991493416 ], [ 110.593185789479037, -66.227040924248286 ], [ 110.593251978577442, -66.227072519368079 ], [ 110.593668123790749, -66.227185726288795 ], [ 110.594193673800206, -66.22726787360024 ] ], [ [ 110.570276542979812, -66.22639151065907 ], [ 110.570665859116829, -66.22637464207817 ], [ 110.570921779587096, -66.226357452190967 ], [ 110.571133520440711, -66.226326606785875 ], [ 110.571245174380962, -66.226295493625543 ], [ 110.57129685114468, -66.226264273363114 ], [ 110.571324162180431, -66.226228447710341 ], [ 110.571292031550144, -66.226156582200588 ], [ 110.571170899073948, -66.226088947223829 ], [ 110.57101597588489, -66.226048194874409 ], [ 110.570705540445232, -66.226002462277307 ], [ 110.570206444654715, -66.225937397750968 ], [ 110.569950791939704, -66.225937558404112 ], [ 110.569739640147645, -66.225936969342555 ], [ 110.569305448230324, -66.225976168711512 ], [ 110.569149561122359, -66.225993679905017 ], [ 110.569060345072259, -66.22601135175168 ], [ 110.568825952124286, -66.226069026233048 ], [ 110.568713869775621, -66.226122523732485 ], [ 110.568623475602408, -66.226207509249605 ], [ 110.568655820436902, -66.226265933445688 ], [ 110.568766082049848, -66.22632007355773 ], [ 110.568998814915247, -66.226361093662391 ], [ 110.569331795347168, -66.226388886657588 ], [ 110.570276542979812, -66.22639151065907 ] ], [ [ 110.550307195601107, -66.225491585255682 ], [ 110.55014049118094, -66.225491103296235 ], [ 110.549929553593088, -66.225477072920995 ], [ 110.549396238681311, -66.225466523364048 ], [ 110.549029306883398, -66.225474448919528 ], [ 110.548784310827429, -66.225500635383213 ], [ 110.548543170447104, -66.225558256313533 ], [ 110.548404580328452, -66.225602703685439 ], [ 110.548359329690797, -66.225647418812599 ], [ 110.548391781627387, -66.225696846432186 ], [ 110.548479980207532, -66.22573749167951 ], [ 110.548789880136681, -66.225810160455012 ], [ 110.548989411350789, -66.225842130432156 ], [ 110.549122057302839, -66.225882936332624 ], [ 110.549565085143499, -66.22596942127916 ], [ 110.549752835126483, -66.226037270460111 ], [ 110.549907651213445, -66.226082574648828 ], [ 110.550107075325442, -66.226119042914206 ], [ 110.550317959362246, -66.226137571577681 ], [ 110.550518079637911, -66.226133662350989 ], [ 110.550796330896219, -66.226112081277648 ], [ 110.550885439844237, -66.22610335245642 ], [ 110.551030241884746, -66.226085841262901 ], [ 110.551085881426189, -66.226081503627825 ], [ 110.551208299127595, -66.226072881908692 ], [ 110.551319524659462, -66.226068704926746 ], [ 110.551419504470715, -66.226073470970249 ], [ 110.55149720704496, -66.22607818346269 ], [ 110.551608271923669, -66.226083003057227 ], [ 110.551896537228416, -66.226124183815045 ], [ 110.552029665139926, -66.226138053537127 ], [ 110.552085090477178, -66.226147157215706 ], [ 110.552129377195925, -66.2261562608943 ], [ 110.552140408712333, -66.226160812733582 ], [ 110.552151386677679, -66.226169809310065 ], [ 110.552162418194072, -66.226174307598313 ], [ 110.552195298539075, -66.226201350878796 ], [ 110.552195137885917, -66.226210293904231 ], [ 110.55237753276387, -66.226203653573975 ], [ 110.552529135787793, -66.226179876907551 ], [ 110.552719188465957, -66.226117597035838 ], [ 110.552824951790669, -66.226046159934498 ], [ 110.552877378269088, -66.225970010340703 ], [ 110.55284562249615, -66.225880205229046 ], [ 110.552758012977563, -66.225808179066149 ], [ 110.552614549713311, -66.225749487114811 ], [ 110.552260148861208, -66.225676657686151 ], [ 110.551783009001397, -66.225630443129589 ], [ 110.550895079033324, -66.225560612559761 ], [ 110.550561884397212, -66.225546153776122 ], [ 110.550307195601107, -66.225491585255682 ] ], [ [ 110.572630754261198, -66.225864247016005 ], [ 110.572909326825808, -66.225824619238637 ], [ 110.573054503723668, -66.225784670154979 ], [ 110.573133384421041, -66.225722068976964 ], [ 110.57312294196619, -66.225681637933846 ], [ 110.573012519700086, -66.225636494398287 ], [ 110.572835265722986, -66.225604631523254 ], [ 110.572669685874899, -66.225536889444385 ], [ 110.572193563485044, -66.225427913056649 ], [ 110.571916918758234, -66.225355351383257 ], [ 110.571895069929639, -66.225332859942043 ], [ 110.571885859148949, -66.22522072404233 ], [ 110.571831504832716, -66.225148804981529 ], [ 110.571732328287212, -66.225099163157736 ], [ 110.571576923138707, -66.225085293435654 ], [ 110.571432281751356, -66.225093861603739 ], [ 110.570953321155827, -66.225155338209689 ], [ 110.570817087283388, -66.22519260974083 ], [ 110.57079668433316, -66.225217725183512 ], [ 110.570906035578247, -66.225321185813044 ], [ 110.570883383483888, -66.225348014889335 ], [ 110.570738260137077, -66.225383519235805 ], [ 110.570615574680417, -66.225410080556841 ], [ 110.570548100356817, -66.225454742132953 ], [ 110.570491175590149, -66.225535336463935 ], [ 110.570534498389989, -66.225602757236487 ], [ 110.570633889139685, -66.225638904195563 ], [ 110.570777995016542, -66.225661716943065 ], [ 110.570966923122654, -66.225662252453574 ], [ 110.57125647365261, -66.225631674803751 ], [ 110.571389655115169, -66.225640992686536 ], [ 110.571743520456764, -66.225749647767969 ], [ 110.572197312058577, -66.225863015341844 ], [ 110.572630754261198, -66.225864247016005 ] ], [ [ 110.551183451440181, -66.224969301860312 ], [ 110.551149767829415, -66.22498713436012 ], [ 110.551038167440211, -66.225013749232204 ], [ 110.550970693116597, -66.225058410808316 ], [ 110.550856040317512, -66.225255425123052 ], [ 110.550739406129566, -66.225301853883821 ], [ 110.550854380234952, -66.225349621420847 ], [ 110.5510541792043, -66.225363705347121 ], [ 110.551221151379721, -66.22535069244185 ], [ 110.551399744133079, -66.225306352172055 ], [ 110.551462505964253, -66.225277863013204 ], [ 110.55150154468005, -66.225207978892314 ], [ 110.551447618772215, -66.225113621941361 ], [ 110.551238609022178, -66.224991900403609 ], [ 110.551183451440181, -66.224969301860312 ] ], [ [ 110.562682789816947, -66.225221955716492 ], [ 110.562820737322994, -66.225213387548422 ], [ 110.562905562186955, -66.225195662150711 ], [ 110.562972929408474, -66.225155498862847 ], [ 110.562984978394823, -66.225101680057108 ], [ 110.562898225693047, -66.224975835088472 ], [ 110.562809920010793, -66.224939688129396 ], [ 110.562699122887338, -66.224921427221176 ], [ 110.562587897355485, -66.224925604203122 ], [ 110.562476350517329, -66.224947720786957 ], [ 110.562419854159074, -66.2250014324906 ], [ 110.562418515382802, -66.225077689186492 ], [ 110.562494772078693, -66.225167601400244 ], [ 110.56257204624454, -66.225199196520038 ], [ 110.562682789816947, -66.225221955716492 ] ], [ [ 110.573285951363872, -66.225242519319877 ], [ 110.573437340183588, -66.225230363231418 ], [ 110.573531375828239, -66.225189343126743 ], [ 110.573543157059333, -66.225149019185736 ], [ 110.573433484507945, -66.225063498158107 ], [ 110.573091453948507, -66.224914519135666 ], [ 110.572947562275857, -66.224878211523432 ], [ 110.572747763306495, -66.224860646778879 ], [ 110.572569545410488, -66.224886137078911 ], [ 110.572524455425977, -66.224921909180637 ], [ 110.572556746709424, -66.224984831664955 ], [ 110.572732769012362, -66.225092951235879 ], [ 110.57287157333522, -66.225165084500873 ], [ 110.572931122103356, -66.225192181332432 ], [ 110.573108268978359, -66.225233040783948 ], [ 110.573285951363872, -66.225242519319877 ] ], [ [ 110.573773426576423, -66.225600936500769 ], [ 110.573889096845463, -66.225595849150977 ], [ 110.573991754209246, -66.225571911831409 ], [ 110.574203280858654, -66.225550063002814 ], [ 110.574292871766119, -66.225509953265998 ], [ 110.574315791615732, -66.225469629324976 ], [ 110.574249870272581, -66.225424592891528 ], [ 110.574083701362923, -66.225392730016495 ], [ 110.573916836289612, -66.225401244633517 ], [ 110.573727104917751, -66.225445584903312 ], [ 110.573615236773293, -66.225490139377314 ], [ 110.573570253890892, -66.225521413190805 ], [ 110.573580803447825, -66.22555284765744 ], [ 110.573660273206755, -66.225585353145078 ], [ 110.573773426576423, -66.225600936500769 ] ], [ [ 110.624892670307062, -66.223689217549534 ], [ 110.625081973270525, -66.223667261618843 ], [ 110.625215904447785, -66.223627205433075 ], [ 110.625372701923609, -66.223546878857348 ], [ 110.62540643908541, -66.223520049781058 ], [ 110.625407563657475, -66.223443793085167 ], [ 110.625341642314325, -66.22339425836347 ], [ 110.625164441888273, -66.223349007725815 ], [ 110.625009250943975, -66.223325284610439 ], [ 110.624786960533413, -66.223325659467804 ], [ 110.624586358298302, -66.223361056712164 ], [ 110.62447025962085, -66.223395757792886 ], [ 110.624385113450572, -66.223443096921514 ], [ 110.624339809261869, -66.223499486177673 ], [ 110.624338952445058, -66.223557803271646 ], [ 110.62439357451656, -66.223620725755964 ], [ 110.624504050333698, -66.223665869291523 ], [ 110.624659294829058, -66.22368868203904 ], [ 110.624892670307062, -66.223689217549534 ] ], [ [ 110.621163750008705, -66.222144269743069 ], [ 110.621214891261914, -66.222141699292649 ], [ 110.621370564165673, -66.222137575861751 ], [ 110.621459726664725, -66.222119850464054 ], [ 110.621526986784133, -66.222079687176176 ], [ 110.621527629396738, -66.222039309684121 ], [ 110.621472686018947, -66.221994273250658 ], [ 110.621384326785645, -66.22195817984263 ], [ 110.621273369009046, -66.221948969061955 ], [ 110.621117696105287, -66.221953038941791 ], [ 110.620972679860571, -66.22198859683931 ], [ 110.620947403764745, -66.222044129278657 ], [ 110.620990940768792, -66.22210437421046 ], [ 110.621063877299548, -66.222133238226661 ], [ 110.621163750008705, -66.222144269743069 ] ], [ [ 110.62031523361378, -66.222108122783993 ], [ 110.620371248012589, -66.222076848970516 ], [ 110.620372265482544, -66.222009535300046 ], [ 110.620283906249242, -66.221973441892018 ], [ 110.620224089725852, -66.221959839925205 ], [ 110.620177446760891, -66.22195614490272 ], [ 110.620083839524639, -66.221972959932572 ], [ 110.620049995260729, -66.222008785585345 ], [ 110.620060384164532, -66.222058106102835 ], [ 110.620082232993127, -66.22208059754405 ], [ 110.62031523361378, -66.222108122783993 ] ], [ [ 110.583088524706042, -66.220568101674161 ], [ 110.583233219644455, -66.220555035217842 ], [ 110.583322542796665, -66.22052836679471 ], [ 110.583390124222376, -66.220474708642115 ], [ 110.583380485033288, -66.220384957081507 ], [ 110.583325862961786, -66.220326479334375 ], [ 110.583226525763138, -66.220285887638113 ], [ 110.583126867258187, -66.220263181992706 ], [ 110.582971033701284, -66.220280693186226 ], [ 110.582670130348617, -66.220333708726201 ], [ 110.582558422857304, -66.220369320174768 ], [ 110.582524417940249, -66.220409590564742 ], [ 110.582554406528516, -66.220476047418387 ], [ 110.582633822736383, -66.220513961562119 ], [ 110.58274456630879, -66.220535756839666 ], [ 110.582910895871592, -66.220558623138231 ], [ 110.583088524706042, -66.220568101674161 ] ], [ [ 110.574833041212358, -66.220491844978284 ], [ 110.574966597532267, -66.220478778521965 ], [ 110.575022611931061, -66.220452002996723 ], [ 110.575056777501274, -66.220402736030266 ], [ 110.57504665635274, -66.220344418936293 ], [ 110.574992087832285, -66.220285941189161 ], [ 110.57484846391489, -66.220236192263258 ], [ 110.574372395076082, -66.22013171416377 ], [ 110.574205637104882, -66.220135784043606 ], [ 110.574127291918018, -66.220166950754987 ], [ 110.574093126347819, -66.220216217721429 ], [ 110.574114386114857, -66.220274588366465 ], [ 110.574213027149852, -66.220355611105845 ], [ 110.57433437383024, -66.220409751217886 ], [ 110.574455988265896, -66.22044595172801 ], [ 110.574677636063853, -66.22048247354445 ], [ 110.574833041212358, -66.220491844978284 ] ], [ [ 110.580203087003852, -66.220336011421367 ], [ 110.580325611807368, -66.220318393125751 ], [ 110.580392711273618, -66.220291671151571 ], [ 110.580527338614544, -66.220215789313031 ], [ 110.580561504184743, -66.220166522346588 ], [ 110.580518020731759, -66.220108098150504 ], [ 110.580385696086012, -66.22004496146198 ], [ 110.580297122648503, -66.220026754104822 ], [ 110.580143698888875, -66.220029056800001 ], [ 110.580003127381346, -66.220061830042894 ], [ 110.579928852074332, -66.220119986483724 ], [ 110.579860628036016, -66.220213968577312 ], [ 110.579882209109357, -66.220249954883244 ], [ 110.580125437980655, -66.22032685419174 ], [ 110.580203087003852, -66.220336011421367 ] ], [ [ 110.581907295634466, -66.220364875437582 ], [ 110.582147632749042, -66.22034575771255 ], [ 110.582406498527078, -66.220281871309325 ], [ 110.582523346919231, -66.220205025551877 ], [ 110.582618935544346, -66.220068898781548 ], [ 110.582620274320618, -66.219988197348471 ], [ 110.582587661730869, -66.21994321446607 ], [ 110.582510601769215, -66.219898178032608 ], [ 110.582366817198675, -66.219857425683188 ], [ 110.582233635736117, -66.219848054249354 ], [ 110.582055471391158, -66.21987001018006 ], [ 110.5819436032467, -66.219914564654061 ], [ 110.581741394480062, -66.220048602933417 ], [ 110.581628294661442, -66.220164915815076 ], [ 110.581605053505527, -66.220227677646236 ], [ 110.581641575321967, -66.220304951812082 ], [ 110.581709906462379, -66.220337403748687 ], [ 110.581805173781191, -66.220355611105845 ], [ 110.581858457076422, -66.220358449311519 ], [ 110.581907295634466, -66.220364875437582 ] ], [ [ 110.601959111630919, -66.220492059182476 ], [ 110.602326311184086, -66.220461588634748 ], [ 110.602526966970245, -66.220421746653187 ], [ 110.602649973733207, -66.220372747441999 ], [ 110.602697419963945, -66.220323480475557 ], [ 110.602673964603824, -66.220260665093335 ], [ 110.602575109364636, -66.220188638930438 ], [ 110.602498156505092, -66.220134605920492 ], [ 110.602517060025903, -66.220064668248568 ], [ 110.602567183809157, -66.219986751470117 ], [ 110.602523753907221, -66.21991933069755 ], [ 110.602402835635232, -66.21983830795817 ], [ 110.602236827378718, -66.219793003769453 ], [ 110.601959540039317, -66.219760873139165 ], [ 110.601559834998497, -66.219737417779058 ], [ 110.600837591980621, -66.219735597043339 ], [ 110.600403721369602, -66.21976585338686 ], [ 110.600147426041985, -66.21981008655456 ], [ 110.600051301906362, -66.219847518738845 ], [ 110.600012745150011, -66.219894964969583 ], [ 110.600077970329508, -66.219986644368007 ], [ 110.600221326491649, -66.220056956897295 ], [ 110.600398205611398, -66.220115755950729 ], [ 110.600741307191853, -66.220201866039901 ], [ 110.600985018022612, -66.22025182917001 ], [ 110.60115964799823, -66.220309664304523 ], [ 110.601614939029446, -66.220473262763761 ], [ 110.601959111630919, -66.220492059182476 ] ], [ [ 110.564951908479117, -66.219311633376662 ], [ 110.565197065188229, -66.219271952048246 ], [ 110.565360342341151, -66.219214063362671 ], [ 110.56542117633451, -66.219164903498324 ], [ 110.565402005058431, -66.219117296614456 ], [ 110.56526721706436, -66.219070278792117 ], [ 110.564967973794253, -66.219023689378204 ], [ 110.564579568025096, -66.218996592546659 ], [ 110.564401939190645, -66.21898711401073 ], [ 110.564357759573994, -66.218969013755654 ], [ 110.564369808560343, -66.218915248500977 ], [ 110.56442635846966, -66.218857092060148 ], [ 110.564349673365371, -66.218794062473734 ], [ 110.56428337716487, -66.218771463930423 ], [ 110.564083792399714, -66.218748436978714 ], [ 110.563894596538347, -66.218765894621171 ], [ 110.56368253437843, -66.218819124365353 ], [ 110.563631071818918, -66.218838724049832 ], [ 110.563592461511519, -66.218886116729507 ], [ 110.563624966999171, -66.218935597900156 ], [ 110.563979046544972, -66.219021815091438 ], [ 110.564091289546781, -66.219086718964618 ], [ 110.56408786227955, -66.219156656636557 ], [ 110.564086844809594, -66.21921497373053 ], [ 110.564174668532388, -66.219278056868006 ], [ 110.564274273486291, -66.219300762513413 ], [ 110.564951908479117, -66.219311633376662 ] ], [ [ 110.557958837449533, -66.218699384216478 ], [ 110.55794025523501, -66.218708541446105 ], [ 110.557916425017552, -66.218762413802892 ], [ 110.557959533613186, -66.21883877760088 ], [ 110.558134699099327, -66.218987328214922 ], [ 110.558199442319363, -66.219099624767793 ], [ 110.558174648182984, -66.21913089858127 ], [ 110.558187661088255, -66.219135503971614 ], [ 110.558631492194664, -66.219172668400645 ], [ 110.559165021310648, -66.219165171253579 ], [ 110.559420888229852, -66.219147981366376 ], [ 110.559632950389769, -66.219094751622194 ], [ 110.559831731889162, -66.219038790774448 ], [ 110.559963842330717, -66.218983526090341 ], [ 110.559980336054267, -66.21892976083565 ], [ 110.55993679905022, -66.218875834927815 ], [ 110.559826537437274, -66.218826139552959 ], [ 110.55978257202483, -66.218799096272477 ], [ 110.559650086725924, -66.218749400897622 ], [ 110.559517226569682, -66.21872208986187 ], [ 110.559195545409423, -66.218689798578438 ], [ 110.558817903401405, -66.218679730980938 ], [ 110.558417823503234, -66.218683104697121 ], [ 110.558181984676906, -66.218698580950715 ], [ 110.557958837449533, -66.218699384216478 ] ], [ [ 110.556760846899152, -66.218593138932306 ], [ 110.556760204286547, -66.218539320126581 ], [ 110.556776805112193, -66.218481056583641 ], [ 110.556700441314206, -66.21840008739531 ], [ 110.556590447456514, -66.218336950706799 ], [ 110.556413514785717, -66.2182870946788 ], [ 110.55640285812666, -66.218287790842453 ], [ 110.556357714591101, -66.218300428890359 ], [ 110.556235403991806, -66.218304552321257 ], [ 110.55564709215119, -66.218271457772047 ], [ 110.555369376403377, -66.21826615621805 ], [ 110.555202297125859, -66.218288112148755 ], [ 110.554912157534332, -66.218359067290635 ], [ 110.554766605779122, -66.218421454264458 ], [ 110.554746095726784, -66.218451014444327 ], [ 110.554821067197466, -66.218484430299824 ], [ 110.554965012421164, -66.218511741335575 ], [ 110.555374677957374, -66.218598119180001 ], [ 110.555573941416228, -66.218639085733628 ], [ 110.555661979343213, -66.218688674006373 ], [ 110.55579483949947, -66.218715985042124 ], [ 110.555917150098779, -66.21871186161124 ], [ 110.555995013326182, -66.218707577527198 ], [ 110.556084068723138, -66.218698848705969 ], [ 110.556128569646091, -66.218694511070879 ], [ 110.556150846883085, -66.218690066333693 ], [ 110.556228817212599, -66.218681337512464 ], [ 110.556273425237649, -66.218672501589126 ], [ 110.55628451030509, -66.218672501589126 ], [ 110.556329118330154, -66.218663665665801 ], [ 110.55639595004115, -66.21865488329351 ], [ 110.556418227278158, -66.218650492107372 ], [ 110.556507443328258, -66.218632766709675 ], [ 110.55651863549781, -66.218628321972474 ], [ 110.556540966285866, -66.218623930786336 ], [ 110.556697067598023, -66.218592924728114 ], [ 110.556760846899152, -66.218593138932306 ] ], [ [ 110.56341033438882, -66.218495354714122 ], [ 110.563944291913202, -66.218460974939717 ], [ 110.56412261691132, -66.218430075983591 ], [ 110.564361561698576, -66.218361691292117 ], [ 110.564413292013342, -66.21832773992611 ], [ 110.564431820676816, -66.218284738432573 ], [ 110.564392889063114, -66.218219995212536 ], [ 110.564282948756471, -66.218152413786825 ], [ 110.564161762729213, -66.218093775386549 ], [ 110.563928976312766, -66.218061698307309 ], [ 110.56331806592884, -66.218046543360018 ], [ 110.562761991820608, -66.21807637129514 ], [ 110.562439186088298, -66.218106841842868 ], [ 110.56236094800353, -66.218133563817048 ], [ 110.562337813949725, -66.218187329071739 ], [ 110.562436347882624, -66.21827279654832 ], [ 110.562579382738463, -66.218353979940844 ], [ 110.562922216563663, -66.21844914015756 ], [ 110.563143864361621, -66.218481163685752 ], [ 110.56341033438882, -66.218495354714122 ] ], [ [ 110.572457463061824, -66.218372562155366 ], [ 110.572802117622743, -66.218360031209556 ], [ 110.572947562275857, -66.218302142523982 ], [ 110.57307142585563, -66.218203769244241 ], [ 110.573073193040287, -66.218100576369949 ], [ 110.573018517417751, -66.218046596911066 ], [ 110.572908041600598, -66.21801044995199 ], [ 110.572708349733347, -66.21799192128853 ], [ 110.57246367498368, -66.218004719989594 ], [ 110.572340828873863, -66.218040277887113 ], [ 110.572262215931758, -66.218089384200397 ], [ 110.5722383857143, -66.218183526947158 ], [ 110.572280958799425, -66.218295769948966 ], [ 110.572335687973023, -66.218345304670663 ], [ 110.572457463061824, -66.218372562155366 ] ], [ [ 110.564935361204519, -66.217046263288026 ], [ 110.565324945096791, -66.217007010368022 ], [ 110.565658353937096, -66.217003422447632 ], [ 110.565814401698205, -66.216972469940458 ], [ 110.565859491682716, -66.216936697838733 ], [ 110.565831859340662, -66.216862154776464 ], [ 110.565759404769366, -66.216812620054753 ], [ 110.565651124545283, -66.216775509176784 ], [ 110.565518157286931, -66.216755427532846 ], [ 110.565375925696841, -66.216755052675495 ], [ 110.565240066681767, -66.216773474236859 ], [ 110.565061688132602, -66.21680887148122 ], [ 110.565016705250201, -66.216840145294711 ], [ 110.564787560305177, -66.216855675099353 ], [ 110.564716605163284, -66.216843786766148 ], [ 110.564562217484735, -66.216776044687279 ], [ 110.564407240744643, -66.216744235363294 ], [ 110.56430763579074, -66.216721529717887 ], [ 110.564275772915693, -66.216636222894465 ], [ 110.564187734988707, -66.21658663462172 ], [ 110.563955002123294, -66.216550059254246 ], [ 110.563565953741531, -66.216562429546897 ], [ 110.563421098149973, -66.216584439028651 ], [ 110.563342485207855, -66.216633598892997 ], [ 110.563341307084755, -66.216700859012406 ], [ 110.563406532264239, -66.216786272937924 ], [ 110.563505815911839, -66.216826918185234 ], [ 110.563771696877495, -66.216870722944535 ], [ 110.563826693806334, -66.216904085248984 ], [ 110.563881315877836, -66.216958064707882 ], [ 110.563969675111139, -66.216989713378709 ], [ 110.56422484586669, -66.217012847432528 ], [ 110.564480498581702, -66.217004600570746 ], [ 110.564702039277549, -66.217045620675421 ], [ 110.564935361204519, -66.217046263288026 ] ], [ [ 110.558424463833489, -66.217032340014896 ], [ 110.558591436008911, -66.217014882372439 ], [ 110.558658374822016, -66.21699710342368 ], [ 110.558681241120567, -66.216961331321954 ], [ 110.558637597014425, -66.216916348439554 ], [ 110.558560269297516, -66.216889198056947 ], [ 110.558192909091204, -66.216928504528013 ], [ 110.558158743520991, -66.216977771494456 ], [ 110.558180324594332, -66.217013704249325 ], [ 110.558246674345881, -66.217031858055435 ], [ 110.558424463833489, -66.217032340014896 ] ], [ [ 110.559817701513936, -66.216780596526576 ], [ 110.559940333419547, -66.216758533493774 ], [ 110.560007379334763, -66.216736309807828 ], [ 110.560041491353914, -66.21669154112962 ], [ 110.560022748486247, -66.216619729170915 ], [ 110.559974606091856, -66.21657833420889 ], [ 110.559888442451637, -66.216549363090579 ], [ 110.559779733819155, -66.216536510838466 ], [ 110.559668508287288, -66.216543365372928 ], [ 110.559572544804823, -66.216567302692496 ], [ 110.559509675871553, -66.21660478842783 ], [ 110.559375637592197, -66.216644791062549 ], [ 110.559330119199288, -66.216707445791613 ], [ 110.559351860925773, -66.216734435521062 ], [ 110.559400378177514, -66.216755213328639 ], [ 110.559628826958885, -66.216780061016067 ], [ 110.559817701513936, -66.216780596526576 ] ], [ [ 110.560962730075389, -66.216747983936827 ], [ 110.561087557574069, -66.216726777720837 ], [ 110.561143946830228, -66.216676707488631 ], [ 110.561131255231274, -66.216640774733762 ], [ 110.561132112048071, -66.216591454216257 ], [ 110.56107716867028, -66.216555414359277 ], [ 110.560933544752885, -66.216510163721622 ], [ 110.560656150311374, -66.216486922565721 ], [ 110.560544978330569, -66.216491099547653 ], [ 110.560466740245815, -66.216517821521848 ], [ 110.560421061199747, -66.216589419276346 ], [ 110.560464009142237, -66.216674779650816 ], [ 110.560552047069237, -66.216724367923561 ], [ 110.560696099395031, -66.216747234222112 ], [ 110.560962730075389, -66.216747983936827 ] ], [ [ 110.583794327551431, -66.213473551403922 ], [ 110.583905499532236, -66.213469320870928 ], [ 110.584117775896345, -66.213398151524842 ], [ 110.584274680474266, -66.213313326660881 ], [ 110.584354525090546, -66.213187963651691 ], [ 110.584333693731907, -66.213102656828269 ], [ 110.584235159799007, -66.213012691063454 ], [ 110.584103049357466, -66.212940557798447 ], [ 110.583970242752272, -66.21290880202551 ], [ 110.583759037409152, -66.212917209540436 ], [ 110.583413954439834, -66.212961121401833 ], [ 110.583012964173818, -66.213022865763051 ], [ 110.582878925894448, -66.213067366686005 ], [ 110.582831533214772, -66.213112081813151 ], [ 110.582866180744432, -66.213167774905656 ], [ 110.583009054947127, -66.213260578876145 ], [ 110.583064158978075, -66.21328767570769 ], [ 110.583183042310154, -66.213354346765541 ], [ 110.583346640769378, -66.213404149242493 ], [ 110.583539478102168, -66.213432477748199 ], [ 110.583561541134969, -66.213442384692542 ], [ 110.583794327551431, -66.213473551403922 ] ], [ [ 110.619721887974421, -66.212794256328522 ], [ 110.619632725475356, -66.212811981726247 ], [ 110.619576871729706, -66.212834258963241 ], [ 110.619576443321307, -66.212861195141642 ], [ 110.619627263268214, -66.212879241845656 ], [ 110.619820582560465, -66.212879723805102 ], [ 110.620020863489273, -66.212857767874397 ], [ 110.620065739269577, -66.212830992349154 ], [ 110.620043890440982, -66.21280400261972 ], [ 110.619977433587323, -66.212790400652892 ], [ 110.619839486081275, -66.212804431028118 ], [ 110.619721887974421, -66.212794256328522 ] ], [ [ 110.632266382203483, -66.232503399152932 ], [ 110.632444546548442, -66.232485887959427 ], [ 110.6325339232517, -66.232454721248047 ], [ 110.632567928168768, -66.232409952569839 ], [ 110.63253531557902, -66.232360524950238 ], [ 110.632392173621071, -66.232265953795078 ], [ 110.632259474117973, -66.232216311971285 ], [ 110.632104283173675, -66.232184556198348 ], [ 110.631992950539711, -66.232193231468528 ], [ 110.63193495475204, -66.232208386415806 ], [ 110.631892060360599, -66.232251334358295 ], [ 110.631968049301236, -66.232377125775884 ], [ 110.632033970644386, -66.232431105234781 ], [ 110.63214428580838, -66.232489690084009 ], [ 110.632266382203483, -66.232503399152932 ] ], [ [ 110.596748594418798, -66.234339557571928 ], [ 110.59703771654037, -66.234335808998395 ], [ 110.597327213519279, -66.234309676085758 ], [ 110.59763973744991, -66.2342359898403 ], [ 110.597818490856426, -66.234180832258289 ], [ 110.597953011095242, -66.234113893445198 ], [ 110.598010096515054, -66.234019857800547 ], [ 110.597978072986862, -66.233934550977125 ], [ 110.597912687154221, -66.233853635339841 ], [ 110.5977433587326, -66.233733895190952 ], [ 110.59733931605669, -66.233551607415109 ], [ 110.597312005020953, -66.233451038542299 ], [ 110.597233338527786, -66.233364714248921 ], [ 110.597105565721336, -66.233288136246728 ], [ 110.596937576075959, -66.233224892456107 ], [ 110.596740401108079, -66.233179534716342 ], [ 110.596520681147936, -66.233152919844258 ], [ 110.596291750407119, -66.233147832494453 ], [ 110.5961782221801, -66.233153830212103 ], [ 110.59607856367515, -66.233131124566711 ], [ 110.595901791657496, -66.233058937750656 ], [ 110.595792119106108, -66.232964420146544 ], [ 110.595661722298175, -66.232775706244638 ], [ 110.595562545752685, -66.232721619683645 ], [ 110.595407515461531, -66.232682634518895 ], [ 110.595207770043217, -66.232657893933577 ], [ 110.59488528561721, -66.232661535405015 ], [ 110.594673758967787, -66.232678885945361 ], [ 110.594428602258674, -66.23271417608764 ], [ 110.594082448268352, -66.232807462017576 ], [ 110.593847841116173, -66.232878631363675 ], [ 110.593668766403354, -66.232949907811872 ], [ 110.593244534981423, -66.233060919139518 ], [ 110.592942399954595, -66.23318124834995 ], [ 110.592785120519324, -66.233279514527595 ], [ 110.592739495024304, -66.23335121938419 ], [ 110.592753686052689, -66.233438239841234 ], [ 110.592810128859895, -66.233523653766753 ], [ 110.592957822657127, -66.233602962872524 ], [ 110.593134915981082, -66.233652765349476 ], [ 110.593245820206633, -66.233671026257682 ], [ 110.593579121944842, -66.233685324388162 ], [ 110.593912477234113, -66.233699676069691 ], [ 110.594274321682235, -66.233736519192433 ], [ 110.594540470403132, -66.233779360032813 ], [ 110.594777166046285, -66.233858936893839 ], [ 110.595053864324129, -66.233935889753383 ], [ 110.595253556191381, -66.233963361442278 ], [ 110.5955869650317, -66.233973161284524 ], [ 110.595786978205254, -66.233982693371502 ], [ 110.595908967498261, -66.234000954279722 ], [ 110.596021478255324, -66.23405686157642 ], [ 110.596212280648203, -66.23422335179238 ], [ 110.596515540247097, -66.234312032331985 ], [ 110.596748594418798, -66.234339557571928 ] ], [ [ 110.603025098841854, -66.241061928041319 ], [ 110.603270201999919, -66.241035634475523 ], [ 110.603381695287027, -66.24101796262886 ], [ 110.60342608910787, -66.241022568019204 ], [ 110.60344831279383, -66.241022621570252 ], [ 110.604015043561105, -66.241055448364207 ], [ 110.604170662913802, -66.24106037506084 ], [ 110.604371104495769, -66.241042917418383 ], [ 110.604527366461085, -66.241007413071912 ], [ 110.60475072789265, -66.240949685039496 ], [ 110.605052809368431, -66.24083380056625 ], [ 110.605298876445403, -66.240744745169295 ], [ 110.605622913851889, -66.240646853849 ], [ 110.605979885154412, -66.240580504097466 ], [ 110.606358598183448, -66.240541090524303 ], [ 110.606692435432166, -66.240528452476383 ], [ 110.607303774224491, -66.240552443347013 ], [ 110.608459673649193, -66.24060021088404 ], [ 110.608804114005906, -66.240619060853803 ], [ 110.609459418210676, -66.240674539742116 ], [ 110.609992626020343, -66.240716256010444 ], [ 110.610625652988119, -66.240776126084882 ], [ 110.611025250926829, -66.240826464072327 ], [ 110.611791030948766, -66.240931584784434 ], [ 110.612021300465841, -66.240957557043913 ], [ 110.612356262286625, -66.240938867727294 ], [ 110.612646508980248, -66.240853721557031 ], [ 110.612739259399689, -66.240755830236736 ], [ 110.612771336478929, -66.240645515072742 ], [ 110.612727585270676, -66.240522722513987 ], [ 110.612612450512131, -66.240450803453186 ], [ 110.612521627930519, -66.240430989564516 ], [ 110.612145003392456, -66.240331384610613 ], [ 110.612023228303656, -66.240295184100475 ], [ 110.61184576012235, -66.240263321225441 ], [ 110.611790388336146, -66.240249719258614 ], [ 110.611364121974304, -66.24019932772012 ], [ 110.611091118718932, -66.240158254064397 ], [ 110.61062474262026, -66.240112253712027 ], [ 110.610102566326987, -66.240079534020182 ], [ 110.609725299176333, -66.240024751295536 ], [ 110.608949612210068, -66.239843373887538 ], [ 110.608683677693364, -66.239779915892711 ], [ 110.608162251114805, -66.239697822132328 ], [ 110.607817864309141, -66.239674527425365 ], [ 110.607395507173962, -66.239660015090692 ], [ 110.60681694162453, -66.239676508814227 ], [ 110.606683331753572, -66.23968513053336 ], [ 110.606427143528066, -66.239711424099156 ], [ 110.605926494757085, -66.239723580187615 ], [ 110.605447319957349, -66.239785163895675 ], [ 110.605313549433248, -66.239807280479511 ], [ 110.605146148849428, -66.239842731274933 ], [ 110.605090295103778, -66.239860510223707 ], [ 110.604945278859063, -66.239887071544743 ], [ 110.604766846758849, -66.239918024051917 ], [ 110.60459992813449, -66.239926538668954 ], [ 110.604399325899379, -66.239952939336831 ], [ 110.603408631465413, -66.240008739531447 ], [ 110.602919335517143, -66.240007507857285 ], [ 110.60279723912204, -66.2399937452373 ], [ 110.602708665684546, -66.239966594854707 ], [ 110.602675785339542, -66.239935106837024 ], [ 110.602721089528259, -66.239885893421629 ], [ 110.60283317187691, -66.239827844082896 ], [ 110.602855931073378, -66.239796516718371 ], [ 110.60280109479767, -66.239747035547722 ], [ 110.602679319708869, -66.239712602222255 ], [ 110.602246627220964, -66.239646895083325 ], [ 110.602124905683212, -66.239606249836001 ], [ 110.602058984340061, -66.239556715114304 ], [ 110.601904275355224, -66.239493524874732 ], [ 110.601726967827062, -66.239452718974263 ], [ 110.601527008204556, -66.239438742150085 ], [ 110.601404483401055, -66.239451862157452 ], [ 110.601343810060854, -66.239492078996363 ], [ 110.601269856060128, -66.239527797547041 ], [ 110.60108001758617, -66.239576636105085 ], [ 110.600823508054347, -66.239620815721736 ], [ 110.600622530961886, -66.239674152568014 ], [ 110.600243389524451, -66.239735950480281 ], [ 110.599831153537821, -66.239784253527802 ], [ 110.599597670957706, -66.23977916617801 ], [ 110.599408903504752, -66.239760744616646 ], [ 110.599287074864904, -66.239728988843709 ], [ 110.599232077936051, -66.239693002537791 ], [ 110.599210550413758, -66.239648073206425 ], [ 110.599191218484535, -66.239604964610791 ], [ 110.599079029033774, -66.239526619423927 ], [ 110.599012786384321, -66.239495024304148 ], [ 110.598913127879371, -66.239467873921541 ], [ 110.598580147447464, -66.239426639612674 ], [ 110.598257663021442, -66.239425782795877 ], [ 110.598001528346984, -66.239447578073424 ], [ 110.597812278934569, -66.239460537427632 ], [ 110.597067598026541, -66.239431673411417 ], [ 110.596833847691173, -66.239444525663544 ], [ 110.596321310586987, -66.239506002269493 ], [ 110.596076207428922, -66.239532295835289 ], [ 110.595920266769909, -66.239549807028794 ], [ 110.595730428295951, -66.239598699137886 ], [ 110.595528594386678, -66.239701302950607 ], [ 110.595416672691158, -66.239745910975671 ], [ 110.595326171415849, -66.239839839518211 ], [ 110.595336453217541, -66.239893711874998 ], [ 110.595402481662788, -66.239938748308461 ], [ 110.595586322419095, -66.239985873232882 ], [ 110.595890385283738, -66.240025233254983 ], [ 110.596145823794558, -66.24004831375774 ], [ 110.596334109288051, -66.240098169785739 ], [ 110.596389106216904, -66.240134209642719 ], [ 110.596390766299464, -66.240170088846554 ], [ 110.596343587823995, -66.240201362660031 ], [ 110.596131204357775, -66.24026808726893 ], [ 110.595717843799079, -66.240383650435874 ], [ 110.595605922103573, -66.240428204909875 ], [ 110.595427061594947, -66.240486040044402 ], [ 110.59518035190537, -66.240611028196241 ], [ 110.595056916734009, -66.240682465297581 ], [ 110.595000259722596, -66.240745120026645 ], [ 110.595010327320082, -66.240812433697101 ], [ 110.595054078528335, -66.240857416579516 ], [ 110.595098258144986, -66.240876373651389 ], [ 110.595186885133529, -66.240898115377888 ], [ 110.595309088630742, -66.240907433260659 ], [ 110.595453783569141, -66.240898811541541 ], [ 110.595855737754079, -66.240801187976501 ], [ 110.596078510124087, -66.240779339147906 ], [ 110.59684616443279, -66.240763380934865 ], [ 110.597179894579398, -66.240759739463428 ], [ 110.597647448801183, -66.240729590222003 ], [ 110.597765582418546, -66.240715506295729 ], [ 110.598092725785961, -66.24070383216673 ], [ 110.598292685408467, -66.240717808990894 ], [ 110.598713971522628, -66.240804133284286 ], [ 110.599013589650085, -66.240845260491056 ], [ 110.599202517756183, -66.240854739026986 ], [ 110.599525162835363, -66.240846599267314 ], [ 110.599769837585015, -66.240847188328871 ], [ 110.600337425169101, -66.240821751579887 ], [ 110.600526353275214, -66.24083123011583 ], [ 110.600737130209922, -66.240863146541912 ], [ 110.600991765454964, -66.240940045850408 ], [ 110.601190761158563, -66.241014160504278 ], [ 110.601312000736868, -66.241084419482519 ], [ 110.601433775825669, -66.241120619992643 ], [ 110.601711223818228, -66.241157248911179 ], [ 110.60194475994939, -66.241157837972736 ], [ 110.602456922196211, -66.24112324399411 ], [ 110.60262394792268, -66.241111141456713 ], [ 110.603025098841854, -66.241061928041319 ] ], [ [ 110.59345622228399, -66.240628914247097 ], [ 110.593756857881402, -66.240607279622708 ], [ 110.594013313862177, -66.240567598294291 ], [ 110.594448844555757, -66.240456586966644 ], [ 110.594650303607679, -66.240376367493013 ], [ 110.594836768365468, -66.240262036000232 ], [ 110.594897977216164, -66.240188617510015 ], [ 110.594887802516581, -66.240130300416041 ], [ 110.594799978793787, -66.24005827425313 ], [ 110.594655980019027, -66.240022020191958 ], [ 110.594322356974516, -66.240021163375147 ], [ 110.594043891512001, -66.240047349838846 ], [ 110.593575908881817, -66.240104435258658 ], [ 110.593174168901086, -66.240188617510015 ], [ 110.592950486163218, -66.240268729881535 ], [ 110.592725946608525, -66.240398269872657 ], [ 110.592702973207878, -66.240443038550865 ], [ 110.592719895339826, -66.240496910907652 ], [ 110.592799204445598, -66.240545588812552 ], [ 110.59345622228399, -66.240628914247097 ] ] ] ] } }
]
}
