{
"type": "FeatureCollection",
"name": "wisp",
"crs": { "type": "name", "properties": { "name": "urn:ogc:def:crs:OGC:1.3:CRS84" } },
"features": [
{ "type": "Feature", "properties": { "SPECIES": "WISP", "ACTIVITY": "A", "TYPE": "crack in", "ENTRANCES": 0, "SLOPE": "55", "REMNANTS": null, "NESTNB": 0, "DATE": "2003-02-13", "SNOW": "A", "EGGCHICK": null, "CAVITYSIZE": "s", "CAVDEPTH": null, "DISTNN": 0, "SUBSTRATE": "sand", "COMMENTS": "spitseen", "SITEDOTID": 0, "ASPECT": "NE", "FIRST_FRED": 1947, "METADATA": "BIRDCasey0203" }, "geometry": { "type": "Point", "coordinates": [ 110.531934999844935, -66.462286674941708 ] } },
{ "type": "Feature", "properties": { "SPECIES": "WISP", "ACTIVITY": "A", "TYPE": "1 boulder", "ENTRANCES": 1, "SLOPE": "40", "REMNANTS": null, "NESTNB": 0, "DATE": "2003-02-13", "SNOW": "A", "EGGCHICK": null, "CAVITYSIZE": "m", "CAVDEPTH": "40", "DISTNN": 0, "SUBSTRATE": "sand", "COMMENTS": null, "SITEDOTID": 0, "ASPECT": "NE", "FIRST_FRED": 1947, "METADATA": "BIRDCasey0203" }, "geometry": { "type": "Point", "coordinates": [ 110.533014999845292, -66.462530008275067 ] } },
{ "type": "Feature", "properties": { "SPECIES": "WISP", "ACTIVITY": "A", "TYPE": "1 boulder", "ENTRANCES": 1, "SLOPE": "25", "REMNANTS": null, "NESTNB": 0, "DATE": "2003-02-13", "SNOW": "A", "EGGCHICK": null, "CAVITYSIZE": "s", "CAVDEPTH": "20", "DISTNN": 0, "SUBSTRATE": "sand", "COMMENTS": "?", "SITEDOTID": 0, "ASPECT": "SW", "FIRST_FRED": 1947, "METADATA": "BIRDCasey0203" }, "geometry": { "type": "Point", "coordinates": [ 110.533018333178632, -66.463006674941795 ] } },
{ "type": "Feature", "properties": { "SPECIES": "WISP", "ACTIVITY": "A", "TYPE": "crack in", "ENTRANCES": 1, "SLOPE": "25", "REMNANTS": "OC", "NESTNB": 0, "DATE": "2003-02-13", "SNOW": "A", "EGGCHICK": "cF", "CAVITYSIZE": "s", "CAVDEPTH": "10", "DISTNN": 0, "SUBSTRATE": "sand", "COMMENTS": null, "SITEDOTID": 0, "ASPECT": "SW", "FIRST_FRED": 1947, "METADATA": "BIRDCasey0203" }, "geometry": { "type": "Point", "coordinates": [ 110.532758333178535, -66.462806674941802 ] } },
{ "type": "Feature", "properties": { "SPECIES": "WISP", "ACTIVITY": "A", "TYPE": "1 boulder", "ENTRANCES": 1, "SLOPE": "20", "REMNANTS": "OE", "NESTNB": 0, "DATE": "2003-02-13", "SNOW": "A", "EGGCHICK": null, "CAVITYSIZE": "s", "CAVDEPTH": "35", "DISTNN": 0, "SUBSTRATE": "sand", "COMMENTS": null, "SITEDOTID": 0, "ASPECT": "SW", "FIRST_FRED": 1947, "METADATA": "BIRDCasey0203" }, "geometry": { "type": "Point", "coordinates": [ 110.532688333178527, -66.462808341608465 ] } },
{ "type": "Feature", "properties": { "SPECIES": "WISP", "ACTIVITY": "A", "TYPE": "1 boulder", "ENTRANCES": 0, "SLOPE": null, "REMNANTS": null, "NESTNB": 0, "DATE": "2003-02-13", "SNOW": "A", "EGGCHICK": null, "CAVITYSIZE": "s", "CAVDEPTH": null, "DISTNN": 0, "SUBSTRATE": "sand", "COMMENTS": null, "SITEDOTID": 0, "ASPECT": null, "FIRST_FRED": 1947, "METADATA": null }, "geometry": { "type": "Point", "coordinates": [ 110.53570499984616, -66.463596674941911 ] } },
{ "type": "Feature", "properties": { "SPECIES": "WISP", "ACTIVITY": "A", "TYPE": "1 boulder", "ENTRANCES": 0, "SLOPE": "25", "REMNANTS": null, "NESTNB": 0, "DATE": "2003-02-13", "SNOW": "A", "EGGCHICK": null, "CAVITYSIZE": "s", "CAVDEPTH": null, "DISTNN": 0, "SUBSTRATE": "sand", "COMMENTS": null, "SITEDOTID": 0, "ASPECT": "E", "FIRST_FRED": null, "METADATA": null }, "geometry": { "type": "Point", "coordinates": [ 110.535938333179573, -66.464118341608639 ] } },
{ "type": "Feature", "properties": { "SPECIES": "WISP", "ACTIVITY": "B", "TYPE": "crack in", "ENTRANCES": 1, "SLOPE": "30", "REMNANTS": null, "NESTNB": 0, "DATE": "2003-02-13", "SNOW": "A", "EGGCHICK": null, "CAVITYSIZE": "s", "CAVDEPTH": "35", "DISTNN": 0, "SUBSTRATE": "sand", "COMMENTS": null, "SITEDOTID": 0, "ASPECT": "W", "FIRST_FRED": 1854, "METADATA": null }, "geometry": { "type": "Point", "coordinates": [ 110.54204999984826, -66.464166674942007 ] } },
{ "type": "Feature", "properties": { "SPECIES": "WISP", "ACTIVITY": "A", "TYPE": "crack in", "ENTRANCES": 1, "SLOPE": "40", "REMNANTS": null, "NESTNB": 0, "DATE": "2003-02-13", "SNOW": "A", "EGGCHICK": null, "CAVITYSIZE": "s", "CAVDEPTH": "35", "DISTNN": 0, "SUBSTRATE": "sand", "COMMENTS": null, "SITEDOTID": 0, "ASPECT": "NE", "FIRST_FRED": 1761, "METADATA": null }, "geometry": { "type": "Point", "coordinates": [ 110.551928333184861, -66.466978341609078 ] } },
{ "type": "Feature", "properties": { "SPECIES": "WISP", "ACTIVITY": "A", "TYPE": "1 boulder", "ENTRANCES": 1, "SLOPE": "5", "REMNANTS": "OC", "NESTNB": 0, "DATE": "2003-02-13", "SNOW": "A", "EGGCHICK": null, "CAVITYSIZE": "m", "CAVDEPTH": "55", "DISTNN": 0, "SUBSTRATE": "bare rock", "COMMENTS": null, "SITEDOTID": 0, "ASPECT": "N", "FIRST_FRED": 1761, "METADATA": null }, "geometry": { "type": "Point", "coordinates": [ 110.551361666518005, -66.466928341609062 ] } },
{ "type": "Feature", "properties": { "SPECIES": "WISP", "ACTIVITY": "A", "TYPE": "crack in", "ENTRANCES": 1, "SLOPE": "40", "REMNANTS": null, "NESTNB": 0, "DATE": "2003-02-14", "SNOW": "A", "EGGCHICK": null, "CAVITYSIZE": "s", "CAVDEPTH": "65", "DISTNN": 0, "SUBSTRATE": null, "COMMENTS": "Bfflying", "SITEDOTID": 0, "ASPECT": "NE", "FIRST_FRED": 1381, "METADATA": null }, "geometry": { "type": "Point", "coordinates": [ 110.551458333184627, -66.473886674943401 ] } },
{ "type": "Feature", "properties": { "SPECIES": "WISP", "ACTIVITY": "B", "TYPE": "crack in", "ENTRANCES": 1, "SLOPE": "35", "REMNANTS": null, "NESTNB": 0, "DATE": "2003-02-14", "SNOW": "A", "EGGCHICK": "c", "CAVITYSIZE": "s", "CAVDEPTH": "40", "DISTNN": 0, "SUBSTRATE": "sand", "COMMENTS": null, "SITEDOTID": 0, "ASPECT": "NE", "FIRST_FRED": 1381, "METADATA": null }, "geometry": { "type": "Point", "coordinates": [ 110.550201666517538, -66.474401674943437 ] } },
{ "type": "Feature", "properties": { "SPECIES": "WISP", "ACTIVITY": "B", "TYPE": null, "ENTRANCES": null, "SLOPE": null, "REMNANTS": null, "NESTNB": 0, "DATE": "2003-02-14", "SNOW": "A", "EGGCHICK": null, "CAVITYSIZE": null, "CAVDEPTH": null, "DISTNN": null, "SUBSTRATE": null, "COMMENTS": "flyingaround", "SITEDOTID": 0, "ASPECT": null, "FIRST_FRED": 1379, "METADATA": null }, "geometry": { "type": "Point", "coordinates": [ 110.541176073694359, -66.473671022758893 ] } },
{ "type": "Feature", "properties": { "SPECIES": "WISP", "ACTIVITY": "A", "TYPE": "1 boulder", "ENTRANCES": 1, "SLOPE": "45", "REMNANTS": null, "NESTNB": 0, "DATE": "2003-02-14", "SNOW": "A", "EGGCHICK": null, "CAVITYSIZE": "s", "CAVDEPTH": "35", "DISTNN": 0, "SUBSTRATE": "sand", "COMMENTS": null, "SITEDOTID": 0, "ASPECT": "NE", "FIRST_FRED": 1379, "METADATA": null }, "geometry": { "type": "Point", "coordinates": [ 110.542404999848287, -66.472778341609882 ] } },
{ "type": "Feature", "properties": { "SPECIES": "WISP", "ACTIVITY": "A", "TYPE": "1 boulder", "ENTRANCES": 1, "SLOPE": "30", "REMNANTS": null, "NESTNB": 0, "DATE": "2003-02-15", "SNOW": "A", "EGGCHICK": null, "CAVITYSIZE": "s", "CAVDEPTH": "25", "DISTNN": 0, "SUBSTRATE": "sand", "COMMENTS": "spit", "SITEDOTID": 0, "ASPECT": "N", "FIRST_FRED": 1864, "METADATA": null }, "geometry": { "type": "Point", "coordinates": [ 110.588166666530213, -66.465315008275553 ] } },
{ "type": "Feature", "properties": { "SPECIES": "WISP", "ACTIVITY": "B", "TYPE": "1 boulder", "ENTRANCES": 1, "SLOPE": "35", "REMNANTS": null, "NESTNB": 0, "DATE": "2003-02-15", "SNOW": "A", "EGGCHICK": "c", "CAVITYSIZE": "s", "CAVDEPTH": "40", "DISTNN": 0, "SUBSTRATE": "sand", "COMMENTS": null, "SITEDOTID": 0, "ASPECT": "N", "FIRST_FRED": 1864, "METADATA": null }, "geometry": { "type": "Point", "coordinates": [ 110.589061666530483, -66.465326674942204 ] } },
{ "type": "Feature", "properties": { "SPECIES": "WISP", "ACTIVITY": "A", "TYPE": "1 boulder", "ENTRANCES": 1, "SLOPE": "45", "REMNANTS": null, "NESTNB": 0, "DATE": "2003-02-15", "SNOW": "A", "EGGCHICK": "c", "CAVITYSIZE": "m", "CAVDEPTH": "50", "DISTNN": 0, "SUBSTRATE": "sand", "COMMENTS": null, "SITEDOTID": 0, "ASPECT": "N", "FIRST_FRED": 1864, "METADATA": null }, "geometry": { "type": "Point", "coordinates": [ 110.588638333197025, -66.465365008275555 ] } },
{ "type": "Feature", "properties": { "SPECIES": "WISP", "ACTIVITY": "A", "TYPE": "1 boulder", "ENTRANCES": 0, "SLOPE": "40", "REMNANTS": null, "NESTNB": 0, "DATE": "2003-02-15", "SNOW": "A", "EGGCHICK": "c", "CAVITYSIZE": null, "CAVDEPTH": null, "DISTNN": 0, "SUBSTRATE": "sand", "COMMENTS": "around", "SITEDOTID": 0, "ASPECT": "N", "FIRST_FRED": 1864, "METADATA": null }, "geometry": { "type": "Point", "coordinates": [ 110.589414999863948, -66.465333341608869 ] } },
{ "type": "Feature", "properties": { "SPECIES": "WISP", "ACTIVITY": "A", "TYPE": "1 boulder", "ENTRANCES": 1, "SLOPE": "40", "REMNANTS": null, "NESTNB": 0, "DATE": "2003-02-15", "SNOW": "A", "EGGCHICK": null, "CAVITYSIZE": "m", "CAVDEPTH": "30", "DISTNN": 0, "SUBSTRATE": "sand", "COMMENTS": null, "SITEDOTID": 0, "ASPECT": "N", "FIRST_FRED": null, "METADATA": null }, "geometry": { "type": "Point", "coordinates": [ 110.589901666530764, -66.465493341608905 ] } },
{ "type": "Feature", "properties": { "SPECIES": "WISP", "ACTIVITY": "B", "TYPE": "crack in", "ENTRANCES": 0, "SLOPE": "45", "REMNANTS": null, "NESTNB": 0, "DATE": "2003-02-15", "SNOW": "A", "EGGCHICK": null, "CAVITYSIZE": "s", "CAVDEPTH": "40", "DISTNN": 0, "SUBSTRATE": "bare rock", "COMMENTS": null, "SITEDOTID": 0, "ASPECT": "N", "FIRST_FRED": 1472, "METADATA": null }, "geometry": { "type": "Point", "coordinates": [ 110.533543333178713, -66.47119834160965 ] } },
{ "type": "Feature", "properties": { "SPECIES": "WISP", "ACTIVITY": "B", "TYPE": "crack in", "ENTRANCES": 1, "SLOPE": "30", "REMNANTS": null, "NESTNB": 0, "DATE": "2003-02-15", "SNOW": "A", "EGGCHICK": null, "CAVITYSIZE": "m", "CAVDEPTH": "40", "DISTNN": 0, "SUBSTRATE": "sand", "COMMENTS": null, "SITEDOTID": 0, "ASPECT": "NW", "FIRST_FRED": 1472, "METADATA": null }, "geometry": { "type": "Point", "coordinates": [ 110.53345333317867, -66.471166674942992 ] } },
{ "type": "Feature", "properties": { "SPECIES": "WISP", "ACTIVITY": "B", "TYPE": "1 boulder", "ENTRANCES": 1, "SLOPE": "5", "REMNANTS": null, "NESTNB": 0, "DATE": "2003-02-15", "SNOW": "A", "EGGCHICK": null, "CAVITYSIZE": "m", "CAVDEPTH": "40", "DISTNN": 0, "SUBSTRATE": "sand", "COMMENTS": null, "SITEDOTID": 0, "ASPECT": "S", "FIRST_FRED": 1472, "METADATA": null }, "geometry": { "type": "Point", "coordinates": [ 110.53556833317937, -66.471148341609648 ] } },
{ "type": "Feature", "properties": { "SPECIES": "WISP", "ACTIVITY": "A", "TYPE": "1 boulder", "ENTRANCES": 0, "SLOPE": "20", "REMNANTS": null, "NESTNB": 0, "DATE": "2003-02-15", "SNOW": "A", "EGGCHICK": null, "CAVITYSIZE": "s", "CAVDEPTH": null, "DISTNN": 0, "SUBSTRATE": "sand", "COMMENTS": "spit", "SITEDOTID": 0, "ASPECT": "W", "FIRST_FRED": 1472, "METADATA": null }, "geometry": { "type": "Point", "coordinates": [ 110.534241666512287, -66.470513341609575 ] } },
{ "type": "Feature", "properties": { "SPECIES": "WISP", "ACTIVITY": "A", "TYPE": "flat rock", "ENTRANCES": 1, "SLOPE": "5", "REMNANTS": null, "NESTNB": 0, "DATE": "2003-02-15", "SNOW": "A", "EGGCHICK": null, "CAVITYSIZE": "s", "CAVDEPTH": "30", "DISTNN": 0, "SUBSTRATE": "sand", "COMMENTS": null, "SITEDOTID": 0, "ASPECT": "NE", "FIRST_FRED": 1472, "METADATA": null }, "geometry": { "type": "Point", "coordinates": [ 110.535268333179275, -66.470725008276247 ] } },
{ "type": "Feature", "properties": { "SPECIES": "WISP", "ACTIVITY": "B", "TYPE": "1 boulder", "ENTRANCES": 1, "SLOPE": "30", "REMNANTS": null, "NESTNB": 0, "DATE": "2003-02-15", "SNOW": "A", "EGGCHICK": "c", "CAVITYSIZE": "s", "CAVDEPTH": null, "DISTNN": 0, "SUBSTRATE": "sand", "COMMENTS": null, "SITEDOTID": 0, "ASPECT": "NE", "FIRST_FRED": 1472, "METADATA": null }, "geometry": { "type": "Point", "coordinates": [ 110.535863333179478, -66.470745008276268 ] } },
{ "type": "Feature", "properties": { "SPECIES": "WISP", "ACTIVITY": "A", "TYPE": "1 boulder", "ENTRANCES": 0, "SLOPE": null, "REMNANTS": null, "NESTNB": 0, "DATE": "2003-02-16", "SNOW": "A", "EGGCHICK": "c", "CAVITYSIZE": null, "CAVDEPTH": null, "DISTNN": 0, "SUBSTRATE": "sand", "COMMENTS": "heard", "SITEDOTID": 0, "ASPECT": null, "FIRST_FRED": 1485, "METADATA": null }, "geometry": { "type": "Point", "coordinates": [ 110.592344999864849, -66.472706674943268 ] } },
{ "type": "Feature", "properties": { "SPECIES": "WISP", "ACTIVITY": "A", "TYPE": "1 boulder", "ENTRANCES": 1, "SLOPE": "20", "REMNANTS": null, "NESTNB": 0, "DATE": "2003-02-07", "SNOW": "A", "EGGCHICK": null, "CAVITYSIZE": "s", "CAVDEPTH": "25", "DISTNN": 0, "SUBSTRATE": "sand", "COMMENTS": null, "SITEDOTID": 0, "ASPECT": "E", "FIRST_FRED": 6787, "METADATA": null }, "geometry": { "type": "Point", "coordinates": [ 110.515999999840602, -66.371051674928609 ] } },
{ "type": "Feature", "properties": { "SPECIES": "WISP", "ACTIVITY": "A", "TYPE": "1 boulder", "ENTRANCES": 0, "SLOPE": "20", "REMNANTS": null, "NESTNB": 0, "DATE": "2003-02-07", "SNOW": "A", "EGGCHICK": null, "CAVITYSIZE": "s", "CAVDEPTH": "20", "DISTNN": 0, "SUBSTRATE": "sand", "COMMENTS": null, "SITEDOTID": 0, "ASPECT": "W", "FIRST_FRED": 6787, "METADATA": null }, "geometry": { "type": "Point", "coordinates": [ 110.514684999840185, -66.37112500826197 ] } },
{ "type": "Feature", "properties": { "SPECIES": "WISP", "ACTIVITY": "A", "TYPE": "1 boulder", "ENTRANCES": 1, "SLOPE": "25", "REMNANTS": null, "NESTNB": 0, "DATE": "2003-02-07", "SNOW": "A", "EGGCHICK": null, "CAVITYSIZE": null, "CAVDEPTH": "25", "DISTNN": 0, "SUBSTRATE": "sand", "COMMENTS": null, "SITEDOTID": 0, "ASPECT": "E", "FIRST_FRED": 6787, "METADATA": null }, "geometry": { "type": "Point", "coordinates": [ 110.515113333173645, -66.371748341595378 ] } },
{ "type": "Feature", "properties": { "SPECIES": "WISP", "ACTIVITY": "A", "TYPE": "1 boulder", "ENTRANCES": 1, "SLOPE": "20", "REMNANTS": null, "NESTNB": 0, "DATE": "2003-02-07", "SNOW": "A", "EGGCHICK": null, "CAVITYSIZE": "s", "CAVDEPTH": "30", "DISTNN": 0, "SUBSTRATE": "sand", "COMMENTS": null, "SITEDOTID": 0, "ASPECT": "SE", "FIRST_FRED": 6787, "METADATA": null }, "geometry": { "type": "Point", "coordinates": [ 110.515161666506998, -66.37176834159537 ] } },
{ "type": "Feature", "properties": { "SPECIES": "WISP", "ACTIVITY": "A", "TYPE": "crack in", "ENTRANCES": 1, "SLOPE": "40", "REMNANTS": null, "NESTNB": 0, "DATE": "2003-02-07", "SNOW": "A", "EGGCHICK": null, "CAVITYSIZE": "s", "CAVDEPTH": "45", "DISTNN": 0, "SUBSTRATE": null, "COMMENTS": "eggshell", "SITEDOTID": 0, "ASPECT": "N", "FIRST_FRED": 6693, "METADATA": null }, "geometry": { "type": "Point", "coordinates": [ 110.519611666508439, -66.372691674928845 ] } },
{ "type": "Feature", "properties": { "SPECIES": "WISP", "ACTIVITY": "A", "TYPE": "crack in", "ENTRANCES": 1, "SLOPE": "40", "REMNANTS": null, "NESTNB": 0, "DATE": "2003-02-07", "SNOW": "A", "EGGCHICK": null, "CAVITYSIZE": "s", "CAVDEPTH": "25", "DISTNN": 0, "SUBSTRATE": "bare rock", "COMMENTS": null, "SITEDOTID": 0, "ASPECT": "N", "FIRST_FRED": 6693, "METADATA": null }, "geometry": { "type": "Point", "coordinates": [ 110.520184999841973, -66.372543341595502 ] } },
{ "type": "Feature", "properties": { "SPECIES": "WISP", "ACTIVITY": "A", "TYPE": "crack in", "ENTRANCES": 1, "SLOPE": "25", "REMNANTS": null, "NESTNB": 0, "DATE": "2003-02-07", "SNOW": "A", "EGGCHICK": null, "CAVITYSIZE": "s", "CAVDEPTH": "35", "DISTNN": 0, "SUBSTRATE": "bare rock", "COMMENTS": null, "SITEDOTID": 0, "ASPECT": "W", "FIRST_FRED": 6693, "METADATA": null }, "geometry": { "type": "Point", "coordinates": [ 110.51910333317494, -66.373033341595558 ] } },
{ "type": "Feature", "properties": { "SPECIES": "WISP", "ACTIVITY": "B", "TYPE": "1 boulder", "ENTRANCES": 1, "SLOPE": "20", "REMNANTS": null, "NESTNB": 0, "DATE": "2003-02-07", "SNOW": "A", "EGGCHICK": "c", "CAVITYSIZE": "s", "CAVDEPTH": "30", "DISTNN": 0, "SUBSTRATE": "organic", "COMMENTS": null, "SITEDOTID": 0, "ASPECT": "W", "FIRST_FRED": 6693, "METADATA": null }, "geometry": { "type": "Point", "coordinates": [ 110.519159999841648, -66.372991674928926 ] } },
{ "type": "Feature", "properties": { "SPECIES": "WISP", "ACTIVITY": "A", "TYPE": "crack in", "ENTRANCES": 1, "SLOPE": "30", "REMNANTS": null, "NESTNB": 0, "DATE": "2003-02-07", "SNOW": "A", "EGGCHICK": null, "CAVITYSIZE": "s", "CAVDEPTH": "35", "DISTNN": 0, "SUBSTRATE": "bare rock", "COMMENTS": null, "SITEDOTID": 0, "ASPECT": "NW", "FIRST_FRED": 6693, "METADATA": null }, "geometry": { "type": "Point", "coordinates": [ 110.518816666508187, -66.372951674928885 ] } },
{ "type": "Feature", "properties": { "SPECIES": "WISP", "ACTIVITY": "A", "TYPE": "crack in", "ENTRANCES": 1, "SLOPE": "30", "REMNANTS": null, "NESTNB": 0, "DATE": "2003-02-07", "SNOW": "A", "EGGCHICK": "cF", "CAVITYSIZE": "m", "CAVDEPTH": "35", "DISTNN": 0, "SUBSTRATE": "organic", "COMMENTS": null, "SITEDOTID": 0, "ASPECT": "S", "FIRST_FRED": 6693, "METADATA": null }, "geometry": { "type": "Point", "coordinates": [ 110.520104999841948, -66.373176674928914 ] } },
{ "type": "Feature", "properties": { "SPECIES": "WISP", "ACTIVITY": "A", "TYPE": "1 boulder", "ENTRANCES": 0, "SLOPE": "65", "REMNANTS": null, "NESTNB": 0, "DATE": "2003-02-07", "SNOW": "A", "EGGCHICK": "c", "CAVITYSIZE": null, "CAVDEPTH": null, "DISTNN": 0, "SUBSTRATE": "bare rock", "COMMENTS": "cheard", "SITEDOTID": 0, "ASPECT": "S", "FIRST_FRED": 6599, "METADATA": null }, "geometry": { "type": "Point", "coordinates": [ 110.518964999841529, -66.375296674929231 ] } },
{ "type": "Feature", "properties": { "SPECIES": "WISP", "ACTIVITY": "B", "TYPE": "2 boulder", "ENTRANCES": 1, "SLOPE": "30", "REMNANTS": null, "NESTNB": 0, "DATE": "2003-02-07", "SNOW": "A", "EGGCHICK": null, "CAVITYSIZE": null, "CAVDEPTH": "30", "DISTNN": 0, "SUBSTRATE": "sand", "COMMENTS": null, "SITEDOTID": 0, "ASPECT": "E", "FIRST_FRED": 6886, "METADATA": null }, "geometry": { "type": "Point", "coordinates": [ 110.531644999845753, -66.371085008261986 ] } },
{ "type": "Feature", "properties": { "SPECIES": "WISP", "ACTIVITY": "A", "TYPE": "1 boulder", "ENTRANCES": 1, "SLOPE": "20", "REMNANTS": null, "NESTNB": 0, "DATE": "2003-02-07", "SNOW": "A", "EGGCHICK": null, "CAVITYSIZE": "s", "CAVDEPTH": "20", "DISTNN": 0, "SUBSTRATE": "sand", "COMMENTS": null, "SITEDOTID": 0, "ASPECT": "S", "FIRST_FRED": 6886, "METADATA": null }, "geometry": { "type": "Point", "coordinates": [ 110.532469999846057, -66.370910008261959 ] } },
{ "type": "Feature", "properties": { "SPECIES": "WISP", "ACTIVITY": "A", "TYPE": "crack in", "ENTRANCES": 1, "SLOPE": "15", "REMNANTS": null, "NESTNB": 0, "DATE": "2003-02-07", "SNOW": "A", "EGGCHICK": null, "CAVITYSIZE": "m", "CAVDEPTH": "45", "DISTNN": 0, "SUBSTRATE": "bare rock", "COMMENTS": null, "SITEDOTID": 0, "ASPECT": "W", "FIRST_FRED": 6886, "METADATA": null }, "geometry": { "type": "Point", "coordinates": [ 110.532336666512649, -66.370680008261928 ] } },
{ "type": "Feature", "properties": { "SPECIES": "WISP", "ACTIVITY": "B", "TYPE": "1 boulder", "ENTRANCES": 1, "SLOPE": "30", "REMNANTS": null, "NESTNB": 0, "DATE": "2003-02-07", "SNOW": "A", "EGGCHICK": null, "CAVITYSIZE": "m", "CAVDEPTH": "50", "DISTNN": 0, "SUBSTRATE": "sand", "COMMENTS": null, "SITEDOTID": 0, "ASPECT": "NW", "FIRST_FRED": 6886, "METADATA": null }, "geometry": { "type": "Point", "coordinates": [ 110.529948333178524, -66.370535008261868 ] } },
{ "type": "Feature", "properties": { "SPECIES": "WISP", "ACTIVITY": "A", "TYPE": "crack in", "ENTRANCES": 1, "SLOPE": "35", "REMNANTS": null, "NESTNB": 0, "DATE": "2003-02-07", "SNOW": "A", "EGGCHICK": null, "CAVITYSIZE": "s", "CAVDEPTH": "35", "DISTNN": 0, "SUBSTRATE": "bare rock", "COMMENTS": null, "SITEDOTID": 0, "ASPECT": "N", "FIRST_FRED": 6886, "METADATA": null }, "geometry": { "type": "Point", "coordinates": [ 110.52931166651166, -66.370965008261933 ] } },
{ "type": "Feature", "properties": { "SPECIES": "WISP", "ACTIVITY": "A", "TYPE": "crack in", "ENTRANCES": 0, "SLOPE": "35", "REMNANTS": null, "NESTNB": 0, "DATE": "2003-02-07", "SNOW": "A", "EGGCHICK": null, "CAVITYSIZE": null, "CAVDEPTH": "30", "DISTNN": 0, "SUBSTRATE": "sand", "COMMENTS": null, "SITEDOTID": 0, "ASPECT": "N", "FIRST_FRED": 6886, "METADATA": null }, "geometry": { "type": "Point", "coordinates": [ 110.529098333178254, -66.370946674928618 ] } },
{ "type": "Feature", "properties": { "SPECIES": "WISP", "ACTIVITY": "B", "TYPE": "1 boulder", "ENTRANCES": 0, "SLOPE": "30", "REMNANTS": null, "NESTNB": 0, "DATE": "2003-02-05", "SNOW": "A", "EGGCHICK": null, "CAVITYSIZE": "s", "CAVDEPTH": null, "DISTNN": 0, "SUBSTRATE": "sand", "COMMENTS": "seen", "SITEDOTID": 0, "ASPECT": "NE", "FIRST_FRED": 6513, "METADATA": null }, "geometry": { "type": "Point", "coordinates": [ 110.560148329083887, -66.376432414018254 ] } },
{ "type": "Feature", "properties": { "SPECIES": "WISP", "ACTIVITY": "B", "TYPE": "2 boulder", "ENTRANCES": 1, "SLOPE": "40", "REMNANTS": null, "NESTNB": 0, "DATE": "2003-02-05", "SNOW": "A", "EGGCHICK": "c", "CAVITYSIZE": "s", "CAVDEPTH": "20", "DISTNN": 0, "SUBSTRATE": "gravel", "COMMENTS": null, "SITEDOTID": 0, "ASPECT": "NE", "FIRST_FRED": 6513, "METADATA": null }, "geometry": { "type": "Point", "coordinates": [ 110.559876666521674, -66.376293341596082 ] } },
{ "type": "Feature", "properties": { "SPECIES": "WISP", "ACTIVITY": "A", "TYPE": "1 boulder", "ENTRANCES": 1, "SLOPE": "15", "REMNANTS": null, "NESTNB": 0, "DATE": "2003-02-05", "SNOW": "A", "EGGCHICK": null, "CAVITYSIZE": "s", "CAVDEPTH": "40", "DISTNN": 0, "SUBSTRATE": "sand", "COMMENTS": null, "SITEDOTID": 0, "ASPECT": "NE", "FIRST_FRED": 6513, "METADATA": null }, "geometry": { "type": "Point", "coordinates": [ 110.559559999854883, -66.376306674929452 ] } },
{ "type": "Feature", "properties": { "SPECIES": "WISP", "ACTIVITY": "A", "TYPE": "2 boulder", "ENTRANCES": 1, "SLOPE": "35", "REMNANTS": null, "NESTNB": 0, "DATE": "2003-02-05", "SNOW": "A", "EGGCHICK": null, "CAVITYSIZE": "s", "CAVDEPTH": "25", "DISTNN": 0, "SUBSTRATE": "organic", "COMMENTS": null, "SITEDOTID": 0, "ASPECT": "N", "FIRST_FRED": 6513, "METADATA": null }, "geometry": { "type": "Point", "coordinates": [ 110.559696666521617, -66.376225008262736 ] } },
{ "type": "Feature", "properties": { "SPECIES": "WISP", "ACTIVITY": "A", "TYPE": "crack in", "ENTRANCES": 1, "SLOPE": "35", "REMNANTS": null, "NESTNB": 0, "DATE": "2003-02-05", "SNOW": "A", "EGGCHICK": null, "CAVITYSIZE": "m", "CAVDEPTH": "45", "DISTNN": 0, "SUBSTRATE": "bare rock", "COMMENTS": null, "SITEDOTID": 0, "ASPECT": "N", "FIRST_FRED": 6513, "METADATA": null }, "geometry": { "type": "Point", "coordinates": [ 110.558899999854688, -66.376230008262723 ] } },
{ "type": "Feature", "properties": { "SPECIES": "WISP", "ACTIVITY": "B", "TYPE": "2 boulder", "ENTRANCES": 1, "SLOPE": "15", "REMNANTS": null, "NESTNB": 0, "DATE": "2003-02-05", "SNOW": "A", "EGGCHICK": null, "CAVITYSIZE": "s", "CAVDEPTH": "15", "DISTNN": 0, "SUBSTRATE": "sand", "COMMENTS": null, "SITEDOTID": 0, "ASPECT": "S", "FIRST_FRED": 6513, "METADATA": null }, "geometry": { "type": "Point", "coordinates": [ 110.558074999854412, -66.376945008262837 ] } },
{ "type": "Feature", "properties": { "SPECIES": "WISP", "ACTIVITY": "B", "TYPE": "2 boulder", "ENTRANCES": 1, "SLOPE": "10", "REMNANTS": null, "NESTNB": 0, "DATE": "2003-02-05", "SNOW": "A", "EGGCHICK": null, "CAVITYSIZE": "s", "CAVDEPTH": "15", "DISTNN": 0, "SUBSTRATE": "sand", "COMMENTS": null, "SITEDOTID": 0, "ASPECT": "S", "FIRST_FRED": 6513, "METADATA": null }, "geometry": { "type": "Point", "coordinates": [ 110.557884999854338, -66.37684667492951 ] } },
{ "type": "Feature", "properties": { "SPECIES": "WISP", "ACTIVITY": "A", "TYPE": "2 boulder", "ENTRANCES": 1, "SLOPE": "40", "REMNANTS": null, "NESTNB": 0, "DATE": "2003-02-05", "SNOW": "A", "EGGCHICK": "c", "CAVITYSIZE": "s", "CAVDEPTH": "15", "DISTNN": 0, "SUBSTRATE": "bare rock", "COMMENTS": null, "SITEDOTID": 0, "ASPECT": "N", "FIRST_FRED": 6701, "METADATA": null }, "geometry": { "type": "Point", "coordinates": [ 110.552788333186015, -66.372255008262201 ] } },
{ "type": "Feature", "properties": { "SPECIES": "WISP", "ACTIVITY": "B", "TYPE": null, "ENTRANCES": null, "SLOPE": null, "REMNANTS": null, "NESTNB": 0, "DATE": "2003-02-05", "SNOW": "A", "EGGCHICK": null, "CAVITYSIZE": null, "CAVDEPTH": null, "DISTNN": null, "SUBSTRATE": null, "COMMENTS": "heard", "SITEDOTID": 0, "ASPECT": null, "FIRST_FRED": 6794, "METADATA": null }, "geometry": { "type": "Point", "coordinates": [ 110.545438333183625, -66.370865008261958 ] } },
{ "type": "Feature", "properties": { "SPECIES": "WISP", "ACTIVITY": "B", "TYPE": null, "ENTRANCES": null, "SLOPE": null, "REMNANTS": null, "NESTNB": 0, "DATE": "2003-02-05", "SNOW": "A", "EGGCHICK": null, "CAVITYSIZE": null, "CAVDEPTH": null, "DISTNN": null, "SUBSTRATE": null, "COMMENTS": "flyingaround", "SITEDOTID": 0, "ASPECT": null, "FIRST_FRED": 6797, "METADATA": null }, "geometry": { "type": "Point", "coordinates": [ 110.556073184947152, -66.372019692293748 ] } },
{ "type": "Feature", "properties": { "SPECIES": "WISP", "ACTIVITY": "A", "TYPE": "1 boulder", "ENTRANCES": 1, "SLOPE": "20", "REMNANTS": "OE", "NESTNB": 0, "DATE": "2003-01-29", "SNOW": "A", "EGGCHICK": "c?", "CAVITYSIZE": "m", "CAVDEPTH": "35", "DISTNN": 0, "SUBSTRATE": "gravel", "COMMENTS": null, "SITEDOTID": 0, "ASPECT": "E", "FIRST_FRED": null, "METADATA": null }, "geometry": { "type": "Point", "coordinates": [ 110.58757833319865, -66.240550008242877 ] } },
{ "type": "Feature", "properties": { "SPECIES": "WISP", "ACTIVITY": "B", "TYPE": "1 boulder", "ENTRANCES": 1, "SLOPE": "10", "REMNANTS": null, "NESTNB": 0, "DATE": "2003-01-29", "SNOW": "A", "EGGCHICK": "c?", "CAVITYSIZE": "s", "CAVDEPTH": "20", "DISTNN": 0, "SUBSTRATE": "gravel", "COMMENTS": null, "SITEDOTID": 0, "ASPECT": "E", "FIRST_FRED": 13738, "METADATA": null }, "geometry": { "type": "Point", "coordinates": [ 110.587919999865434, -66.240333341576203 ] } },
{ "type": "Feature", "properties": { "SPECIES": "WISP", "ACTIVITY": "A", "TYPE": "1 boulder", "ENTRANCES": 1, "SLOPE": "10", "REMNANTS": null, "NESTNB": 0, "DATE": "2003-01-29", "SNOW": "A", "EGGCHICK": "c?", "CAVITYSIZE": "s", "CAVDEPTH": "30", "DISTNN": 0, "SUBSTRATE": "gravel", "COMMENTS": null, "SITEDOTID": 0, "ASPECT": "E", "FIRST_FRED": 13738, "METADATA": null }, "geometry": { "type": "Point", "coordinates": [ 110.587821666532065, -66.240335008242866 ] } },
{ "type": "Feature", "properties": { "SPECIES": "WISP", "ACTIVITY": "A", "TYPE": "1 boulder", "ENTRANCES": 1, "SLOPE": "5", "REMNANTS": null, "NESTNB": 0, "DATE": "2003-01-29", "SNOW": "A", "EGGCHICK": null, "CAVITYSIZE": "s", "CAVDEPTH": "25", "DISTNN": 0, "SUBSTRATE": "gravel", "COMMENTS": null, "SITEDOTID": 0, "ASPECT": "E", "FIRST_FRED": null, "METADATA": null }, "geometry": { "type": "Point", "coordinates": [ 110.587936666532116, -66.24034834157618 ] } },
{ "type": "Feature", "properties": { "SPECIES": "WISP", "ACTIVITY": "A", "TYPE": "1 boulder", "ENTRANCES": 1, "SLOPE": "20", "REMNANTS": null, "NESTNB": 0, "DATE": "2003-01-29", "SNOW": "A", "EGGCHICK": null, "CAVITYSIZE": "m", "CAVDEPTH": "35", "DISTNN": 0, "SUBSTRATE": "gravel", "COMMENTS": null, "SITEDOTID": 0, "ASPECT": "E", "FIRST_FRED": 13738, "METADATA": null }, "geometry": { "type": "Point", "coordinates": [ 110.588128333198853, -66.240321674909524 ] } },
{ "type": "Feature", "properties": { "SPECIES": "WISP", "ACTIVITY": "A", "TYPE": "1 boulder", "ENTRANCES": 1, "SLOPE": "20", "REMNANTS": null, "NESTNB": 0, "DATE": "2003-01-29", "SNOW": "A", "EGGCHICK": null, "CAVITYSIZE": "m", "CAVDEPTH": "35", "DISTNN": 0, "SUBSTRATE": "gravel", "COMMENTS": null, "SITEDOTID": 0, "ASPECT": "SE", "FIRST_FRED": null, "METADATA": null }, "geometry": { "type": "Point", "coordinates": [ 110.587618333198677, -66.24057167490956 ] } },
{ "type": "Feature", "properties": { "SPECIES": "WISP", "ACTIVITY": "A", "TYPE": "1 boulder", "ENTRANCES": 1, "SLOPE": "10", "REMNANTS": null, "NESTNB": 0, "DATE": "2003-01-29", "SNOW": "A", "EGGCHICK": null, "CAVITYSIZE": "l", "CAVDEPTH": "40", "DISTNN": 0, "SUBSTRATE": "gravel", "COMMENTS": null, "SITEDOTID": 0, "ASPECT": "E", "FIRST_FRED": null, "METADATA": null }, "geometry": { "type": "Point", "coordinates": [ 110.587546666531978, -66.240618341576223 ] } },
{ "type": "Feature", "properties": { "SPECIES": "WISP", "ACTIVITY": "B", "TYPE": "1 boulder", "ENTRANCES": 1, "SLOPE": "30", "REMNANTS": null, "NESTNB": 0, "DATE": "2003-01-29", "SNOW": "A", "EGGCHICK": null, "CAVITYSIZE": "m", "CAVDEPTH": "40", "DISTNN": 0, "SUBSTRATE": "sand", "COMMENTS": null, "SITEDOTID": 0, "ASPECT": "S", "FIRST_FRED": 13738, "METADATA": null }, "geometry": { "type": "Point", "coordinates": [ 110.585658333198026, -66.239308341576034 ] } },
{ "type": "Feature", "properties": { "SPECIES": "WISP", "ACTIVITY": "B", "TYPE": "1 boulder", "ENTRANCES": 1, "SLOPE": "15", "REMNANTS": null, "NESTNB": 0, "DATE": "2003-01-29", "SNOW": "A", "EGGCHICK": null, "CAVITYSIZE": "m", "CAVDEPTH": "30", "DISTNN": 0, "SUBSTRATE": "sand", "COMMENTS": null, "SITEDOTID": 0, "ASPECT": "S", "FIRST_FRED": 13738, "METADATA": null }, "geometry": { "type": "Point", "coordinates": [ 110.585534999864677, -66.239275008242686 ] } },
{ "type": "Feature", "properties": { "SPECIES": "WISP", "ACTIVITY": "A", "TYPE": "1 boulder", "ENTRANCES": 1, "SLOPE": "5", "REMNANTS": null, "NESTNB": 0, "DATE": "2003-01-29", "SNOW": "A", "EGGCHICK": "e", "CAVITYSIZE": "m", "CAVDEPTH": "40", "DISTNN": 0, "SUBSTRATE": "sand", "COMMENTS": null, "SITEDOTID": 0, "ASPECT": "S", "FIRST_FRED": 13738, "METADATA": null }, "geometry": { "type": "Point", "coordinates": [ 110.585656666531378, -66.239263341576034 ] } },
{ "type": "Feature", "properties": { "SPECIES": "WISP", "ACTIVITY": "B", "TYPE": "1 boulder", "ENTRANCES": 1, "SLOPE": "15", "REMNANTS": null, "NESTNB": 0, "DATE": "2003-01-29", "SNOW": "A", "EGGCHICK": null, "CAVITYSIZE": "s", "CAVDEPTH": "25", "DISTNN": 0, "SUBSTRATE": "sand", "COMMENTS": null, "SITEDOTID": 0, "ASPECT": "S", "FIRST_FRED": 13738, "METADATA": null }, "geometry": { "type": "Point", "coordinates": [ 110.585204999864558, -66.239058341576012 ] } },
{ "type": "Feature", "properties": { "SPECIES": "WISP", "ACTIVITY": "A", "TYPE": "1 boulder", "ENTRANCES": 0, "SLOPE": null, "REMNANTS": null, "NESTNB": 0, "DATE": "2003-01-29", "SNOW": "A", "EGGCHICK": null, "CAVITYSIZE": null, "CAVDEPTH": null, "DISTNN": 0, "SUBSTRATE": "sand", "COMMENTS": "?", "SITEDOTID": 0, "ASPECT": null, "FIRST_FRED": null, "METADATA": null }, "geometry": { "type": "Point", "coordinates": [ 110.582434999863651, -66.23940334157605 ] } },
{ "type": "Feature", "properties": { "SPECIES": "WISP", "ACTIVITY": "A", "TYPE": "1 boulder", "ENTRANCES": 1, "SLOPE": "5", "REMNANTS": null, "NESTNB": 0, "DATE": "2003-01-29", "SNOW": "A", "EGGCHICK": null, "CAVITYSIZE": "s", "CAVDEPTH": "35", "DISTNN": 0, "SUBSTRATE": "sand", "COMMENTS": null, "SITEDOTID": 0, "ASPECT": "W", "FIRST_FRED": null, "METADATA": null }, "geometry": { "type": "Point", "coordinates": [ 110.582678333197052, -66.239763341576079 ] } },
{ "type": "Feature", "properties": { "SPECIES": "WISP", "ACTIVITY": "A", "TYPE": "1 boulder", "ENTRANCES": 1, "SLOPE": "5", "REMNANTS": null, "NESTNB": 0, "DATE": "2003-01-29", "SNOW": "A", "EGGCHICK": null, "CAVITYSIZE": "s", "CAVDEPTH": "25", "DISTNN": 0, "SUBSTRATE": "sand", "COMMENTS": null, "SITEDOTID": 0, "ASPECT": "W", "FIRST_FRED": null, "METADATA": null }, "geometry": { "type": "Point", "coordinates": [ 110.582644999863717, -66.239805008242755 ] } },
{ "type": "Feature", "properties": { "SPECIES": "WISP", "ACTIVITY": "A", "TYPE": "1 boulder", "ENTRANCES": 1, "SLOPE": "5", "REMNANTS": null, "NESTNB": 0, "DATE": "2003-01-29", "SNOW": "A", "EGGCHICK": null, "CAVITYSIZE": "l", "CAVDEPTH": "35", "DISTNN": 0, "SUBSTRATE": "bare rock", "COMMENTS": null, "SITEDOTID": 0, "ASPECT": "NW", "FIRST_FRED": 13737, "METADATA": null }, "geometry": { "type": "Point", "coordinates": [ 110.58113499986321, -66.240851674909592 ] } },
{ "type": "Feature", "properties": { "SPECIES": "WISP", "ACTIVITY": "B", "TYPE": "1 boulder", "ENTRANCES": 1, "SLOPE": "5", "REMNANTS": null, "NESTNB": 0, "DATE": "2003-01-29", "SNOW": "A", "EGGCHICK": "e", "CAVITYSIZE": "m", "CAVDEPTH": "35", "DISTNN": 0, "SUBSTRATE": "sand", "COMMENTS": null, "SITEDOTID": 0, "ASPECT": "N", "FIRST_FRED": 13737, "METADATA": null }, "geometry": { "type": "Point", "coordinates": [ 110.581838333196771, -66.241096674909642 ] } },
{ "type": "Feature", "properties": { "SPECIES": "WISP", "ACTIVITY": "A", "TYPE": "1 boulder", "ENTRANCES": 1, "SLOPE": "5", "REMNANTS": "OC", "NESTNB": 0, "DATE": "2003-01-29", "SNOW": "A", "EGGCHICK": null, "CAVITYSIZE": "m", "CAVDEPTH": "30", "DISTNN": 0, "SUBSTRATE": "gravel", "COMMENTS": null, "SITEDOTID": 0, "ASPECT": "N", "FIRST_FRED": 13737, "METADATA": null }, "geometry": { "type": "Point", "coordinates": [ 110.581119999863233, -66.240683341576229 ] } },
{ "type": "Feature", "properties": { "SPECIES": "WISP", "ACTIVITY": "A", "TYPE": "1 boulder", "ENTRANCES": 1, "SLOPE": "5", "REMNANTS": null, "NESTNB": 0, "DATE": "2003-01-29", "SNOW": "A", "EGGCHICK": null, "CAVITYSIZE": "m", "CAVDEPTH": "40", "DISTNN": 0, "SUBSTRATE": "sand", "COMMENTS": null, "SITEDOTID": 0, "ASPECT": "N", "FIRST_FRED": 13737, "METADATA": null }, "geometry": { "type": "Point", "coordinates": [ 110.5803533331963, -66.241045008242949 ] } },
{ "type": "Feature", "properties": { "SPECIES": "WISP", "ACTIVITY": "A", "TYPE": "crack in", "ENTRANCES": 1, "SLOPE": "30", "REMNANTS": null, "NESTNB": 0, "DATE": "2003-01-29", "SNOW": "A", "EGGCHICK": null, "CAVITYSIZE": "m", "CAVDEPTH": "65", "DISTNN": 0, "SUBSTRATE": "bare rock", "COMMENTS": null, "SITEDOTID": 0, "ASPECT": "N", "FIRST_FRED": 13737, "METADATA": null }, "geometry": { "type": "Point", "coordinates": [ 110.581041666529842, -66.24107334157631 ] } },
{ "type": "Feature", "properties": { "SPECIES": "WISP", "ACTIVITY": "A", "TYPE": "1 boulder", "ENTRANCES": 1, "SLOPE": "0", "REMNANTS": null, "NESTNB": 0, "DATE": "2003-01-29", "SNOW": "A", "EGGCHICK": null, "CAVITYSIZE": "s", "CAVDEPTH": "35", "DISTNN": 0, "SUBSTRATE": "bare rock", "COMMENTS": null, "SITEDOTID": 0, "ASPECT": null, "FIRST_FRED": null, "METADATA": null }, "geometry": { "type": "Point", "coordinates": [ 110.570501203240411, -66.246326564917695 ] } },
{ "type": "Feature", "properties": { "SPECIES": "WISP", "ACTIVITY": "A", "TYPE": "1 boulder", "ENTRANCES": 1, "SLOPE": "5", "REMNANTS": null, "NESTNB": 0, "DATE": "2003-01-29", "SNOW": "A", "EGGCHICK": null, "CAVITYSIZE": "m", "CAVDEPTH": "35", "DISTNN": 0, "SUBSTRATE": "bare rock", "COMMENTS": null, "SITEDOTID": 0, "ASPECT": "S", "FIRST_FRED": 13448, "METADATA": null }, "geometry": { "type": "Point", "coordinates": [ 110.563723333190808, -66.246245008243704 ] } },
{ "type": "Feature", "properties": { "SPECIES": "WISP", "ACTIVITY": "B", "TYPE": "2 boulder", "ENTRANCES": 0, "SLOPE": null, "REMNANTS": null, "NESTNB": 0, "DATE": "2003-01-29", "SNOW": "A", "EGGCHICK": null, "CAVITYSIZE": null, "CAVDEPTH": null, "DISTNN": 0, "SUBSTRATE": "gravel", "COMMENTS": "heard", "SITEDOTID": 0, "ASPECT": null, "FIRST_FRED": 13448, "METADATA": null }, "geometry": { "type": "Point", "coordinates": [ 110.562343333190356, -66.246281674910364 ] } },
{ "type": "Feature", "properties": { "SPECIES": "WISP", "ACTIVITY": "B", "TYPE": "1 boulder", "ENTRANCES": 0, "SLOPE": "45", "REMNANTS": null, "NESTNB": 0, "DATE": "2003-01-29", "SNOW": "A", "EGGCHICK": null, "CAVITYSIZE": "m", "CAVDEPTH": "45", "DISTNN": 0, "SUBSTRATE": "gravel", "COMMENTS": null, "SITEDOTID": 0, "ASPECT": "E", "FIRST_FRED": 13448, "METADATA": null }, "geometry": { "type": "Point", "coordinates": [ 110.562399999857064, -66.246265008243697 ] } },
{ "type": "Feature", "properties": { "SPECIES": "WISP", "ACTIVITY": "A", "TYPE": "1 boulder", "ENTRANCES": 1, "SLOPE": "5", "REMNANTS": null, "NESTNB": 0, "DATE": "2003-01-29", "SNOW": "A", "EGGCHICK": null, "CAVITYSIZE": "m", "CAVDEPTH": "35", "DISTNN": 0, "SUBSTRATE": "gravel", "COMMENTS": null, "SITEDOTID": 0, "ASPECT": "N", "FIRST_FRED": 13448, "METADATA": null }, "geometry": { "type": "Point", "coordinates": [ 110.564174999857642, -66.246018341576999 ] } },
{ "type": "Feature", "properties": { "SPECIES": "WISP", "ACTIVITY": "B", "TYPE": "crack in", "ENTRANCES": 1, "SLOPE": "20", "REMNANTS": null, "NESTNB": 0, "DATE": "2003-01-29", "SNOW": "A", "EGGCHICK": null, "CAVITYSIZE": "s", "CAVDEPTH": "30", "DISTNN": 0, "SUBSTRATE": "bare rock", "COMMENTS": null, "SITEDOTID": 0, "ASPECT": "E", "FIRST_FRED": 13448, "METADATA": null }, "geometry": { "type": "Point", "coordinates": [ 110.564113333190932, -66.246021674910324 ] } },
{ "type": "Feature", "properties": { "SPECIES": "WISP", "ACTIVITY": "B", "TYPE": "crack in", "ENTRANCES": 1, "SLOPE": "50", "REMNANTS": null, "NESTNB": 0, "DATE": "2003-01-29", "SNOW": "A", "EGGCHICK": null, "CAVITYSIZE": "m", "CAVDEPTH": "40", "DISTNN": 0, "SUBSTRATE": "bare rock", "COMMENTS": null, "SITEDOTID": 0, "ASPECT": "S", "FIRST_FRED": 13162, "METADATA": null }, "geometry": { "type": "Point", "coordinates": [ 110.560543333189742, -66.250190008244317 ] } },
{ "type": "Feature", "properties": { "SPECIES": "WISP", "ACTIVITY": "A", "TYPE": "1 boulder", "ENTRANCES": 0, "SLOPE": "30", "REMNANTS": "OC", "NESTNB": 0, "DATE": "2003-01-29", "SNOW": "A", "EGGCHICK": null, "CAVITYSIZE": "s", "CAVDEPTH": "30", "DISTNN": 0, "SUBSTRATE": "gravel", "COMMENTS": null, "SITEDOTID": 0, "ASPECT": "N", "FIRST_FRED": 13162, "METADATA": null }, "geometry": { "type": "Point", "coordinates": [ 110.560608333189762, -66.250198341577629 ] } },
{ "type": "Feature", "properties": { "SPECIES": "WISP", "ACTIVITY": "A", "TYPE": "crack in", "ENTRANCES": 1, "SLOPE": "30", "REMNANTS": "OC", "NESTNB": 0, "DATE": "2003-01-29", "SNOW": "A", "EGGCHICK": null, "CAVITYSIZE": "m", "CAVDEPTH": "35", "DISTNN": 0, "SUBSTRATE": "bare rock", "COMMENTS": null, "SITEDOTID": 0, "ASPECT": "N", "FIRST_FRED": 13650, "METADATA": null }, "geometry": { "type": "Point", "coordinates": [ 110.618606666542121, -66.241681674909742 ] } },
{ "type": "Feature", "properties": { "SPECIES": "WISP", "ACTIVITY": "B", "TYPE": "crack in", "ENTRANCES": 0, "SLOPE": "10", "REMNANTS": null, "NESTNB": 0, "DATE": "2003-01-29", "SNOW": "A", "EGGCHICK": null, "CAVITYSIZE": null, "CAVDEPTH": null, "DISTNN": 0, "SUBSTRATE": "gravel", "COMMENTS": null, "SITEDOTID": 0, "ASPECT": "N", "FIRST_FRED": 13650, "METADATA": null }, "geometry": { "type": "Point", "coordinates": [ 110.618806666542156, -66.242861674909932 ] } },
{ "type": "Feature", "properties": { "SPECIES": "WISP", "ACTIVITY": "B", "TYPE": "crack in", "ENTRANCES": 1, "SLOPE": "10", "REMNANTS": null, "NESTNB": 0, "DATE": "2003-01-29", "SNOW": "A", "EGGCHICK": null, "CAVITYSIZE": "s", "CAVDEPTH": "35", "DISTNN": 0, "SUBSTRATE": "gravel", "COMMENTS": null, "SITEDOTID": 0, "ASPECT": "N", "FIRST_FRED": 13650, "METADATA": null }, "geometry": { "type": "Point", "coordinates": [ 110.619094999875557, -66.242946674909945 ] } },
{ "type": "Feature", "properties": { "SPECIES": "WISP", "ACTIVITY": "A", "TYPE": "1 boulder", "ENTRANCES": 1, "SLOPE": "10", "REMNANTS": null, "NESTNB": 0, "DATE": "2003-01-30", "SNOW": "A", "EGGCHICK": null, "CAVITYSIZE": "s", "CAVDEPTH": "40", "DISTNN": 0, "SUBSTRATE": "bare rock", "COMMENTS": "wisporsnpe?", "SITEDOTID": 0, "ASPECT": "NW", "FIRST_FRED": null, "METADATA": null }, "geometry": { "type": "Point", "coordinates": [ 110.614001666540574, -66.244830008243568 ] } },
{ "type": "Feature", "properties": { "SPECIES": "WISP", "ACTIVITY": null, "TYPE": null, "ENTRANCES": null, "SLOPE": null, "REMNANTS": null, "NESTNB": 0, "DATE": "2003-01-30", "SNOW": null, "EGGCHICK": "eF", "CAVITYSIZE": null, "CAVDEPTH": null, "DISTNN": null, "SUBSTRATE": null, "COMMENTS": "aroundegg", "SITEDOTID": 0, "ASPECT": null, "FIRST_FRED": null, "METADATA": null }, "geometry": { "type": "Point", "coordinates": [ 110.614094999873927, -66.244735008243538 ] } },
{ "type": "Feature", "properties": { "SPECIES": "WISP", "ACTIVITY": "A", "TYPE": "crack in", "ENTRANCES": 0, "SLOPE": null, "REMNANTS": null, "NESTNB": 0, "DATE": "2003-01-30", "SNOW": "A", "EGGCHICK": null, "CAVITYSIZE": "m", "CAVDEPTH": "35", "DISTNN": 0, "SUBSTRATE": "gravel", "COMMENTS": null, "SITEDOTID": 0, "ASPECT": null, "FIRST_FRED": null, "METADATA": null }, "geometry": { "type": "Point", "coordinates": [ 110.614054999873943, -66.24499667491024 ] } },
{ "type": "Feature", "properties": { "SPECIES": "WISP", "ACTIVITY": "A", "TYPE": "1 boulder", "ENTRANCES": 1, "SLOPE": "30", "REMNANTS": "OC", "NESTNB": 0, "DATE": "2003-01-30", "SNOW": "A", "EGGCHICK": null, "CAVITYSIZE": "m", "CAVDEPTH": "25", "DISTNN": 0, "SUBSTRATE": "gravel", "COMMENTS": null, "SITEDOTID": 0, "ASPECT": "NW", "FIRST_FRED": 13460, "METADATA": null }, "geometry": { "type": "Point", "coordinates": [ 110.620894060269293, -66.246496040618581 ] } },
{ "type": "Feature", "properties": { "SPECIES": "WISP", "ACTIVITY": "A", "TYPE": "1 boulder", "ENTRANCES": 1, "SLOPE": "30", "REMNANTS": "OC", "NESTNB": 0, "DATE": "2003-01-30", "SNOW": "A", "EGGCHICK": null, "CAVITYSIZE": "m", "CAVDEPTH": "25", "DISTNN": 0, "SUBSTRATE": "gravel", "COMMENTS": null, "SITEDOTID": 0, "ASPECT": "NW", "FIRST_FRED": 13460, "METADATA": null }, "geometry": { "type": "Point", "coordinates": [ 110.620894060269293, -66.246496040618581 ] } },
{ "type": "Feature", "properties": { "SPECIES": "WISP", "ACTIVITY": "A", "TYPE": "1 boulder", "ENTRANCES": 1, "SLOPE": "30", "REMNANTS": "OC", "NESTNB": 0, "DATE": "2003-01-30", "SNOW": "A", "EGGCHICK": null, "CAVITYSIZE": "m", "CAVDEPTH": "25", "DISTNN": 0, "SUBSTRATE": "gravel", "COMMENTS": null, "SITEDOTID": 0, "ASPECT": "NW", "FIRST_FRED": 13460, "METADATA": null }, "geometry": { "type": "Point", "coordinates": [ 110.620894060269293, -66.246496040618581 ] } },
{ "type": "Feature", "properties": { "SPECIES": "WISP", "ACTIVITY": "A", "TYPE": "1 boulder", "ENTRANCES": 1, "SLOPE": "35", "REMNANTS": null, "NESTNB": 0, "DATE": "2003-01-30", "SNOW": "A", "EGGCHICK": null, "CAVITYSIZE": "s", "CAVDEPTH": "25", "DISTNN": 0, "SUBSTRATE": "bare rock", "COMMENTS": null, "SITEDOTID": 0, "ASPECT": "NW", "FIRST_FRED": 13460, "METADATA": null }, "geometry": { "type": "Point", "coordinates": [ 110.62127544809826, -66.246496971548083 ] } },
{ "type": "Feature", "properties": { "SPECIES": "WISP", "ACTIVITY": "A", "TYPE": "1 boulder", "ENTRANCES": 1, "SLOPE": "25", "REMNANTS": null, "NESTNB": 0, "DATE": "2003-01-30", "SNOW": "A", "EGGCHICK": null, "CAVITYSIZE": "m", "CAVDEPTH": "35", "DISTNN": 0, "SUBSTRATE": "sand", "COMMENTS": null, "SITEDOTID": 0, "ASPECT": "NW", "FIRST_FRED": 13460, "METADATA": null }, "geometry": { "type": "Point", "coordinates": [ 110.620844943000392, -66.246592044193633 ] } },
{ "type": "Feature", "properties": { "SPECIES": "WISP", "ACTIVITY": "B", "TYPE": "1 boulder", "ENTRANCES": 1, "SLOPE": "25", "REMNANTS": null, "NESTNB": 0, "DATE": "2003-01-30", "SNOW": "A", "EGGCHICK": null, "CAVITYSIZE": "m", "CAVDEPTH": "40", "DISTNN": 0, "SUBSTRATE": "sand", "COMMENTS": null, "SITEDOTID": 0, "ASPECT": "NW", "FIRST_FRED": 13549, "METADATA": null }, "geometry": { "type": "Point", "coordinates": [ 110.590634999866282, -66.243723341576711 ] } },
{ "type": "Feature", "properties": { "SPECIES": "WISP", "ACTIVITY": "B", "TYPE": "1 boulder", "ENTRANCES": 1, "SLOPE": "0", "REMNANTS": null, "NESTNB": 0, "DATE": "2003-01-30", "SNOW": "A", "EGGCHICK": null, "CAVITYSIZE": "m", "CAVDEPTH": "35", "DISTNN": 0, "SUBSTRATE": "sand", "COMMENTS": null, "SITEDOTID": 0, "ASPECT": "NE", "FIRST_FRED": 13549, "METADATA": null }, "geometry": { "type": "Point", "coordinates": [ 110.589862479560239, -66.244716907906678 ] } },
{ "type": "Feature", "properties": { "SPECIES": "WISP", "ACTIVITY": "B", "TYPE": "1 boulder", "ENTRANCES": 0, "SLOPE": "0", "REMNANTS": null, "NESTNB": 0, "DATE": "2003-01-30", "SNOW": "A", "EGGCHICK": null, "CAVITYSIZE": null, "CAVDEPTH": null, "DISTNN": 0, "SUBSTRATE": "gravel", "COMMENTS": "heardinnest", "SITEDOTID": 0, "ASPECT": "E", "FIRST_FRED": 13549, "METADATA": null }, "geometry": { "type": "Point", "coordinates": [ 110.589321666532527, -66.244680008243506 ] } },
{ "type": "Feature", "properties": { "SPECIES": "WISP", "ACTIVITY": "A", "TYPE": "1 boulder", "ENTRANCES": 1, "SLOPE": "0", "REMNANTS": "OC", "NESTNB": 0, "DATE": "2003-01-30", "SNOW": "A", "EGGCHICK": null, "CAVITYSIZE": "l", "CAVDEPTH": "30", "DISTNN": 0, "SUBSTRATE": "sand", "COMMENTS": null, "SITEDOTID": 0, "ASPECT": "SW", "FIRST_FRED": 13549, "METADATA": null }, "geometry": { "type": "Point", "coordinates": [ 110.589261666532508, -66.244565008243455 ] } },
{ "type": "Feature", "properties": { "SPECIES": "WISP", "ACTIVITY": "B", "TYPE": "1 boulder", "ENTRANCES": 1, "SLOPE": "0", "REMNANTS": null, "NESTNB": 0, "DATE": "2003-01-30", "SNOW": "A", "EGGCHICK": null, "CAVITYSIZE": "m", "CAVDEPTH": "25", "DISTNN": 0, "SUBSTRATE": "gravel", "COMMENTS": null, "SITEDOTID": 0, "ASPECT": null, "FIRST_FRED": 13549, "METADATA": null }, "geometry": { "type": "Point", "coordinates": [ 110.589419999865896, -66.244520008243498 ] } },
{ "type": "Feature", "properties": { "SPECIES": "WISP", "ACTIVITY": "A", "TYPE": "1 boulder", "ENTRANCES": 1, "SLOPE": "5", "REMNANTS": null, "NESTNB": 0, "DATE": "2003-01-30", "SNOW": "A", "EGGCHICK": null, "CAVITYSIZE": "m", "CAVDEPTH": "35", "DISTNN": 0, "SUBSTRATE": "gravel", "COMMENTS": null, "SITEDOTID": 0, "ASPECT": "SW", "FIRST_FRED": null, "METADATA": null }, "geometry": { "type": "Point", "coordinates": [ 110.588963333199061, -66.244611674910161 ] } },
{ "type": "Feature", "properties": { "SPECIES": "WISP", "ACTIVITY": "B", "TYPE": "1 boulder", "ENTRANCES": 1, "SLOPE": "15", "REMNANTS": null, "NESTNB": 0, "DATE": "2003-01-30", "SNOW": "A", "EGGCHICK": null, "CAVITYSIZE": "s", "CAVDEPTH": "35", "DISTNN": 0, "SUBSTRATE": "gravel", "COMMENTS": null, "SITEDOTID": 0, "ASPECT": "E", "FIRST_FRED": 13358, "METADATA": null }, "geometry": { "type": "Point", "coordinates": [ 110.587208333198475, -66.247716674910635 ] } },
{ "type": "Feature", "properties": { "SPECIES": "WISP", "ACTIVITY": "A", "TYPE": "1 boulder", "ENTRANCES": 1, "SLOPE": "15", "REMNANTS": null, "NESTNB": 0, "DATE": "2003-01-30", "SNOW": "A", "EGGCHICK": null, "CAVITYSIZE": "s", "CAVDEPTH": "30", "DISTNN": 0, "SUBSTRATE": "gravel", "COMMENTS": null, "SITEDOTID": 0, "ASPECT": "E", "FIRST_FRED": 13358, "METADATA": null }, "geometry": { "type": "Point", "coordinates": [ 110.587141666531764, -66.247708341577294 ] } },
{ "type": "Feature", "properties": { "SPECIES": "WISP", "ACTIVITY": "B", "TYPE": null, "ENTRANCES": null, "SLOPE": null, "REMNANTS": null, "NESTNB": 0, "DATE": "2003-01-30", "SNOW": "A", "EGGCHICK": null, "CAVITYSIZE": null, "CAVDEPTH": null, "DISTNN": null, "SUBSTRATE": null, "COMMENTS": "heard", "SITEDOTID": 0, "ASPECT": null, "FIRST_FRED": 13358, "METADATA": null }, "geometry": { "type": "Point", "coordinates": [ 110.587371666531851, -66.247525008243912 ] } },
{ "type": "Feature", "properties": { "SPECIES": "WISP", "ACTIVITY": "B", "TYPE": "1 boulder", "ENTRANCES": 1, "SLOPE": "25", "REMNANTS": null, "NESTNB": 0, "DATE": "2003-01-30", "SNOW": "A", "EGGCHICK": null, "CAVITYSIZE": "m", "CAVDEPTH": "60", "DISTNN": 0, "SUBSTRATE": "bare rock", "COMMENTS": null, "SITEDOTID": 0, "ASPECT": "N", "FIRST_FRED": 13358, "METADATA": null }, "geometry": { "type": "Point", "coordinates": [ 110.58676333319832, -66.24760334157726 ] } },
{ "type": "Feature", "properties": { "SPECIES": "WISP", "ACTIVITY": "B", "TYPE": "1 boulder", "ENTRANCES": 1, "SLOPE": "25", "REMNANTS": null, "NESTNB": 0, "DATE": "2003-01-30", "SNOW": "A", "EGGCHICK": null, "CAVITYSIZE": "s", "CAVDEPTH": "45", "DISTNN": 0, "SUBSTRATE": "bare rock", "COMMENTS": null, "SITEDOTID": 0, "ASPECT": "N", "FIRST_FRED": null, "METADATA": null }, "geometry": { "type": "Point", "coordinates": [ 110.589208333199153, -66.247295008243896 ] } },
{ "type": "Feature", "properties": { "SPECIES": "WISP", "ACTIVITY": "B", "TYPE": "1 boulder", "ENTRANCES": 1, "SLOPE": "20", "REMNANTS": null, "NESTNB": 0, "DATE": "2003-01-30", "SNOW": "A", "EGGCHICK": null, "CAVITYSIZE": "m", "CAVDEPTH": "40", "DISTNN": 0, "SUBSTRATE": "bare rock", "COMMENTS": null, "SITEDOTID": 0, "ASPECT": "SW", "FIRST_FRED": 13358, "METADATA": null }, "geometry": { "type": "Point", "coordinates": [ 110.585588333197947, -66.247835008243982 ] } },
{ "type": "Feature", "properties": { "SPECIES": "WISP", "ACTIVITY": "B", "TYPE": "1 boulder", "ENTRANCES": 1, "SLOPE": "5", "REMNANTS": null, "NESTNB": 0, "DATE": "2003-01-30", "SNOW": "A", "EGGCHICK": null, "CAVITYSIZE": "s", "CAVDEPTH": "30", "DISTNN": 0, "SUBSTRATE": "gravel", "COMMENTS": null, "SITEDOTID": 0, "ASPECT": "SE", "FIRST_FRED": 13358, "METADATA": null }, "geometry": { "type": "Point", "coordinates": [ 110.585774999864682, -66.247916674910655 ] } },
{ "type": "Feature", "properties": { "SPECIES": "WISP", "ACTIVITY": "B", "TYPE": "1 boulder", "ENTRANCES": 1, "SLOPE": "0", "REMNANTS": null, "NESTNB": 0, "DATE": "2003-01-31", "SNOW": "A", "EGGCHICK": null, "CAVITYSIZE": "m", "CAVDEPTH": "40", "DISTNN": 0, "SUBSTRATE": "bare rock", "COMMENTS": null, "SITEDOTID": 0, "ASPECT": null, "FIRST_FRED": 13261, "METADATA": null }, "geometry": { "type": "Point", "coordinates": [ 110.581173333196489, -66.249063341577482 ] } },
{ "type": "Feature", "properties": { "SPECIES": "WISP", "ACTIVITY": "A", "TYPE": "crack in", "ENTRANCES": 1, "SLOPE": "5", "REMNANTS": null, "NESTNB": 0, "DATE": "2003-01-31", "SNOW": "A", "EGGCHICK": null, "CAVITYSIZE": "s", "CAVDEPTH": "30", "DISTNN": 0, "SUBSTRATE": "bare rock", "COMMENTS": null, "SITEDOTID": 0, "ASPECT": "N", "FIRST_FRED": 13261, "METADATA": null }, "geometry": { "type": "Point", "coordinates": [ 110.581379999863216, -66.249008341577465 ] } },
{ "type": "Feature", "properties": { "SPECIES": "WISP", "ACTIVITY": "A", "TYPE": "1 boulder", "ENTRANCES": 1, "SLOPE": "5", "REMNANTS": null, "NESTNB": 0, "DATE": "2003-01-31", "SNOW": "A", "EGGCHICK": null, "CAVITYSIZE": "m", "CAVDEPTH": "35", "DISTNN": 0, "SUBSTRATE": "gravel", "COMMENTS": null, "SITEDOTID": 0, "ASPECT": "N", "FIRST_FRED": null, "METADATA": null }, "geometry": { "type": "Point", "coordinates": [ 110.577671666528673, -66.24964167491089 ] } },
{ "type": "Feature", "properties": { "SPECIES": "WISP", "ACTIVITY": "A", "TYPE": "1 boulder", "ENTRANCES": 1, "SLOPE": "0", "REMNANTS": null, "NESTNB": 0, "DATE": "2003-01-31", "SNOW": "A", "EGGCHICK": null, "CAVITYSIZE": "m", "CAVDEPTH": "35", "DISTNN": 0, "SUBSTRATE": "gravel", "COMMENTS": null, "SITEDOTID": 0, "ASPECT": null, "FIRST_FRED": 13261, "METADATA": null }, "geometry": { "type": "Point", "coordinates": [ 110.578144999862175, -66.249581674910871 ] } },
{ "type": "Feature", "properties": { "SPECIES": "WISP", "ACTIVITY": "A", "TYPE": "1 boulder", "ENTRANCES": 1, "SLOPE": "0", "REMNANTS": null, "NESTNB": 0, "DATE": "2003-01-31", "SNOW": "A", "EGGCHICK": null, "CAVITYSIZE": "s", "CAVDEPTH": "25", "DISTNN": 0, "SUBSTRATE": "gravel", "COMMENTS": null, "SITEDOTID": 0, "ASPECT": null, "FIRST_FRED": 13261, "METADATA": null }, "geometry": { "type": "Point", "coordinates": [ 110.578171666528831, -66.249585008244196 ] } },
{ "type": "Feature", "properties": { "SPECIES": "WISP", "ACTIVITY": "B", "TYPE": "crack in", "ENTRANCES": 1, "SLOPE": "0", "REMNANTS": null, "NESTNB": 0, "DATE": "2003-01-31", "SNOW": "A", "EGGCHICK": null, "CAVITYSIZE": "m", "CAVDEPTH": "45", "DISTNN": 0, "SUBSTRATE": "bare rock", "COMMENTS": null, "SITEDOTID": 0, "ASPECT": null, "FIRST_FRED": null, "METADATA": null }, "geometry": { "type": "Point", "coordinates": [ 110.570091666526167, -66.253605008244833 ] } },
{ "type": "Feature", "properties": { "SPECIES": "WISP", "ACTIVITY": "A", "TYPE": "crack in", "ENTRANCES": 1, "SLOPE": "20", "REMNANTS": "OC", "NESTNB": 0, "DATE": "2003-01-31", "SNOW": "A", "EGGCHICK": null, "CAVITYSIZE": "s", "CAVDEPTH": "30", "DISTNN": 0, "SUBSTRATE": "bare rock", "COMMENTS": null, "SITEDOTID": 0, "ASPECT": "W", "FIRST_FRED": null, "METADATA": null }, "geometry": { "type": "Point", "coordinates": [ 110.570649999859668, -66.25338000824479 ] } },
{ "type": "Feature", "properties": { "SPECIES": "WISP", "ACTIVITY": "X", "TYPE": "1 boulder", "ENTRANCES": 1, "SLOPE": "30", "REMNANTS": "OC", "NESTNB": 0, "DATE": "2003-02-01", "SNOW": "A", "EGGCHICK": null, "CAVITYSIZE": "s", "CAVDEPTH": "25", "DISTNN": 0, "SUBSTRATE": "bare rock", "COMMENTS": null, "SITEDOTID": 0, "ASPECT": "S", "FIRST_FRED": 13157, "METADATA": null }, "geometry": { "type": "Point", "coordinates": [ 110.536881666515342, -66.251500008244491 ] } },
{ "type": "Feature", "properties": { "SPECIES": "WISP", "ACTIVITY": "B", "TYPE": "2 boulder", "ENTRANCES": 2, "SLOPE": "5", "REMNANTS": null, "NESTNB": 0, "DATE": "2003-02-01", "SNOW": "A", "EGGCHICK": "e", "CAVITYSIZE": "l", "CAVDEPTH": "35", "DISTNN": 0, "SUBSTRATE": "gravel", "COMMENTS": null, "SITEDOTID": 0, "ASPECT": "S", "FIRST_FRED": 13157, "METADATA": null }, "geometry": { "type": "Point", "coordinates": [ 110.535599999848245, -66.25109834157773 ] } },
{ "type": "Feature", "properties": { "SPECIES": "WISP", "ACTIVITY": "A", "TYPE": "1 boulder", "ENTRANCES": 1, "SLOPE": "5", "REMNANTS": null, "NESTNB": 0, "DATE": "2003-02-01", "SNOW": "A", "EGGCHICK": null, "CAVITYSIZE": "s", "CAVDEPTH": "35", "DISTNN": 0, "SUBSTRATE": "gravel", "COMMENTS": null, "SITEDOTID": 0, "ASPECT": "S", "FIRST_FRED": 13157, "METADATA": null }, "geometry": { "type": "Point", "coordinates": [ 110.535643333181611, -66.251048341577714 ] } },
{ "type": "Feature", "properties": { "SPECIES": "WISP", "ACTIVITY": "A", "TYPE": "1 boulder", "ENTRANCES": 1, "SLOPE": "5", "REMNANTS": null, "NESTNB": 0, "DATE": "2003-02-01", "SNOW": "A", "EGGCHICK": null, "CAVITYSIZE": "m", "CAVDEPTH": "30", "DISTNN": 0, "SUBSTRATE": "sand", "COMMENTS": null, "SITEDOTID": 0, "ASPECT": "S", "FIRST_FRED": 13157, "METADATA": null }, "geometry": { "type": "Point", "coordinates": [ 110.535499999848213, -66.250991674911077 ] } },
{ "type": "Feature", "properties": { "SPECIES": "WISP", "ACTIVITY": "A", "TYPE": "1 boulder", "ENTRANCES": 1, "SLOPE": "15", "REMNANTS": null, "NESTNB": 0, "DATE": "2003-02-01", "SNOW": "A", "EGGCHICK": null, "CAVITYSIZE": "m", "CAVDEPTH": "40", "DISTNN": 0, "SUBSTRATE": "gravel", "COMMENTS": null, "SITEDOTID": 0, "ASPECT": "S", "FIRST_FRED": null, "METADATA": null }, "geometry": { "type": "Point", "coordinates": [ 110.535481666514869, -66.25097000824438 ] } },
{ "type": "Feature", "properties": { "SPECIES": "WISP", "ACTIVITY": "A", "TYPE": "1 boulder", "ENTRANCES": 1, "SLOPE": "15", "REMNANTS": null, "NESTNB": 0, "DATE": "2003-02-01", "SNOW": "A", "EGGCHICK": null, "CAVITYSIZE": "l", "CAVDEPTH": "40", "DISTNN": 0, "SUBSTRATE": "gravel", "COMMENTS": null, "SITEDOTID": 0, "ASPECT": "S", "FIRST_FRED": 13157, "METADATA": null }, "geometry": { "type": "Point", "coordinates": [ 110.53564999984826, -66.250961674911025 ] } },
{ "type": "Feature", "properties": { "SPECIES": "WISP", "ACTIVITY": "A", "TYPE": "1 boulder", "ENTRANCES": 2, "SLOPE": "10", "REMNANTS": null, "NESTNB": 0, "DATE": "2003-02-01", "SNOW": "A", "EGGCHICK": null, "CAVITYSIZE": "m", "CAVDEPTH": "25", "DISTNN": 0, "SUBSTRATE": "sand", "COMMENTS": null, "SITEDOTID": 0, "ASPECT": "S", "FIRST_FRED": 13157, "METADATA": null }, "geometry": { "type": "Point", "coordinates": [ 110.535864999848357, -66.250980008244397 ] } },
{ "type": "Feature", "properties": { "SPECIES": "WISP", "ACTIVITY": "A", "TYPE": "1 boulder", "ENTRANCES": 1, "SLOPE": "10", "REMNANTS": null, "NESTNB": 0, "DATE": "2003-02-01", "SNOW": "A", "EGGCHICK": null, "CAVITYSIZE": "l", "CAVDEPTH": "40", "DISTNN": 0, "SUBSTRATE": "sand", "COMMENTS": null, "SITEDOTID": 0, "ASPECT": "S", "FIRST_FRED": 13157, "METADATA": null }, "geometry": { "type": "Point", "coordinates": [ 110.535876666514994, -66.250960008244391 ] } },
{ "type": "Feature", "properties": { "SPECIES": "WISP", "ACTIVITY": "A", "TYPE": "1 boulder", "ENTRANCES": 1, "SLOPE": "10", "REMNANTS": null, "NESTNB": 0, "DATE": "2003-02-01", "SNOW": "A", "EGGCHICK": null, "CAVITYSIZE": "m", "CAVDEPTH": "30", "DISTNN": 0, "SUBSTRATE": "sand", "COMMENTS": null, "SITEDOTID": 0, "ASPECT": "S", "FIRST_FRED": 13157, "METADATA": null }, "geometry": { "type": "Point", "coordinates": [ 110.535946666515031, -66.250933341577692 ] } },
{ "type": "Feature", "properties": { "SPECIES": "WISP", "ACTIVITY": "A", "TYPE": "1 boulder", "ENTRANCES": 1, "SLOPE": "10", "REMNANTS": null, "NESTNB": 0, "DATE": "2003-02-01", "SNOW": "A", "EGGCHICK": null, "CAVITYSIZE": "m", "CAVDEPTH": "30", "DISTNN": 0, "SUBSTRATE": "sand", "COMMENTS": null, "SITEDOTID": 0, "ASPECT": "S", "FIRST_FRED": 13157, "METADATA": null }, "geometry": { "type": "Point", "coordinates": [ 110.535871666515007, -66.250895008244385 ] } },
{ "type": "Feature", "properties": { "SPECIES": "WISP", "ACTIVITY": "A", "TYPE": "1 boulder", "ENTRANCES": 1, "SLOPE": "20", "REMNANTS": null, "NESTNB": 0, "DATE": "2003-02-01", "SNOW": "A", "EGGCHICK": null, "CAVITYSIZE": "m", "CAVDEPTH": "20", "DISTNN": 0, "SUBSTRATE": "sand", "COMMENTS": null, "SITEDOTID": 0, "ASPECT": "S", "FIRST_FRED": 13157, "METADATA": null }, "geometry": { "type": "Point", "coordinates": [ 110.53561166651491, -66.250771674911007 ] } },
{ "type": "Feature", "properties": { "SPECIES": "WISP", "ACTIVITY": "A", "TYPE": "1 boulder", "ENTRANCES": 1, "SLOPE": "5", "REMNANTS": "OC", "NESTNB": 0, "DATE": "2003-02-01", "SNOW": "A", "EGGCHICK": null, "CAVITYSIZE": "m", "CAVDEPTH": "35", "DISTNN": 0, "SUBSTRATE": "sand", "COMMENTS": null, "SITEDOTID": 0, "ASPECT": "S", "FIRST_FRED": 13157, "METADATA": null }, "geometry": { "type": "Point", "coordinates": [ 110.536351666515159, -66.250965008244378 ] } },
{ "type": "Feature", "properties": { "SPECIES": "WISP", "ACTIVITY": "A", "TYPE": "2 boulder", "ENTRANCES": 1, "SLOPE": "25", "REMNANTS": null, "NESTNB": 0, "DATE": "2003-02-01", "SNOW": "A", "EGGCHICK": null, "CAVITYSIZE": "m", "CAVDEPTH": "20", "DISTNN": 0, "SUBSTRATE": "sand", "COMMENTS": null, "SITEDOTID": 0, "ASPECT": "S", "FIRST_FRED": 13157, "METADATA": null }, "geometry": { "type": "Point", "coordinates": [ 110.536239999848448, -66.250768341577697 ] } },
{ "type": "Feature", "properties": { "SPECIES": "WISP", "ACTIVITY": "A", "TYPE": "1 boulder", "ENTRANCES": 1, "SLOPE": "35", "REMNANTS": "OC", "NESTNB": 0, "DATE": "2003-02-01", "SNOW": "A", "EGGCHICK": null, "CAVITYSIZE": "s", "CAVDEPTH": "15", "DISTNN": 0, "SUBSTRATE": "sand", "COMMENTS": null, "SITEDOTID": 0, "ASPECT": "S", "FIRST_FRED": 13157, "METADATA": null }, "geometry": { "type": "Point", "coordinates": [ 110.536286666515153, -66.250775008244347 ] } },
{ "type": "Feature", "properties": { "SPECIES": "WISP", "ACTIVITY": "A", "TYPE": "1 boulder", "ENTRANCES": 1, "SLOPE": "5", "REMNANTS": null, "NESTNB": 0, "DATE": "2003-02-01", "SNOW": "A", "EGGCHICK": null, "CAVITYSIZE": "s", "CAVDEPTH": "20", "DISTNN": 0, "SUBSTRATE": "sand", "COMMENTS": null, "SITEDOTID": 0, "ASPECT": "S", "FIRST_FRED": 13157, "METADATA": null }, "geometry": { "type": "Point", "coordinates": [ 110.536464999848548, -66.251018341577719 ] } },
{ "type": "Feature", "properties": { "SPECIES": "WISP", "ACTIVITY": "A", "TYPE": "1 boulder", "ENTRANCES": 1, "SLOPE": "25", "REMNANTS": null, "NESTNB": 0, "DATE": "2003-02-01", "SNOW": "A", "EGGCHICK": null, "CAVITYSIZE": "m", "CAVDEPTH": "40", "DISTNN": 0, "SUBSTRATE": "bare rock", "COMMENTS": null, "SITEDOTID": 0, "ASPECT": "E", "FIRST_FRED": 13157, "METADATA": null }, "geometry": { "type": "Point", "coordinates": [ 110.536163333181761, -66.250650008244321 ] } },
{ "type": "Feature", "properties": { "SPECIES": "WISP", "ACTIVITY": "A", "TYPE": "1 boulder", "ENTRANCES": 1, "SLOPE": "25", "REMNANTS": null, "NESTNB": 0, "DATE": "2003-02-01", "SNOW": "A", "EGGCHICK": null, "CAVITYSIZE": "m", "CAVDEPTH": "25", "DISTNN": 0, "SUBSTRATE": "gravel", "COMMENTS": null, "SITEDOTID": 0, "ASPECT": "E", "FIRST_FRED": 13157, "METADATA": null }, "geometry": { "type": "Point", "coordinates": [ 110.538813333182631, -66.251016674911043 ] } },
{ "type": "Feature", "properties": { "SPECIES": "WISP", "ACTIVITY": null, "TYPE": "1 boulder", "ENTRANCES": 0, "SLOPE": null, "REMNANTS": null, "NESTNB": 0, "DATE": "2003-01-26", "SNOW": "A", "EGGCHICK": null, "CAVITYSIZE": null, "CAVDEPTH": null, "DISTNN": 0, "SUBSTRATE": "sand", "COMMENTS": "?", "SITEDOTID": 0, "ASPECT": null, "FIRST_FRED": 4497, "METADATA": null }, "geometry": { "type": "Point", "coordinates": [ 110.468481666491144, -66.413190008268003 ] } },
{ "type": "Feature", "properties": { "SPECIES": "WISP", "ACTIVITY": "A", "TYPE": "1 boulder", "ENTRANCES": 0, "SLOPE": "20", "REMNANTS": null, "NESTNB": 0, "DATE": "2003-01-26", "SNOW": "A", "EGGCHICK": null, "CAVITYSIZE": "s", "CAVDEPTH": "20", "DISTNN": 0, "SUBSTRATE": "sand", "COMMENTS": null, "SITEDOTID": 0, "ASPECT": "W", "FIRST_FRED": 4305, "METADATA": null }, "geometry": { "type": "Point", "coordinates": [ 110.459599999821492, -66.417491674935249 ] } },
{ "type": "Feature", "properties": { "SPECIES": "WISP", "ACTIVITY": "A", "TYPE": "crack in", "ENTRANCES": 0, "SLOPE": null, "REMNANTS": "OE", "NESTNB": 0, "DATE": "2003-01-23", "SNOW": "A", "EGGCHICK": null, "CAVITYSIZE": null, "CAVDEPTH": null, "DISTNN": 0, "SUBSTRATE": "sand", "COMMENTS": null, "SITEDOTID": 0, "ASPECT": null, "FIRST_FRED": 6775, "METADATA": null }, "geometry": { "type": "Point", "coordinates": [ 110.460731666489082, -66.370670008261811 ] } },
{ "type": "Feature", "properties": { "SPECIES": "WISP", "ACTIVITY": "A", "TYPE": "1 boulder", "ENTRANCES": 2, "SLOPE": "40", "REMNANTS": "OE", "NESTNB": 0, "DATE": "2003-01-23", "SNOW": "A", "EGGCHICK": null, "CAVITYSIZE": "l", "CAVDEPTH": "25", "DISTNN": 0, "SUBSTRATE": "sand", "COMMENTS": null, "SITEDOTID": 0, "ASPECT": "NE", "FIRST_FRED": 6775, "METADATA": null }, "geometry": { "type": "Point", "coordinates": [ 110.460924999822495, -66.370661674928485 ] } },
{ "type": "Feature", "properties": { "SPECIES": "WISP", "ACTIVITY": "B", "TYPE": "1 boulder", "ENTRANCES": 0, "SLOPE": null, "REMNANTS": null, "NESTNB": 0, "DATE": "2003-01-23", "SNOW": "A", "EGGCHICK": null, "CAVITYSIZE": "s", "CAVDEPTH": null, "DISTNN": 0, "SUBSTRATE": "sand", "COMMENTS": null, "SITEDOTID": 0, "ASPECT": null, "FIRST_FRED": 6775, "METADATA": null }, "geometry": { "type": "Point", "coordinates": [ 110.460591666489051, -66.370675008261841 ] } },
{ "type": "Feature", "properties": { "SPECIES": "WISP", "ACTIVITY": "MF", "TYPE": "1 boulder", "ENTRANCES": 0, "SLOPE": null, "REMNANTS": null, "NESTNB": 0, "DATE": "2003-01-23", "SNOW": "A", "EGGCHICK": null, "CAVITYSIZE": null, "CAVDEPTH": null, "DISTNN": 0, "SUBSTRATE": null, "COMMENTS": "heard", "SITEDOTID": 0, "ASPECT": null, "FIRST_FRED": 6775, "METADATA": null }, "geometry": { "type": "Point", "coordinates": [ 110.461709333248947, -66.371173427799917 ] } },
{ "type": "Feature", "properties": { "SPECIES": "WISP", "ACTIVITY": "B", "TYPE": "2 boulder", "ENTRANCES": 0, "SLOPE": "25", "REMNANTS": null, "NESTNB": 0, "DATE": "2003-01-23", "SNOW": "A", "EGGCHICK": null, "CAVITYSIZE": "s", "CAVDEPTH": null, "DISTNN": 0, "SUBSTRATE": "sand", "COMMENTS": null, "SITEDOTID": 0, "ASPECT": "NE", "FIRST_FRED": 6775, "METADATA": null }, "geometry": { "type": "Point", "coordinates": [ 110.461393333155982, -66.371265008261886 ] } },
{ "type": "Feature", "properties": { "SPECIES": "WISP", "ACTIVITY": "B", "TYPE": "1 boulder", "ENTRANCES": 0, "SLOPE": null, "REMNANTS": null, "NESTNB": 0, "DATE": "2003-01-23", "SNOW": "A", "EGGCHICK": null, "CAVITYSIZE": null, "CAVDEPTH": null, "DISTNN": 0, "SUBSTRATE": "sand", "COMMENTS": null, "SITEDOTID": 0, "ASPECT": null, "FIRST_FRED": 6775, "METADATA": null }, "geometry": { "type": "Point", "coordinates": [ 110.461283333155905, -66.371303341595237 ] } },
{ "type": "Feature", "properties": { "SPECIES": "WISP", "ACTIVITY": "B", "TYPE": "2 boulder", "ENTRANCES": 0, "SLOPE": "30", "REMNANTS": null, "NESTNB": 0, "DATE": "2003-01-23", "SNOW": "A", "EGGCHICK": null, "CAVITYSIZE": "s", "CAVDEPTH": "15", "DISTNN": 0, "SUBSTRATE": "sand", "COMMENTS": null, "SITEDOTID": 0, "ASPECT": "NE", "FIRST_FRED": 6775, "METADATA": null }, "geometry": { "type": "Point", "coordinates": [ 110.461523333155995, -66.371293341595248 ] } },
{ "type": "Feature", "properties": { "SPECIES": "WISP", "ACTIVITY": "B", "TYPE": null, "ENTRANCES": null, "SLOPE": null, "REMNANTS": null, "NESTNB": 0, "DATE": "2003-01-24", "SNOW": "A", "EGGCHICK": null, "CAVITYSIZE": null, "CAVDEPTH": null, "DISTNN": null, "SUBSTRATE": null, "COMMENTS": null, "SITEDOTID": 0, "ASPECT": null, "FIRST_FRED": 6867, "METADATA": null }, "geometry": { "type": "Point", "coordinates": [ 110.445498862177388, -66.368584251388967 ] } },
{ "type": "Feature", "properties": { "SPECIES": "WISP", "ACTIVITY": "B", "TYPE": null, "ENTRANCES": null, "SLOPE": null, "REMNANTS": null, "NESTNB": 0, "DATE": "2003-01-24", "SNOW": "A", "EGGCHICK": null, "CAVITYSIZE": null, "CAVDEPTH": null, "DISTNN": null, "SUBSTRATE": null, "COMMENTS": null, "SITEDOTID": 0, "ASPECT": null, "FIRST_FRED": 6867, "METADATA": null }, "geometry": { "type": "Point", "coordinates": [ 110.445601204751028, -66.368621877423919 ] } },
{ "type": "Feature", "properties": { "SPECIES": "WISP", "ACTIVITY": "B", "TYPE": null, "ENTRANCES": null, "SLOPE": null, "REMNANTS": null, "NESTNB": 0, "DATE": "2003-01-24", "SNOW": "A", "EGGCHICK": null, "CAVITYSIZE": null, "CAVDEPTH": null, "DISTNN": null, "SUBSTRATE": null, "COMMENTS": null, "SITEDOTID": 0, "ASPECT": null, "FIRST_FRED": 6867, "METADATA": null }, "geometry": { "type": "Point", "coordinates": [ 110.445694236882346, -66.368613927917352 ] } },
{ "type": "Feature", "properties": { "SPECIES": "WISP", "ACTIVITY": "B", "TYPE": null, "ENTRANCES": null, "SLOPE": null, "REMNANTS": null, "NESTNB": 0, "DATE": "2003-01-24", "SNOW": "A", "EGGCHICK": null, "CAVITYSIZE": null, "CAVDEPTH": null, "DISTNN": null, "SUBSTRATE": null, "COMMENTS": null, "SITEDOTID": 0, "ASPECT": null, "FIRST_FRED": 6867, "METADATA": null }, "geometry": { "type": "Point", "coordinates": [ 110.445708178891564, -66.369143924931166 ] } },
{ "type": "Feature", "properties": { "SPECIES": "WISP", "ACTIVITY": "MF", "TYPE": "1 boulder", "ENTRANCES": 1, "SLOPE": "0", "REMNANTS": null, "NESTNB": 0, "DATE": "2003-01-24", "SNOW": "A", "EGGCHICK": null, "CAVITYSIZE": "m", "CAVDEPTH": "40", "DISTNN": 0, "SUBSTRATE": "sand", "COMMENTS": null, "SITEDOTID": 0, "ASPECT": null, "FIRST_FRED": 6867, "METADATA": null }, "geometry": { "type": "Point", "coordinates": [ 110.446728313176365, -66.36961854285083 ] } },
{ "type": "Feature", "properties": { "SPECIES": "WISP", "ACTIVITY": "B", "TYPE": null, "ENTRANCES": null, "SLOPE": null, "REMNANTS": null, "NESTNB": 0, "DATE": "2003-01-24", "SNOW": "A", "EGGCHICK": null, "CAVITYSIZE": null, "CAVDEPTH": null, "DISTNN": null, "SUBSTRATE": null, "COMMENTS": null, "SITEDOTID": 0, "ASPECT": null, "FIRST_FRED": 6867, "METADATA": null }, "geometry": { "type": "Point", "coordinates": [ 110.445924248266323, -66.369730562677844 ] } },
{ "type": "Feature", "properties": { "SPECIES": "WISP", "ACTIVITY": "B", "TYPE": null, "ENTRANCES": null, "SLOPE": null, "REMNANTS": null, "NESTNB": 0, "DATE": "2003-01-24", "SNOW": "A", "EGGCHICK": null, "CAVITYSIZE": null, "CAVDEPTH": null, "DISTNN": null, "SUBSTRATE": null, "COMMENTS": null, "SITEDOTID": 0, "ASPECT": null, "FIRST_FRED": 6867, "METADATA": null }, "geometry": { "type": "Point", "coordinates": [ 110.446947175584313, -66.368780722334321 ] } },
{ "type": "Feature", "properties": { "SPECIES": "WISP", "ACTIVITY": "B", "TYPE": null, "ENTRANCES": null, "SLOPE": null, "REMNANTS": null, "NESTNB": 0, "DATE": "2003-01-24", "SNOW": "A", "EGGCHICK": null, "CAVITYSIZE": null, "CAVDEPTH": null, "DISTNN": null, "SUBSTRATE": null, "COMMENTS": null, "SITEDOTID": 0, "ASPECT": null, "FIRST_FRED": 6867, "METADATA": null }, "geometry": { "type": "Point", "coordinates": [ 110.446577076160068, -66.368687507429641 ] } },
{ "type": "Feature", "properties": { "SPECIES": "WISP", "ACTIVITY": "A", "TYPE": "1 boulder", "ENTRANCES": 1, "SLOPE": "20", "REMNANTS": null, "NESTNB": 0, "DATE": "2003-01-20", "SNOW": "A", "EGGCHICK": null, "CAVITYSIZE": "s", "CAVDEPTH": "25", "DISTNN": 0, "SUBSTRATE": "gravel", "COMMENTS": null, "SITEDOTID": 0, "ASPECT": "N", "FIRST_FRED": 6995, "METADATA": null }, "geometry": { "type": "Point", "coordinates": [ 110.591551666532183, -66.367071674928127 ] } },
{ "type": "Feature", "properties": { "SPECIES": "WISP", "ACTIVITY": "B", "TYPE": "1 boulder", "ENTRANCES": 1, "SLOPE": "0", "REMNANTS": null, "NESTNB": 0, "DATE": "2003-01-20", "SNOW": "A", "EGGCHICK": "e", "CAVITYSIZE": "m", "CAVDEPTH": "45", "DISTNN": 0, "SUBSTRATE": "gravel", "COMMENTS": null, "SITEDOTID": 0, "ASPECT": "N", "FIRST_FRED": null, "METADATA": null }, "geometry": { "type": "Point", "coordinates": [ 110.591256666532075, -66.367280008261474 ] } },
{ "type": "Feature", "properties": { "SPECIES": "WISP", "ACTIVITY": "B", "TYPE": "2 boulder", "ENTRANCES": 1, "SLOPE": "40", "REMNANTS": null, "NESTNB": 0, "DATE": "2003-01-20", "SNOW": "A", "EGGCHICK": null, "CAVITYSIZE": "s", "CAVDEPTH": "35", "DISTNN": 0, "SUBSTRATE": "gravel", "COMMENTS": null, "SITEDOTID": 0, "ASPECT": "N", "FIRST_FRED": null, "METADATA": null }, "geometry": { "type": "Point", "coordinates": [ 110.591139398967854, -66.366842024206647 ] } },
{ "type": "Feature", "properties": { "SPECIES": "WISP", "ACTIVITY": "A", "TYPE": "1 boulder", "ENTRANCES": 1, "SLOPE": "20", "REMNANTS": "OC", "NESTNB": 0, "DATE": "2003-01-20", "SNOW": "AI", "EGGCHICK": null, "CAVITYSIZE": "s", "CAVDEPTH": "30", "DISTNN": 0, "SUBSTRATE": "gravel", "COMMENTS": null, "SITEDOTID": 0, "ASPECT": "W", "FIRST_FRED": 6993, "METADATA": null }, "geometry": { "type": "Point", "coordinates": [ 110.583598333196221, -66.367773341594869 ] } },
{ "type": "Feature", "properties": { "SPECIES": "WISP", "ACTIVITY": "B", "TYPE": "1 boulder", "ENTRANCES": 1, "SLOPE": "20", "REMNANTS": null, "NESTNB": 0, "DATE": "2003-01-20", "SNOW": "A", "EGGCHICK": null, "CAVITYSIZE": "s", "CAVDEPTH": "40", "DISTNN": 0, "SUBSTRATE": "gravel", "COMMENTS": null, "SITEDOTID": 0, "ASPECT": "W", "FIRST_FRED": 6993, "METADATA": null }, "geometry": { "type": "Point", "coordinates": [ 110.583784602776149, -66.367850343327888 ] } },
{ "type": "Feature", "properties": { "SPECIES": "WISP", "ACTIVITY": "A", "TYPE": "1 boulder", "ENTRANCES": 1, "SLOPE": "30", "REMNANTS": "OC", "NESTNB": 0, "DATE": "2003-01-14", "SNOW": "A", "EGGCHICK": null, "CAVITYSIZE": "l", "CAVDEPTH": "40", "DISTNN": 0, "SUBSTRATE": "sand", "COMMENTS": null, "SITEDOTID": 0, "ASPECT": "E", "FIRST_FRED": 2606, "METADATA": null }, "geometry": { "type": "Point", "coordinates": [ 110.508848333170761, -66.44999834160663 ] } },
{ "type": "Feature", "properties": { "SPECIES": "WISP", "ACTIVITY": "B", "TYPE": "1 boulder", "ENTRANCES": 1, "SLOPE": null, "REMNANTS": null, "NESTNB": 0, "DATE": "2003-01-14", "SNOW": "AI", "EGGCHICK": null, "CAVITYSIZE": null, "CAVDEPTH": null, "DISTNN": 0, "SUBSTRATE": null, "COMMENTS": null, "SITEDOTID": 0, "ASPECT": "E", "FIRST_FRED": 2606, "METADATA": null }, "geometry": { "type": "Point", "coordinates": [ 110.508419999837272, -66.450043341606616 ] } },
{ "type": "Feature", "properties": { "SPECIES": "WISP", "ACTIVITY": "B", "TYPE": "1 boulder", "ENTRANCES": 1, "SLOPE": "40", "REMNANTS": null, "NESTNB": 0, "DATE": "2003-01-14", "SNOW": "A", "EGGCHICK": null, "CAVITYSIZE": "m", "CAVDEPTH": "45", "DISTNN": 0, "SUBSTRATE": "sand", "COMMENTS": null, "SITEDOTID": 0, "ASPECT": "E", "FIRST_FRED": 2606, "METADATA": null }, "geometry": { "type": "Point", "coordinates": [ 110.508269999837225, -66.450245008273313 ] } },
{ "type": "Feature", "properties": { "SPECIES": "WISP", "ACTIVITY": null, "TYPE": "1 boulder", "ENTRANCES": 0, "SLOPE": null, "REMNANTS": null, "NESTNB": 0, "DATE": "2003-01-14", "SNOW": null, "EGGCHICK": null, "CAVITYSIZE": null, "CAVDEPTH": null, "DISTNN": 0, "SUBSTRATE": "gravel", "COMMENTS": "?", "SITEDOTID": 0, "ASPECT": null, "FIRST_FRED": 2606, "METADATA": null }, "geometry": { "type": "Point", "coordinates": [ 110.508348333170559, -66.450275008273337 ] } },
{ "type": "Feature", "properties": { "SPECIES": "WISP", "ACTIVITY": "A", "TYPE": "1 boulder", "ENTRANCES": 1, "SLOPE": "35", "REMNANTS": "OE", "NESTNB": 0, "DATE": "2003-01-14", "SNOW": "A", "EGGCHICK": null, "CAVITYSIZE": "l", "CAVDEPTH": "45", "DISTNN": 0, "SUBSTRATE": "gravel", "COMMENTS": null, "SITEDOTID": 0, "ASPECT": "E", "FIRST_FRED": 2606, "METADATA": null }, "geometry": { "type": "Point", "coordinates": [ 110.50749999983698, -66.450296674939992 ] } },
{ "type": "Feature", "properties": { "SPECIES": "WISP", "ACTIVITY": "B", "TYPE": "1 boulder", "ENTRANCES": 0, "SLOPE": "35", "REMNANTS": null, "NESTNB": 0, "DATE": "2003-01-14", "SNOW": "A", "EGGCHICK": null, "CAVITYSIZE": "s", "CAVDEPTH": "50", "DISTNN": 0, "SUBSTRATE": "gravel", "COMMENTS": null, "SITEDOTID": 0, "ASPECT": "E", "FIRST_FRED": 2606, "METADATA": null }, "geometry": { "type": "Point", "coordinates": [ 110.507539999836993, -66.450350008273318 ] } },
{ "type": "Feature", "properties": { "SPECIES": "WISP", "ACTIVITY": "B", "TYPE": "1 boulder", "ENTRANCES": 1, "SLOPE": "30", "REMNANTS": "OE", "NESTNB": 0, "DATE": "2003-01-14", "SNOW": "A", "EGGCHICK": null, "CAVITYSIZE": null, "CAVDEPTH": null, "DISTNN": 0, "SUBSTRATE": "sand", "COMMENTS": null, "SITEDOTID": 0, "ASPECT": "E", "FIRST_FRED": 2606, "METADATA": null }, "geometry": { "type": "Point", "coordinates": [ 110.507474999836973, -66.450328341606664 ] } },
{ "type": "Feature", "properties": { "SPECIES": "WISP", "ACTIVITY": null, "TYPE": "2 boulder", "ENTRANCES": 1, "SLOPE": "35", "REMNANTS": "OC", "NESTNB": 0, "DATE": "2003-01-14", "SNOW": null, "EGGCHICK": null, "CAVITYSIZE": "35", "CAVDEPTH": null, "DISTNN": 0, "SUBSTRATE": "bare rock", "COMMENTS": null, "SITEDOTID": 0, "ASPECT": "E", "FIRST_FRED": 2606, "METADATA": null }, "geometry": { "type": "Point", "coordinates": [ 110.507344999836903, -66.450408341606689 ] } },
{ "type": "Feature", "properties": { "SPECIES": "WISP", "ACTIVITY": "A", "TYPE": "1 boulder", "ENTRANCES": 0, "SLOPE": "35", "REMNANTS": null, "NESTNB": 0, "DATE": "2003-01-14", "SNOW": "A", "EGGCHICK": "e", "CAVITYSIZE": null, "CAVDEPTH": null, "DISTNN": 0, "SUBSTRATE": "sand", "COMMENTS": null, "SITEDOTID": 0, "ASPECT": "E", "FIRST_FRED": 2606, "METADATA": null }, "geometry": { "type": "Point", "coordinates": [ 110.507325966814975, -66.450427368436593 ] } },
{ "type": "Feature", "properties": { "SPECIES": "WISP", "ACTIVITY": "B", "TYPE": "1 boulder", "ENTRANCES": 1, "SLOPE": "25", "REMNANTS": null, "NESTNB": 0, "DATE": "2003-01-14", "SNOW": "A", "EGGCHICK": null, "CAVITYSIZE": "s", "CAVDEPTH": "35", "DISTNN": 0, "SUBSTRATE": "sand", "COMMENTS": "Bflying", "SITEDOTID": 0, "ASPECT": "SW", "FIRST_FRED": 2606, "METADATA": null }, "geometry": { "type": "Point", "coordinates": [ 110.506878333170107, -66.450546674940014 ] } },
{ "type": "Feature", "properties": { "SPECIES": "WISP", "ACTIVITY": "B", "TYPE": "2 boulder", "ENTRANCES": 1, "SLOPE": "10", "REMNANTS": null, "NESTNB": 0, "DATE": "2003-01-14", "SNOW": "A", "EGGCHICK": null, "CAVITYSIZE": "m", "CAVDEPTH": "40", "DISTNN": 0, "SUBSTRATE": "bare rock", "COMMENTS": null, "SITEDOTID": 0, "ASPECT": "W", "FIRST_FRED": 2606, "METADATA": null }, "geometry": { "type": "Point", "coordinates": [ 110.505973333169777, -66.450615008273374 ] } },
{ "type": "Feature", "properties": { "SPECIES": "WISP", "ACTIVITY": "B", "TYPE": "1 boulder", "ENTRANCES": 1, "SLOPE": "40", "REMNANTS": null, "NESTNB": 0, "DATE": "2003-01-14", "SNOW": "A", "EGGCHICK": null, "CAVITYSIZE": "s", "CAVDEPTH": "35", "DISTNN": 0, "SUBSTRATE": "sand", "COMMENTS": null, "SITEDOTID": 0, "ASPECT": "SW", "FIRST_FRED": null, "METADATA": null }, "geometry": { "type": "Point", "coordinates": [ 110.50177666650174, -66.449768341606585 ] } },
{ "type": "Feature", "properties": { "SPECIES": "WISP", "ACTIVITY": null, "TYPE": null, "ENTRANCES": null, "SLOPE": null, "REMNANTS": null, "NESTNB": 0, "DATE": "2003-01-14", "SNOW": null, "EGGCHICK": null, "CAVITYSIZE": null, "CAVDEPTH": null, "DISTNN": null, "SUBSTRATE": null, "COMMENTS": "Bflying", "SITEDOTID": 0, "ASPECT": null, "FIRST_FRED": null, "METADATA": null }, "geometry": { "type": "Point", "coordinates": [ 110.501463333168303, -66.449810008273232 ] } },
{ "type": "Feature", "properties": { "SPECIES": "WISP", "ACTIVITY": null, "TYPE": null, "ENTRANCES": null, "SLOPE": null, "REMNANTS": null, "NESTNB": 0, "DATE": "2003-01-14", "SNOW": null, "EGGCHICK": null, "CAVITYSIZE": null, "CAVDEPTH": null, "DISTNN": null, "SUBSTRATE": null, "COMMENTS": "heard", "SITEDOTID": 0, "ASPECT": null, "FIRST_FRED": null, "METADATA": null }, "geometry": { "type": "Point", "coordinates": [ 110.498828167682291, -66.4517051822844 ] } },
{ "type": "Feature", "properties": { "SPECIES": "WISP", "ACTIVITY": "B", "TYPE": null, "ENTRANCES": null, "SLOPE": null, "REMNANTS": null, "NESTNB": 0, "DATE": "2003-01-14", "SNOW": null, "EGGCHICK": null, "CAVITYSIZE": null, "CAVDEPTH": null, "DISTNN": null, "SUBSTRATE": null, "COMMENTS": "heard", "SITEDOTID": 0, "ASPECT": null, "FIRST_FRED": null, "METADATA": null }, "geometry": { "type": "Point", "coordinates": [ 110.495930274695041, -66.450040648702213 ] } },
{ "type": "Feature", "properties": { "SPECIES": "WISP", "ACTIVITY": "A", "TYPE": "1 boulder", "ENTRANCES": 1, "SLOPE": "5", "REMNANTS": null, "NESTNB": 0, "DATE": "2003-01-14", "SNOW": "A", "EGGCHICK": "e", "CAVITYSIZE": "s", "CAVDEPTH": "20", "DISTNN": 0, "SUBSTRATE": "sand", "COMMENTS": null, "SITEDOTID": 0, "ASPECT": "S", "FIRST_FRED": null, "METADATA": null }, "geometry": { "type": "Point", "coordinates": [ 110.50177333316843, -66.449515008273195 ] } },
{ "type": "Feature", "properties": { "SPECIES": "WISP", "ACTIVITY": "B", "TYPE": "1 boulder", "ENTRANCES": 1, "SLOPE": "40", "REMNANTS": null, "NESTNB": 0, "DATE": "2003-01-14", "SNOW": "A", "EGGCHICK": null, "CAVITYSIZE": "l", "CAVDEPTH": "45", "DISTNN": 0, "SUBSTRATE": "sand", "COMMENTS": null, "SITEDOTID": 0, "ASPECT": "N", "FIRST_FRED": 2701, "METADATA": null }, "geometry": { "type": "Point", "coordinates": [ 110.505143333169542, -66.448351674939687 ] } },
{ "type": "Feature", "properties": { "SPECIES": "WISP", "ACTIVITY": "MF", "TYPE": "2 boulder", "ENTRANCES": 0, "SLOPE": null, "REMNANTS": null, "NESTNB": 0, "DATE": "2003-01-14", "SNOW": "A", "EGGCHICK": null, "CAVITYSIZE": null, "CAVDEPTH": null, "DISTNN": 0, "SUBSTRATE": "sand", "COMMENTS": "screesand", "SITEDOTID": 0, "ASPECT": null, "FIRST_FRED": 2701, "METADATA": null }, "geometry": { "type": "Point", "coordinates": [ 110.505146666502881, -66.448406674939719 ] } },
{ "type": "Feature", "properties": { "SPECIES": "WISP", "ACTIVITY": "B", "TYPE": "1 boulder", "ENTRANCES": 0, "SLOPE": null, "REMNANTS": null, "NESTNB": 0, "DATE": "2003-01-14", "SNOW": "A", "EGGCHICK": null, "CAVITYSIZE": "s", "CAVDEPTH": "35", "DISTNN": 0, "SUBSTRATE": "sand", "COMMENTS": null, "SITEDOTID": 0, "ASPECT": "N", "FIRST_FRED": 2701, "METADATA": null }, "geometry": { "type": "Point", "coordinates": [ 110.505124999836212, -66.448398341606392 ] } },
{ "type": "Feature", "properties": { "SPECIES": "WISP", "ACTIVITY": "B", "TYPE": "crack in", "ENTRANCES": 1, "SLOPE": "40", "REMNANTS": null, "NESTNB": 0, "DATE": "2003-01-15", "SNOW": "A", "EGGCHICK": null, "CAVITYSIZE": "s", "CAVDEPTH": "40", "DISTNN": 0, "SUBSTRATE": "sand", "COMMENTS": null, "SITEDOTID": 0, "ASPECT": "NE", "FIRST_FRED": 2701, "METADATA": null }, "geometry": { "type": "Point", "coordinates": [ 110.505208333169577, -66.447826674939662 ] } },
{ "type": "Feature", "properties": { "SPECIES": "WISP", "ACTIVITY": "B", "TYPE": "crack in", "ENTRANCES": 1, "SLOPE": "35", "REMNANTS": null, "NESTNB": 0, "DATE": "2003-01-15", "SNOW": "A", "EGGCHICK": null, "CAVITYSIZE": "s", "CAVDEPTH": "45", "DISTNN": 0, "SUBSTRATE": "sand", "COMMENTS": null, "SITEDOTID": 0, "ASPECT": "NW", "FIRST_FRED": null, "METADATA": null }, "geometry": { "type": "Point", "coordinates": [ 110.500208333167947, -66.446955008272852 ] } },
{ "type": "Feature", "properties": { "SPECIES": "WISP", "ACTIVITY": "A", "TYPE": "1 boulder", "ENTRANCES": 1, "SLOPE": "30", "REMNANTS": null, "NESTNB": 0, "DATE": "2003-01-15", "SNOW": "A", "EGGCHICK": null, "CAVITYSIZE": "s", "CAVDEPTH": "20", "DISTNN": 0, "SUBSTRATE": "sand", "COMMENTS": null, "SITEDOTID": 0, "ASPECT": "NE", "FIRST_FRED": null, "METADATA": null }, "geometry": { "type": "Point", "coordinates": [ 110.501121666501575, -66.446780008272825 ] } },
{ "type": "Feature", "properties": { "SPECIES": "WISP", "ACTIVITY": null, "TYPE": null, "ENTRANCES": null, "SLOPE": null, "REMNANTS": null, "NESTNB": 0, "DATE": "2003-01-15", "SNOW": null, "EGGCHICK": null, "CAVITYSIZE": null, "CAVDEPTH": null, "DISTNN": null, "SUBSTRATE": null, "COMMENTS": "?", "SITEDOTID": 0, "ASPECT": null, "FIRST_FRED": 2700, "METADATA": null }, "geometry": { "type": "Point", "coordinates": [ 110.504789999836078, -66.448250008273021 ] } },
{ "type": "Feature", "properties": { "SPECIES": "WISP", "ACTIVITY": "B", "TYPE": "1 boulder", "ENTRANCES": 1, "SLOPE": "45", "REMNANTS": null, "NESTNB": 0, "DATE": "2003-01-15", "SNOW": "A", "EGGCHICK": null, "CAVITYSIZE": "m", "CAVDEPTH": "40", "DISTNN": 0, "SUBSTRATE": "sand", "COMMENTS": null, "SITEDOTID": 0, "ASPECT": "NE", "FIRST_FRED": 2701, "METADATA": null }, "geometry": { "type": "Point", "coordinates": [ 110.505284999836263, -66.447871674939648 ] } },
{ "type": "Feature", "properties": { "SPECIES": "WISP", "ACTIVITY": null, "TYPE": null, "ENTRANCES": null, "SLOPE": null, "REMNANTS": null, "NESTNB": 0, "DATE": "2003-01-15", "SNOW": null, "EGGCHICK": null, "CAVITYSIZE": null, "CAVDEPTH": null, "DISTNN": null, "SUBSTRATE": null, "COMMENTS": "AROUNDHERE", "SITEDOTID": 0, "ASPECT": null, "FIRST_FRED": 2606, "METADATA": null }, "geometry": { "type": "Point", "coordinates": [ 110.509043333170823, -66.45068667494003 ] } },
{ "type": "Feature", "properties": { "SPECIES": "WISP", "ACTIVITY": "B", "TYPE": "crack in", "ENTRANCES": 0, "SLOPE": "50", "REMNANTS": null, "NESTNB": 0, "DATE": "2003-01-15", "SNOW": "A", "EGGCHICK": null, "CAVITYSIZE": "m", "CAVDEPTH": "45", "DISTNN": 0, "SUBSTRATE": "sand", "COMMENTS": null, "SITEDOTID": 0, "ASPECT": "S", "FIRST_FRED": 2417, "METADATA": null }, "geometry": { "type": "Point", "coordinates": [ 110.512829999838686, -66.453948341607159 ] } },
{ "type": "Feature", "properties": { "SPECIES": "WISP", "ACTIVITY": "A", "TYPE": "2 boulder", "ENTRANCES": 0, "SLOPE": "30", "REMNANTS": null, "NESTNB": 0, "DATE": "2003-01-15", "SNOW": "A", "EGGCHICK": null, "CAVITYSIZE": "m", "CAVDEPTH": "30", "DISTNN": 0, "SUBSTRATE": "bare rock", "COMMENTS": "spit", "SITEDOTID": 0, "ASPECT": "SW", "FIRST_FRED": 2417, "METADATA": null }, "geometry": { "type": "Point", "coordinates": [ 110.512834999838688, -66.454006674940487 ] } },
{ "type": "Feature", "properties": { "SPECIES": "WISP", "ACTIVITY": "B", "TYPE": "2 boulder", "ENTRANCES": 0, "SLOPE": "30", "REMNANTS": null, "NESTNB": 0, "DATE": "2003-01-15", "SNOW": "A", "EGGCHICK": null, "CAVITYSIZE": null, "CAVDEPTH": null, "DISTNN": 0, "SUBSTRATE": "sand", "COMMENTS": "heard", "SITEDOTID": 0, "ASPECT": "S", "FIRST_FRED": 2417, "METADATA": null }, "geometry": { "type": "Point", "coordinates": [ 110.512728333171992, -66.454020008273858 ] } },
{ "type": "Feature", "properties": { "SPECIES": "WISP", "ACTIVITY": "B", "TYPE": "1 boulder", "ENTRANCES": 0, "SLOPE": "35", "REMNANTS": null, "NESTNB": 0, "DATE": "2003-01-15", "SNOW": "A", "EGGCHICK": null, "CAVITYSIZE": "m", "CAVDEPTH": "35", "DISTNN": 0, "SUBSTRATE": "sand", "COMMENTS": "heard", "SITEDOTID": 0, "ASPECT": "S", "FIRST_FRED": 2417, "METADATA": null }, "geometry": { "type": "Point", "coordinates": [ 110.512584999838623, -66.454080008273877 ] } },
{ "type": "Feature", "properties": { "SPECIES": "WISP", "ACTIVITY": "B", "TYPE": "1 boulder", "ENTRANCES": 1, "SLOPE": "35", "REMNANTS": null, "NESTNB": 0, "DATE": "2003-01-15", "SNOW": "A", "EGGCHICK": null, "CAVITYSIZE": "s", "CAVDEPTH": "25", "DISTNN": 0, "SUBSTRATE": "sand", "COMMENTS": null, "SITEDOTID": 0, "ASPECT": "S", "FIRST_FRED": 2417, "METADATA": null }, "geometry": { "type": "Point", "coordinates": [ 110.512653333171983, -66.454098341607207 ] } },
{ "type": "Feature", "properties": { "SPECIES": "WISP", "ACTIVITY": "B", "TYPE": null, "ENTRANCES": null, "SLOPE": null, "REMNANTS": null, "NESTNB": 0, "DATE": "2003-01-15", "SNOW": "A", "EGGCHICK": null, "CAVITYSIZE": null, "CAVDEPTH": null, "DISTNN": null, "SUBSTRATE": null, "COMMENTS": "heard", "SITEDOTID": 0, "ASPECT": null, "FIRST_FRED": null, "METADATA": null }, "geometry": { "type": "Point", "coordinates": [ 110.514466416777012, -66.452244011724403 ] } },
{ "type": "Feature", "properties": { "SPECIES": "WISP", "ACTIVITY": "A", "TYPE": "2 boulder", "ENTRANCES": 1, "SLOPE": "40", "REMNANTS": null, "NESTNB": 0, "DATE": "2003-01-15", "SNOW": "A", "EGGCHICK": null, "CAVITYSIZE": "s", "CAVDEPTH": "25", "DISTNN": 0, "SUBSTRATE": "sand", "COMMENTS": null, "SITEDOTID": 0, "ASPECT": "NE", "FIRST_FRED": 2512, "METADATA": null }, "geometry": { "type": "Point", "coordinates": [ 110.513314999838855, -66.452411674940308 ] } },
{ "type": "Feature", "properties": { "SPECIES": "WISP", "ACTIVITY": "B", "TYPE": "1 boulder", "ENTRANCES": 0, "SLOPE": null, "REMNANTS": null, "NESTNB": 0, "DATE": "2003-01-15", "SNOW": "A", "EGGCHICK": null, "CAVITYSIZE": null, "CAVDEPTH": null, "DISTNN": 0, "SUBSTRATE": "sand", "COMMENTS": null, "SITEDOTID": 0, "ASPECT": null, "FIRST_FRED": 2701, "METADATA": null }, "geometry": { "type": "Point", "coordinates": [ 110.508041666503829, -66.449138341606471 ] } },
{ "type": "Feature", "properties": { "SPECIES": "WISP", "ACTIVITY": "B", "TYPE": "crack in", "ENTRANCES": 0, "SLOPE": "45", "REMNANTS": null, "NESTNB": 0, "DATE": "2003-01-15", "SNOW": "A", "EGGCHICK": null, "CAVITYSIZE": "s", "CAVDEPTH": "40", "DISTNN": 0, "SUBSTRATE": "sand", "COMMENTS": null, "SITEDOTID": 0, "ASPECT": "E", "FIRST_FRED": 2606, "METADATA": null }, "geometry": { "type": "Point", "coordinates": [ 110.508351666503913, -66.450070008273286 ] } },
{ "type": "Feature", "properties": { "SPECIES": "WISP", "ACTIVITY": "B", "TYPE": "crack in", "ENTRANCES": 1, "SLOPE": "40", "REMNANTS": "OC", "NESTNB": 0, "DATE": "2003-01-15", "SNOW": "A", "EGGCHICK": null, "CAVITYSIZE": "m", "CAVDEPTH": "40", "DISTNN": 0, "SUBSTRATE": "gravel", "COMMENTS": null, "SITEDOTID": 0, "ASPECT": "E", "FIRST_FRED": 2606, "METADATA": null }, "geometry": { "type": "Point", "coordinates": [ 110.508328333170581, -66.450096674939942 ] } },
{ "type": "Feature", "properties": { "SPECIES": "WISP", "ACTIVITY": "B", "TYPE": "1 boulder", "ENTRANCES": 0, "SLOPE": null, "REMNANTS": null, "NESTNB": 0, "DATE": "2003-01-15", "SNOW": "A", "EGGCHICK": null, "CAVITYSIZE": null, "CAVDEPTH": null, "DISTNN": 0, "SUBSTRATE": "sand", "COMMENTS": "heardinnest", "SITEDOTID": 0, "ASPECT": null, "FIRST_FRED": 2606, "METADATA": null }, "geometry": { "type": "Point", "coordinates": [ 110.507736666503718, -66.45057000827336 ] } },
{ "type": "Feature", "properties": { "SPECIES": "WISP", "ACTIVITY": "B", "TYPE": "1 boulder", "ENTRANCES": 1, "SLOPE": "55", "REMNANTS": null, "NESTNB": 0, "DATE": "2003-01-15", "SNOW": "A", "EGGCHICK": null, "CAVITYSIZE": "m", "CAVDEPTH": "40", "DISTNN": 0, "SUBSTRATE": "bare rock", "COMMENTS": null, "SITEDOTID": 0, "ASPECT": "NE", "FIRST_FRED": 2606, "METADATA": null }, "geometry": { "type": "Point", "coordinates": [ 110.507562573682847, -66.449476969262832 ] } },
{ "type": "Feature", "properties": { "SPECIES": "WISP", "ACTIVITY": null, "TYPE": "1 boulder", "ENTRANCES": 0, "SLOPE": "40", "REMNANTS": null, "NESTNB": 0, "DATE": "2003-01-15", "SNOW": null, "EGGCHICK": null, "CAVITYSIZE": null, "CAVDEPTH": null, "DISTNN": 0, "SUBSTRATE": "sand", "COMMENTS": "heardinnest", "SITEDOTID": 0, "ASPECT": "NE", "FIRST_FRED": 2606, "METADATA": null }, "geometry": { "type": "Point", "coordinates": [ 110.507640223196745, -66.450514532602938 ] } },
{ "type": "Feature", "properties": { "SPECIES": "WISP", "ACTIVITY": null, "TYPE": "1 boulder", "ENTRANCES": 0, "SLOPE": "40", "REMNANTS": null, "NESTNB": 0, "DATE": "2003-01-15", "SNOW": null, "EGGCHICK": null, "CAVITYSIZE": null, "CAVDEPTH": null, "DISTNN": 0, "SUBSTRATE": "sand", "COMMENTS": null, "SITEDOTID": 0, "ASPECT": "NE", "FIRST_FRED": 2606, "METADATA": null }, "geometry": { "type": "Point", "coordinates": [ 110.507890735103473, -66.450616320645992 ] } },
{ "type": "Feature", "properties": { "SPECIES": "WISP", "ACTIVITY": "B", "TYPE": "crack in", "ENTRANCES": 1, "SLOPE": "60", "REMNANTS": null, "NESTNB": 0, "DATE": "2003-01-15", "SNOW": "A", "EGGCHICK": null, "CAVITYSIZE": "m", "CAVDEPTH": "40", "DISTNN": 0, "SUBSTRATE": "sand", "COMMENTS": null, "SITEDOTID": 0, "ASPECT": "NE", "FIRST_FRED": 2606, "METADATA": null }, "geometry": { "type": "Point", "coordinates": [ 110.508086666503829, -66.449301674939846 ] } },
{ "type": "Feature", "properties": { "SPECIES": "WISP", "ACTIVITY": "B", "TYPE": "crack in", "ENTRANCES": 1, "SLOPE": "35", "REMNANTS": null, "NESTNB": 0, "DATE": "2003-01-15", "SNOW": "A", "EGGCHICK": null, "CAVITYSIZE": "s", "CAVDEPTH": "25", "DISTNN": 0, "SUBSTRATE": "sand", "COMMENTS": null, "SITEDOTID": 0, "ASPECT": "NE", "FIRST_FRED": 2606, "METADATA": null }, "geometry": { "type": "Point", "coordinates": [ 110.50813833317055, -66.449301674939846 ] } },
{ "type": "Feature", "properties": { "SPECIES": "WISP", "ACTIVITY": "B", "TYPE": "1 boulder", "ENTRANCES": 0, "SLOPE": "40", "REMNANTS": null, "NESTNB": 0, "DATE": "2003-01-15", "SNOW": "A", "EGGCHICK": null, "CAVITYSIZE": "s", "CAVDEPTH": null, "DISTNN": 0, "SUBSTRATE": "bare rock", "COMMENTS": null, "SITEDOTID": 0, "ASPECT": "NE", "FIRST_FRED": 2606, "METADATA": null }, "geometry": { "type": "Point", "coordinates": [ 110.507973333170469, -66.450685008273368 ] } },
{ "type": "Feature", "properties": { "SPECIES": "WISP", "ACTIVITY": "B", "TYPE": "crack in", "ENTRANCES": 1, "SLOPE": "35", "REMNANTS": null, "NESTNB": 0, "DATE": "2003-01-15", "SNOW": "A", "EGGCHICK": null, "CAVITYSIZE": "s", "CAVDEPTH": null, "DISTNN": 0, "SUBSTRATE": "bare rock", "COMMENTS": null, "SITEDOTID": 0, "ASPECT": "NE", "FIRST_FRED": 2606, "METADATA": null }, "geometry": { "type": "Point", "coordinates": [ 110.507953333170434, -66.450690008273369 ] } },
{ "type": "Feature", "properties": { "SPECIES": "WISP", "ACTIVITY": "B", "TYPE": "1 boulder", "ENTRANCES": 1, "SLOPE": "35", "REMNANTS": null, "NESTNB": 0, "DATE": "2003-01-15", "SNOW": "A", "EGGCHICK": null, "CAVITYSIZE": "s", "CAVDEPTH": "25", "DISTNN": 0, "SUBSTRATE": "sand", "COMMENTS": null, "SITEDOTID": 0, "ASPECT": "NE", "FIRST_FRED": 2606, "METADATA": null }, "geometry": { "type": "Point", "coordinates": [ 110.508491666503986, -66.449483341606523 ] } },
{ "type": "Feature", "properties": { "SPECIES": "WISP", "ACTIVITY": "B", "TYPE": "1 boulder", "ENTRANCES": 1, "SLOPE": "30", "REMNANTS": null, "NESTNB": 0, "DATE": "2003-01-15", "SNOW": "A", "EGGCHICK": null, "CAVITYSIZE": "m", "CAVDEPTH": "30", "DISTNN": 0, "SUBSTRATE": "sand", "COMMENTS": null, "SITEDOTID": 0, "ASPECT": "NE", "FIRST_FRED": 2606, "METADATA": null }, "geometry": { "type": "Point", "coordinates": [ 110.508351666503913, -66.449431674939845 ] } },
{ "type": "Feature", "properties": { "SPECIES": "WISP", "ACTIVITY": "B", "TYPE": "crack in", "ENTRANCES": 1, "SLOPE": "40", "REMNANTS": null, "NESTNB": 0, "DATE": "2003-01-15", "SNOW": "A", "EGGCHICK": null, "CAVITYSIZE": "l", "CAVDEPTH": "40", "DISTNN": 0, "SUBSTRATE": "sand", "COMMENTS": null, "SITEDOTID": 0, "ASPECT": "NE", "FIRST_FRED": 2606, "METADATA": null }, "geometry": { "type": "Point", "coordinates": [ 110.508044999837168, -66.449470008273181 ] } },
{ "type": "Feature", "properties": { "SPECIES": "WISP", "ACTIVITY": "A", "TYPE": "1 boulder", "ENTRANCES": 1, "SLOPE": "35", "REMNANTS": null, "NESTNB": 0, "DATE": "2003-01-15", "SNOW": "A", "EGGCHICK": null, "CAVITYSIZE": "m", "CAVDEPTH": "35", "DISTNN": 0, "SUBSTRATE": "sand", "COMMENTS": "?", "SITEDOTID": 0, "ASPECT": "NE", "FIRST_FRED": 2606, "METADATA": null }, "geometry": { "type": "Point", "coordinates": [ 110.507508333170335, -66.449331674939856 ] } },
{ "type": "Feature", "properties": { "SPECIES": "WISP", "ACTIVITY": "B", "TYPE": "1 boulder", "ENTRANCES": 0, "SLOPE": "35", "REMNANTS": null, "NESTNB": 0, "DATE": "2003-01-15", "SNOW": "A", "EGGCHICK": null, "CAVITYSIZE": "m", "CAVDEPTH": null, "DISTNN": 0, "SUBSTRATE": "gravel", "COMMENTS": null, "SITEDOTID": 0, "ASPECT": "NE", "FIRST_FRED": 2606, "METADATA": null }, "geometry": { "type": "Point", "coordinates": [ 110.507354999836934, -66.449486674939848 ] } },
{ "type": "Feature", "properties": { "SPECIES": "WISP", "ACTIVITY": "MF", "TYPE": "crack in", "ENTRANCES": 1, "SLOPE": "40", "REMNANTS": null, "NESTNB": 0, "DATE": "2003-01-15", "SNOW": "A", "EGGCHICK": null, "CAVITYSIZE": "l", "CAVDEPTH": null, "DISTNN": 0, "SUBSTRATE": "gravel", "COMMENTS": null, "SITEDOTID": 0, "ASPECT": "N", "FIRST_FRED": 2606, "METADATA": null }, "geometry": { "type": "Point", "coordinates": [ 110.506691666503386, -66.44939000827317 ] } },
{ "type": "Feature", "properties": { "SPECIES": "WISP", "ACTIVITY": "MF", "TYPE": null, "ENTRANCES": null, "SLOPE": null, "REMNANTS": null, "NESTNB": 0, "DATE": "2003-01-15", "SNOW": "A", "EGGCHICK": null, "CAVITYSIZE": null, "CAVDEPTH": null, "DISTNN": null, "SUBSTRATE": null, "COMMENTS": "flyingBinnest", "SITEDOTID": 0, "ASPECT": null, "FIRST_FRED": 2700, "METADATA": null }, "geometry": { "type": "Point", "coordinates": [ 110.504123729683201, -66.448236696173737 ] } },
{ "type": "Feature", "properties": { "SPECIES": "WISP", "ACTIVITY": "B", "TYPE": "2 boulder", "ENTRANCES": 0, "SLOPE": "40", "REMNANTS": null, "NESTNB": 0, "DATE": "2003-01-15", "SNOW": "A", "EGGCHICK": null, "CAVITYSIZE": "s", "CAVDEPTH": "25", "DISTNN": 0, "SUBSTRATE": "sand", "COMMENTS": null, "SITEDOTID": 0, "ASPECT": "NE", "FIRST_FRED": 2701, "METADATA": null }, "geometry": { "type": "Point", "coordinates": [ 110.506759999836731, -66.449146674939854 ] } },
{ "type": "Feature", "properties": { "SPECIES": "WISP", "ACTIVITY": "MF", "TYPE": "crack in", "ENTRANCES": 1, "SLOPE": "45", "REMNANTS": null, "NESTNB": 0, "DATE": "2003-01-15", "SNOW": "A", "EGGCHICK": null, "CAVITYSIZE": "l", "CAVDEPTH": "50", "DISTNN": 0, "SUBSTRATE": "sand", "COMMENTS": null, "SITEDOTID": 0, "ASPECT": "E", "FIRST_FRED": 2701, "METADATA": null }, "geometry": { "type": "Point", "coordinates": [ 110.506738333170063, -66.449125008273171 ] } },
{ "type": "Feature", "properties": { "SPECIES": "WISP", "ACTIVITY": "B", "TYPE": "1 boulder", "ENTRANCES": 0, "SLOPE": "45", "REMNANTS": null, "NESTNB": 0, "DATE": "2003-01-15", "SNOW": "A", "EGGCHICK": null, "CAVITYSIZE": null, "CAVDEPTH": null, "DISTNN": 0, "SUBSTRATE": "sand", "COMMENTS": null, "SITEDOTID": 0, "ASPECT": "NE", "FIRST_FRED": 2701, "METADATA": null }, "geometry": { "type": "Point", "coordinates": [ 110.50679333317008, -66.449125008273157 ] } },
{ "type": "Feature", "properties": { "SPECIES": "WISP", "ACTIVITY": "B", "TYPE": "1 boulder", "ENTRANCES": 0, "SLOPE": "20", "REMNANTS": null, "NESTNB": 0, "DATE": "2003-01-15", "SNOW": "A", "EGGCHICK": null, "CAVITYSIZE": null, "CAVDEPTH": null, "DISTNN": 0, "SUBSTRATE": "sand", "COMMENTS": null, "SITEDOTID": 0, "ASPECT": "NE", "FIRST_FRED": 2701, "METADATA": null }, "geometry": { "type": "Point", "coordinates": [ 110.507441666503638, -66.448991674939847 ] } },
{ "type": "Feature", "properties": { "SPECIES": "WISP", "ACTIVITY": "B", "TYPE": "1 boulder", "ENTRANCES": 0, "SLOPE": null, "REMNANTS": null, "NESTNB": 0, "DATE": "2003-01-15", "SNOW": "A", "EGGCHICK": null, "CAVITYSIZE": null, "CAVDEPTH": null, "DISTNN": 0, "SUBSTRATE": "sand", "COMMENTS": null, "SITEDOTID": 0, "ASPECT": null, "FIRST_FRED": 2701, "METADATA": null }, "geometry": { "type": "Point", "coordinates": [ 110.507466666503646, -66.449001674939765 ] } },
{ "type": "Feature", "properties": { "SPECIES": "WISP", "ACTIVITY": "B", "TYPE": "1 boulder", "ENTRANCES": 0, "SLOPE": "15", "REMNANTS": null, "NESTNB": 0, "DATE": "2003-01-15", "SNOW": "A", "EGGCHICK": null, "CAVITYSIZE": null, "CAVDEPTH": null, "DISTNN": 0, "SUBSTRATE": "sand", "COMMENTS": null, "SITEDOTID": 0, "ASPECT": "NE", "FIRST_FRED": 2701, "METADATA": null }, "geometry": { "type": "Point", "coordinates": [ 110.507523333170326, -66.449010008273149 ] } },
{ "type": "Feature", "properties": { "SPECIES": "WISP", "ACTIVITY": "B", "TYPE": "1 boulder", "ENTRANCES": 0, "SLOPE": "15", "REMNANTS": null, "NESTNB": 0, "DATE": "2003-01-15", "SNOW": "A", "EGGCHICK": null, "CAVITYSIZE": "m", "CAVDEPTH": "40", "DISTNN": 0, "SUBSTRATE": "sand", "COMMENTS": null, "SITEDOTID": 0, "ASPECT": "NE", "FIRST_FRED": 2606, "METADATA": null }, "geometry": { "type": "Point", "coordinates": [ 110.508256666503911, -66.449231674939867 ] } },
{ "type": "Feature", "properties": { "SPECIES": "WISP", "ACTIVITY": "B", "TYPE": "1 boulder", "ENTRANCES": 0, "SLOPE": "15", "REMNANTS": null, "NESTNB": 0, "DATE": "2003-01-15", "SNOW": "A", "EGGCHICK": null, "CAVITYSIZE": "m", "CAVDEPTH": null, "DISTNN": 0, "SUBSTRATE": "sand", "COMMENTS": null, "SITEDOTID": 0, "ASPECT": "NE", "FIRST_FRED": 2606, "METADATA": null }, "geometry": { "type": "Point", "coordinates": [ 110.508219999837223, -66.449221674939835 ] } },
{ "type": "Feature", "properties": { "SPECIES": "WISP", "ACTIVITY": "B", "TYPE": "1 boulder", "ENTRANCES": 0, "SLOPE": "20", "REMNANTS": null, "NESTNB": 0, "DATE": "2003-01-15", "SNOW": "A", "EGGCHICK": null, "CAVITYSIZE": null, "CAVDEPTH": null, "DISTNN": 0, "SUBSTRATE": "sand", "COMMENTS": null, "SITEDOTID": 0, "ASPECT": "NE", "FIRST_FRED": 2701, "METADATA": null }, "geometry": { "type": "Point", "coordinates": [ 110.507521666503678, -66.448960008273161 ] } },
{ "type": "Feature", "properties": { "SPECIES": "WISP", "ACTIVITY": "B", "TYPE": "1 boulder", "ENTRANCES": 0, "SLOPE": "20", "REMNANTS": null, "NESTNB": 0, "DATE": "2003-01-15", "SNOW": "A", "EGGCHICK": null, "CAVITYSIZE": null, "CAVDEPTH": null, "DISTNN": 0, "SUBSTRATE": "sand", "COMMENTS": null, "SITEDOTID": 0, "ASPECT": "NE", "FIRST_FRED": 2701, "METADATA": null }, "geometry": { "type": "Point", "coordinates": [ 110.507258333170228, -66.448848341606464 ] } },
{ "type": "Feature", "properties": { "SPECIES": "WISP", "ACTIVITY": "B", "TYPE": "crack in", "ENTRANCES": 1, "SLOPE": "35", "REMNANTS": null, "NESTNB": 0, "DATE": "2003-01-15", "SNOW": "A", "EGGCHICK": null, "CAVITYSIZE": "s", "CAVDEPTH": "30", "DISTNN": 0, "SUBSTRATE": "bare rock", "COMMENTS": null, "SITEDOTID": 0, "ASPECT": "NE", "FIRST_FRED": 2701, "METADATA": null }, "geometry": { "type": "Point", "coordinates": [ 110.506493333169999, -66.448833341606445 ] } },
{ "type": "Feature", "properties": { "SPECIES": "WISP", "ACTIVITY": "B", "TYPE": "1 boulder", "ENTRANCES": 0, "SLOPE": "40", "REMNANTS": null, "NESTNB": 0, "DATE": "2003-01-15", "SNOW": "A", "EGGCHICK": null, "CAVITYSIZE": "s", "CAVDEPTH": null, "DISTNN": 0, "SUBSTRATE": "gravel", "COMMENTS": null, "SITEDOTID": 0, "ASPECT": "NE", "FIRST_FRED": 2701, "METADATA": null }, "geometry": { "type": "Point", "coordinates": [ 110.506098333169859, -66.448855008273114 ] } },
{ "type": "Feature", "properties": { "SPECIES": "WISP", "ACTIVITY": "B", "TYPE": "1 boulder", "ENTRANCES": 0, "SLOPE": "10", "REMNANTS": null, "NESTNB": 0, "DATE": "2003-01-15", "SNOW": "A", "EGGCHICK": null, "CAVITYSIZE": "m", "CAVDEPTH": "35", "DISTNN": 0, "SUBSTRATE": "sand", "COMMENTS": null, "SITEDOTID": 0, "ASPECT": "NE", "FIRST_FRED": 2701, "METADATA": null }, "geometry": { "type": "Point", "coordinates": [ 110.50652833317001, -66.448656674939741 ] } },
{ "type": "Feature", "properties": { "SPECIES": "WISP", "ACTIVITY": "A", "TYPE": "1 boulder", "ENTRANCES": 1, "SLOPE": "35", "REMNANTS": "OC", "NESTNB": 0, "DATE": "2003-01-16", "SNOW": "A", "EGGCHICK": null, "CAVITYSIZE": "l", "CAVDEPTH": "35", "DISTNN": 0, "SUBSTRATE": "sand", "COMMENTS": null, "SITEDOTID": 0, "ASPECT": "SW", "FIRST_FRED": 2610, "METADATA": null }, "geometry": { "type": "Point", "coordinates": [ 110.523094999842144, -66.449711674939891 ] } },
{ "type": "Feature", "properties": { "SPECIES": "WISP", "ACTIVITY": "A", "TYPE": "1 boulder", "ENTRANCES": 1, "SLOPE": "40", "REMNANTS": null, "NESTNB": 0, "DATE": "2003-01-17", "SNOW": "A", "EGGCHICK": null, "CAVITYSIZE": "s", "CAVDEPTH": "25", "DISTNN": 0, "SUBSTRATE": "sand", "COMMENTS": null, "SITEDOTID": 0, "ASPECT": "NE", "FIRST_FRED": 2701, "METADATA": null }, "geometry": { "type": "Point", "coordinates": [ 110.504963333169499, -66.44829500827305 ] } },
{ "type": "Feature", "properties": { "SPECIES": "WISP", "ACTIVITY": "B", "TYPE": "2 boulder", "ENTRANCES": 1, "SLOPE": "35", "REMNANTS": null, "NESTNB": 0, "DATE": "2003-01-17", "SNOW": "A", "EGGCHICK": null, "CAVITYSIZE": "l", "CAVDEPTH": "40", "DISTNN": 0, "SUBSTRATE": "sand", "COMMENTS": null, "SITEDOTID": 0, "ASPECT": "NE", "FIRST_FRED": 2701, "METADATA": null }, "geometry": { "type": "Point", "coordinates": [ 110.505434999836297, -66.448775008273103 ] } },
{ "type": "Feature", "properties": { "SPECIES": "WISP", "ACTIVITY": null, "TYPE": null, "ENTRANCES": null, "SLOPE": null, "REMNANTS": null, "NESTNB": 0, "DATE": "2003-01-04", "SNOW": null, "EGGCHICK": null, "CAVITYSIZE": null, "CAVDEPTH": null, "DISTNN": null, "SUBSTRATE": null, "COMMENTS": "flyingaround", "SITEDOTID": 0, "ASPECT": null, "FIRST_FRED": 4480, "METADATA": null }, "geometry": { "type": "Point", "coordinates": [ 110.393030736415014, -66.414365180164452 ] } },
{ "type": "Feature", "properties": { "SPECIES": "WISP", "ACTIVITY": "B", "TYPE": "1 boulder", "ENTRANCES": 1, "SLOPE": "5", "REMNANTS": null, "NESTNB": 0, "DATE": "2003-01-04", "SNOW": "A", "EGGCHICK": null, "CAVITYSIZE": null, "CAVDEPTH": null, "DISTNN": 0, "SUBSTRATE": "sand", "COMMENTS": "flying", "SITEDOTID": 0, "ASPECT": "SE", "FIRST_FRED": 4672, "METADATA": null }, "geometry": { "type": "Point", "coordinates": [ 110.396094999800624, -66.410050008267419 ] } },
{ "type": "Feature", "properties": { "SPECIES": "WISP", "ACTIVITY": "B", "TYPE": "crack in", "ENTRANCES": 1, "SLOPE": "25", "REMNANTS": null, "NESTNB": 0, "DATE": "2003-01-04", "SNOW": "A", "EGGCHICK": null, "CAVITYSIZE": "l", "CAVDEPTH": "45", "DISTNN": 0, "SUBSTRATE": "sand", "COMMENTS": null, "SITEDOTID": 0, "ASPECT": "N", "FIRST_FRED": null, "METADATA": null }, "geometry": { "type": "Point", "coordinates": [ 110.399854999801846, -66.412083341601047 ] } },
{ "type": "Feature", "properties": { "SPECIES": "WISP", "ACTIVITY": "B", "TYPE": "crack in", "ENTRANCES": 0, "SLOPE": "40", "REMNANTS": null, "NESTNB": 0, "DATE": "2003-01-04", "SNOW": "A", "EGGCHICK": null, "CAVITYSIZE": "xl", "CAVDEPTH": "65", "DISTNN": 0, "SUBSTRATE": "bare rock", "COMMENTS": null, "SITEDOTID": 0, "ASPECT": "NW", "FIRST_FRED": null, "METADATA": null }, "geometry": { "type": "Point", "coordinates": [ 110.399426666468358, -66.412346674934426 ] } },
{ "type": "Feature", "properties": { "SPECIES": "WISP", "ACTIVITY": "A", "TYPE": "1 boulder", "ENTRANCES": 1, "SLOPE": "30", "REMNANTS": "OC", "NESTNB": 0, "DATE": "2003-01-04", "SNOW": "A", "EGGCHICK": null, "CAVITYSIZE": "m", "CAVDEPTH": "40", "DISTNN": 0, "SUBSTRATE": "sand", "COMMENTS": null, "SITEDOTID": 0, "ASPECT": "N", "FIRST_FRED": 4672, "METADATA": null }, "geometry": { "type": "Point", "coordinates": [ 110.396531666467439, -66.410563341600806 ] } },
{ "type": "Feature", "properties": { "SPECIES": "WISP", "ACTIVITY": "B", "TYPE": "crack in", "ENTRANCES": 0, "SLOPE": "30", "REMNANTS": null, "NESTNB": 0, "DATE": "2003-01-04", "SNOW": "A", "EGGCHICK": null, "CAVITYSIZE": "s", "CAVDEPTH": "30", "DISTNN": 0, "SUBSTRATE": "bare rock", "COMMENTS": null, "SITEDOTID": 0, "ASPECT": "N", "FIRST_FRED": 4672, "METADATA": null }, "geometry": { "type": "Point", "coordinates": [ 110.396543333134133, -66.409513341600672 ] } },
{ "type": "Feature", "properties": { "SPECIES": "WISP", "ACTIVITY": "B", "TYPE": null, "ENTRANCES": 0, "SLOPE": null, "REMNANTS": null, "NESTNB": 0, "DATE": "2003-01-04", "SNOW": "A", "EGGCHICK": null, "CAVITYSIZE": null, "CAVDEPTH": null, "DISTNN": 0, "SUBSTRATE": null, "COMMENTS": "2birdsflying", "SITEDOTID": 0, "ASPECT": null, "FIRST_FRED": 4672, "METADATA": null }, "geometry": { "type": "Point", "coordinates": [ 110.396859999800895, -66.409400008267355 ] } },
{ "type": "Feature", "properties": { "SPECIES": "WISP", "ACTIVITY": "MF", "TYPE": "crack in", "ENTRANCES": 1, "SLOPE": "30", "REMNANTS": null, "NESTNB": 0, "DATE": "2003-01-04", "SNOW": "A", "EGGCHICK": null, "CAVITYSIZE": "s", "CAVDEPTH": "20", "DISTNN": 0, "SUBSTRATE": "gravel", "COMMENTS": null, "SITEDOTID": 0, "ASPECT": "NW", "FIRST_FRED": 4766, "METADATA": null }, "geometry": { "type": "Point", "coordinates": [ 110.397329999801059, -66.407845008267088 ] } },
{ "type": "Feature", "properties": { "SPECIES": "WISP", "ACTIVITY": "B", "TYPE": "crack in", "ENTRANCES": 0, "SLOPE": "35", "REMNANTS": null, "NESTNB": 0, "DATE": "2003-01-04", "SNOW": "A", "EGGCHICK": null, "CAVITYSIZE": "s", "CAVDEPTH": "20", "DISTNN": 0, "SUBSTRATE": "gravel", "COMMENTS": null, "SITEDOTID": 0, "ASPECT": "NW", "FIRST_FRED": 4766, "METADATA": null }, "geometry": { "type": "Point", "coordinates": [ 110.39681166646757, -66.407560008267055 ] } },
{ "type": "Feature", "properties": { "SPECIES": "WISP", "ACTIVITY": "B", "TYPE": "1 boulder", "ENTRANCES": 1, "SLOPE": "40", "REMNANTS": null, "NESTNB": 0, "DATE": "2003-01-04", "SNOW": "A", "EGGCHICK": null, "CAVITYSIZE": "s", "CAVDEPTH": "35", "DISTNN": 0, "SUBSTRATE": "sand", "COMMENTS": null, "SITEDOTID": 0, "ASPECT": "N", "FIRST_FRED": 4766, "METADATA": null }, "geometry": { "type": "Point", "coordinates": [ 110.396911666467602, -66.407558341600378 ] } },
{ "type": "Feature", "properties": { "SPECIES": "WISP", "ACTIVITY": "B", "TYPE": "crack in", "ENTRANCES": 1, "SLOPE": "30", "REMNANTS": null, "NESTNB": 0, "DATE": "2003-01-04", "SNOW": "A", "EGGCHICK": null, "CAVITYSIZE": "m", "CAVDEPTH": null, "DISTNN": 0, "SUBSTRATE": "gravel", "COMMENTS": "erodedcrac", "SITEDOTID": 0, "ASPECT": "N", "FIRST_FRED": 4766, "METADATA": null }, "geometry": { "type": "Point", "coordinates": [ 110.397226666467688, -66.407980008267145 ] } },
{ "type": "Feature", "properties": { "SPECIES": "WISP", "ACTIVITY": "A", "TYPE": "1 boulder", "ENTRANCES": 1, "SLOPE": "40", "REMNANTS": null, "NESTNB": 0, "DATE": "2003-01-05", "SNOW": "A", "EGGCHICK": null, "CAVITYSIZE": "l", "CAVDEPTH": "35", "DISTNN": 0, "SUBSTRATE": "sand", "COMMENTS": null, "SITEDOTID": 0, "ASPECT": "S", "FIRST_FRED": 4391, "METADATA": null }, "geometry": { "type": "Point", "coordinates": [ 110.419143333141506, -66.416183341601666 ] } },
{ "type": "Feature", "properties": { "SPECIES": "WISP", "ACTIVITY": "A", "TYPE": "1 boulder", "ENTRANCES": 0, "SLOPE": "55", "REMNANTS": null, "NESTNB": 0, "DATE": "2003-01-05", "SNOW": "A", "EGGCHICK": null, "CAVITYSIZE": null, "CAVDEPTH": null, "DISTNN": 0, "SUBSTRATE": "gravel", "COMMENTS": "Bflyinggaround", "SITEDOTID": 0, "ASPECT": "SE", "FIRST_FRED": 4391, "METADATA": null }, "geometry": { "type": "Point", "coordinates": [ 110.419511666474961, -66.416403341601693 ] } },
{ "type": "Feature", "properties": { "SPECIES": "WISP", "ACTIVITY": "A", "TYPE": "1 boulder", "ENTRANCES": 0, "SLOPE": "45", "REMNANTS": "OC", "NESTNB": 0, "DATE": "2003-01-05", "SNOW": "A", "EGGCHICK": null, "CAVITYSIZE": "m", "CAVDEPTH": "35", "DISTNN": 0, "SUBSTRATE": "sand", "COMMENTS": null, "SITEDOTID": 0, "ASPECT": "SE", "FIRST_FRED": null, "METADATA": null }, "geometry": { "type": "Point", "coordinates": [ 110.422933333142765, -66.414846674934822 ] } },
{ "type": "Feature", "properties": { "SPECIES": "WISP", "ACTIVITY": "A", "TYPE": "1 boulder", "ENTRANCES": 1, "SLOPE": null, "REMNANTS": null, "NESTNB": 0, "DATE": "2003-01-05", "SNOW": "A", "EGGCHICK": null, "CAVITYSIZE": "m", "CAVDEPTH": "35", "DISTNN": 0, "SUBSTRATE": "sand", "COMMENTS": "toosmallforsnpe", "SITEDOTID": 0, "ASPECT": null, "FIRST_FRED": 4487, "METADATA": null }, "geometry": { "type": "Point", "coordinates": [ 110.422406666475922, -66.414746674934776 ] } },
{ "type": "Feature", "properties": { "SPECIES": "WISP", "ACTIVITY": null, "TYPE": null, "ENTRANCES": null, "SLOPE": null, "REMNANTS": null, "NESTNB": 0, "DATE": "2003-01-05", "SNOW": null, "EGGCHICK": null, "CAVITYSIZE": null, "CAVDEPTH": null, "DISTNN": null, "SUBSTRATE": null, "COMMENTS": "flyingaroundnest?", "SITEDOTID": 0, "ASPECT": null, "FIRST_FRED": 4487, "METADATA": null }, "geometry": { "type": "Point", "coordinates": [ 110.423004258760983, -66.414607826359713 ] } },
{ "type": "Feature", "properties": { "SPECIES": "WISP", "ACTIVITY": "B", "TYPE": null, "ENTRANCES": null, "SLOPE": null, "REMNANTS": null, "NESTNB": 0, "DATE": "2003-01-05", "SNOW": "A", "EGGCHICK": null, "CAVITYSIZE": null, "CAVDEPTH": null, "DISTNN": null, "SUBSTRATE": null, "COMMENTS": "heardwithin5m", "SITEDOTID": 0, "ASPECT": null, "FIRST_FRED": 4486, "METADATA": null }, "geometry": { "type": "Point", "coordinates": [ 110.416806666474102, -66.413188341601256 ] } },
{ "type": "Feature", "properties": { "SPECIES": "WISP", "ACTIVITY": "X", "TYPE": "1 boulder", "ENTRANCES": 1, "SLOPE": "30", "REMNANTS": "OE", "NESTNB": 0, "DATE": "2003-01-05", "SNOW": "A", "EGGCHICK": null, "CAVITYSIZE": "m", "CAVDEPTH": "25", "DISTNN": 0, "SUBSTRATE": "bare rock", "COMMENTS": null, "SITEDOTID": 0, "ASPECT": "N", "FIRST_FRED": 4580, "METADATA": null }, "geometry": { "type": "Point", "coordinates": [ 110.414268333139958, -66.411575008267675 ] } },
{ "type": "Feature", "properties": { "SPECIES": "WISP", "ACTIVITY": "B", "TYPE": "1 boulder", "ENTRANCES": 0, "SLOPE": null, "REMNANTS": null, "NESTNB": 0, "DATE": "2003-01-05", "SNOW": "A", "EGGCHICK": null, "CAVITYSIZE": "s", "CAVDEPTH": null, "DISTNN": 0, "SUBSTRATE": "bare rock", "COMMENTS": null, "SITEDOTID": 0, "ASPECT": "N", "FIRST_FRED": 4580, "METADATA": null }, "geometry": { "type": "Point", "coordinates": [ 110.414339999806629, -66.411571674934351 ] } },
{ "type": "Feature", "properties": { "SPECIES": "WISP", "ACTIVITY": "A", "TYPE": "crack in", "ENTRANCES": 0, "SLOPE": "25", "REMNANTS": null, "NESTNB": 0, "DATE": "2003-01-05", "SNOW": null, "EGGCHICK": null, "CAVITYSIZE": "s", "CAVDEPTH": null, "DISTNN": 0, "SUBSTRATE": "bare rock", "COMMENTS": "spitmaybe", "SITEDOTID": 0, "ASPECT": "NW", "FIRST_FRED": 4580, "METADATA": null }, "geometry": { "type": "Point", "coordinates": [ 110.414326666473286, -66.411748341601012 ] } },
{ "type": "Feature", "properties": { "SPECIES": "WISP", "ACTIVITY": null, "TYPE": null, "ENTRANCES": null, "SLOPE": null, "REMNANTS": null, "NESTNB": 0, "DATE": "2003-01-06", "SNOW": null, "EGGCHICK": null, "CAVITYSIZE": null, "CAVDEPTH": null, "DISTNN": null, "SUBSTRATE": null, "COMMENTS": "flyingaround", "SITEDOTID": 0, "ASPECT": null, "FIRST_FRED": null, "METADATA": null }, "geometry": { "type": "Point", "coordinates": [ 110.431605052596623, -66.411759941116799 ] } },
{ "type": "Feature", "properties": { "SPECIES": "WISP", "ACTIVITY": "A", "TYPE": "1 boulder", "ENTRANCES": 1, "SLOPE": "50", "REMNANTS": null, "NESTNB": 0, "DATE": "2003-01-06", "SNOW": "A", "EGGCHICK": null, "CAVITYSIZE": "s", "CAVDEPTH": "40", "DISTNN": 0, "SUBSTRATE": "gravel", "COMMENTS": "smallforsnpe", "SITEDOTID": 0, "ASPECT": "SW", "FIRST_FRED": 4585, "METADATA": null }, "geometry": { "type": "Point", "coordinates": [ 110.436701666480673, -66.41234834160116 ] } },
{ "type": "Feature", "properties": { "SPECIES": "WISP", "ACTIVITY": "B", "TYPE": "1 boulder", "ENTRANCES": 1, "SLOPE": "45", "REMNANTS": null, "NESTNB": 0, "DATE": "2003-01-06", "SNOW": "A", "EGGCHICK": null, "CAVITYSIZE": "s", "CAVDEPTH": "45", "DISTNN": 0, "SUBSTRATE": "sand", "COMMENTS": null, "SITEDOTID": 0, "ASPECT": "NE", "FIRST_FRED": 4585, "METADATA": null }, "geometry": { "type": "Point", "coordinates": [ 110.438638333147992, -66.411946674934441 ] } },
{ "type": "Feature", "properties": { "SPECIES": "WISP", "ACTIVITY": "B", "TYPE": "1 boulder", "ENTRANCES": 1, "SLOPE": "45", "REMNANTS": null, "NESTNB": 0, "DATE": "2003-01-06", "SNOW": "A", "EGGCHICK": null, "CAVITYSIZE": "s", "CAVDEPTH": "50", "DISTNN": 0, "SUBSTRATE": "sand", "COMMENTS": null, "SITEDOTID": 0, "ASPECT": "NE", "FIRST_FRED": 4585, "METADATA": null }, "geometry": { "type": "Point", "coordinates": [ 110.438644999814642, -66.411941674934425 ] } },
{ "type": "Feature", "properties": { "SPECIES": "WISP", "ACTIVITY": null, "TYPE": null, "ENTRANCES": null, "SLOPE": null, "REMNANTS": null, "NESTNB": 0, "DATE": "2003-01-06", "SNOW": null, "EGGCHICK": null, "CAVITYSIZE": null, "CAVDEPTH": null, "DISTNN": null, "SUBSTRATE": null, "COMMENTS": "flying", "SITEDOTID": 0, "ASPECT": null, "FIRST_FRED": 4585, "METADATA": null }, "geometry": { "type": "Point", "coordinates": [ 110.43736499981425, -66.411788341601053 ] } },
{ "type": "Feature", "properties": { "SPECIES": "WISP", "ACTIVITY": "B", "TYPE": "1 boulder", "ENTRANCES": 0, "SLOPE": "35", "REMNANTS": null, "NESTNB": 0, "DATE": "2003-01-06", "SNOW": "A", "EGGCHICK": null, "CAVITYSIZE": "s", "CAVDEPTH": "40", "DISTNN": 0, "SUBSTRATE": "bare rock", "COMMENTS": null, "SITEDOTID": 0, "ASPECT": "S", "FIRST_FRED": 4676, "METADATA": null }, "geometry": { "type": "Point", "coordinates": [ 110.41838166647463, -66.41119000826761 ] } },
{ "type": "Feature", "properties": { "SPECIES": "WISP", "ACTIVITY": "B", "TYPE": "crack in", "ENTRANCES": 1, "SLOPE": "30", "REMNANTS": null, "NESTNB": 0, "DATE": "2003-01-06", "SNOW": "A", "EGGCHICK": null, "CAVITYSIZE": "m", "CAVDEPTH": "35", "DISTNN": 0, "SUBSTRATE": "bare rock", "COMMENTS": null, "SITEDOTID": 0, "ASPECT": "W", "FIRST_FRED": 4676, "METADATA": null }, "geometry": { "type": "Point", "coordinates": [ 110.417831666474456, -66.410970008267583 ] } },
{ "type": "Feature", "properties": { "SPECIES": "WISP", "ACTIVITY": "A", "TYPE": "1 boulder", "ENTRANCES": 1, "SLOPE": "45", "REMNANTS": "OE", "NESTNB": 0, "DATE": "2003-01-06", "SNOW": "A", "EGGCHICK": null, "CAVITYSIZE": "m", "CAVDEPTH": "35", "DISTNN": 0, "SUBSTRATE": "sand", "COMMENTS": null, "SITEDOTID": 0, "ASPECT": "SW", "FIRST_FRED": 4772, "METADATA": null }, "geometry": { "type": "Point", "coordinates": [ 110.421696666475754, -66.408201674933864 ] } },
{ "type": "Feature", "properties": { "SPECIES": "WISP", "ACTIVITY": "A", "TYPE": "1 boulder", "ENTRANCES": 1, "SLOPE": "50", "REMNANTS": null, "NESTNB": 0, "DATE": "2003-01-06", "SNOW": "A", "EGGCHICK": null, "CAVITYSIZE": "m", "CAVDEPTH": "35", "DISTNN": 0, "SUBSTRATE": "sand", "COMMENTS": "spit", "SITEDOTID": 0, "ASPECT": "SW", "FIRST_FRED": 4772, "METADATA": null }, "geometry": { "type": "Point", "coordinates": [ 110.421563333142373, -66.408185008267168 ] } },
{ "type": "Feature", "properties": { "SPECIES": "WISP", "ACTIVITY": "A", "TYPE": "1 boulder", "ENTRANCES": 1, "SLOPE": "45", "REMNANTS": "OE", "NESTNB": 0, "DATE": "2003-01-06", "SNOW": "A", "EGGCHICK": null, "CAVITYSIZE": "l", "CAVDEPTH": "45", "DISTNN": 0, "SUBSTRATE": "gravel", "COMMENTS": null, "SITEDOTID": 0, "ASPECT": "SE", "FIRST_FRED": 4772, "METADATA": null }, "geometry": { "type": "Point", "coordinates": [ 110.42307666647622, -66.408195008267157 ] } },
{ "type": "Feature", "properties": { "SPECIES": "WISP", "ACTIVITY": "A", "TYPE": "1 boulder", "ENTRANCES": 0, "SLOPE": "30", "REMNANTS": null, "NESTNB": 0, "DATE": "2003-01-06", "SNOW": "A", "EGGCHICK": null, "CAVITYSIZE": "l", "CAVDEPTH": "50", "DISTNN": 0, "SUBSTRATE": "sand", "COMMENTS": "spitflying", "SITEDOTID": 0, "ASPECT": "E", "FIRST_FRED": 4772, "METADATA": null }, "geometry": { "type": "Point", "coordinates": [ 110.423131666476223, -66.408373341600566 ] } },
{ "type": "Feature", "properties": { "SPECIES": "WISP", "ACTIVITY": "B", "TYPE": "1 boulder", "ENTRANCES": 0, "SLOPE": null, "REMNANTS": null, "NESTNB": 0, "DATE": "2003-01-06", "SNOW": "A", "EGGCHICK": null, "CAVITYSIZE": null, "CAVDEPTH": null, "DISTNN": 0, "SUBSTRATE": "bare rock", "COMMENTS": "heard", "SITEDOTID": 0, "ASPECT": null, "FIRST_FRED": null, "METADATA": null }, "geometry": { "type": "Point", "coordinates": [ 110.41765104695348, -66.405546982245923 ] } },
{ "type": "Feature", "properties": { "SPECIES": "WISP", "ACTIVITY": "A", "TYPE": "1 boulder", "ENTRANCES": 0, "SLOPE": "35", "REMNANTS": null, "NESTNB": 0, "DATE": "2003-01-07", "SNOW": "A", "EGGCHICK": null, "CAVITYSIZE": "m", "CAVDEPTH": "40", "DISTNN": 0, "SUBSTRATE": "sand", "COMMENTS": null, "SITEDOTID": 0, "ASPECT": "SE", "FIRST_FRED": 4293, "METADATA": null }, "geometry": { "type": "Point", "coordinates": [ 110.404388333136609, -66.417241674935141 ] } },
{ "type": "Feature", "properties": { "SPECIES": "WISP", "ACTIVITY": null, "TYPE": null, "ENTRANCES": null, "SLOPE": null, "REMNANTS": null, "NESTNB": 0, "DATE": "2003-01-07", "SNOW": null, "EGGCHICK": null, "CAVITYSIZE": null, "CAVDEPTH": null, "DISTNN": null, "SUBSTRATE": null, "COMMENTS": "flying", "SITEDOTID": 0, "ASPECT": null, "FIRST_FRED": null, "METADATA": null }, "geometry": { "type": "Point", "coordinates": [ 110.407336031324803, -66.417533410660837 ] } },
{ "type": "Feature", "properties": { "SPECIES": "WISP", "ACTIVITY": null, "TYPE": null, "ENTRANCES": null, "SLOPE": null, "REMNANTS": null, "NESTNB": 0, "DATE": "2003-01-07", "SNOW": null, "EGGCHICK": null, "CAVITYSIZE": null, "CAVDEPTH": null, "DISTNN": null, "SUBSTRATE": null, "COMMENTS": "flyingaroud", "SITEDOTID": 0, "ASPECT": null, "FIRST_FRED": 4293, "METADATA": null }, "geometry": { "type": "Point", "coordinates": [ 110.405146666470202, -66.416853341601723 ] } },
{ "type": "Feature", "properties": { "SPECIES": "WISP", "ACTIVITY": "B", "TYPE": "1 boulder", "ENTRANCES": 1, "SLOPE": "30", "REMNANTS": "OC", "NESTNB": 0, "DATE": "2003-01-08", "SNOW": "A", "EGGCHICK": null, "CAVITYSIZE": "m", "CAVDEPTH": "35", "DISTNN": 0, "SUBSTRATE": "sand", "COMMENTS": null, "SITEDOTID": 0, "ASPECT": "SE", "FIRST_FRED": null, "METADATA": null }, "geometry": { "type": "Point", "coordinates": [ 110.404491666470136, -66.404953341600034 ] } },
{ "type": "Feature", "properties": { "SPECIES": "WISP", "ACTIVITY": null, "TYPE": null, "ENTRANCES": null, "SLOPE": null, "REMNANTS": null, "NESTNB": 0, "DATE": "2003-01-08", "SNOW": null, "EGGCHICK": null, "CAVITYSIZE": null, "CAVDEPTH": null, "DISTNN": null, "SUBSTRATE": null, "COMMENTS": "heardaroudhere", "SITEDOTID": 0, "ASPECT": null, "FIRST_FRED": 4960, "METADATA": null }, "geometry": { "type": "Point", "coordinates": [ 110.415581666473798, -66.405296674933425 ] } },
{ "type": "Feature", "properties": { "SPECIES": "WISP", "ACTIVITY": "B", "TYPE": "crack in", "ENTRANCES": 1, "SLOPE": "45", "REMNANTS": "OE", "NESTNB": 0, "DATE": "2003-01-09", "SNOW": "A", "EGGCHICK": null, "CAVITYSIZE": "s", "CAVDEPTH": "50", "DISTNN": 0, "SUBSTRATE": "bare rock", "COMMENTS": null, "SITEDOTID": 0, "ASPECT": "NE", "FIRST_FRED": 5053, "METADATA": null }, "geometry": { "type": "Point", "coordinates": [ 110.404221666470065, -66.402725008266373 ] } },
{ "type": "Feature", "properties": { "SPECIES": "WISP", "ACTIVITY": "B", "TYPE": "2 boulder", "ENTRANCES": 1, "SLOPE": "45", "REMNANTS": null, "NESTNB": 0, "DATE": "2003-01-09", "SNOW": "A", "EGGCHICK": null, "CAVITYSIZE": "s", "CAVDEPTH": "30", "DISTNN": 0, "SUBSTRATE": "gravel", "COMMENTS": null, "SITEDOTID": 0, "ASPECT": "N", "FIRST_FRED": 5053, "METADATA": null }, "geometry": { "type": "Point", "coordinates": [ 110.403881666469971, -66.402966674933069 ] } },
{ "type": "Feature", "properties": { "SPECIES": "WISP", "ACTIVITY": "B", "TYPE": "2 boulder", "ENTRANCES": 0, "SLOPE": "60", "REMNANTS": null, "NESTNB": 0, "DATE": "2003-01-09", "SNOW": "A", "EGGCHICK": null, "CAVITYSIZE": "s", "CAVDEPTH": null, "DISTNN": 0, "SUBSTRATE": "sand", "COMMENTS": null, "SITEDOTID": 0, "ASPECT": "N", "FIRST_FRED": 5053, "METADATA": null }, "geometry": { "type": "Point", "coordinates": [ 110.403891666469974, -66.402908341599755 ] } },
{ "type": "Feature", "properties": { "SPECIES": "WISP", "ACTIVITY": "A", "TYPE": "2 boulder", "ENTRANCES": 1, "SLOPE": "55", "REMNANTS": "OE", "NESTNB": 0, "DATE": "2003-01-09", "SNOW": "A", "EGGCHICK": null, "CAVITYSIZE": "l", "CAVDEPTH": "30", "DISTNN": 0, "SUBSTRATE": "sand", "COMMENTS": null, "SITEDOTID": 0, "ASPECT": "N", "FIRST_FRED": 5053, "METADATA": null }, "geometry": { "type": "Point", "coordinates": [ 110.40394166646999, -66.402890008266397 ] } },
{ "type": "Feature", "properties": { "SPECIES": "WISP", "ACTIVITY": "B", "TYPE": "2 boulder", "ENTRANCES": 1, "SLOPE": "60", "REMNANTS": null, "NESTNB": 0, "DATE": "2003-01-09", "SNOW": "A", "EGGCHICK": null, "CAVITYSIZE": "s", "CAVDEPTH": "25", "DISTNN": 0, "SUBSTRATE": "sand", "COMMENTS": null, "SITEDOTID": 0, "ASPECT": "N", "FIRST_FRED": 5053, "METADATA": null }, "geometry": { "type": "Point", "coordinates": [ 110.403731666469923, -66.402866674933051 ] } },
{ "type": "Feature", "properties": { "SPECIES": "WISP", "ACTIVITY": "B", "TYPE": "crack in", "ENTRANCES": 1, "SLOPE": "50", "REMNANTS": null, "NESTNB": 0, "DATE": "2003-01-09", "SNOW": "A", "EGGCHICK": null, "CAVITYSIZE": "s", "CAVDEPTH": "40", "DISTNN": 0, "SUBSTRATE": "sand", "COMMENTS": null, "SITEDOTID": 0, "ASPECT": "SW", "FIRST_FRED": 5053, "METADATA": null }, "geometry": { "type": "Point", "coordinates": [ 110.404191666470055, -66.403315008266446 ] } },
{ "type": "Feature", "properties": { "SPECIES": "WISP", "ACTIVITY": "A", "TYPE": "1 boulder", "ENTRANCES": 1, "SLOPE": "30", "REMNANTS": null, "NESTNB": 0, "DATE": "2003-01-09", "SNOW": "A", "EGGCHICK": null, "CAVITYSIZE": "m", "CAVDEPTH": "35", "DISTNN": 0, "SUBSTRATE": "sand", "COMMENTS": "feathers", "SITEDOTID": 0, "ASPECT": "S", "FIRST_FRED": 5053, "METADATA": null }, "geometry": { "type": "Point", "coordinates": [ 110.404228333136714, -66.403516674933172 ] } },
{ "type": "Feature", "properties": { "SPECIES": "WISP", "ACTIVITY": "B", "TYPE": "1 boulder", "ENTRANCES": 1, "SLOPE": "55", "REMNANTS": null, "NESTNB": 0, "DATE": "2003-01-09", "SNOW": "A", "EGGCHICK": null, "CAVITYSIZE": "s", "CAVDEPTH": "20", "DISTNN": 0, "SUBSTRATE": "sand", "COMMENTS": null, "SITEDOTID": 0, "ASPECT": "SW", "FIRST_FRED": 5053, "METADATA": null }, "geometry": { "type": "Point", "coordinates": [ 110.404055918872956, -66.403285603257331 ] } },
{ "type": "Feature", "properties": { "SPECIES": "WISP", "ACTIVITY": "X", "TYPE": "1 boulder", "ENTRANCES": 1, "SLOPE": "55", "REMNANTS": "OE", "NESTNB": 0, "DATE": "2003-01-09", "SNOW": "A", "EGGCHICK": null, "CAVITYSIZE": "m", "CAVDEPTH": "35", "DISTNN": 0, "SUBSTRATE": "sand", "COMMENTS": null, "SITEDOTID": 0, "ASPECT": "SW", "FIRST_FRED": 5053, "METADATA": null }, "geometry": { "type": "Point", "coordinates": [ 110.404158333136706, -66.403275008266462 ] } },
{ "type": "Feature", "properties": { "SPECIES": "WISP", "ACTIVITY": "A", "TYPE": "2 boulder", "ENTRANCES": 0, "SLOPE": "60", "REMNANTS": "OC", "NESTNB": 0, "DATE": "2003-01-09", "SNOW": "A", "EGGCHICK": null, "CAVITYSIZE": "m", "CAVDEPTH": "30", "DISTNN": 0, "SUBSTRATE": "sand", "COMMENTS": null, "SITEDOTID": 0, "ASPECT": "S", "FIRST_FRED": 5053, "METADATA": null }, "geometry": { "type": "Point", "coordinates": [ 110.404216666470077, -66.403320008266462 ] } },
{ "type": "Feature", "properties": { "SPECIES": "WISP", "ACTIVITY": "B", "TYPE": "1 boulder", "ENTRANCES": 0, "SLOPE": "45", "REMNANTS": null, "NESTNB": 0, "DATE": "2003-01-09", "SNOW": "A", "EGGCHICK": null, "CAVITYSIZE": null, "CAVDEPTH": null, "DISTNN": 0, "SUBSTRATE": "sand", "COMMENTS": "heard", "SITEDOTID": 0, "ASPECT": "SW", "FIRST_FRED": 5053, "METADATA": null }, "geometry": { "type": "Point", "coordinates": [ 110.403864999803275, -66.403143341599772 ] } },
{ "type": "Feature", "properties": { "SPECIES": "WISP", "ACTIVITY": "B", "TYPE": "crack in", "ENTRANCES": 1, "SLOPE": "40", "REMNANTS": "OC", "NESTNB": 0, "DATE": "2003-01-09", "SNOW": "A", "EGGCHICK": null, "CAVITYSIZE": "l", "CAVDEPTH": "40", "DISTNN": 0, "SUBSTRATE": "sand", "COMMENTS": null, "SITEDOTID": 0, "ASPECT": "W", "FIRST_FRED": 4960, "METADATA": null }, "geometry": { "type": "Point", "coordinates": [ 110.412371666472737, -66.404295008266601 ] } },
{ "type": "Feature", "properties": { "SPECIES": "WISP", "ACTIVITY": "B", "TYPE": "2 boulder", "ENTRANCES": 1, "SLOPE": "40", "REMNANTS": null, "NESTNB": 0, "DATE": "2003-01-10", "SNOW": "A", "EGGCHICK": null, "CAVITYSIZE": "m", "CAVDEPTH": "40", "DISTNN": 0, "SUBSTRATE": "sand", "COMMENTS": null, "SITEDOTID": 0, "ASPECT": "N", "FIRST_FRED": null, "METADATA": null }, "geometry": { "type": "Point", "coordinates": [ 110.411730835481421, -66.405231995851551 ] } },
{ "type": "Feature", "properties": { "SPECIES": "WISP", "ACTIVITY": "B", "TYPE": null, "ENTRANCES": null, "SLOPE": null, "REMNANTS": null, "NESTNB": 0, "DATE": "2003-01-10", "SNOW": "A", "EGGCHICK": null, "CAVITYSIZE": null, "CAVDEPTH": null, "DISTNN": null, "SUBSTRATE": null, "COMMENTS": "1of2nestsactive", "SITEDOTID": 0, "ASPECT": null, "FIRST_FRED": 4960, "METADATA": null }, "geometry": { "type": "Point", "coordinates": [ 110.41240227726432, -66.404317294905468 ] } },
{ "type": "Feature", "properties": { "SPECIES": "WISP", "ACTIVITY": "B", "TYPE": "crack in", "ENTRANCES": 1, "SLOPE": "30", "REMNANTS": null, "NESTNB": 0, "DATE": "2003-01-10", "SNOW": "A", "EGGCHICK": null, "CAVITYSIZE": "m", "CAVDEPTH": "45", "DISTNN": 0, "SUBSTRATE": "sand", "COMMENTS": "flyingaround+nest", "SITEDOTID": 0, "ASPECT": "NW", "FIRST_FRED": 4960, "METADATA": null }, "geometry": { "type": "Point", "coordinates": [ 110.412423363940974, -66.404623117997019 ] } },
{ "type": "Feature", "properties": { "SPECIES": "WISP", "ACTIVITY": "B", "TYPE": "crack in", "ENTRANCES": 1, "SLOPE": "30", "REMNANTS": null, "NESTNB": 0, "DATE": "2003-01-10", "SNOW": "A", "EGGCHICK": null, "CAVITYSIZE": "m", "CAVDEPTH": "50", "DISTNN": 0, "SUBSTRATE": "sand", "COMMENTS": null, "SITEDOTID": 0, "ASPECT": "W", "FIRST_FRED": 4960, "METADATA": null }, "geometry": { "type": "Point", "coordinates": [ 110.412342842134549, -66.404441633300394 ] } },
{ "type": "Feature", "properties": { "SPECIES": "WISP", "ACTIVITY": "A", "TYPE": "1 boulder", "ENTRANCES": 1, "SLOPE": "40", "REMNANTS": null, "NESTNB": 0, "DATE": "2002-11-22", "SNOW": "AS", "EGGCHICK": null, "CAVITYSIZE": null, "CAVDEPTH": null, "DISTNN": 0, "SUBSTRATE": null, "COMMENTS": null, "SITEDOTID": 0, "ASPECT": "E", "FIRST_FRED": null, "METADATA": null }, "geometry": { "type": "Point", "coordinates": [ 110.604348333202296, -66.456450008274302 ] } },
{ "type": "Feature", "properties": { "SPECIES": "WISP", "ACTIVITY": "A", "TYPE": "2 boulder", "ENTRANCES": 0, "SLOPE": "30", "REMNANTS": null, "NESTNB": 0, "DATE": "2002-11-22", "SNOW": "A", "EGGCHICK": null, "CAVITYSIZE": "s", "CAVDEPTH": "25", "DISTNN": 0, "SUBSTRATE": "bare rock", "COMMENTS": null, "SITEDOTID": 0, "ASPECT": "SE", "FIRST_FRED": 2248, "METADATA": null }, "geometry": { "type": "Point", "coordinates": [ 110.606923333203142, -66.457841674941179 ] } },
{ "type": "Feature", "properties": { "SPECIES": "WISP", "ACTIVITY": "A", "TYPE": "1 boulder", "ENTRANCES": 1, "SLOPE": "45", "REMNANTS": null, "NESTNB": 0, "DATE": "2002-11-22", "SNOW": "AS", "EGGCHICK": null, "CAVITYSIZE": null, "CAVDEPTH": null, "DISTNN": 0, "SUBSTRATE": null, "COMMENTS": null, "SITEDOTID": 0, "ASPECT": "SE", "FIRST_FRED": 2248, "METADATA": null }, "geometry": { "type": "Point", "coordinates": [ 110.607093333203196, -66.457908341607848 ] } },
{ "type": "Feature", "properties": { "SPECIES": "WISP", "ACTIVITY": "B", "TYPE": "crack in", "ENTRANCES": 1, "SLOPE": "0", "REMNANTS": null, "NESTNB": 0, "DATE": "2002-11-22", "SNOW": "A", "EGGCHICK": null, "CAVITYSIZE": null, "CAVDEPTH": null, "DISTNN": 0, "SUBSTRATE": null, "COMMENTS": null, "SITEDOTID": 0, "ASPECT": "S", "FIRST_FRED": 1960, "METADATA": null }, "geometry": { "type": "Point", "coordinates": [ 110.591303333197899, -66.4638633416087 ] } },
{ "type": "Feature", "properties": { "SPECIES": "WISP", "ACTIVITY": "B", "TYPE": "crack in", "ENTRANCES": 0, "SLOPE": "0", "REMNANTS": null, "NESTNB": 0, "DATE": "2002-11-22", "SNOW": "AS", "EGGCHICK": null, "CAVITYSIZE": null, "CAVDEPTH": "40", "DISTNN": 0, "SUBSTRATE": "bare rock", "COMMENTS": null, "SITEDOTID": 0, "ASPECT": "E", "FIRST_FRED": 1960, "METADATA": null }, "geometry": { "type": "Point", "coordinates": [ 110.591639999864697, -66.463916674942041 ] } },
{ "type": "Feature", "properties": { "SPECIES": "WISP", "ACTIVITY": "A", "TYPE": "2 boulder", "ENTRANCES": 0, "SLOPE": "5", "REMNANTS": null, "NESTNB": 0, "DATE": "2002-11-22", "SNOW": "AS", "EGGCHICK": null, "CAVITYSIZE": null, "CAVDEPTH": null, "DISTNN": 0, "SUBSTRATE": null, "COMMENTS": null, "SITEDOTID": 0, "ASPECT": "SW", "FIRST_FRED": 1960, "METADATA": null }, "geometry": { "type": "Point", "coordinates": [ 110.592308333198247, -66.463665008275314 ] } },
{ "type": "Feature", "properties": { "SPECIES": "WISP", "ACTIVITY": "X", "TYPE": "crack in", "ENTRANCES": 1, "SLOPE": "55", "REMNANTS": "OC", "NESTNB": 0, "DATE": "2002-11-23", "SNOW": "A", "EGGCHICK": null, "CAVITYSIZE": "s", "CAVDEPTH": "40", "DISTNN": 0, "SUBSTRATE": null, "COMMENTS": null, "SITEDOTID": 0, "ASPECT": "N", "FIRST_FRED": 1851, "METADATA": null }, "geometry": { "type": "Point", "coordinates": [ 110.527786666510195, -66.463653341608563 ] } },
{ "type": "Feature", "properties": { "SPECIES": "WISP", "ACTIVITY": "A", "TYPE": "crack in", "ENTRANCES": 0, "SLOPE": "40", "REMNANTS": null, "NESTNB": 0, "DATE": "2002-11-23", "SNOW": "A", "EGGCHICK": null, "CAVITYSIZE": null, "CAVDEPTH": null, "DISTNN": 0, "SUBSTRATE": null, "COMMENTS": null, "SITEDOTID": 0, "ASPECT": "S", "FIRST_FRED": 1945, "METADATA": null }, "geometry": { "type": "Point", "coordinates": [ 110.524983333175953, -66.462975008275151 ] } },
{ "type": "Feature", "properties": { "SPECIES": "WISP", "ACTIVITY": "A", "TYPE": "crack in", "ENTRANCES": 2, "SLOPE": "45", "REMNANTS": null, "NESTNB": 0, "DATE": "2002-11-24", "SNOW": "AS", "EGGCHICK": null, "CAVITYSIZE": "l", "CAVDEPTH": "110", "DISTNN": 0, "SUBSTRATE": "bare rock", "COMMENTS": null, "SITEDOTID": 0, "ASPECT": "NE", "FIRST_FRED": 1945, "METADATA": null }, "geometry": { "type": "Point", "coordinates": [ 110.524884999842598, -66.462326674941707 ] } },
{ "type": "Feature", "properties": { "SPECIES": "WISP", "ACTIVITY": "A", "TYPE": "2 boulder", "ENTRANCES": 1, "SLOPE": "45", "REMNANTS": null, "NESTNB": 0, "DATE": "2002-11-24", "SNOW": "AS", "EGGCHICK": null, "CAVITYSIZE": null, "CAVDEPTH": null, "DISTNN": 0, "SUBSTRATE": null, "COMMENTS": null, "SITEDOTID": 0, "ASPECT": "NE", "FIRST_FRED": null, "METADATA": null }, "geometry": { "type": "Point", "coordinates": [ 110.500399999834542, -66.457371674940973 ] } },
{ "type": "Feature", "properties": { "SPECIES": "WISP", "ACTIVITY": "B", "TYPE": "1 boulder", "ENTRANCES": 1, "SLOPE": "35", "REMNANTS": null, "NESTNB": 0, "DATE": "2002-11-24", "SNOW": "A", "EGGCHICK": null, "CAVITYSIZE": "s", "CAVDEPTH": "30", "DISTNN": 0, "SUBSTRATE": "gravel", "COMMENTS": null, "SITEDOTID": 0, "ASPECT": "NE", "FIRST_FRED": 1950, "METADATA": null }, "geometry": { "type": "Point", "coordinates": [ 110.546168333182976, -66.462186674941719 ] } },
{ "type": "Feature", "properties": { "SPECIES": "WISP", "ACTIVITY": "B", "TYPE": null, "ENTRANCES": null, "SLOPE": null, "REMNANTS": null, "NESTNB": 0, "DATE": "2002-11-25", "SNOW": "A", "EGGCHICK": null, "CAVITYSIZE": null, "CAVDEPTH": null, "DISTNN": null, "SUBSTRATE": null, "COMMENTS": "locuncertain", "SITEDOTID": 0, "ASPECT": null, "FIRST_FRED": 1859, "METADATA": null }, "geometry": { "type": "Point", "coordinates": [ 110.564838708212505, -66.464324328062872 ] } },
{ "type": "Feature", "properties": { "SPECIES": "WISP", "ACTIVITY": "A", "TYPE": "1 boulder", "ENTRANCES": 0, "SLOPE": "5", "REMNANTS": null, "NESTNB": 0, "DATE": "2002-11-26", "SNOW": "AS", "EGGCHICK": null, "CAVITYSIZE": "m", "CAVDEPTH": "35", "DISTNN": 0, "SUBSTRATE": "gravel", "COMMENTS": null, "SITEDOTID": 0, "ASPECT": "SW", "FIRST_FRED": 2143, "METADATA": null }, "geometry": { "type": "Point", "coordinates": [ 110.560448333187736, -66.458833341607928 ] } },
{ "type": "Feature", "properties": { "SPECIES": "WISP", "ACTIVITY": null, "TYPE": null, "ENTRANCES": null, "SLOPE": null, "REMNANTS": null, "NESTNB": 0, "DATE": "2002-11-26", "SNOW": null, "EGGCHICK": null, "CAVITYSIZE": null, "CAVDEPTH": null, "DISTNN": null, "SUBSTRATE": null, "COMMENTS": "3biirdsaroundpoint", "SITEDOTID": 0, "ASPECT": null, "FIRST_FRED": null, "METADATA": null }, "geometry": { "type": "Point", "coordinates": [ 110.544989999849165, -66.469456674942762 ] } },
{ "type": "Feature", "properties": { "SPECIES": "WISP", "ACTIVITY": "B", "TYPE": "1 boulder", "ENTRANCES": 0, "SLOPE": "25", "REMNANTS": null, "NESTNB": 0, "DATE": "2002-11-26", "SNOW": "A", "EGGCHICK": null, "CAVITYSIZE": "s", "CAVDEPTH": "40", "DISTNN": 0, "SUBSTRATE": "sand", "COMMENTS": null, "SITEDOTID": 0, "ASPECT": "N", "FIRST_FRED": 1569, "METADATA": null }, "geometry": { "type": "Point", "coordinates": [ 110.540801666514454, -66.469440008276095 ] } },
{ "type": "Feature", "properties": { "SPECIES": "WISP", "ACTIVITY": "B", "TYPE": null, "ENTRANCES": null, "SLOPE": null, "REMNANTS": null, "NESTNB": 0, "DATE": "2002-11-26", "SNOW": "A", "EGGCHICK": null, "CAVITYSIZE": null, "CAVDEPTH": null, "DISTNN": null, "SUBSTRATE": null, "COMMENTS": "notloc1m", "SITEDOTID": 0, "ASPECT": null, "FIRST_FRED": 1572, "METADATA": null }, "geometry": { "type": "Point", "coordinates": [ 110.555999999852844, -66.470206674942901 ] } },
{ "type": "Feature", "properties": { "SPECIES": "WISP", "ACTIVITY": "B", "TYPE": "1 boulder", "ENTRANCES": 0, "SLOPE": "20", "REMNANTS": null, "NESTNB": 0, "DATE": "2002-11-26", "SNOW": "A", "EGGCHICK": null, "CAVITYSIZE": "s", "CAVDEPTH": "20", "DISTNN": 0, "SUBSTRATE": "sand", "COMMENTS": null, "SITEDOTID": 0, "ASPECT": "SW", "FIRST_FRED": 1572, "METADATA": null }, "geometry": { "type": "Point", "coordinates": [ 110.555523333185988, -66.469965008276176 ] } },
{ "type": "Feature", "properties": { "SPECIES": "WISP", "ACTIVITY": "B", "TYPE": "1 boulder", "ENTRANCES": 1, "SLOPE": "20", "REMNANTS": null, "NESTNB": 0, "DATE": "2002-11-26", "SNOW": "A", "EGGCHICK": null, "CAVITYSIZE": "s", "CAVDEPTH": "25", "DISTNN": 0, "SUBSTRATE": "sand", "COMMENTS": null, "SITEDOTID": 0, "ASPECT": "SW", "FIRST_FRED": 1572, "METADATA": null }, "geometry": { "type": "Point", "coordinates": [ 110.555536666519373, -66.46995667494285 ] } },
{ "type": "Feature", "properties": { "SPECIES": "WISP", "ACTIVITY": "B", "TYPE": "crack in", "ENTRANCES": 0, "SLOPE": "30", "REMNANTS": null, "NESTNB": 0, "DATE": "2002-11-26", "SNOW": "A", "EGGCHICK": null, "CAVITYSIZE": "s", "CAVDEPTH": "50", "DISTNN": 1, "SUBSTRATE": "bare rock", "COMMENTS": null, "SITEDOTID": 0, "ASPECT": "SW", "FIRST_FRED": 1572, "METADATA": null }, "geometry": { "type": "Point", "coordinates": [ 110.554949999852496, -66.46977167494282 ] } },
{ "type": "Feature", "properties": { "SPECIES": "WISP", "ACTIVITY": "B", "TYPE": "crack in", "ENTRANCES": 1, "SLOPE": "25", "REMNANTS": null, "NESTNB": 0, "DATE": "2002-11-26", "SNOW": "A", "EGGCHICK": null, "CAVITYSIZE": "s", "CAVDEPTH": "25", "DISTNN": 0, "SUBSTRATE": "bare rock", "COMMENTS": null, "SITEDOTID": 0, "ASPECT": "SW", "FIRST_FRED": null, "METADATA": null }, "geometry": { "type": "Point", "coordinates": [ 110.55370999985206, -66.469173341609419 ] } },
{ "type": "Feature", "properties": { "SPECIES": "WISP", "ACTIVITY": "B", "TYPE": "1 boulder", "ENTRANCES": 1, "SLOPE": "30", "REMNANTS": null, "NESTNB": 0, "DATE": "2002-11-26", "SNOW": "A", "EGGCHICK": null, "CAVITYSIZE": "s", "CAVDEPTH": "25", "DISTNN": 0, "SUBSTRATE": "gravel", "COMMENTS": null, "SITEDOTID": 0, "ASPECT": "SW", "FIRST_FRED": null, "METADATA": null }, "geometry": { "type": "Point", "coordinates": [ 110.553563333185366, -66.469320008276085 ] } },
{ "type": "Feature", "properties": { "SPECIES": "WISP", "ACTIVITY": "A", "TYPE": "crack in", "ENTRANCES": 1, "SLOPE": "25", "REMNANTS": "OC", "NESTNB": 0, "DATE": "2002-11-26", "SNOW": "A", "EGGCHICK": null, "CAVITYSIZE": "s", "CAVDEPTH": "35", "DISTNN": 0, "SUBSTRATE": "bare rock", "COMMENTS": null, "SITEDOTID": 0, "ASPECT": "SW", "FIRST_FRED": null, "METADATA": null }, "geometry": { "type": "Point", "coordinates": [ 110.55313333318523, -66.469431674942754 ] } },
{ "type": "Feature", "properties": { "SPECIES": "WISP", "ACTIVITY": "B", "TYPE": "1 boulder", "ENTRANCES": 1, "SLOPE": "45", "REMNANTS": null, "NESTNB": 0, "DATE": "2002-11-26", "SNOW": "AS", "EGGCHICK": null, "CAVITYSIZE": "s", "CAVDEPTH": "40", "DISTNN": 0, "SUBSTRATE": "gravel", "COMMENTS": null, "SITEDOTID": 0, "ASPECT": "NE", "FIRST_FRED": 1572, "METADATA": null }, "geometry": { "type": "Point", "coordinates": [ 110.556158333186232, -66.469495008276127 ] } },
{ "type": "Feature", "properties": { "SPECIES": "WISP", "ACTIVITY": "B", "TYPE": "1 boulder", "ENTRANCES": 1, "SLOPE": "35", "REMNANTS": null, "NESTNB": 0, "DATE": "2002-11-26", "SNOW": "A", "EGGCHICK": null, "CAVITYSIZE": "s", "CAVDEPTH": "40", "DISTNN": 0, "SUBSTRATE": "sand", "COMMENTS": null, "SITEDOTID": 0, "ASPECT": "N", "FIRST_FRED": 1572, "METADATA": null }, "geometry": { "type": "Point", "coordinates": [ 110.558059999853498, -66.470028341609506 ] } },
{ "type": "Feature", "properties": { "SPECIES": "WISP", "ACTIVITY": null, "TYPE": null, "ENTRANCES": null, "SLOPE": null, "REMNANTS": null, "NESTNB": 0, "DATE": "2002-11-26", "SNOW": null, "EGGCHICK": null, "CAVITYSIZE": null, "CAVDEPTH": null, "DISTNN": null, "SUBSTRATE": null, "COMMENTS": "3birdshaulout", "SITEDOTID": 0, "ASPECT": null, "FIRST_FRED": 1572, "METADATA": null }, "geometry": { "type": "Point", "coordinates": [ 110.557716666520065, -66.47010334160953 ] } },
{ "type": "Feature", "properties": { "SPECIES": "WISP", "ACTIVITY": null, "TYPE": null, "ENTRANCES": null, "SLOPE": null, "REMNANTS": null, "NESTNB": 0, "DATE": "2002-11-26", "SNOW": null, "EGGCHICK": null, "CAVITYSIZE": null, "CAVDEPTH": null, "DISTNN": null, "SUBSTRATE": null, "COMMENTS": "inarea", "SITEDOTID": 0, "ASPECT": null, "FIRST_FRED": 1572, "METADATA": null }, "geometry": { "type": "Point", "coordinates": [ 110.556774999853076, -66.470801674942919 ] } },
{ "type": "Feature", "properties": { "SPECIES": "WISP", "ACTIVITY": "B", "TYPE": "1 boulder", "ENTRANCES": 1, "SLOPE": "20", "REMNANTS": null, "NESTNB": 0, "DATE": "2002-11-26", "SNOW": "A", "EGGCHICK": null, "CAVITYSIZE": "xs", "CAVDEPTH": "35", "DISTNN": 0, "SUBSTRATE": "bare rock", "COMMENTS": "screerock", "SITEDOTID": 0, "ASPECT": "NE", "FIRST_FRED": 1572, "METADATA": null }, "geometry": { "type": "Point", "coordinates": [ 110.556843333186421, -66.470703341609621 ] } },
{ "type": "Feature", "properties": { "SPECIES": "WISP", "ACTIVITY": "B", "TYPE": "crack in", "ENTRANCES": 0, "SLOPE": null, "REMNANTS": null, "NESTNB": 0, "DATE": "2002-11-26", "SNOW": "A", "EGGCHICK": null, "CAVITYSIZE": "s", "CAVDEPTH": null, "DISTNN": 0, "SUBSTRATE": "bare rock", "COMMENTS": null, "SITEDOTID": 0, "ASPECT": "NE", "FIRST_FRED": 1572, "METADATA": null }, "geometry": { "type": "Point", "coordinates": [ 110.55693833318648, -66.470701674942944 ] } },
{ "type": "Feature", "properties": { "SPECIES": "WISP", "ACTIVITY": "B", "TYPE": null, "ENTRANCES": null, "SLOPE": null, "REMNANTS": null, "NESTNB": 0, "DATE": "2002-11-26", "SNOW": "A", "EGGCHICK": null, "CAVITYSIZE": null, "CAVDEPTH": null, "DISTNN": null, "SUBSTRATE": null, "COMMENTS": "ninarea1m", "SITEDOTID": 0, "ASPECT": null, "FIRST_FRED": 1572, "METADATA": null }, "geometry": { "type": "Point", "coordinates": [ 110.556214999852912, -66.470096674942866 ] } },
{ "type": "Feature", "properties": { "SPECIES": "WISP", "ACTIVITY": "B", "TYPE": "1 boulder", "ENTRANCES": 1, "SLOPE": "40", "REMNANTS": null, "NESTNB": 0, "DATE": "2002-11-27", "SNOW": "A", "EGGCHICK": null, "CAVITYSIZE": "s", "CAVDEPTH": "35", "DISTNN": 0, "SUBSTRATE": "gravel", "COMMENTS": null, "SITEDOTID": 0, "ASPECT": "SW", "FIRST_FRED": 905, "METADATA": null }, "geometry": { "type": "Point", "coordinates": [ 110.546158333182788, -66.482633341611276 ] } },
{ "type": "Feature", "properties": { "SPECIES": "WISP", "ACTIVITY": null, "TYPE": null, "ENTRANCES": null, "SLOPE": null, "REMNANTS": null, "NESTNB": 0, "DATE": "2002-11-27", "SNOW": "A", "EGGCHICK": null, "CAVITYSIZE": null, "CAVDEPTH": null, "DISTNN": null, "SUBSTRATE": null, "COMMENTS": "nestinarea5m", "SITEDOTID": 0, "ASPECT": null, "FIRST_FRED": 905, "METADATA": null }, "geometry": { "type": "Point", "coordinates": [ 110.548651666516946, -66.482383341611254 ] } },
{ "type": "Feature", "properties": { "SPECIES": "WISP", "ACTIVITY": "B", "TYPE": null, "ENTRANCES": null, "SLOPE": null, "REMNANTS": null, "NESTNB": 0, "DATE": "2002-11-27", "SNOW": "A", "EGGCHICK": null, "CAVITYSIZE": null, "CAVDEPTH": null, "DISTNN": null, "SUBSTRATE": null, "COMMENTS": null, "SITEDOTID": 0, "ASPECT": null, "FIRST_FRED": 905, "METADATA": null }, "geometry": { "type": "Point", "coordinates": [ 110.545164848493428, -66.482578386254133 ] } },
{ "type": "Feature", "properties": { "SPECIES": "WISP", "ACTIVITY": "B", "TYPE": "1 boulder", "ENTRANCES": 1, "SLOPE": "45", "REMNANTS": null, "NESTNB": 385, "DATE": "2002-11-13", "SNOW": "AS", "EGGCHICK": null, "CAVITYSIZE": null, "CAVDEPTH": null, "DISTNN": 0, "SUBSTRATE": "snow", "COMMENTS": "digging", "SITEDOTID": 0, "ASPECT": "NE", "FIRST_FRED": 5361, "METADATA": null }, "geometry": { "type": "Point", "coordinates": [ 110.509101666504733, -66.397158341599052 ] } },
{ "type": "Feature", "properties": { "SPECIES": "WISP", "ACTIVITY": "A", "TYPE": "2 boulder", "ENTRANCES": 1, "SLOPE": "25", "REMNANTS": null, "NESTNB": 0, "DATE": "2002-11-18", "SNOW": "AS", "EGGCHICK": null, "CAVITYSIZE": "l", "CAVDEPTH": "40", "DISTNN": 0, "SUBSTRATE": "bare rock", "COMMENTS": null, "SITEDOTID": 0, "ASPECT": "S", "FIRST_FRED": null, "METADATA": null }, "geometry": { "type": "Point", "coordinates": [ 110.497598333166934, -66.459165008274582 ] } },
{ "type": "Feature", "properties": { "SPECIES": "WISP", "ACTIVITY": "A", "TYPE": "1 boulder", "ENTRANCES": 0, "SLOPE": "65", "REMNANTS": null, "NESTNB": 0, "DATE": "2002-11-20", "SNOW": "AS", "EGGCHICK": null, "CAVITYSIZE": null, "CAVDEPTH": null, "DISTNN": 0, "SUBSTRATE": null, "COMMENTS": null, "SITEDOTID": 0, "ASPECT": "S", "FIRST_FRED": 2989, "METADATA": null }, "geometry": { "type": "Point", "coordinates": [ 110.520951666508168, -66.442530008272215 ] } },
{ "type": "Feature", "properties": { "SPECIES": "WISP", "ACTIVITY": null, "TYPE": null, "ENTRANCES": null, "SLOPE": null, "REMNANTS": null, "NESTNB": 0, "DATE": "2002-11-20", "SNOW": null, "EGGCHICK": null, "CAVITYSIZE": null, "CAVDEPTH": null, "DISTNN": null, "SUBSTRATE": null, "COMMENTS": null, "SITEDOTID": 0, "ASPECT": null, "FIRST_FRED": 2989, "METADATA": null }, "geometry": { "type": "Point", "coordinates": [ 110.520788984068403, -66.44243826713074 ] } },
{ "type": "Feature", "properties": { "SPECIES": "WISP", "ACTIVITY": null, "TYPE": null, "ENTRANCES": null, "SLOPE": null, "REMNANTS": null, "NESTNB": 0, "DATE": "2002-11-20", "SNOW": null, "EGGCHICK": null, "CAVITYSIZE": null, "CAVDEPTH": null, "DISTNN": null, "SUBSTRATE": null, "COMMENTS": null, "SITEDOTID": 0, "ASPECT": null, "FIRST_FRED": 2989, "METADATA": null }, "geometry": { "type": "Point", "coordinates": [ 110.521605734763625, -66.442229401027177 ] } },
{ "type": "Feature", "properties": { "SPECIES": "WISP", "ACTIVITY": "A", "TYPE": null, "ENTRANCES": null, "SLOPE": null, "REMNANTS": null, "NESTNB": 0, "DATE": "2002-11-20", "SNOW": "AS", "EGGCHICK": null, "CAVITYSIZE": null, "CAVDEPTH": null, "DISTNN": null, "SUBSTRATE": null, "COMMENTS": null, "SITEDOTID": 0, "ASPECT": null, "FIRST_FRED": 2989, "METADATA": null }, "geometry": { "type": "Point", "coordinates": [ 110.521568333175026, -66.442311674938892 ] } },
{ "type": "Feature", "properties": { "SPECIES": "WISP", "ACTIVITY": "A", "TYPE": "crack in", "ENTRANCES": 0, "SLOPE": "30", "REMNANTS": null, "NESTNB": 0, "DATE": "2002-11-20", "SNOW": "AS", "EGGCHICK": null, "CAVITYSIZE": null, "CAVDEPTH": null, "DISTNN": 0, "SUBSTRATE": null, "COMMENTS": null, "SITEDOTID": 0, "ASPECT": "E", "FIRST_FRED": 2989, "METADATA": null }, "geometry": { "type": "Point", "coordinates": [ 110.522434999842005, -66.442370008272192 ] } },
{ "type": "Feature", "properties": { "SPECIES": "WISP", "ACTIVITY": "A", "TYPE": "2 boulder", "ENTRANCES": 0, "SLOPE": "65", "REMNANTS": null, "NESTNB": 0, "DATE": "2002-11-20", "SNOW": "AS", "EGGCHICK": null, "CAVITYSIZE": null, "CAVDEPTH": null, "DISTNN": 0, "SUBSTRATE": null, "COMMENTS": null, "SITEDOTID": 0, "ASPECT": "SW", "FIRST_FRED": 2989, "METADATA": null }, "geometry": { "type": "Point", "coordinates": [ 110.519921666507827, -66.442478341605565 ] } },
{ "type": "Feature", "properties": { "SPECIES": "WISP", "ACTIVITY": "A", "TYPE": "crack in", "ENTRANCES": 1, "SLOPE": "45", "REMNANTS": null, "NESTNB": 0, "DATE": "2002-11-20", "SNOW": "AS", "EGGCHICK": null, "CAVITYSIZE": null, "CAVDEPTH": null, "DISTNN": 2, "SUBSTRATE": null, "COMMENTS": null, "SITEDOTID": 0, "ASPECT": "E", "FIRST_FRED": 2602, "METADATA": null }, "geometry": { "type": "Point", "coordinates": [ 110.489498333164349, -66.449588341606528 ] } },
{ "type": "Feature", "properties": { "SPECIES": "WISP", "ACTIVITY": "A", "TYPE": "1 boulder", "ENTRANCES": 0, "SLOPE": "50", "REMNANTS": null, "NESTNB": 0, "DATE": "2002-11-20", "SNOW": "AS", "EGGCHICK": null, "CAVITYSIZE": null, "CAVDEPTH": null, "DISTNN": 0, "SUBSTRATE": null, "COMMENTS": null, "SITEDOTID": 0, "ASPECT": "NE", "FIRST_FRED": 2035, "METADATA": null }, "geometry": { "type": "Point", "coordinates": [ 110.504611666502583, -66.460680008274821 ] } },
{ "type": "Feature", "properties": { "SPECIES": "WISP", "ACTIVITY": "MF", "TYPE": "1 boulder", "ENTRANCES": 0, "SLOPE": "55", "REMNANTS": null, "NESTNB": 0, "DATE": "2002-11-20", "SNOW": "AS", "EGGCHICK": null, "CAVITYSIZE": null, "CAVDEPTH": null, "DISTNN": 0, "SUBSTRATE": null, "COMMENTS": null, "SITEDOTID": 0, "ASPECT": "NE", "FIRST_FRED": 2035, "METADATA": null }, "geometry": { "type": "Point", "coordinates": [ 110.50427035721367, -66.460448766745216 ] } },
{ "type": "Feature", "properties": { "SPECIES": "WISP", "ACTIVITY": null, "TYPE": null, "ENTRANCES": null, "SLOPE": null, "REMNANTS": null, "NESTNB": 0, "DATE": "2002-11-20", "SNOW": null, "EGGCHICK": null, "CAVITYSIZE": null, "CAVDEPTH": null, "DISTNN": null, "SUBSTRATE": null, "COMMENTS": "flyinginarea", "SITEDOTID": 0, "ASPECT": null, "FIRST_FRED": 2035, "METADATA": null }, "geometry": { "type": "Point", "coordinates": [ 110.502303192339681, -66.46002663524186 ] } },
{ "type": "Feature", "properties": { "SPECIES": "WISP", "ACTIVITY": "B", "TYPE": "crack in", "ENTRANCES": 0, "SLOPE": "60", "REMNANTS": null, "NESTNB": 0, "DATE": "2002-11-20", "SNOW": "AS", "EGGCHICK": null, "CAVITYSIZE": null, "CAVDEPTH": null, "DISTNN": 0, "SUBSTRATE": null, "COMMENTS": null, "SITEDOTID": 0, "ASPECT": "SW", "FIRST_FRED": 2035, "METADATA": null }, "geometry": { "type": "Point", "coordinates": [ 110.502745006947038, -66.460104010440929 ] } },
{ "type": "Feature", "properties": { "SPECIES": "WISP", "ACTIVITY": "A", "TYPE": null, "ENTRANCES": null, "SLOPE": null, "REMNANTS": null, "NESTNB": 0, "DATE": "2002-11-20", "SNOW": "AS", "EGGCHICK": null, "CAVITYSIZE": null, "CAVDEPTH": null, "DISTNN": null, "SUBSTRATE": null, "COMMENTS": null, "SITEDOTID": 0, "ASPECT": null, "FIRST_FRED": 2035, "METADATA": null }, "geometry": { "type": "Point", "coordinates": [ 110.502966666502019, -66.460528341608082 ] } },
{ "type": "Feature", "properties": { "SPECIES": "WISP", "ACTIVITY": null, "TYPE": null, "ENTRANCES": null, "SLOPE": null, "REMNANTS": null, "NESTNB": 0, "DATE": "2002-11-20", "SNOW": "AS", "EGGCHICK": null, "CAVITYSIZE": null, "CAVDEPTH": null, "DISTNN": null, "SUBSTRATE": null, "COMMENTS": "Somewherearound", "SITEDOTID": 0, "ASPECT": null, "FIRST_FRED": 2035, "METADATA": null }, "geometry": { "type": "Point", "coordinates": [ 110.503866666502319, -66.460706674941463 ] } },
{ "type": "Feature", "properties": { "SPECIES": "WISP", "ACTIVITY": "B", "TYPE": "crack in", "ENTRANCES": 0, "SLOPE": "40", "REMNANTS": null, "NESTNB": 0, "DATE": "2002-11-21", "SNOW": "A", "EGGCHICK": null, "CAVITYSIZE": null, "CAVDEPTH": null, "DISTNN": 0, "SUBSTRATE": null, "COMMENTS": null, "SITEDOTID": 0, "ASPECT": "N", "FIRST_FRED": null, "METADATA": null }, "geometry": { "type": "Point", "coordinates": [ 110.505098333169315, -66.468123341609171 ] } },
{ "type": "Feature", "properties": { "SPECIES": "WISP", "ACTIVITY": "A", "TYPE": "1 boulder", "ENTRANCES": 1, "SLOPE": "45", "REMNANTS": null, "NESTNB": 0, "DATE": "2002-11-22", "SNOW": "AS", "EGGCHICK": null, "CAVITYSIZE": "l", "CAVDEPTH": "40", "DISTNN": 0, "SUBSTRATE": "bare rock", "COMMENTS": null, "SITEDOTID": 0, "ASPECT": "N", "FIRST_FRED": 1777, "METADATA": null }, "geometry": { "type": "Point", "coordinates": [ 110.623486666541893, -66.465718341608991 ] } },
{ "type": "Feature", "properties": { "SPECIES": "WISP", "ACTIVITY": "X", "TYPE": "1 boulder", "ENTRANCES": 0, "SLOPE": "20", "REMNANTS": null, "NESTNB": 0, "DATE": "2002-12-25", "SNOW": "A", "EGGCHICK": null, "CAVITYSIZE": "m", "CAVDEPTH": "40", "DISTNN": 0, "SUBSTRATE": "gravel", "COMMENTS": null, "SITEDOTID": 0, "ASPECT": "NW", "FIRST_FRED": 11833, "METADATA": null }, "geometry": { "type": "Point", "coordinates": [ 110.565121666524348, -66.275778341581415 ] } },
{ "type": "Feature", "properties": { "SPECIES": "WISP", "ACTIVITY": "B", "TYPE": "1 boulder", "ENTRANCES": 1, "SLOPE": "20", "REMNANTS": null, "NESTNB": 0, "DATE": "2002-12-25", "SNOW": "A", "EGGCHICK": null, "CAVITYSIZE": "s9", "CAVDEPTH": "35", "DISTNN": 0, "SUBSTRATE": "gravel", "COMMENTS": null, "SITEDOTID": 0, "ASPECT": "NW", "FIRST_FRED": 11833, "METADATA": null }, "geometry": { "type": "Point", "coordinates": [ 110.565579999857817, -66.277076674914952 ] } },
{ "type": "Feature", "properties": { "SPECIES": "WISP", "ACTIVITY": "A", "TYPE": "1 boulder", "ENTRANCES": 1, "SLOPE": "30", "REMNANTS": null, "NESTNB": 0, "DATE": "2002-12-25", "SNOW": "A", "EGGCHICK": null, "CAVITYSIZE": "s", "CAVDEPTH": "35", "DISTNN": 0, "SUBSTRATE": "gravel", "COMMENTS": "spit", "SITEDOTID": 0, "ASPECT": "N", "FIRST_FRED": 11738, "METADATA": null }, "geometry": { "type": "Point", "coordinates": [ 110.564463333190773, -66.277496674914985 ] } },
{ "type": "Feature", "properties": { "SPECIES": "WISP", "ACTIVITY": "B", "TYPE": "crack in", "ENTRANCES": 1, "SLOPE": "30", "REMNANTS": null, "NESTNB": 0, "DATE": "2002-12-25", "SNOW": "A", "EGGCHICK": null, "CAVITYSIZE": "s", "CAVDEPTH": "40", "DISTNN": 0, "SUBSTRATE": "gravel", "COMMENTS": null, "SITEDOTID": 0, "ASPECT": "NW", "FIRST_FRED": 11738, "METADATA": null }, "geometry": { "type": "Point", "coordinates": [ 110.564448333190768, -66.277480008248318 ] } },
{ "type": "Feature", "properties": { "SPECIES": "WISP", "ACTIVITY": null, "TYPE": null, "ENTRANCES": null, "SLOPE": null, "REMNANTS": null, "NESTNB": 0, "DATE": "2002-12-25", "SNOW": "A", "EGGCHICK": null, "CAVITYSIZE": null, "CAVDEPTH": null, "DISTNN": null, "SUBSTRATE": null, "COMMENTS": "around?", "SITEDOTID": 0, "ASPECT": null, "FIRST_FRED": null, "METADATA": null }, "geometry": { "type": "Point", "coordinates": [ 110.570471666526075, -66.276621674914878 ] } },
{ "type": "Feature", "properties": { "SPECIES": "WISP", "ACTIVITY": "B", "TYPE": "crack in", "ENTRANCES": 0, "SLOPE": "25", "REMNANTS": null, "NESTNB": 0, "DATE": "2002-12-19", "SNOW": "A", "EGGCHICK": null, "CAVITYSIZE": "s", "CAVDEPTH": "40", "DISTNN": 0, "SUBSTRATE": "bare rock", "COMMENTS": null, "SITEDOTID": 0, "ASPECT": "E", "FIRST_FRED": 9536, "METADATA": null }, "geometry": { "type": "Point", "coordinates": [ 110.48878499983222, -66.319063341587707 ] } },
{ "type": "Feature", "properties": { "SPECIES": "WISP", "ACTIVITY": "B", "TYPE": "1 boulder", "ENTRANCES": 0, "SLOPE": "40", "REMNANTS": null, "NESTNB": 0, "DATE": "2002-12-19", "SNOW": "A", "EGGCHICK": null, "CAVITYSIZE": null, "CAVDEPTH": null, "DISTNN": 0, "SUBSTRATE": null, "COMMENTS": null, "SITEDOTID": 0, "ASPECT": "SE", "FIRST_FRED": null, "METADATA": null }, "geometry": { "type": "Point", "coordinates": [ 110.493958333167257, -66.319331674921074 ] } },
{ "type": "Feature", "properties": { "SPECIES": "WISP", "ACTIVITY": "B", "TYPE": "1 boulder", "ENTRANCES": 0, "SLOPE": "40", "REMNANTS": null, "NESTNB": 0, "DATE": "2002-12-19", "SNOW": "A", "EGGCHICK": null, "CAVITYSIZE": "s", "CAVDEPTH": null, "DISTNN": 0, "SUBSTRATE": null, "COMMENTS": null, "SITEDOTID": 0, "ASPECT": "SE", "FIRST_FRED": null, "METADATA": null }, "geometry": { "type": "Point", "coordinates": [ 110.493943333167238, -66.319323341587719 ] } },
{ "type": "Feature", "properties": { "SPECIES": "WISP", "ACTIVITY": null, "TYPE": null, "ENTRANCES": null, "SLOPE": null, "REMNANTS": null, "NESTNB": 0, "DATE": "2002-12-19", "SNOW": null, "EGGCHICK": null, "CAVITYSIZE": null, "CAVDEPTH": null, "DISTNN": null, "SUBSTRATE": null, "COMMENTS": "flyingaround", "SITEDOTID": 0, "ASPECT": null, "FIRST_FRED": 9918, "METADATA": null }, "geometry": { "type": "Point", "coordinates": [ 110.495268333167758, -66.31136667491991 ] } },
{ "type": "Feature", "properties": { "SPECIES": "WISP", "ACTIVITY": "B", "TYPE": "1 boulder", "ENTRANCES": 0, "SLOPE": null, "REMNANTS": null, "NESTNB": 0, "DATE": "2002-12-19", "SNOW": "AS", "EGGCHICK": null, "CAVITYSIZE": null, "CAVDEPTH": null, "DISTNN": 0, "SUBSTRATE": null, "COMMENTS": null, "SITEDOTID": 0, "ASPECT": null, "FIRST_FRED": 10206, "METADATA": null }, "geometry": { "type": "Point", "coordinates": [ 110.510818333172907, -66.307155008252636 ] } },
{ "type": "Feature", "properties": { "SPECIES": "WISP", "ACTIVITY": "B", "TYPE": "1 boulder", "ENTRANCES": 0, "SLOPE": null, "REMNANTS": null, "NESTNB": 0, "DATE": "2002-12-19", "SNOW": "AS", "EGGCHICK": null, "CAVITYSIZE": null, "CAVDEPTH": null, "DISTNN": 0, "SUBSTRATE": "bare rock", "COMMENTS": null, "SITEDOTID": 0, "ASPECT": "NE", "FIRST_FRED": 10206, "METADATA": null }, "geometry": { "type": "Point", "coordinates": [ 110.510516666506135, -66.307058341585972 ] } },
{ "type": "Feature", "properties": { "SPECIES": "WISP", "ACTIVITY": "B", "TYPE": "1 boulder", "ENTRANCES": 1, "SLOPE": "30", "REMNANTS": null, "NESTNB": 0, "DATE": "2002-12-19", "SNOW": "A", "EGGCHICK": null, "CAVITYSIZE": "s", "CAVDEPTH": "50", "DISTNN": 0, "SUBSTRATE": "bare rock", "COMMENTS": null, "SITEDOTID": 0, "ASPECT": "N", "FIRST_FRED": 10111, "METADATA": null }, "geometry": { "type": "Point", "coordinates": [ 110.510449999839452, -66.307686674919381 ] } },
{ "type": "Feature", "properties": { "SPECIES": "WISP", "ACTIVITY": null, "TYPE": null, "ENTRANCES": null, "SLOPE": null, "REMNANTS": null, "NESTNB": 0, "DATE": "2002-12-19", "SNOW": null, "EGGCHICK": null, "CAVITYSIZE": null, "CAVDEPTH": null, "DISTNN": null, "SUBSTRATE": null, "COMMENTS": "flyingaround", "SITEDOTID": 0, "ASPECT": null, "FIRST_FRED": null, "METADATA": null }, "geometry": { "type": "Point", "coordinates": [ 110.510049999839282, -66.309341674919594 ] } },
{ "type": "Feature", "properties": { "SPECIES": "WISP", "ACTIVITY": "A", "TYPE": "1 boulder", "ENTRANCES": 0, "SLOPE": null, "REMNANTS": null, "NESTNB": 0, "DATE": "2002-12-19", "SNOW": "A", "EGGCHICK": null, "CAVITYSIZE": "l", "CAVDEPTH": null, "DISTNN": 0, "SUBSTRATE": "bare rock", "COMMENTS": null, "SITEDOTID": 0, "ASPECT": null, "FIRST_FRED": 10111, "METADATA": null }, "geometry": { "type": "Point", "coordinates": [ 110.510434999839418, -66.307860008252746 ] } },
{ "type": "Feature", "properties": { "SPECIES": "WISP", "ACTIVITY": "B", "TYPE": "1 boulder", "ENTRANCES": 0, "SLOPE": null, "REMNANTS": null, "NESTNB": 0, "DATE": "2002-12-19", "SNOW": "A", "EGGCHICK": null, "CAVITYSIZE": "s", "CAVDEPTH": "35", "DISTNN": 0, "SUBSTRATE": "bare rock", "COMMENTS": null, "SITEDOTID": 0, "ASPECT": null, "FIRST_FRED": 10111, "METADATA": null }, "geometry": { "type": "Point", "coordinates": [ 110.510388333172756, -66.307925008252738 ] } },
{ "type": "Feature", "properties": { "SPECIES": "WISP", "ACTIVITY": "B", "TYPE": "1 boulder", "ENTRANCES": 0, "SLOPE": null, "REMNANTS": null, "NESTNB": 0, "DATE": "2002-12-19", "SNOW": "A", "EGGCHICK": null, "CAVITYSIZE": null, "CAVDEPTH": null, "DISTNN": 0, "SUBSTRATE": null, "COMMENTS": null, "SITEDOTID": 0, "ASPECT": null, "FIRST_FRED": null, "METADATA": null }, "geometry": { "type": "Point", "coordinates": [ 110.506263333171361, -66.311420008253265 ] } },
{ "type": "Feature", "properties": { "SPECIES": "WISP", "ACTIVITY": "A", "TYPE": "crack in", "ENTRANCES": 0, "SLOPE": "5", "REMNANTS": null, "NESTNB": 0, "DATE": "2002-12-18", "SNOW": "AI", "EGGCHICK": null, "CAVITYSIZE": "s", "CAVDEPTH": "40", "DISTNN": 0, "SUBSTRATE": "gravel", "COMMENTS": "spitcracin B", "SITEDOTID": 0, "ASPECT": "S", "FIRST_FRED": 7835, "METADATA": null }, "geometry": { "type": "Point", "coordinates": [ 110.528934999845063, -66.351773341592533 ] } },
{ "type": "Feature", "properties": { "SPECIES": "WISP", "ACTIVITY": "B", "TYPE": null, "ENTRANCES": 0, "SLOPE": null, "REMNANTS": null, "NESTNB": 0, "DATE": "2002-12-18", "SNOW": "A", "EGGCHICK": null, "CAVITYSIZE": null, "CAVDEPTH": null, "DISTNN": 0, "SUBSTRATE": null, "COMMENTS": "inareaheardonly", "SITEDOTID": 0, "ASPECT": null, "FIRST_FRED": 7835, "METADATA": null }, "geometry": { "type": "Point", "coordinates": [ 110.52796499984477, -66.350855008259032 ] } },
{ "type": "Feature", "properties": { "SPECIES": "WISP", "ACTIVITY": "B", "TYPE": null, "ENTRANCES": null, "SLOPE": null, "REMNANTS": null, "NESTNB": 0, "DATE": "2002-12-11", "SNOW": "A", "EGGCHICK": null, "CAVITYSIZE": null, "CAVDEPTH": null, "DISTNN": null, "SUBSTRATE": null, "COMMENTS": "inareaheard", "SITEDOTID": 0, "ASPECT": null, "FIRST_FRED": 9043, "METADATA": null }, "geometry": { "type": "Point", "coordinates": [ 110.407286666472032, -66.327978341588889 ] } },
{ "type": "Feature", "properties": { "SPECIES": "WISP", "ACTIVITY": "B", "TYPE": null, "ENTRANCES": null, "SLOPE": null, "REMNANTS": null, "NESTNB": 0, "DATE": "2002-12-11", "SNOW": "A", "EGGCHICK": null, "CAVITYSIZE": null, "CAVDEPTH": null, "DISTNN": null, "SUBSTRATE": null, "COMMENTS": "flewfromhere", "SITEDOTID": 0, "ASPECT": null, "FIRST_FRED": 9139, "METADATA": null }, "geometry": { "type": "Point", "coordinates": [ 110.410829999806523, -66.326796674922022 ] } },
{ "type": "Feature", "properties": { "SPECIES": "WISP", "ACTIVITY": "B", "TYPE": "crack in", "ENTRANCES": 0, "SLOPE": "60", "REMNANTS": null, "NESTNB": 0, "DATE": "2002-12-11", "SNOW": "A", "EGGCHICK": null, "CAVITYSIZE": null, "CAVDEPTH": null, "DISTNN": 0, "SUBSTRATE": null, "COMMENTS": null, "SITEDOTID": 0, "ASPECT": "N", "FIRST_FRED": null, "METADATA": null }, "geometry": { "type": "Point", "coordinates": [ 110.410681666473181, -66.325841674921904 ] } },
{ "type": "Feature", "properties": { "SPECIES": "WISP", "ACTIVITY": "B", "TYPE": null, "ENTRANCES": null, "SLOPE": null, "REMNANTS": null, "NESTNB": 0, "DATE": "2002-12-11", "SNOW": "AS", "EGGCHICK": null, "CAVITYSIZE": null, "CAVDEPTH": null, "DISTNN": null, "SUBSTRATE": null, "COMMENTS": null, "SITEDOTID": 0, "ASPECT": null, "FIRST_FRED": null, "METADATA": null }, "geometry": { "type": "Point", "coordinates": [ 110.409363333139524, -66.316406674920543 ] } },
{ "type": "Feature", "properties": { "SPECIES": "WISP", "ACTIVITY": "X", "TYPE": "1 boulder", "ENTRANCES": 1, "SLOPE": "25", "REMNANTS": null, "NESTNB": 0, "DATE": "2002-12-10", "SNOW": "AS", "EGGCHICK": null, "CAVITYSIZE": "s", "CAVDEPTH": "35", "DISTNN": 0, "SUBSTRATE": "gravel", "COMMENTS": null, "SITEDOTID": 0, "ASPECT": "N", "FIRST_FRED": 10119, "METADATA": null }, "geometry": { "type": "Point", "coordinates": [ 110.544746666517355, -66.309943341586418 ] } },
{ "type": "Feature", "properties": { "SPECIES": "WISP", "ACTIVITY": "A", "TYPE": "1 boulder", "ENTRANCES": 0, "SLOPE": null, "REMNANTS": null, "NESTNB": 0, "DATE": "2002-12-10", "SNOW": "A", "EGGCHICK": null, "CAVITYSIZE": "s", "CAVDEPTH": "20", "DISTNN": 0, "SUBSTRATE": "organic", "COMMENTS": null, "SITEDOTID": 0, "ASPECT": "NW", "FIRST_FRED": 10119, "METADATA": null }, "geometry": { "type": "Point", "coordinates": [ 110.544628333183965, -66.309748341586371 ] } },
{ "type": "Feature", "properties": { "SPECIES": "WISP", "ACTIVITY": "B", "TYPE": "crack in", "ENTRANCES": 0, "SLOPE": "45", "REMNANTS": null, "NESTNB": 0, "DATE": "2002-12-10", "SNOW": "A", "EGGCHICK": null, "CAVITYSIZE": "s", "CAVDEPTH": "30", "DISTNN": 0, "SUBSTRATE": "sand", "COMMENTS": null, "SITEDOTID": 0, "ASPECT": "N", "FIRST_FRED": 10119, "METADATA": null }, "geometry": { "type": "Point", "coordinates": [ 110.545994999851089, -66.309703341586371 ] } },
{ "type": "Feature", "properties": { "SPECIES": "WISP", "ACTIVITY": "A", "TYPE": "crack in", "ENTRANCES": 1, "SLOPE": "45", "REMNANTS": null, "NESTNB": 0, "DATE": "2002-12-10", "SNOW": "A", "EGGCHICK": null, "CAVITYSIZE": "l", "CAVDEPTH": "35", "DISTNN": 0, "SUBSTRATE": "gravel", "COMMENTS": null, "SITEDOTID": 0, "ASPECT": "N", "FIRST_FRED": 10119, "METADATA": null }, "geometry": { "type": "Point", "coordinates": [ 110.546284999851167, -66.309690008253057 ] } },
{ "type": "Feature", "properties": { "SPECIES": "WISP", "ACTIVITY": "X", "TYPE": "1 boulder", "ENTRANCES": 1, "SLOPE": "30", "REMNANTS": null, "NESTNB": 0, "DATE": "2002-12-10", "SNOW": "A", "EGGCHICK": null, "CAVITYSIZE": "s", "CAVDEPTH": "40", "DISTNN": 0, "SUBSTRATE": "sand", "COMMENTS": "maybesn[pebutsmall", "SITEDOTID": 0, "ASPECT": "N", "FIRST_FRED": 10119, "METADATA": null }, "geometry": { "type": "Point", "coordinates": [ 110.546333333184521, -66.30991667491972 ] } },
{ "type": "Feature", "properties": { "SPECIES": "WISP", "ACTIVITY": "A", "TYPE": "1 boulder", "ENTRANCES": 1, "SLOPE": "30", "REMNANTS": null, "NESTNB": 0, "DATE": "2002-12-10", "SNOW": "A", "EGGCHICK": null, "CAVITYSIZE": "s", "CAVDEPTH": null, "DISTNN": 0, "SUBSTRATE": "gravel", "COMMENTS": "cairnedlastyear", "SITEDOTID": 0, "ASPECT": "N", "FIRST_FRED": 10119, "METADATA": null }, "geometry": { "type": "Point", "coordinates": [ 110.546511666517901, -66.309880008253074 ] } },
{ "type": "Feature", "properties": { "SPECIES": "WISP", "ACTIVITY": "B", "TYPE": "crack in", "ENTRANCES": 0, "SLOPE": "30", "REMNANTS": null, "NESTNB": 0, "DATE": "2002-12-10", "SNOW": "A", "EGGCHICK": null, "CAVITYSIZE": null, "CAVDEPTH": null, "DISTNN": 0, "SUBSTRATE": "gravel", "COMMENTS": null, "SITEDOTID": 0, "ASPECT": "W", "FIRST_FRED": 9929, "METADATA": null }, "geometry": { "type": "Point", "coordinates": [ 110.545996023263157, -66.310734651805504 ] } },
{ "type": "Feature", "properties": { "SPECIES": "WISP", "ACTIVITY": null, "TYPE": null, "ENTRANCES": null, "SLOPE": null, "REMNANTS": null, "NESTNB": 0, "DATE": "2002-12-10", "SNOW": null, "EGGCHICK": null, "CAVITYSIZE": null, "CAVDEPTH": null, "DISTNN": null, "SUBSTRATE": null, "COMMENTS": "froml0102", "SITEDOTID": 0, "ASPECT": null, "FIRST_FRED": 9929, "METADATA": null }, "geometry": { "type": "Point", "coordinates": [ 110.543400732610095, -66.310443061113887 ] } },
{ "type": "Feature", "properties": { "SPECIES": "WISP", "ACTIVITY": null, "TYPE": null, "ENTRANCES": null, "SLOPE": null, "REMNANTS": null, "NESTNB": 0, "DATE": "2002-12-10", "SNOW": null, "EGGCHICK": null, "CAVITYSIZE": null, "CAVDEPTH": null, "DISTNN": null, "SUBSTRATE": null, "COMMENTS": "0102", "SITEDOTID": 0, "ASPECT": null, "FIRST_FRED": 9929, "METADATA": null }, "geometry": { "type": "Point", "coordinates": [ 110.543830797628971, -66.310499077089517 ] } },
{ "type": "Feature", "properties": { "SPECIES": "WISP", "ACTIVITY": "X", "TYPE": "crack in", "ENTRANCES": 0, "SLOPE": null, "REMNANTS": null, "NESTNB": 0, "DATE": "2002-12-10", "SNOW": "A", "EGGCHICK": null, "CAVITYSIZE": null, "CAVDEPTH": null, "DISTNN": 0, "SUBSTRATE": null, "COMMENTS": "0102", "SITEDOTID": 0, "ASPECT": null, "FIRST_FRED": 9929, "METADATA": null }, "geometry": { "type": "Point", "coordinates": [ 110.544214167706258, -66.3106279606518 ] } },
{ "type": "Feature", "properties": { "SPECIES": "WISP", "ACTIVITY": "X", "TYPE": "crack in", "ENTRANCES": 0, "SLOPE": null, "REMNANTS": null, "NESTNB": 0, "DATE": "2002-12-10", "SNOW": "A", "EGGCHICK": null, "CAVITYSIZE": null, "CAVDEPTH": null, "DISTNN": 0, "SUBSTRATE": null, "COMMENTS": "0102", "SITEDOTID": 0, "ASPECT": null, "FIRST_FRED": 9929, "METADATA": null }, "geometry": { "type": "Point", "coordinates": [ 110.544532286850043, -66.310601515338163 ] } },
{ "type": "Feature", "properties": { "SPECIES": "WISP", "ACTIVITY": "X", "TYPE": "2 boulder", "ENTRANCES": 0, "SLOPE": "30", "REMNANTS": null, "NESTNB": 0, "DATE": "2002-12-10", "SNOW": "A", "EGGCHICK": null, "CAVITYSIZE": null, "CAVDEPTH": null, "DISTNN": 0, "SUBSTRATE": null, "COMMENTS": "0102", "SITEDOTID": 0, "ASPECT": "W", "FIRST_FRED": 9929, "METADATA": null }, "geometry": { "type": "Point", "coordinates": [ 110.544555634828782, -66.310565080904354 ] } },
{ "type": "Feature", "properties": { "SPECIES": "WISP", "ACTIVITY": "X", "TYPE": "crack in", "ENTRANCES": 1, "SLOPE": "35", "REMNANTS": null, "NESTNB": 0, "DATE": "2002-12-10", "SNOW": "A", "EGGCHICK": null, "CAVITYSIZE": null, "CAVDEPTH": null, "DISTNN": 0, "SUBSTRATE": null, "COMMENTS": "0102", "SITEDOTID": 0, "ASPECT": "S", "FIRST_FRED": 9929, "METADATA": null }, "geometry": { "type": "Point", "coordinates": [ 110.545333040455844, -66.311489050565882 ] } },
{ "type": "Feature", "properties": { "SPECIES": "WISP", "ACTIVITY": "X", "TYPE": "crack in", "ENTRANCES": 0, "SLOPE": "35", "REMNANTS": null, "NESTNB": 0, "DATE": "2002-12-10", "SNOW": "A", "EGGCHICK": null, "CAVITYSIZE": null, "CAVDEPTH": null, "DISTNN": 0, "SUBSTRATE": null, "COMMENTS": "0102", "SITEDOTID": 0, "ASPECT": "SW", "FIRST_FRED": 9929, "METADATA": null }, "geometry": { "type": "Point", "coordinates": [ 110.545583434404648, -66.311444153727649 ] } },
{ "type": "Feature", "properties": { "SPECIES": "WISP", "ACTIVITY": "X", "TYPE": "crack in", "ENTRANCES": 0, "SLOPE": "35", "REMNANTS": null, "NESTNB": 0, "DATE": "2002-12-10", "SNOW": "A", "EGGCHICK": null, "CAVITYSIZE": null, "CAVDEPTH": null, "DISTNN": 0, "SUBSTRATE": null, "COMMENTS": "0102", "SITEDOTID": 0, "ASPECT": "SW", "FIRST_FRED": 9929, "METADATA": null }, "geometry": { "type": "Point", "coordinates": [ 110.545991985656627, -66.311436220946305 ] } },
{ "type": "Feature", "properties": { "SPECIES": "WISP", "ACTIVITY": null, "TYPE": null, "ENTRANCES": null, "SLOPE": null, "REMNANTS": null, "NESTNB": 0, "DATE": "2002-12-10", "SNOW": null, "EGGCHICK": null, "CAVITYSIZE": null, "CAVDEPTH": null, "DISTNN": null, "SUBSTRATE": null, "COMMENTS": null, "SITEDOTID": 0, "ASPECT": null, "FIRST_FRED": 9929, "METADATA": null }, "geometry": { "type": "Point", "coordinates": [ 110.545457581082701, -66.310674243767792 ] } },
{ "type": "Feature", "properties": { "SPECIES": "WISP", "ACTIVITY": null, "TYPE": null, "ENTRANCES": null, "SLOPE": null, "REMNANTS": null, "NESTNB": 0, "DATE": "2002-12-10", "SNOW": null, "EGGCHICK": null, "CAVITYSIZE": null, "CAVDEPTH": null, "DISTNN": null, "SUBSTRATE": null, "COMMENTS": null, "SITEDOTID": 0, "ASPECT": null, "FIRST_FRED": 9929, "METADATA": null }, "geometry": { "type": "Point", "coordinates": [ 110.544930953630498, -66.310778234401468 ] } },
{ "type": "Feature", "properties": { "SPECIES": "WISP", "ACTIVITY": null, "TYPE": null, "ENTRANCES": null, "SLOPE": null, "REMNANTS": null, "NESTNB": 0, "DATE": "2002-12-10", "SNOW": null, "EGGCHICK": null, "CAVITYSIZE": null, "CAVDEPTH": null, "DISTNN": null, "SUBSTRATE": null, "COMMENTS": null, "SITEDOTID": 0, "ASPECT": null, "FIRST_FRED": 9929, "METADATA": null }, "geometry": { "type": "Point", "coordinates": [ 110.545107768263549, -66.310673221199806 ] } },
{ "type": "Feature", "properties": { "SPECIES": "WISP", "ACTIVITY": "A", "TYPE": "1 boulder", "ENTRANCES": 1, "SLOPE": "5", "REMNANTS": null, "NESTNB": 0, "DATE": "2002-12-05", "SNOW": "A", "EGGCHICK": null, "CAVITYSIZE": "xs", "CAVDEPTH": "20", "DISTNN": 0, "SUBSTRATE": "gravel", "COMMENTS": "meltinverysorSNPE", "SITEDOTID": 0, "ASPECT": "E", "FIRST_FRED": 11534, "METADATA": null }, "geometry": { "type": "Point", "coordinates": [ 110.503021666503955, -66.28119167491549 ] } },
{ "type": "Feature", "properties": { "SPECIES": "WISP", "ACTIVITY": "A", "TYPE": "1 boulder", "ENTRANCES": 1, "SLOPE": "30", "REMNANTS": "OE", "NESTNB": 0, "DATE": "2002-12-05", "SNOW": "AI", "EGGCHICK": null, "CAVITYSIZE": "s", "CAVDEPTH": "20", "DISTNN": 0, "SUBSTRATE": "bare rock", "COMMENTS": null, "SITEDOTID": 0, "ASPECT": "E", "FIRST_FRED": 11534, "METADATA": null }, "geometry": { "type": "Point", "coordinates": [ 110.502401666503744, -66.281506674915548 ] } },
{ "type": "Feature", "properties": { "SPECIES": "WISP", "ACTIVITY": "A", "TYPE": "crack in", "ENTRANCES": 1, "SLOPE": "0", "REMNANTS": null, "NESTNB": 0, "DATE": "2002-12-05", "SNOW": "A", "EGGCHICK": null, "CAVITYSIZE": "s", "CAVDEPTH": "20", "DISTNN": 0, "SUBSTRATE": "organic", "COMMENTS": null, "SITEDOTID": 0, "ASPECT": "S", "FIRST_FRED": 11534, "METADATA": null }, "geometry": { "type": "Point", "coordinates": [ 110.502339999837062, -66.281406674915516 ] } },
{ "type": "Feature", "properties": { "SPECIES": "WISP", "ACTIVITY": "A", "TYPE": "crack in", "ENTRANCES": 0, "SLOPE": null, "REMNANTS": null, "NESTNB": 0, "DATE": "2002-12-05", "SNOW": "A", "EGGCHICK": null, "CAVITYSIZE": null, "CAVDEPTH": null, "DISTNN": 0, "SUBSTRATE": null, "COMMENTS": "othernestorsame?", "SITEDOTID": 0, "ASPECT": null, "FIRST_FRED": 11534, "METADATA": null }, "geometry": { "type": "Point", "coordinates": [ 110.502328333170382, -66.281413341582166 ] } },
{ "type": "Feature", "properties": { "SPECIES": "WISP", "ACTIVITY": "A", "TYPE": null, "ENTRANCES": null, "SLOPE": null, "REMNANTS": null, "NESTNB": 0, "DATE": "2002-12-05", "SNOW": "A", "EGGCHICK": null, "CAVITYSIZE": null, "CAVDEPTH": null, "DISTNN": null, "SUBSTRATE": null, "COMMENTS": "darkrockdeadbird", "SITEDOTID": 0, "ASPECT": null, "FIRST_FRED": null, "METADATA": null }, "geometry": { "type": "Point", "coordinates": [ 110.491819999833609, -66.282170008248954 ] } },
{ "type": "Feature", "properties": { "SPECIES": "WISP", "ACTIVITY": null, "TYPE": "1 boulder", "ENTRANCES": 0, "SLOPE": null, "REMNANTS": null, "NESTNB": 0, "DATE": "2002-12-05", "SNOW": null, "EGGCHICK": null, "CAVITYSIZE": "s", "CAVDEPTH": null, "DISTNN": 0, "SUBSTRATE": "bare rock", "COMMENTS": "maybe", "SITEDOTID": 0, "ASPECT": null, "FIRST_FRED": 11627, "METADATA": null }, "geometry": { "type": "Point", "coordinates": [ 110.492259999833777, -66.279836674915259 ] } },
{ "type": "Feature", "properties": { "SPECIES": "WISP", "ACTIVITY": "A", "TYPE": "2 boulder", "ENTRANCES": 0, "SLOPE": "30", "REMNANTS": null, "NESTNB": 0, "DATE": "2002-12-05", "SNOW": "AS", "EGGCHICK": null, "CAVITYSIZE": null, "CAVDEPTH": null, "DISTNN": 0, "SUBSTRATE": null, "COMMENTS": null, "SITEDOTID": 0, "ASPECT": "SE", "FIRST_FRED": null, "METADATA": null }, "geometry": { "type": "Point", "coordinates": [ 110.485846666498304, -66.282611674915657 ] } },
{ "type": "Feature", "properties": { "SPECIES": "WISP", "ACTIVITY": "A", "TYPE": "1 boulder", "ENTRANCES": 0, "SLOPE": "35", "REMNANTS": null, "NESTNB": 0, "DATE": "2002-12-05", "SNOW": "A", "EGGCHICK": null, "CAVITYSIZE": "s", "CAVDEPTH": "20", "DISTNN": 0, "SUBSTRATE": null, "COMMENTS": "smallmorsedB", "SITEDOTID": 0, "ASPECT": "SE", "FIRST_FRED": 11436, "METADATA": null }, "geometry": { "type": "Point", "coordinates": [ 110.486334999831797, -66.283881674915847 ] } },
{ "type": "Feature", "properties": { "SPECIES": "WISP", "ACTIVITY": "B", "TYPE": "2 boulder", "ENTRANCES": 1, "SLOPE": "5", "REMNANTS": null, "NESTNB": 0, "DATE": "2002-12-05", "SNOW": "A", "EGGCHICK": null, "CAVITYSIZE": "s", "CAVDEPTH": "20", "DISTNN": 0, "SUBSTRATE": "bare rock", "COMMENTS": null, "SITEDOTID": 0, "ASPECT": "NE", "FIRST_FRED": 11821, "METADATA": null }, "geometry": { "type": "Point", "coordinates": [ 110.509749999839528, -66.276855008248191 ] } },
{ "type": "Feature", "properties": { "SPECIES": "WISP", "ACTIVITY": "A", "TYPE": null, "ENTRANCES": null, "SLOPE": null, "REMNANTS": null, "NESTNB": 0, "DATE": "2002-12-06", "SNOW": "AS", "EGGCHICK": null, "CAVITYSIZE": null, "CAVDEPTH": null, "DISTNN": null, "SUBSTRATE": null, "COMMENTS": "maybe?", "SITEDOTID": 0, "ASPECT": null, "FIRST_FRED": 10291, "METADATA": null }, "geometry": { "type": "Point", "coordinates": [ 110.46671166649179, -66.304460008252207 ] } },
{ "type": "Feature", "properties": { "SPECIES": "WISP", "ACTIVITY": "A", "TYPE": "2 boulder", "ENTRANCES": 1, "SLOPE": "40", "REMNANTS": null, "NESTNB": 0, "DATE": "2002-12-06", "SNOW": "A", "EGGCHICK": null, "CAVITYSIZE": "s", "CAVDEPTH": "20", "DISTNN": 0, "SUBSTRATE": "bare rock", "COMMENTS": "maybe?", "SITEDOTID": 0, "ASPECT": "S", "FIRST_FRED": 10291, "METADATA": null }, "geometry": { "type": "Point", "coordinates": [ 110.464266666491, -66.304803341585568 ] } },
{ "type": "Feature", "properties": { "SPECIES": "WISP", "ACTIVITY": "A", "TYPE": "1 boulder", "ENTRANCES": 0, "SLOPE": "40", "REMNANTS": null, "NESTNB": 0, "DATE": "2002-12-06", "SNOW": "A", "EGGCHICK": null, "CAVITYSIZE": "s", "CAVDEPTH": "30", "DISTNN": 0, "SUBSTRATE": "gravel", "COMMENTS": "spit", "SITEDOTID": 0, "ASPECT": "S", "FIRST_FRED": 10291, "METADATA": null }, "geometry": { "type": "Point", "coordinates": [ 110.464404999824367, -66.304756674918877 ] } },
{ "type": "Feature", "properties": { "SPECIES": "WISP", "ACTIVITY": "A", "TYPE": "crack in", "ENTRANCES": 0, "SLOPE": "30", "REMNANTS": null, "NESTNB": 0, "DATE": "2002-12-06", "SNOW": "BS", "EGGCHICK": null, "CAVITYSIZE": null, "CAVDEPTH": null, "DISTNN": 0, "SUBSTRATE": null, "COMMENTS": "spitloc", "SITEDOTID": 0, "ASPECT": "NE", "FIRST_FRED": 10291, "METADATA": null }, "geometry": { "type": "Point", "coordinates": [ 110.464651666491136, -66.304465008252166 ] } },
{ "type": "Feature", "properties": { "SPECIES": "WISP", "ACTIVITY": "A", "TYPE": "2 boulder", "ENTRANCES": 0, "SLOPE": null, "REMNANTS": null, "NESTNB": 0, "DATE": "2002-12-06", "SNOW": "BS", "EGGCHICK": null, "CAVITYSIZE": null, "CAVDEPTH": null, "DISTNN": 0, "SUBSTRATE": null, "COMMENTS": "spittsmallcavB", "SITEDOTID": 0, "ASPECT": null, "FIRST_FRED": 10104, "METADATA": null }, "geometry": { "type": "Point", "coordinates": [ 110.477543333161989, -66.30743834158595 ] } },
{ "type": "Feature", "properties": { "SPECIES": "WISP", "ACTIVITY": null, "TYPE": null, "ENTRANCES": null, "SLOPE": null, "REMNANTS": null, "NESTNB": 0, "DATE": "2002-12-06", "SNOW": null, "EGGCHICK": null, "CAVITYSIZE": null, "CAVDEPTH": null, "DISTNN": null, "SUBSTRATE": null, "COMMENTS": "?", "SITEDOTID": 0, "ASPECT": null, "FIRST_FRED": 10104, "METADATA": null }, "geometry": { "type": "Point", "coordinates": [ 110.47757499982869, -66.307575008252655 ] } },
{ "type": "Feature", "properties": { "SPECIES": "WISP", "ACTIVITY": null, "TYPE": "1 boulder", "ENTRANCES": 1, "SLOPE": "5", "REMNANTS": null, "NESTNB": 0, "DATE": "2002-12-06", "SNOW": null, "EGGCHICK": null, "CAVITYSIZE": null, "CAVDEPTH": null, "DISTNN": 0, "SUBSTRATE": null, "COMMENTS": "?", "SITEDOTID": 0, "ASPECT": "NW", "FIRST_FRED": 10104, "METADATA": null }, "geometry": { "type": "Point", "coordinates": [ 110.477514999828657, -66.307655008252667 ] } },
{ "type": "Feature", "properties": { "SPECIES": "WISP", "ACTIVITY": null, "TYPE": null, "ENTRANCES": null, "SLOPE": null, "REMNANTS": null, "NESTNB": 0, "DATE": "2002-12-06", "SNOW": null, "EGGCHICK": null, "CAVITYSIZE": null, "CAVDEPTH": null, "DISTNN": null, "SUBSTRATE": null, "COMMENTS": "?", "SITEDOTID": 0, "ASPECT": null, "FIRST_FRED": 10104, "METADATA": null }, "geometry": { "type": "Point", "coordinates": [ 110.479541666495962, -66.30726334158598 ] } },
{ "type": "Feature", "properties": { "SPECIES": "WISP", "ACTIVITY": "A", "TYPE": "1 boulder", "ENTRANCES": 1, "SLOPE": "35", "REMNANTS": "OC", "NESTNB": 0, "DATE": "2002-12-06", "SNOW": "A", "EGGCHICK": null, "CAVITYSIZE": "s", "CAVDEPTH": "30", "DISTNN": 0, "SUBSTRATE": "organic", "COMMENTS": null, "SITEDOTID": 0, "ASPECT": "NE", "FIRST_FRED": 10104, "METADATA": null }, "geometry": { "type": "Point", "coordinates": [ 110.479633333162681, -66.307238341585943 ] } },
{ "type": "Feature", "properties": { "SPECIES": "WISP", "ACTIVITY": "A", "TYPE": "crack in", "ENTRANCES": 0, "SLOPE": "40", "REMNANTS": null, "NESTNB": 0, "DATE": "2002-12-06", "SNOW": "A", "EGGCHICK": null, "CAVITYSIZE": "m", "CAVDEPTH": "45", "DISTNN": 0, "SUBSTRATE": "organic", "COMMENTS": null, "SITEDOTID": 0, "ASPECT": "NE", "FIRST_FRED": 10104, "METADATA": null }, "geometry": { "type": "Point", "coordinates": [ 110.479474999829307, -66.307298341585962 ] } },
{ "type": "Feature", "properties": { "SPECIES": "WISP", "ACTIVITY": null, "TYPE": "1 boulder", "ENTRANCES": 0, "SLOPE": null, "REMNANTS": null, "NESTNB": 0, "DATE": "2002-12-06", "SNOW": "BS", "EGGCHICK": null, "CAVITYSIZE": null, "CAVDEPTH": null, "DISTNN": 0, "SUBSTRATE": null, "COMMENTS": "?", "SITEDOTID": 0, "ASPECT": null, "FIRST_FRED": 10104, "METADATA": null }, "geometry": { "type": "Point", "coordinates": [ 110.479808333162737, -66.307280008252633 ] } },
{ "type": "Feature", "properties": { "SPECIES": "WISP", "ACTIVITY": null, "TYPE": "crack in", "ENTRANCES": 0, "SLOPE": null, "REMNANTS": null, "NESTNB": 0, "DATE": "2002-12-06", "SNOW": null, "EGGCHICK": null, "CAVITYSIZE": "s", "CAVDEPTH": null, "DISTNN": 0, "SUBSTRATE": "organic", "COMMENTS": "?", "SITEDOTID": 0, "ASPECT": null, "FIRST_FRED": 10104, "METADATA": null }, "geometry": { "type": "Point", "coordinates": [ 110.479911666496108, -66.307236674919295 ] } },
{ "type": "Feature", "properties": { "SPECIES": "WISP", "ACTIVITY": "A", "TYPE": "1 boulder", "ENTRANCES": 1, "SLOPE": "45", "REMNANTS": null, "NESTNB": 0, "DATE": "2002-12-06", "SNOW": "AS", "EGGCHICK": null, "CAVITYSIZE": "s", "CAVDEPTH": "25", "DISTNN": 0, "SUBSTRATE": "gravel", "COMMENTS": "spit", "SITEDOTID": 0, "ASPECT": "S", "FIRST_FRED": 10200, "METADATA": null }, "geometry": { "type": "Point", "coordinates": [ 110.484163333164162, -66.308061674919387 ] } },
{ "type": "Feature", "properties": { "SPECIES": "WISP", "ACTIVITY": "A", "TYPE": "1 boulder", "ENTRANCES": 0, "SLOPE": null, "REMNANTS": null, "NESTNB": 0, "DATE": "2002-12-06", "SNOW": "AS", "EGGCHICK": null, "CAVITYSIZE": "s", "CAVDEPTH": null, "DISTNN": 0, "SUBSTRATE": "organic", "COMMENTS": null, "SITEDOTID": 0, "ASPECT": null, "FIRST_FRED": 10200, "METADATA": null }, "geometry": { "type": "Point", "coordinates": [ 110.484174999830813, -66.308073341586095 ] } },
{ "type": "Feature", "properties": { "SPECIES": "WISP", "ACTIVITY": "A", "TYPE": "1 boulder", "ENTRANCES": 0, "SLOPE": null, "REMNANTS": null, "NESTNB": 0, "DATE": "2002-12-06", "SNOW": "AS", "EGGCHICK": null, "CAVITYSIZE": null, "CAVDEPTH": null, "DISTNN": 0, "SUBSTRATE": null, "COMMENTS": "footprints", "SITEDOTID": 0, "ASPECT": null, "FIRST_FRED": 10200, "METADATA": null }, "geometry": { "type": "Point", "coordinates": [ 110.484158333164146, -66.308088341586057 ] } },
{ "type": "Feature", "properties": { "SPECIES": "WISP", "ACTIVITY": "A", "TYPE": "1 boulder", "ENTRANCES": 0, "SLOPE": "45", "REMNANTS": null, "NESTNB": 0, "DATE": "2002-12-06", "SNOW": "A", "EGGCHICK": null, "CAVITYSIZE": "s", "CAVDEPTH": null, "DISTNN": 0, "SUBSTRATE": "organic", "COMMENTS": "spit", "SITEDOTID": 0, "ASPECT": "S", "FIRST_FRED": 10200, "METADATA": null }, "geometry": { "type": "Point", "coordinates": [ 110.483981666497428, -66.308105008252724 ] } },
{ "type": "Feature", "properties": { "SPECIES": "WISP", "ACTIVITY": "A", "TYPE": "1 boulder", "ENTRANCES": 0, "SLOPE": null, "REMNANTS": null, "NESTNB": 0, "DATE": "2002-12-06", "SNOW": "A", "EGGCHICK": null, "CAVITYSIZE": null, "CAVDEPTH": null, "DISTNN": 0, "SUBSTRATE": null, "COMMENTS": "spit", "SITEDOTID": 0, "ASPECT": null, "FIRST_FRED": 10200, "METADATA": null }, "geometry": { "type": "Point", "coordinates": [ 110.484653333164317, -66.308061674919387 ] } },
{ "type": "Feature", "properties": { "SPECIES": "WISP", "ACTIVITY": null, "TYPE": "1 boulder", "ENTRANCES": 0, "SLOPE": null, "REMNANTS": null, "NESTNB": 0, "DATE": "2002-12-06", "SNOW": "AS", "EGGCHICK": null, "CAVITYSIZE": null, "CAVDEPTH": null, "DISTNN": 0, "SUBSTRATE": null, "COMMENTS": "?", "SITEDOTID": 0, "ASPECT": null, "FIRST_FRED": 10200, "METADATA": null }, "geometry": { "type": "Point", "coordinates": [ 110.484643333164328, -66.30807667491942 ] } },
{ "type": "Feature", "properties": { "SPECIES": "WISP", "ACTIVITY": "A", "TYPE": "1 boulder", "ENTRANCES": 0, "SLOPE": "45", "REMNANTS": null, "NESTNB": 0, "DATE": "2002-12-06", "SNOW": "AS", "EGGCHICK": null, "CAVITYSIZE": null, "CAVDEPTH": null, "DISTNN": 0, "SUBSTRATE": null, "COMMENTS": "spit", "SITEDOTID": 0, "ASPECT": "SE", "FIRST_FRED": 10200, "METADATA": null }, "geometry": { "type": "Point", "coordinates": [ 110.484711666497688, -66.308086674919409 ] } },
{ "type": "Feature", "properties": { "SPECIES": "WISP", "ACTIVITY": null, "TYPE": "crack in", "ENTRANCES": 0, "SLOPE": "45", "REMNANTS": null, "NESTNB": 0, "DATE": "2002-12-06", "SNOW": null, "EGGCHICK": null, "CAVITYSIZE": "s", "CAVDEPTH": "45", "DISTNN": 0, "SUBSTRATE": null, "COMMENTS": "toosmallforsnpe", "SITEDOTID": 0, "ASPECT": "S", "FIRST_FRED": 10200, "METADATA": null }, "geometry": { "type": "Point", "coordinates": [ 110.484634999830988, -66.307958341586058 ] } },
{ "type": "Feature", "properties": { "SPECIES": "WISP", "ACTIVITY": "A", "TYPE": "crack in", "ENTRANCES": 0, "SLOPE": "45", "REMNANTS": null, "NESTNB": 0, "DATE": "2002-12-06", "SNOW": "BS", "EGGCHICK": null, "CAVITYSIZE": "s", "CAVDEPTH": null, "DISTNN": 0, "SUBSTRATE": null, "COMMENTS": "spit", "SITEDOTID": 0, "ASPECT": "S", "FIRST_FRED": 10200, "METADATA": null }, "geometry": { "type": "Point", "coordinates": [ 110.48508333316444, -66.308090008252734 ] } },
{ "type": "Feature", "properties": { "SPECIES": "WISP", "ACTIVITY": "A", "TYPE": "crack in", "ENTRANCES": 0, "SLOPE": "45", "REMNANTS": null, "NESTNB": 0, "DATE": "2002-12-06", "SNOW": "AS", "EGGCHICK": null, "CAVITYSIZE": "s", "CAVDEPTH": "45", "DISTNN": 0, "SUBSTRATE": null, "COMMENTS": "spitpoo", "SITEDOTID": 0, "ASPECT": "S", "FIRST_FRED": 10200, "METADATA": null }, "geometry": { "type": "Point", "coordinates": [ 110.485079999831115, -66.308113341586065 ] } },
{ "type": "Feature", "properties": { "SPECIES": "WISP", "ACTIVITY": "A", "TYPE": "2 boulder", "ENTRANCES": 0, "SLOPE": "40", "REMNANTS": null, "NESTNB": 0, "DATE": "2002-12-06", "SNOW": "A", "EGGCHICK": null, "CAVITYSIZE": null, "CAVDEPTH": null, "DISTNN": 0, "SUBSTRATE": null, "COMMENTS": null, "SITEDOTID": 0, "ASPECT": "S", "FIRST_FRED": 10200, "METADATA": null }, "geometry": { "type": "Point", "coordinates": [ 110.485206666497845, -66.308051674919398 ] } },
{ "type": "Feature", "properties": { "SPECIES": "WISP", "ACTIVITY": null, "TYPE": null, "ENTRANCES": null, "SLOPE": null, "REMNANTS": null, "NESTNB": 0, "DATE": null, "SNOW": null, "EGGCHICK": null, "CAVITYSIZE": null, "CAVDEPTH": null, "DISTNN": null, "SUBSTRATE": null, "COMMENTS": "?", "SITEDOTID": 0, "ASPECT": null, "FIRST_FRED": 10200, "METADATA": null }, "geometry": { "type": "Point", "coordinates": [ 110.485174999831159, -66.307985008252743 ] } },
{ "type": "Feature", "properties": { "SPECIES": "WISP", "ACTIVITY": "A", "TYPE": "1 boulder", "ENTRANCES": 1, "SLOPE": "45", "REMNANTS": "OE", "NESTNB": 0, "DATE": "2002-12-06", "SNOW": "A", "EGGCHICK": null, "CAVITYSIZE": "s", "CAVDEPTH": "35", "DISTNN": 0, "SUBSTRATE": "bare rock", "COMMENTS": null, "SITEDOTID": 0, "ASPECT": "N", "FIRST_FRED": null, "METADATA": null }, "geometry": { "type": "Point", "coordinates": [ 110.483611666497382, -66.301901674918497 ] } },
{ "type": "Feature", "properties": { "SPECIES": "WISP", "ACTIVITY": "A", "TYPE": "1 boulder", "ENTRANCES": 0, "SLOPE": "70", "REMNANTS": null, "NESTNB": 0, "DATE": "2002-12-06", "SNOW": "AS", "EGGCHICK": null, "CAVITYSIZE": "ss", "CAVDEPTH": "40", "DISTNN": 0, "SUBSTRATE": "bare rock", "COMMENTS": "spitsmallfosnpe", "SITEDOTID": 0, "ASPECT": "N", "FIRST_FRED": 10390, "METADATA": null }, "geometry": { "type": "Point", "coordinates": [ 110.483834999830776, -66.301996674918499 ] } },
{ "type": "Feature", "properties": { "SPECIES": "WISP", "ACTIVITY": null, "TYPE": null, "ENTRANCES": null, "SLOPE": null, "REMNANTS": null, "NESTNB": 0, "DATE": "2002-12-07", "SNOW": null, "EGGCHICK": null, "CAVITYSIZE": null, "CAVDEPTH": null, "DISTNN": null, "SUBSTRATE": null, "COMMENTS": "?", "SITEDOTID": 0, "ASPECT": null, "FIRST_FRED": null, "METADATA": null }, "geometry": { "type": "Point", "coordinates": [ 110.481066666496574, -66.298628341584674 ] } },
{ "type": "Feature", "properties": { "SPECIES": "WISP", "ACTIVITY": "A", "TYPE": "crack in", "ENTRANCES": 0, "SLOPE": null, "REMNANTS": null, "NESTNB": 0, "DATE": null, "SNOW": "A", "EGGCHICK": null, "CAVITYSIZE": null, "CAVDEPTH": null, "DISTNN": 0, "SUBSTRATE": null, "COMMENTS": null, "SITEDOTID": 0, "ASPECT": null, "FIRST_FRED": null, "METADATA": null }, "geometry": { "type": "Point", "coordinates": [ 110.481016666496558, -66.298616674918037 ] } },
{ "type": "Feature", "properties": { "SPECIES": "WISP", "ACTIVITY": "A", "TYPE": "1 boulder", "ENTRANCES": 0, "SLOPE": "10", "REMNANTS": null, "NESTNB": 0, "DATE": "2002-12-07", "SNOW": "AI", "EGGCHICK": null, "CAVITYSIZE": "l", "CAVDEPTH": null, "DISTNN": 0, "SUBSTRATE": "gravel", "COMMENTS": "orsnpe?lforwisp", "SITEDOTID": 0, "ASPECT": "S", "FIRST_FRED": 10674, "METADATA": null }, "geometry": { "type": "Point", "coordinates": [ 110.479601666496094, -66.297348341584481 ] } },
{ "type": "Feature", "properties": { "SPECIES": "WISP", "ACTIVITY": "A", "TYPE": "1 boulder", "ENTRANCES": 1, "SLOPE": "20", "REMNANTS": null, "NESTNB": 0, "DATE": "2002-12-07", "SNOW": "AI", "EGGCHICK": null, "CAVITYSIZE": "s", "CAVDEPTH": "25", "DISTNN": 0, "SUBSTRATE": "gravel", "COMMENTS": null, "SITEDOTID": 0, "ASPECT": "W", "FIRST_FRED": 10674, "METADATA": null }, "geometry": { "type": "Point", "coordinates": [ 110.479356666496031, -66.297178341584456 ] } },
{ "type": "Feature", "properties": { "SPECIES": "WISP", "ACTIVITY": "A", "TYPE": "1 boulder", "ENTRANCES": 1, "SLOPE": "5", "REMNANTS": null, "NESTNB": 0, "DATE": "2002-12-07", "SNOW": "A", "EGGCHICK": null, "CAVITYSIZE": "s", "CAVDEPTH": "20", "DISTNN": 0, "SUBSTRATE": "sand", "COMMENTS": null, "SITEDOTID": 0, "ASPECT": "SE", "FIRST_FRED": null, "METADATA": null }, "geometry": { "type": "Point", "coordinates": [ 110.480049999829575, -66.298511674918004 ] } },
{ "type": "Feature", "properties": { "SPECIES": "WISP", "ACTIVITY": "A", "TYPE": "crack in", "ENTRANCES": 0, "SLOPE": null, "REMNANTS": null, "NESTNB": 0, "DATE": "2002-12-07", "SNOW": "AS", "EGGCHICK": null, "CAVITYSIZE": null, "CAVDEPTH": null, "DISTNN": 0, "SUBSTRATE": null, "COMMENTS": null, "SITEDOTID": 0, "ASPECT": null, "FIRST_FRED": null, "METADATA": null }, "geometry": { "type": "Point", "coordinates": [ 110.480468333163074, -66.298545008251324 ] } },
{ "type": "Feature", "properties": { "SPECIES": "WISP", "ACTIVITY": "B", "TYPE": "crack in", "ENTRANCES": 0, "SLOPE": null, "REMNANTS": null, "NESTNB": 0, "DATE": "2002-12-07", "SNOW": "A", "EGGCHICK": null, "CAVITYSIZE": "s", "CAVDEPTH": "30", "DISTNN": 0, "SUBSTRATE": "bare rock", "COMMENTS": null, "SITEDOTID": 0, "ASPECT": "SE", "FIRST_FRED": null, "METADATA": null }, "geometry": { "type": "Point", "coordinates": [ 110.480509999829721, -66.298570008251346 ] } },
{ "type": "Feature", "properties": { "SPECIES": "WISP", "ACTIVITY": "A", "TYPE": "1 boulder", "ENTRANCES": 1, "SLOPE": "45", "REMNANTS": null, "NESTNB": 0, "DATE": "2002-12-04", "SNOW": "AS", "EGGCHICK": null, "CAVITYSIZE": "l", "CAVDEPTH": "55", "DISTNN": 0, "SUBSTRATE": "bare rock", "COMMENTS": null, "SITEDOTID": 0, "ASPECT": "N", "FIRST_FRED": 9050, "METADATA": null }, "geometry": { "type": "Point", "coordinates": [ 110.437631666482005, -66.327040008255452 ] } },
{ "type": "Feature", "properties": { "SPECIES": "WISP", "ACTIVITY": null, "TYPE": null, "ENTRANCES": null, "SLOPE": null, "REMNANTS": null, "NESTNB": 0, "DATE": "2002-12-04", "SNOW": null, "EGGCHICK": null, "CAVITYSIZE": null, "CAVDEPTH": null, "DISTNN": null, "SUBSTRATE": null, "COMMENTS": "Flyingaaround2", "SITEDOTID": 0, "ASPECT": null, "FIRST_FRED": 9626, "METADATA": null }, "geometry": { "type": "Point", "coordinates": [ 110.465029999824452, -66.316611674920622 ] } },
{ "type": "Feature", "properties": { "SPECIES": "WISP", "ACTIVITY": "A", "TYPE": "crack in", "ENTRANCES": 0, "SLOPE": "65", "REMNANTS": null, "NESTNB": 0, "DATE": "2002-12-04", "SNOW": "A", "EGGCHICK": null, "CAVITYSIZE": "s", "CAVDEPTH": null, "DISTNN": 0, "SUBSTRATE": "bare rock", "COMMENTS": null, "SITEDOTID": 0, "ASPECT": "N", "FIRST_FRED": 9626, "METADATA": null }, "geometry": { "type": "Point", "coordinates": [ 110.465293806696735, -66.316600892146738 ] } },
{ "type": "Feature", "properties": { "SPECIES": "WISP", "ACTIVITY": null, "TYPE": "1 boulder", "ENTRANCES": 0, "SLOPE": null, "REMNANTS": null, "NESTNB": 0, "DATE": "2002-12-02", "SNOW": "AS", "EGGCHICK": null, "CAVITYSIZE": null, "CAVDEPTH": null, "DISTNN": 0, "SUBSTRATE": null, "COMMENTS": null, "SITEDOTID": 0, "ASPECT": null, "FIRST_FRED": 9152, "METADATA": null }, "geometry": { "type": "Point", "coordinates": [ 110.469699999825892, -66.32655000825541 ] } }
]
}
